2026-06-27 00:46:09.883 I0626 15:41:57.026814       1 resource_allocation.go:76] "Listed internal info for allocatable resources, requested resources and score" pod="default/yolo-cls-1" node="gpu-orin2" resourceAllocationScorer="LeastAllocated" allocatableResource=[6000,7885127680] requestedResource=[700,1468006400] resourceScore=84
2026-06-27 00:46:09.884 I0626 15:41:57.026815       1 resource_allocation.go:76] "Listed internal info for allocatable resources, requested resources and score" pod="default/yolo-cls-1" node="gpu-orin3" resourceAllocationScorer="LeastAllocated" allocatableResource=[6000,7885156352] requestedResource=[800,1677721600] resourceScore=82
2026-06-27 00:46:09.884 I0626 15:41:57.026840       1 resource_allocation.go:76] "Listed internal info for allocatable resources, requested resources and score" pod="default/yolo-cls-1" node="gpu-orin2" resourceAllocationScorer="NodeResourcesBalancedAllocation" allocatableResource=[6000,7885127680] requestedResource=[100,52428800] resourceScore=99
2026-06-27 00:46:09.885 I0626 15:41:57.026848       1 resource_allocation.go:76] "Listed internal info for allocatable resources, requested resources and score" pod="default/yolo-cls-1" node="gpu-orin3" resourceAllocationScorer="NodeResourcesBalancedAllocation" allocatableResource=[6000,7885156352] requestedResource=[100,52428800] resourceScore=99
2026-06-27 00:46:09.886 I0626 15:41:57.026850       1 resource_allocation.go:76] "Listed internal info for allocatable resources, requested resources and score" pod="default/yolo-cls-1" node="gpuorin5-desktop" resourceAllocationScorer="LeastAllocated" allocatableResource=[6000,7885127680] requestedResource=[700,1468006400] resourceScore=84
2026-06-27 00:46:09.887 I0626 15:41:57.026888       1 resource_allocation.go:76] "Listed internal info for allocatable resources, requested resources and score" pod="default/yolo-cls-1" node="gpuorin5-desktop" resourceAllocationScorer="NodeResourcesBalancedAllocation" allocatableResource=[6000,7885127680] requestedResource=[100,52428800] resourceScore=99
2026-06-27 00:46:09.887 I0626 15:41:57.026891       1 resource_allocation.go:76] "Listed internal info for allocatable resources, requested resources and score" pod="default/yolo-cls-1" node="gpuorin4-desktop" resourceAllocationScorer="LeastAllocated" allocatableResource=[6000,7885250560] requestedResource=[900,1887436800] resourceScore=80
2026-06-27 00:46:09.888 I0626 15:41:57.026945       1 resource_allocation.go:76] "Listed internal info for allocatable resources, requested resources and score" pod="default/yolo-cls-1" node="gpuorin4-desktop" resourceAllocationScorer="NodeResourcesBalancedAllocation" allocatableResource=[6000,7885250560] requestedResource=[100,52428800] resourceScore=99
2026-06-27 00:46:09.889 I0626 15:41:57.027232       1 schedule_one.go:745] "Plugin scored node for pod" pod="default/yolo-cls-1" plugin="TaintToleration" node="gpu-orin3" score=300
2026-06-27 00:46:09.890 I0626 15:41:57.027273       1 schedule_one.go:745] "Plugin scored node for pod" pod="default/yolo-cls-1" plugin="NodeAffinity" node="gpu-orin3" score=0
2026-06-27 00:46:09.890 I0626 15:41:57.027289       1 schedule_one.go:745] "Plugin scored node for pod" pod="default/yolo-cls-1" plugin="NodeResourcesFit" node="gpu-orin3" score=82
2026-06-27 00:46:09.891 I0626 15:41:57.027298       1 schedule_one.go:745] "Plugin scored node for pod" pod="default/yolo-cls-1" plugin="VolumeBinding" node="gpu-orin3" score=0
2026-06-27 00:46:09.892 I0626 15:41:57.027306       1 schedule_one.go:745] "Plugin scored node for pod" pod="default/yolo-cls-1" plugin="NodeResourcesBalancedAllocation" node="gpu-orin3" score=99
2026-06-27 00:46:09.893 I0626 15:41:57.027316       1 schedule_one.go:745] "Plugin scored node for pod" pod="default/yolo-cls-1" plugin="ImageLocality" node="gpu-orin3" score=0
2026-06-27 00:46:09.893 I0626 15:41:57.027324       1 schedule_one.go:745] "Plugin scored node for pod" pod="default/yolo-cls-1" plugin="TaintToleration" node="gpu-orin2" score=300
2026-06-27 00:46:09.894 I0626 15:41:57.027336       1 schedule_one.go:745] "Plugin scored node for pod" pod="default/yolo-cls-1" plugin="NodeAffinity" node="gpu-orin2" score=0
2026-06-27 00:46:09.895 I0626 15:41:57.027349       1 schedule_one.go:745] "Plugin scored node for pod" pod="default/yolo-cls-1" plugin="NodeResourcesFit" node="gpu-orin2" score=84
2026-06-27 00:46:09.896 I0626 15:41:57.027361       1 schedule_one.go:745] "Plugin scored node for pod" pod="default/yolo-cls-1" plugin="VolumeBinding" node="gpu-orin2" score=0
2026-06-27 00:46:09.896 I0626 15:41:57.027387       1 schedule_one.go:745] "Plugin scored node for pod" pod="default/yolo-cls-1" plugin="NodeResourcesBalancedAllocation" node="gpu-orin2" score=99
2026-06-27 00:46:09.897 I0626 15:41:57.027399       1 schedule_one.go:745] "Plugin scored node for pod" pod="default/yolo-cls-1" plugin="ImageLocality" node="gpu-orin2" score=0
2026-06-27 00:46:09.898 I0626 15:41:57.027413       1 schedule_one.go:745] "Plugin scored node for pod" pod="default/yolo-cls-1" plugin="TaintToleration" node="gpuorin5-desktop" score=300
2026-06-27 00:46:09.898 I0626 15:41:57.027421       1 schedule_one.go:745] "Plugin scored node for pod" pod="default/yolo-cls-1" plugin="NodeAffinity" node="gpuorin5-desktop" score=0
2026-06-27 00:46:09.899 I0626 15:41:57.027429       1 schedule_one.go:745] "Plugin scored node for pod" pod="default/yolo-cls-1" plugin="NodeResourcesFit" node="gpuorin5-desktop" score=84
2026-06-27 00:46:09.900 I0626 15:41:57.027436       1 schedule_one.go:745] "Plugin scored node for pod" pod="default/yolo-cls-1" plugin="VolumeBinding" node="gpuorin5-desktop" score=0
2026-06-27 00:46:09.900 I0626 15:41:57.027444       1 schedule_one.go:745] "Plugin scored node for pod" pod="default/yolo-cls-1" plugin="NodeResourcesBalancedAllocation" node="gpuorin5-desktop" score=99
2026-06-27 00:46:09.901 I0626 15:41:57.027452       1 schedule_one.go:745] "Plugin scored node for pod" pod="default/yolo-cls-1" plugin="ImageLocality" node="gpuorin5-desktop" score=0
2026-06-27 00:46:09.902 I0626 15:41:57.027460       1 schedule_one.go:745] "Plugin scored node for pod" pod="default/yolo-cls-1" plugin="TaintToleration" node="gpuorin4-desktop" score=300
2026-06-27 00:46:09.902 I0626 15:41:57.027471       1 schedule_one.go:745] "Plugin scored node for pod" pod="default/yolo-cls-1" plugin="NodeAffinity" node="gpuorin4-desktop" score=0
2026-06-27 00:46:09.903 I0626 15:41:57.027488       1 schedule_one.go:745] "Plugin scored node for pod" pod="default/yolo-cls-1" plugin="NodeResourcesFit" node="gpuorin4-desktop" score=80
2026-06-27 00:46:09.904 I0626 15:41:57.027501       1 schedule_one.go:745] "Plugin scored node for pod" pod="default/yolo-cls-1" plugin="VolumeBinding" node="gpuorin4-desktop" score=0
2026-06-27 00:46:09.904 I0626 15:41:57.027512       1 schedule_one.go:745] "Plugin scored node for pod" pod="default/yolo-cls-1" plugin="NodeResourcesBalancedAllocation" node="gpuorin4-desktop" score=99
2026-06-27 00:46:09.905 I0626 15:41:57.027523       1 schedule_one.go:745] "Plugin scored node for pod" pod="default/yolo-cls-1" plugin="ImageLocality" node="gpuorin4-desktop" score=0
2026-06-27 00:46:09.906 I0626 15:41:57.027546       1 schedule_one.go:812] "Calculated node's final score for pod" pod="default/yolo-cls-1" node="gpu-orin3" score=481
2026-06-27 00:46:09.906 I0626 15:41:57.027561       1 schedule_one.go:812] "Calculated node's final score for pod" pod="default/yolo-cls-1" node="gpu-orin2" score=483
2026-06-27 00:46:09.907 I0626 15:41:57.027575       1 schedule_one.go:812] "Calculated node's final score for pod" pod="default/yolo-cls-1" node="gpuorin5-desktop" score=483
2026-06-27 00:46:09.908 I0626 15:41:57.027590       1 schedule_one.go:812] "Calculated node's final score for pod" pod="default/yolo-cls-1" node="gpuorin4-desktop" score=479
2026-06-27 00:46:09.908 I0626 15:41:59.000360       1 resource_allocation.go:76] "Listed internal info for allocatable resources, requested resources and score" pod="default/yolo-det-1" node="gpu-orin3" resourceAllocationScorer="LeastAllocated" allocatableResource=[6000,7885156352] requestedResource=[800,1677721600] resourceScore=82
2026-06-27 00:46:09.909 I0626 15:41:59.000373       1 resource_allocation.go:76] "Listed internal info for allocatable resources, requested resources and score" pod="default/yolo-det-1" node="gpu-orin3" resourceAllocationScorer="NodeResourcesBalancedAllocation" allocatableResource=[6000,7885156352] requestedResource=[100,52428800] resourceScore=99
2026-06-27 00:46:09.910 I0626 15:41:59.000392       1 resource_allocation.go:76] "Listed internal info for allocatable resources, requested resources and score" pod="default/yolo-det-1" node="gpu-orin2" resourceAllocationScorer="LeastAllocated" allocatableResource=[6000,7885127680] requestedResource=[800,1677721600] resourceScore=82
2026-06-27 00:46:09.911 I0626 15:41:59.000398       1 resource_allocation.go:76] "Listed internal info for allocatable resources, requested resources and score" pod="default/yolo-det-1" node="gpuorin5-desktop" resourceAllocationScorer="LeastAllocated" allocatableResource=[6000,7885127680] requestedResource=[700,1468006400] resourceScore=84
2026-06-27 00:46:09.911 I0626 15:41:59.000408       1 resource_allocation.go:76] "Listed internal info for allocatable resources, requested resources and score" pod="default/yolo-det-1" node="gpu-orin2" resourceAllocationScorer="NodeResourcesBalancedAllocation" allocatableResource=[6000,7885127680] requestedResource=[100,52428800] resourceScore=99
2026-06-27 00:46:09.912 I0626 15:41:59.000394       1 resource_allocation.go:76] "Listed internal info for allocatable resources, requested resources and score" pod="default/yolo-det-1" node="gpuorin4-desktop" resourceAllocationScorer="LeastAllocated" allocatableResource=[6000,7885250560] requestedResource=[900,1887436800] resourceScore=80
2026-06-27 00:46:09.913 I0626 15:41:59.000415       1 resource_allocation.go:76] "Listed internal info for allocatable resources, requested resources and score" pod="default/yolo-det-1" node="gpuorin5-desktop" resourceAllocationScorer="NodeResourcesBalancedAllocation" allocatableResource=[6000,7885127680] requestedResource=[100,52428800] resourceScore=99
2026-06-27 00:46:09.913 I0626 15:41:59.000423       1 resource_allocation.go:76] "Listed internal info for allocatable resources, requested resources and score" pod="default/yolo-det-1" node="gpuorin4-desktop" resourceAllocationScorer="NodeResourcesBalancedAllocation" allocatableResource=[6000,7885250560] requestedResource=[100,52428800] resourceScore=99
2026-06-27 00:46:09.914 I0626 15:41:59.000456       1 schedule_one.go:745] "Plugin scored node for pod" pod="default/yolo-det-1" plugin="TaintToleration" node="gpu-orin3" score=300
2026-06-27 00:46:09.915 I0626 15:41:59.000463       1 schedule_one.go:745] "Plugin scored node for pod" pod="default/yolo-det-1" plugin="NodeAffinity" node="gpu-orin3" score=0
2026-06-27 00:46:09.915 I0626 15:41:59.000467       1 schedule_one.go:745] "Plugin scored node for pod" pod="default/yolo-det-1" plugin="NodeResourcesFit" node="gpu-orin3" score=82
2026-06-27 00:46:09.916 I0626 15:41:59.000471       1 schedule_one.go:745] "Plugin scored node for pod" pod="default/yolo-det-1" plugin="VolumeBinding" node="gpu-orin3" score=0
2026-06-27 00:46:09.917 I0626 15:41:59.000474       1 schedule_one.go:745] "Plugin scored node for pod" pod="default/yolo-det-1" plugin="NodeResourcesBalancedAllocation" node="gpu-orin3" score=99
2026-06-27 00:46:09.917 I0626 15:41:59.000477       1 schedule_one.go:745] "Plugin scored node for pod" pod="default/yolo-det-1" plugin="ImageLocality" node="gpu-orin3" score=0
2026-06-27 00:46:09.918 I0626 15:41:59.000481       1 schedule_one.go:745] "Plugin scored node for pod" pod="default/yolo-det-1" plugin="TaintToleration" node="gpu-orin2" score=300
2026-06-27 00:46:09.919 I0626 15:41:59.000484       1 schedule_one.go:745] "Plugin scored node for pod" pod="default/yolo-det-1" plugin="NodeAffinity" node="gpu-orin2" score=0
2026-06-27 00:46:09.919 I0626 15:41:59.000487       1 schedule_one.go:745] "Plugin scored node for pod" pod="default/yolo-det-1" plugin="NodeResourcesFit" node="gpu-orin2" score=82
2026-06-27 00:46:09.920 I0626 15:41:59.000490       1 schedule_one.go:745] "Plugin scored node for pod" pod="default/yolo-det-1" plugin="VolumeBinding" node="gpu-orin2" score=0
2026-06-27 00:46:09.921 I0626 15:41:59.000493       1 schedule_one.go:745] "Plugin scored node for pod" pod="default/yolo-det-1" plugin="NodeResourcesBalancedAllocation" node="gpu-orin2" score=99
2026-06-27 00:46:09.921 I0626 15:41:59.000497       1 schedule_one.go:745] "Plugin scored node for pod" pod="default/yolo-det-1" plugin="ImageLocality" node="gpu-orin2" score=0
2026-06-27 00:46:09.922 I0626 15:41:59.000500       1 schedule_one.go:745] "Plugin scored node for pod" pod="default/yolo-det-1" plugin="TaintToleration" node="gpuorin4-desktop" score=300
2026-06-27 00:46:09.923 I0626 15:41:59.000503       1 schedule_one.go:745] "Plugin scored node for pod" pod="default/yolo-det-1" plugin="NodeAffinity" node="gpuorin4-desktop" score=0
2026-06-27 00:46:09.923 I0626 15:41:59.000507       1 schedule_one.go:745] "Plugin scored node for pod" pod="default/yolo-det-1" plugin="NodeResourcesFit" node="gpuorin4-desktop" score=80
2026-06-27 00:46:09.924 I0626 15:41:59.000510       1 schedule_one.go:745] "Plugin scored node for pod" pod="default/yolo-det-1" plugin="VolumeBinding" node="gpuorin4-desktop" score=0
2026-06-27 00:46:09.925 I0626 15:41:59.000514       1 schedule_one.go:745] "Plugin scored node for pod" pod="default/yolo-det-1" plugin="NodeResourcesBalancedAllocation" node="gpuorin4-desktop" score=99
2026-06-27 00:46:09.925 I0626 15:41:59.000529       1 schedule_one.go:745] "Plugin scored node for pod" pod="default/yolo-det-1" plugin="ImageLocality" node="gpuorin4-desktop" score=0
2026-06-27 00:46:09.926 I0626 15:41:59.000535       1 schedule_one.go:745] "Plugin scored node for pod" pod="default/yolo-det-1" plugin="TaintToleration" node="gpuorin5-desktop" score=300
2026-06-27 00:46:09.927 I0626 15:41:59.000539       1 schedule_one.go:745] "Plugin scored node for pod" pod="default/yolo-det-1" plugin="NodeAffinity" node="gpuorin5-desktop" score=0
2026-06-27 00:46:09.927 I0626 15:41:59.000542       1 schedule_one.go:745] "Plugin scored node for pod" pod="default/yolo-det-1" plugin="NodeResourcesFit" node="gpuorin5-desktop" score=84
2026-06-27 00:46:09.928 I0626 15:41:59.000546       1 schedule_one.go:745] "Plugin scored node for pod" pod="default/yolo-det-1" plugin="VolumeBinding" node="gpuorin5-desktop" score=0
2026-06-27 00:46:09.929 I0626 15:41:59.000550       1 schedule_one.go:745] "Plugin scored node for pod" pod="default/yolo-det-1" plugin="NodeResourcesBalancedAllocation" node="gpuorin5-desktop" score=99
2026-06-27 00:46:09.929 I0626 15:41:59.000555       1 schedule_one.go:745] "Plugin scored node for pod" pod="default/yolo-det-1" plugin="ImageLocality" node="gpuorin5-desktop" score=0
2026-06-27 00:46:09.930 I0626 15:41:59.000559       1 schedule_one.go:812] "Calculated node's final score for pod" pod="default/yolo-det-1" node="gpu-orin3" score=481
2026-06-27 00:46:09.931 I0626 15:41:59.000563       1 schedule_one.go:812] "Calculated node's final score for pod" pod="default/yolo-det-1" node="gpu-orin2" score=481
2026-06-27 00:46:09.931 I0626 15:41:59.000567       1 schedule_one.go:812] "Calculated node's final score for pod" pod="default/yolo-det-1" node="gpuorin4-desktop" score=479
2026-06-27 00:46:09.932 I0626 15:41:59.000570       1 schedule_one.go:812] "Calculated node's final score for pod" pod="default/yolo-det-1" node="gpuorin5-desktop" score=483
2026-06-27 00:46:09.933 I0626 15:42:00.930485       1 resource_allocation.go:76] "Listed internal info for allocatable resources, requested resources and score" pod="default/yolo-seg-1" node="gpu-orin2" resourceAllocationScorer="LeastAllocated" allocatableResource=[6000,7885127680] requestedResource=[800,1677721600] resourceScore=82
2026-06-27 00:46:09.934 I0626 15:42:00.930519       1 resource_allocation.go:76] "Listed internal info for allocatable resources, requested resources and score" pod="default/yolo-seg-1" node="gpu-orin3" resourceAllocationScorer="LeastAllocated" allocatableResource=[6000,7885156352] requestedResource=[800,1677721600] resourceScore=82
2026-06-27 00:46:09.934 I0626 15:42:00.930540       1 resource_allocation.go:76] "Listed internal info for allocatable resources, requested resources and score" pod="default/yolo-seg-1" node="gpu-orin2" resourceAllocationScorer="NodeResourcesBalancedAllocation" allocatableResource=[6000,7885127680] requestedResource=[100,52428800] resourceScore=99
2026-06-27 00:46:09.935 I0626 15:42:00.930561       1 resource_allocation.go:76] "Listed internal info for allocatable resources, requested resources and score" pod="default/yolo-seg-1" node="gpu-orin3" resourceAllocationScorer="NodeResourcesBalancedAllocation" allocatableResource=[6000,7885156352] requestedResource=[100,52428800] resourceScore=99
2026-06-27 00:46:09.936 I0626 15:42:00.930599       1 resource_allocation.go:76] "Listed internal info for allocatable resources, requested resources and score" pod="default/yolo-seg-1" node="gpuorin5-desktop" resourceAllocationScorer="LeastAllocated" allocatableResource=[6000,7885127680] requestedResource=[800,1677721600] resourceScore=82
2026-06-27 00:46:09.937 I0626 15:42:00.930661       1 resource_allocation.go:76] "Listed internal info for allocatable resources, requested resources and score" pod="default/yolo-seg-1" node="gpuorin5-desktop" resourceAllocationScorer="NodeResourcesBalancedAllocation" allocatableResource=[6000,7885127680] requestedResource=[100,52428800] resourceScore=99
2026-06-27 00:46:09.937 I0626 15:42:00.930665       1 resource_allocation.go:76] "Listed internal info for allocatable resources, requested resources and score" pod="default/yolo-seg-1" node="gpuorin4-desktop" resourceAllocationScorer="LeastAllocated" allocatableResource=[6000,7885250560] requestedResource=[900,1887436800] resourceScore=80
2026-06-27 00:46:09.938 I0626 15:42:00.930720       1 resource_allocation.go:76] "Listed internal info for allocatable resources, requested resources and score" pod="default/yolo-seg-1" node="gpuorin4-desktop" resourceAllocationScorer="NodeResourcesBalancedAllocation" allocatableResource=[6000,7885250560] requestedResource=[100,52428800] resourceScore=99
2026-06-27 00:46:09.939 I0626 15:42:00.930926       1 schedule_one.go:745] "Plugin scored node for pod" pod="default/yolo-seg-1" plugin="TaintToleration" node="gpu-orin2" score=300
2026-06-27 00:46:09.939 I0626 15:42:00.930968       1 schedule_one.go:745] "Plugin scored node for pod" pod="default/yolo-seg-1" plugin="NodeAffinity" node="gpu-orin2" score=0
2026-06-27 00:46:09.940 I0626 15:42:00.930988       1 schedule_one.go:745] "Plugin scored node for pod" pod="default/yolo-seg-1" plugin="NodeResourcesFit" node="gpu-orin2" score=82
2026-06-27 00:46:09.941 I0626 15:42:00.931001       1 schedule_one.go:745] "Plugin scored node for pod" pod="default/yolo-seg-1" plugin="VolumeBinding" node="gpu-orin2" score=0
2026-06-27 00:46:09.941 I0626 15:42:00.931018       1 schedule_one.go:745] "Plugin scored node for pod" pod="default/yolo-seg-1" plugin="NodeResourcesBalancedAllocation" node="gpu-orin2" score=99
2026-06-27 00:46:09.942 I0626 15:42:00.931031       1 schedule_one.go:745] "Plugin scored node for pod" pod="default/yolo-seg-1" plugin="ImageLocality" node="gpu-orin2" score=0
2026-06-27 00:46:09.943 I0626 15:42:00.931046       1 schedule_one.go:745] "Plugin scored node for pod" pod="default/yolo-seg-1" plugin="TaintToleration" node="gpu-orin3" score=300
2026-06-27 00:46:09.943 I0626 15:42:00.931057       1 schedule_one.go:745] "Plugin scored node for pod" pod="default/yolo-seg-1" plugin="NodeAffinity" node="gpu-orin3" score=0
2026-06-27 00:46:09.944 I0626 15:42:00.931069       1 schedule_one.go:745] "Plugin scored node for pod" pod="default/yolo-seg-1" plugin="NodeResourcesFit" node="gpu-orin3" score=82
2026-06-27 00:46:09.944 I0626 15:42:00.931086       1 schedule_one.go:745] "Plugin scored node for pod" pod="default/yolo-seg-1" plugin="VolumeBinding" node="gpu-orin3" score=0
2026-06-27 00:46:09.945 I0626 15:42:00.931097       1 schedule_one.go:745] "Plugin scored node for pod" pod="default/yolo-seg-1" plugin="NodeResourcesBalancedAllocation" node="gpu-orin3" score=99
2026-06-27 00:46:09.946 I0626 15:42:00.931109       1 schedule_one.go:745] "Plugin scored node for pod" pod="default/yolo-seg-1" plugin="ImageLocality" node="gpu-orin3" score=0
2026-06-27 00:46:09.947 I0626 15:42:00.931129       1 schedule_one.go:745] "Plugin scored node for pod" pod="default/yolo-seg-1" plugin="TaintToleration" node="gpuorin5-desktop" score=300
2026-06-27 00:46:09.947 I0626 15:42:00.931141       1 schedule_one.go:745] "Plugin scored node for pod" pod="default/yolo-seg-1" plugin="NodeAffinity" node="gpuorin5-desktop" score=0
2026-06-27 00:46:09.948 I0626 15:42:00.931152       1 schedule_one.go:745] "Plugin scored node for pod" pod="default/yolo-seg-1" plugin="NodeResourcesFit" node="gpuorin5-desktop" score=82
2026-06-27 00:46:09.949 I0626 15:42:00.931167       1 schedule_one.go:745] "Plugin scored node for pod" pod="default/yolo-seg-1" plugin="VolumeBinding" node="gpuorin5-desktop" score=0
2026-06-27 00:46:09.949 I0626 15:42:00.931179       1 schedule_one.go:745] "Plugin scored node for pod" pod="default/yolo-seg-1" plugin="NodeResourcesBalancedAllocation" node="gpuorin5-desktop" score=99
2026-06-27 00:46:09.950 I0626 15:42:00.931195       1 schedule_one.go:745] "Plugin scored node for pod" pod="default/yolo-seg-1" plugin="ImageLocality" node="gpuorin5-desktop" score=0
2026-06-27 00:46:09.951 I0626 15:42:00.931208       1 schedule_one.go:745] "Plugin scored node for pod" pod="default/yolo-seg-1" plugin="TaintToleration" node="gpuorin4-desktop" score=300
2026-06-27 00:46:09.951 I0626 15:42:00.931221       1 schedule_one.go:745] "Plugin scored node for pod" pod="default/yolo-seg-1" plugin="NodeAffinity" node="gpuorin4-desktop" score=0
2026-06-27 00:46:09.952 I0626 15:42:00.931233       1 schedule_one.go:745] "Plugin scored node for pod" pod="default/yolo-seg-1" plugin="NodeResourcesFit" node="gpuorin4-desktop" score=80
2026-06-27 00:46:09.953 I0626 15:42:00.931248       1 schedule_one.go:745] "Plugin scored node for pod" pod="default/yolo-seg-1" plugin="VolumeBinding" node="gpuorin4-desktop" score=0
2026-06-27 00:46:09.953 I0626 15:42:00.931262       1 schedule_one.go:745] "Plugin scored node for pod" pod="default/yolo-seg-1" plugin="NodeResourcesBalancedAllocation" node="gpuorin4-desktop" score=99
2026-06-27 00:46:09.954 I0626 15:42:00.931274       1 schedule_one.go:745] "Plugin scored node for pod" pod="default/yolo-seg-1" plugin="ImageLocality" node="gpuorin4-desktop" score=0
2026-06-27 00:46:09.955 I0626 15:42:00.931293       1 schedule_one.go:812] "Calculated node's final score for pod" pod="default/yolo-seg-1" node="gpu-orin2" score=481
2026-06-27 00:46:09.955 I0626 15:42:00.931308       1 schedule_one.go:812] "Calculated node's final score for pod" pod="default/yolo-seg-1" node="gpu-orin3" score=481
2026-06-27 00:46:09.956 I0626 15:42:00.931326       1 schedule_one.go:812] "Calculated node's final score for pod" pod="default/yolo-seg-1" node="gpuorin5-desktop" score=481
2026-06-27 00:46:09.957 I0626 15:42:00.931340       1 schedule_one.go:812] "Calculated node's final score for pod" pod="default/yolo-seg-1" node="gpuorin4-desktop" score=479
2026-06-27 00:46:09.957 I0626 15:42:02.819080       1 resource_allocation.go:76] "Listed internal info for allocatable resources, requested resources and score" pod="default/yolo-obb-1" node="gpu-orin3" resourceAllocationScorer="LeastAllocated" allocatableResource=[6000,7885156352] requestedResource=[900,1887436800] resourceScore=80
2026-06-27 00:46:09.958 I0626 15:42:02.819102       1 resource_allocation.go:76] "Listed internal info for allocatable resources, requested resources and score" pod="default/yolo-obb-1" node="gpu-orin3" resourceAllocationScorer="NodeResourcesBalancedAllocation" allocatableResource=[6000,7885156352] requestedResource=[100,52428800] resourceScore=99
2026-06-27 00:46:09.959 I0626 15:42:02.819122       1 resource_allocation.go:76] "Listed internal info for allocatable resources, requested resources and score" pod="default/yolo-obb-1" node="gpuorin5-desktop" resourceAllocationScorer="LeastAllocated" allocatableResource=[6000,7885127680] requestedResource=[800,1677721600] resourceScore=82
2026-06-27 00:46:09.960 I0626 15:42:02.819138       1 resource_allocation.go:76] "Listed internal info for allocatable resources, requested resources and score" pod="default/yolo-obb-1" node="gpuorin5-desktop" resourceAllocationScorer="NodeResourcesBalancedAllocation" allocatableResource=[6000,7885127680] requestedResource=[100,52428800] resourceScore=99
2026-06-27 00:46:09.960 I0626 15:42:02.819197       1 resource_allocation.go:76] "Listed internal info for allocatable resources, requested resources and score" pod="default/yolo-obb-1" node="gpu-orin2" resourceAllocationScorer="LeastAllocated" allocatableResource=[6000,7885127680] requestedResource=[800,1677721600] resourceScore=82
2026-06-27 00:46:09.961 I0626 15:42:02.819213       1 resource_allocation.go:76] "Listed internal info for allocatable resources, requested resources and score" pod="default/yolo-obb-1" node="gpuorin4-desktop" resourceAllocationScorer="LeastAllocated" allocatableResource=[6000,7885250560] requestedResource=[900,1887436800] resourceScore=80
2026-06-27 00:46:09.962 I0626 15:42:02.819230       1 resource_allocation.go:76] "Listed internal info for allocatable resources, requested resources and score" pod="default/yolo-obb-1" node="gpu-orin2" resourceAllocationScorer="NodeResourcesBalancedAllocation" allocatableResource=[6000,7885127680] requestedResource=[100,52428800] resourceScore=99
2026-06-27 00:46:09.962 I0626 15:42:02.819245       1 resource_allocation.go:76] "Listed internal info for allocatable resources, requested resources and score" pod="default/yolo-obb-1" node="gpuorin4-desktop" resourceAllocationScorer="NodeResourcesBalancedAllocation" allocatableResource=[6000,7885250560] requestedResource=[100,52428800] resourceScore=99
2026-06-27 00:46:09.963 I0626 15:42:02.819339       1 schedule_one.go:745] "Plugin scored node for pod" pod="default/yolo-obb-1" plugin="TaintToleration" node="gpu-orin3" score=300
2026-06-27 00:46:09.964 I0626 15:42:02.819354       1 schedule_one.go:745] "Plugin scored node for pod" pod="default/yolo-obb-1" plugin="NodeAffinity" node="gpu-orin3" score=0
2026-06-27 00:46:09.964 I0626 15:42:02.819362       1 schedule_one.go:745] "Plugin scored node for pod" pod="default/yolo-obb-1" plugin="NodeResourcesFit" node="gpu-orin3" score=80
2026-06-27 00:46:09.965 I0626 15:42:02.819370       1 schedule_one.go:745] "Plugin scored node for pod" pod="default/yolo-obb-1" plugin="VolumeBinding" node="gpu-orin3" score=0
2026-06-27 00:46:09.966 I0626 15:42:02.819377       1 schedule_one.go:745] "Plugin scored node for pod" pod="default/yolo-obb-1" plugin="NodeResourcesBalancedAllocation" node="gpu-orin3" score=99
2026-06-27 00:46:09.966 I0626 15:42:02.819385       1 schedule_one.go:745] "Plugin scored node for pod" pod="default/yolo-obb-1" plugin="ImageLocality" node="gpu-orin3" score=0
2026-06-27 00:46:09.967 I0626 15:42:02.819392       1 schedule_one.go:745] "Plugin scored node for pod" pod="default/yolo-obb-1" plugin="TaintToleration" node="gpuorin5-desktop" score=300
2026-06-27 00:46:09.968 I0626 15:42:02.819399       1 schedule_one.go:745] "Plugin scored node for pod" pod="default/yolo-obb-1" plugin="NodeAffinity" node="gpuorin5-desktop" score=0
2026-06-27 00:46:09.968 I0626 15:42:02.819406       1 schedule_one.go:745] "Plugin scored node for pod" pod="default/yolo-obb-1" plugin="NodeResourcesFit" node="gpuorin5-desktop" score=82
2026-06-27 00:46:09.969 I0626 15:42:02.819412       1 schedule_one.go:745] "Plugin scored node for pod" pod="default/yolo-obb-1" plugin="VolumeBinding" node="gpuorin5-desktop" score=0
2026-06-27 00:46:09.970 I0626 15:42:02.819419       1 schedule_one.go:745] "Plugin scored node for pod" pod="default/yolo-obb-1" plugin="NodeResourcesBalancedAllocation" node="gpuorin5-desktop" score=99
2026-06-27 00:46:09.970 I0626 15:42:02.819427       1 schedule_one.go:745] "Plugin scored node for pod" pod="default/yolo-obb-1" plugin="ImageLocality" node="gpuorin5-desktop" score=0
2026-06-27 00:46:09.971 I0626 15:42:02.819435       1 schedule_one.go:745] "Plugin scored node for pod" pod="default/yolo-obb-1" plugin="TaintToleration" node="gpu-orin2" score=300
2026-06-27 00:46:09.972 I0626 15:42:02.819444       1 schedule_one.go:745] "Plugin scored node for pod" pod="default/yolo-obb-1" plugin="NodeAffinity" node="gpu-orin2" score=0
2026-06-27 00:46:09.972 I0626 15:42:02.819452       1 schedule_one.go:745] "Plugin scored node for pod" pod="default/yolo-obb-1" plugin="NodeResourcesFit" node="gpu-orin2" score=82
2026-06-27 00:46:09.973 I0626 15:42:02.819458       1 schedule_one.go:745] "Plugin scored node for pod" pod="default/yolo-obb-1" plugin="VolumeBinding" node="gpu-orin2" score=0
2026-06-27 00:46:09.974 I0626 15:42:02.819466       1 schedule_one.go:745] "Plugin scored node for pod" pod="default/yolo-obb-1" plugin="NodeResourcesBalancedAllocation" node="gpu-orin2" score=99
2026-06-27 00:46:09.974 I0626 15:42:02.819473       1 schedule_one.go:745] "Plugin scored node for pod" pod="default/yolo-obb-1" plugin="ImageLocality" node="gpu-orin2" score=0
2026-06-27 00:46:09.975 I0626 15:42:02.819482       1 schedule_one.go:745] "Plugin scored node for pod" pod="default/yolo-obb-1" plugin="TaintToleration" node="gpuorin4-desktop" score=300
2026-06-27 00:46:09.976 I0626 15:42:02.819490       1 schedule_one.go:745] "Plugin scored node for pod" pod="default/yolo-obb-1" plugin="NodeAffinity" node="gpuorin4-desktop" score=0
2026-06-27 00:46:09.976 I0626 15:42:02.819497       1 schedule_one.go:745] "Plugin scored node for pod" pod="default/yolo-obb-1" plugin="NodeResourcesFit" node="gpuorin4-desktop" score=80
2026-06-27 00:46:09.977 I0626 15:42:02.819505       1 schedule_one.go:745] "Plugin scored node for pod" pod="default/yolo-obb-1" plugin="VolumeBinding" node="gpuorin4-desktop" score=0
2026-06-27 00:46:09.977 I0626 15:42:02.819512       1 schedule_one.go:745] "Plugin scored node for pod" pod="default/yolo-obb-1" plugin="NodeResourcesBalancedAllocation" node="gpuorin4-desktop" score=99
2026-06-27 00:46:09.978 I0626 15:42:02.819521       1 schedule_one.go:745] "Plugin scored node for pod" pod="default/yolo-obb-1" plugin="ImageLocality" node="gpuorin4-desktop" score=0
2026-06-27 00:46:09.979 I0626 15:42:02.819531       1 schedule_one.go:812] "Calculated node's final score for pod" pod="default/yolo-obb-1" node="gpu-orin3" score=479
2026-06-27 00:46:09.979 I0626 15:42:02.819540       1 schedule_one.go:812] "Calculated node's final score for pod" pod="default/yolo-obb-1" node="gpuorin5-desktop" score=481
2026-06-27 00:46:09.980 I0626 15:42:02.819549       1 schedule_one.go:812] "Calculated node's final score for pod" pod="default/yolo-obb-1" node="gpu-orin2" score=481
2026-06-27 00:46:09.980 I0626 15:42:02.819556       1 schedule_one.go:812] "Calculated node's final score for pod" pod="default/yolo-obb-1" node="gpuorin4-desktop" score=479
2026-06-27 00:46:09.981 I0626 15:42:04.682709       1 resource_allocation.go:76] "Listed internal info for allocatable resources, requested resources and score" pod="default/yolo-pos-1" node="gpu-orin2" resourceAllocationScorer="LeastAllocated" allocatableResource=[6000,7885127680] requestedResource=[800,1677721600] resourceScore=82
2026-06-27 00:46:09.982 I0626 15:42:04.682727       1 resource_allocation.go:76] "Listed internal info for allocatable resources, requested resources and score" pod="default/yolo-pos-1" node="gpu-orin2" resourceAllocationScorer="NodeResourcesBalancedAllocation" allocatableResource=[6000,7885127680] requestedResource=[100,52428800] resourceScore=99
2026-06-27 00:46:09.983 I0626 15:42:04.682728       1 resource_allocation.go:76] "Listed internal info for allocatable resources, requested resources and score" pod="default/yolo-pos-1" node="gpuorin4-desktop" resourceAllocationScorer="LeastAllocated" allocatableResource=[6000,7885250560] requestedResource=[900,1887436800] resourceScore=80
2026-06-27 00:46:09.983 I0626 15:42:04.682743       1 resource_allocation.go:76] "Listed internal info for allocatable resources, requested resources and score" pod="default/yolo-pos-1" node="gpuorin5-desktop" resourceAllocationScorer="LeastAllocated" allocatableResource=[6000,7885127680] requestedResource=[900,1887436800] resourceScore=80
2026-06-27 00:46:09.984 I0626 15:42:04.682749       1 resource_allocation.go:76] "Listed internal info for allocatable resources, requested resources and score" pod="default/yolo-pos-1" node="gpuorin4-desktop" resourceAllocationScorer="NodeResourcesBalancedAllocation" allocatableResource=[6000,7885250560] requestedResource=[100,52428800] resourceScore=99
2026-06-27 00:46:09.985 I0626 15:42:04.682757       1 resource_allocation.go:76] "Listed internal info for allocatable resources, requested resources and score" pod="default/yolo-pos-1" node="gpu-orin3" resourceAllocationScorer="LeastAllocated" allocatableResource=[6000,7885156352] requestedResource=[900,1887436800] resourceScore=80
2026-06-27 00:46:09.985 I0626 15:42:04.682777       1 resource_allocation.go:76] "Listed internal info for allocatable resources, requested resources and score" pod="default/yolo-pos-1" node="gpuorin5-desktop" resourceAllocationScorer="NodeResourcesBalancedAllocation" allocatableResource=[6000,7885127680] requestedResource=[100,52428800] resourceScore=99
2026-06-27 00:46:09.986 I0626 15:42:04.682791       1 resource_allocation.go:76] "Listed internal info for allocatable resources, requested resources and score" pod="default/yolo-pos-1" node="gpu-orin3" resourceAllocationScorer="NodeResourcesBalancedAllocation" allocatableResource=[6000,7885156352] requestedResource=[100,52428800] resourceScore=99
2026-06-27 00:46:09.987 I0626 15:42:04.682870       1 schedule_one.go:745] "Plugin scored node for pod" pod="default/yolo-pos-1" plugin="TaintToleration" node="gpu-orin2" score=300
2026-06-27 00:46:09.987 I0626 15:42:04.682883       1 schedule_one.go:745] "Plugin scored node for pod" pod="default/yolo-pos-1" plugin="NodeAffinity" node="gpu-orin2" score=0
2026-06-27 00:46:09.988 I0626 15:42:04.682891       1 schedule_one.go:745] "Plugin scored node for pod" pod="default/yolo-pos-1" plugin="NodeResourcesFit" node="gpu-orin2" score=82
2026-06-27 00:46:09.989 I0626 15:42:04.682897       1 schedule_one.go:745] "Plugin scored node for pod" pod="default/yolo-pos-1" plugin="VolumeBinding" node="gpu-orin2" score=0
2026-06-27 00:46:09.989 I0626 15:42:04.682904       1 schedule_one.go:745] "Plugin scored node for pod" pod="default/yolo-pos-1" plugin="NodeResourcesBalancedAllocation" node="gpu-orin2" score=99
2026-06-27 00:46:09.990 I0626 15:42:04.682910       1 schedule_one.go:745] "Plugin scored node for pod" pod="default/yolo-pos-1" plugin="ImageLocality" node="gpu-orin2" score=0
2026-06-27 00:46:09.991 I0626 15:42:04.682917       1 schedule_one.go:745] "Plugin scored node for pod" pod="default/yolo-pos-1" plugin="TaintToleration" node="gpu-orin3" score=300
2026-06-27 00:46:09.991 I0626 15:42:04.682924       1 schedule_one.go:745] "Plugin scored node for pod" pod="default/yolo-pos-1" plugin="NodeAffinity" node="gpu-orin3" score=0
2026-06-27 00:46:09.992 I0626 15:42:04.682930       1 schedule_one.go:745] "Plugin scored node for pod" pod="default/yolo-pos-1" plugin="NodeResourcesFit" node="gpu-orin3" score=80
2026-06-27 00:46:09.993 I0626 15:42:04.682935       1 schedule_one.go:745] "Plugin scored node for pod" pod="default/yolo-pos-1" plugin="VolumeBinding" node="gpu-orin3" score=0
2026-06-27 00:46:09.993 I0626 15:42:04.682941       1 schedule_one.go:745] "Plugin scored node for pod" pod="default/yolo-pos-1" plugin="NodeResourcesBalancedAllocation" node="gpu-orin3" score=99
2026-06-27 00:46:09.994 I0626 15:42:04.682947       1 schedule_one.go:745] "Plugin scored node for pod" pod="default/yolo-pos-1" plugin="ImageLocality" node="gpu-orin3" score=0
2026-06-27 00:46:09.994 I0626 15:42:04.682953       1 schedule_one.go:745] "Plugin scored node for pod" pod="default/yolo-pos-1" plugin="TaintToleration" node="gpuorin4-desktop" score=300
2026-06-27 00:46:09.995 I0626 15:42:04.682959       1 schedule_one.go:745] "Plugin scored node for pod" pod="default/yolo-pos-1" plugin="NodeAffinity" node="gpuorin4-desktop" score=0
2026-06-27 00:46:09.996 I0626 15:42:04.682964       1 schedule_one.go:745] "Plugin scored node for pod" pod="default/yolo-pos-1" plugin="NodeResourcesFit" node="gpuorin4-desktop" score=80
2026-06-27 00:46:09.996 I0626 15:42:04.682969       1 schedule_one.go:745] "Plugin scored node for pod" pod="default/yolo-pos-1" plugin="VolumeBinding" node="gpuorin4-desktop" score=0
2026-06-27 00:46:09.997 I0626 15:42:04.682975       1 schedule_one.go:745] "Plugin scored node for pod" pod="default/yolo-pos-1" plugin="NodeResourcesBalancedAllocation" node="gpuorin4-desktop" score=99
2026-06-27 00:46:09.998 I0626 15:42:04.682980       1 schedule_one.go:745] "Plugin scored node for pod" pod="default/yolo-pos-1" plugin="ImageLocality" node="gpuorin4-desktop" score=0
2026-06-27 00:46:09.998 I0626 15:42:04.682985       1 schedule_one.go:745] "Plugin scored node for pod" pod="default/yolo-pos-1" plugin="TaintToleration" node="gpuorin5-desktop" score=300
2026-06-27 00:46:09.999 I0626 15:42:04.682991       1 schedule_one.go:745] "Plugin scored node for pod" pod="default/yolo-pos-1" plugin="NodeAffinity" node="gpuorin5-desktop" score=0
2026-06-27 00:46:10.000 I0626 15:42:04.682996       1 schedule_one.go:745] "Plugin scored node for pod" pod="default/yolo-pos-1" plugin="NodeResourcesFit" node="gpuorin5-desktop" score=80
2026-06-27 00:46:10.000 I0626 15:42:04.683003       1 schedule_one.go:745] "Plugin scored node for pod" pod="default/yolo-pos-1" plugin="VolumeBinding" node="gpuorin5-desktop" score=0
2026-06-27 00:46:10.001 I0626 15:42:04.683008       1 schedule_one.go:745] "Plugin scored node for pod" pod="default/yolo-pos-1" plugin="NodeResourcesBalancedAllocation" node="gpuorin5-desktop" score=99
2026-06-27 00:46:10.002 I0626 15:42:04.683014       1 schedule_one.go:745] "Plugin scored node for pod" pod="default/yolo-pos-1" plugin="ImageLocality" node="gpuorin5-desktop" score=0
2026-06-27 00:46:10.002 I0626 15:42:04.683023       1 schedule_one.go:812] "Calculated node's final score for pod" pod="default/yolo-pos-1" node="gpu-orin2" score=481
2026-06-27 00:46:10.003 I0626 15:42:04.683029       1 schedule_one.go:812] "Calculated node's final score for pod" pod="default/yolo-pos-1" node="gpu-orin3" score=479
2026-06-27 00:46:10.004 I0626 15:42:04.683036       1 schedule_one.go:812] "Calculated node's final score for pod" pod="default/yolo-pos-1" node="gpuorin4-desktop" score=479
2026-06-27 00:46:10.004 I0626 15:42:04.683043       1 schedule_one.go:812] "Calculated node's final score for pod" pod="default/yolo-pos-1" node="gpuorin5-desktop" score=479
2026-06-27 00:46:10.005 I0626 15:42:06.849912       1 resource_allocation.go:76] "Listed internal info for allocatable resources, requested resources and score" pod="default/yolo-cls-2" node="gpu-orin3" resourceAllocationScorer="LeastAllocated" allocatableResource=[6000,7885156352] requestedResource=[900,1887436800] resourceScore=80
2026-06-27 00:46:10.006 I0626 15:42:06.849945       1 resource_allocation.go:76] "Listed internal info for allocatable resources, requested resources and score" pod="default/yolo-cls-2" node="gpu-orin3" resourceAllocationScorer="NodeResourcesBalancedAllocation" allocatableResource=[6000,7885156352] requestedResource=[100,52428800] resourceScore=99
2026-06-27 00:46:10.006 I0626 15:42:06.849959       1 resource_allocation.go:76] "Listed internal info for allocatable resources, requested resources and score" pod="default/yolo-cls-2" node="gpuorin5-desktop" resourceAllocationScorer="LeastAllocated" allocatableResource=[6000,7885127680] requestedResource=[900,1887436800] resourceScore=80
2026-06-27 00:46:10.007 I0626 15:42:06.849964       1 resource_allocation.go:76] "Listed internal info for allocatable resources, requested resources and score" pod="default/yolo-cls-2" node="gpu-orin2" resourceAllocationScorer="LeastAllocated" allocatableResource=[6000,7885127680] requestedResource=[900,1887436800] resourceScore=80
2026-06-27 00:46:10.008 I0626 15:42:06.849987       1 resource_allocation.go:76] "Listed internal info for allocatable resources, requested resources and score" pod="default/yolo-cls-2" node="gpuorin4-desktop" resourceAllocationScorer="LeastAllocated" allocatableResource=[6000,7885250560] requestedResource=[900,1887436800] resourceScore=80
2026-06-27 00:46:10.008 I0626 15:42:06.849995       1 resource_allocation.go:76] "Listed internal info for allocatable resources, requested resources and score" pod="default/yolo-cls-2" node="gpu-orin2" resourceAllocationScorer="NodeResourcesBalancedAllocation" allocatableResource=[6000,7885127680] requestedResource=[100,52428800] resourceScore=99
2026-06-27 00:46:10.009 I0626 15:42:06.850006       1 resource_allocation.go:76] "Listed internal info for allocatable resources, requested resources and score" pod="default/yolo-cls-2" node="gpuorin5-desktop" resourceAllocationScorer="NodeResourcesBalancedAllocation" allocatableResource=[6000,7885127680] requestedResource=[100,52428800] resourceScore=99
2026-06-27 00:46:10.010 I0626 15:42:06.850041       1 resource_allocation.go:76] "Listed internal info for allocatable resources, requested resources and score" pod="default/yolo-cls-2" node="gpuorin4-desktop" resourceAllocationScorer="NodeResourcesBalancedAllocation" allocatableResource=[6000,7885250560] requestedResource=[100,52428800] resourceScore=99
2026-06-27 00:46:10.010 I0626 15:42:06.850180       1 schedule_one.go:745] "Plugin scored node for pod" pod="default/yolo-cls-2" plugin="TaintToleration" node="gpu-orin3" score=300
2026-06-27 00:46:10.011 I0626 15:42:06.850197       1 schedule_one.go:745] "Plugin scored node for pod" pod="default/yolo-cls-2" plugin="NodeAffinity" node="gpu-orin3" score=0
2026-06-27 00:46:10.012 I0626 15:42:06.850207       1 schedule_one.go:745] "Plugin scored node for pod" pod="default/yolo-cls-2" plugin="NodeResourcesFit" node="gpu-orin3" score=80
2026-06-27 00:46:10.012 I0626 15:42:06.850216       1 schedule_one.go:745] "Plugin scored node for pod" pod="default/yolo-cls-2" plugin="VolumeBinding" node="gpu-orin3" score=0
2026-06-27 00:46:10.013 I0626 15:42:06.850224       1 schedule_one.go:745] "Plugin scored node for pod" pod="default/yolo-cls-2" plugin="NodeResourcesBalancedAllocation" node="gpu-orin3" score=99
2026-06-27 00:46:10.014 I0626 15:42:06.850263       1 schedule_one.go:745] "Plugin scored node for pod" pod="default/yolo-cls-2" plugin="ImageLocality" node="gpu-orin3" score=0
2026-06-27 00:46:10.014 I0626 15:42:06.850277       1 schedule_one.go:745] "Plugin scored node for pod" pod="default/yolo-cls-2" plugin="TaintToleration" node="gpuorin5-desktop" score=300
2026-06-27 00:46:10.015 I0626 15:42:06.850286       1 schedule_one.go:745] "Plugin scored node for pod" pod="default/yolo-cls-2" plugin="NodeAffinity" node="gpuorin5-desktop" score=0
2026-06-27 00:46:10.016 I0626 15:42:06.850294       1 schedule_one.go:745] "Plugin scored node for pod" pod="default/yolo-cls-2" plugin="NodeResourcesFit" node="gpuorin5-desktop" score=80
2026-06-27 00:46:10.016 I0626 15:42:06.850302       1 schedule_one.go:745] "Plugin scored node for pod" pod="default/yolo-cls-2" plugin="VolumeBinding" node="gpuorin5-desktop" score=0
2026-06-27 00:46:10.017 I0626 15:42:06.850312       1 schedule_one.go:745] "Plugin scored node for pod" pod="default/yolo-cls-2" plugin="NodeResourcesBalancedAllocation" node="gpuorin5-desktop" score=99
2026-06-27 00:46:10.018 I0626 15:42:06.850320       1 schedule_one.go:745] "Plugin scored node for pod" pod="default/yolo-cls-2" plugin="ImageLocality" node="gpuorin5-desktop" score=0
2026-06-27 00:46:10.018 I0626 15:42:06.850328       1 schedule_one.go:745] "Plugin scored node for pod" pod="default/yolo-cls-2" plugin="TaintToleration" node="gpuorin4-desktop" score=300
2026-06-27 00:46:10.019 I0626 15:42:06.850334       1 schedule_one.go:745] "Plugin scored node for pod" pod="default/yolo-cls-2" plugin="NodeAffinity" node="gpuorin4-desktop" score=0
2026-06-27 00:46:10.020 I0626 15:42:06.850341       1 schedule_one.go:745] "Plugin scored node for pod" pod="default/yolo-cls-2" plugin="NodeResourcesFit" node="gpuorin4-desktop" score=80
2026-06-27 00:46:10.020 I0626 15:42:06.850349       1 schedule_one.go:745] "Plugin scored node for pod" pod="default/yolo-cls-2" plugin="VolumeBinding" node="gpuorin4-desktop" score=0
2026-06-27 00:46:10.021 I0626 15:42:06.850356       1 schedule_one.go:745] "Plugin scored node for pod" pod="default/yolo-cls-2" plugin="NodeResourcesBalancedAllocation" node="gpuorin4-desktop" score=99
2026-06-27 00:46:10.022 I0626 15:42:06.850364       1 schedule_one.go:745] "Plugin scored node for pod" pod="default/yolo-cls-2" plugin="ImageLocality" node="gpuorin4-desktop" score=0
2026-06-27 00:46:10.022 I0626 15:42:06.850371       1 schedule_one.go:745] "Plugin scored node for pod" pod="default/yolo-cls-2" plugin="TaintToleration" node="gpu-orin2" score=300
2026-06-27 00:46:10.023 I0626 15:42:06.850379       1 schedule_one.go:745] "Plugin scored node for pod" pod="default/yolo-cls-2" plugin="NodeAffinity" node="gpu-orin2" score=0
2026-06-27 00:46:10.024 I0626 15:42:06.850389       1 schedule_one.go:745] "Plugin scored node for pod" pod="default/yolo-cls-2" plugin="NodeResourcesFit" node="gpu-orin2" score=80
2026-06-27 00:46:10.025 I0626 15:42:06.850401       1 schedule_one.go:745] "Plugin scored node for pod" pod="default/yolo-cls-2" plugin="VolumeBinding" node="gpu-orin2" score=0
2026-06-27 00:46:10.026 I0626 15:42:06.850413       1 schedule_one.go:745] "Plugin scored node for pod" pod="default/yolo-cls-2" plugin="NodeResourcesBalancedAllocation" node="gpu-orin2" score=99
2026-06-27 00:46:10.026 I0626 15:42:06.850425       1 schedule_one.go:745] "Plugin scored node for pod" pod="default/yolo-cls-2" plugin="ImageLocality" node="gpu-orin2" score=0
2026-06-27 00:46:10.027 I0626 15:42:06.850439       1 schedule_one.go:812] "Calculated node's final score for pod" pod="default/yolo-cls-2" node="gpu-orin3" score=479
2026-06-27 00:46:10.028 I0626 15:42:06.850448       1 schedule_one.go:812] "Calculated node's final score for pod" pod="default/yolo-cls-2" node="gpuorin5-desktop" score=479
2026-06-27 00:46:10.029 I0626 15:42:06.850458       1 schedule_one.go:812] "Calculated node's final score for pod" pod="default/yolo-cls-2" node="gpuorin4-desktop" score=479
2026-06-27 00:46:10.030 I0626 15:42:06.850468       1 schedule_one.go:812] "Calculated node's final score for pod" pod="default/yolo-cls-2" node="gpu-orin2" score=479
2026-06-27 00:46:10.031 I0626 15:42:08.720560       1 resource_allocation.go:76] "Listed internal info for allocatable resources, requested resources and score" pod="default/yolo-det-2" node="gpuorin5-desktop" resourceAllocationScorer="LeastAllocated" allocatableResource=[6000,7885127680] requestedResource=[1000,2097152000] resourceScore=78
2026-06-27 00:46:10.033 I0626 15:42:08.720574       1 resource_allocation.go:76] "Listed internal info for allocatable resources, requested resources and score" pod="default/yolo-det-2" node="gpuorin5-desktop" resourceAllocationScorer="NodeResourcesBalancedAllocation" allocatableResource=[6000,7885127680] requestedResource=[100,52428800] resourceScore=99
2026-06-27 00:46:10.034 I0626 15:42:08.720583       1 resource_allocation.go:76] "Listed internal info for allocatable resources, requested resources and score" pod="default/yolo-det-2" node="gpu-orin2" resourceAllocationScorer="LeastAllocated" allocatableResource=[6000,7885127680] requestedResource=[900,1887436800] resourceScore=80
2026-06-27 00:46:10.035 I0626 15:42:08.720589       1 resource_allocation.go:76] "Listed internal info for allocatable resources, requested resources and score" pod="default/yolo-det-2" node="gpu-orin3" resourceAllocationScorer="LeastAllocated" allocatableResource=[6000,7885156352] requestedResource=[900,1887436800] resourceScore=80
2026-06-27 00:46:10.036 I0626 15:42:08.720600       1 resource_allocation.go:76] "Listed internal info for allocatable resources, requested resources and score" pod="default/yolo-det-2" node="gpuorin4-desktop" resourceAllocationScorer="LeastAllocated" allocatableResource=[6000,7885250560] requestedResource=[900,1887436800] resourceScore=80
2026-06-27 00:46:10.038 I0626 15:42:08.720605       1 resource_allocation.go:76] "Listed internal info for allocatable resources, requested resources and score" pod="default/yolo-det-2" node="gpu-orin3" resourceAllocationScorer="NodeResourcesBalancedAllocation" allocatableResource=[6000,7885156352] requestedResource=[100,52428800] resourceScore=99
2026-06-27 00:46:10.040 I0626 15:42:08.720626       1 resource_allocation.go:76] "Listed internal info for allocatable resources, requested resources and score" pod="default/yolo-det-2" node="gpuorin4-desktop" resourceAllocationScorer="NodeResourcesBalancedAllocation" allocatableResource=[6000,7885250560] requestedResource=[100,52428800] resourceScore=99
2026-06-27 00:46:10.041 I0626 15:42:08.720605       1 resource_allocation.go:76] "Listed internal info for allocatable resources, requested resources and score" pod="default/yolo-det-2" node="gpu-orin2" resourceAllocationScorer="NodeResourcesBalancedAllocation" allocatableResource=[6000,7885127680] requestedResource=[100,52428800] resourceScore=99
2026-06-27 00:46:10.043 I0626 15:42:08.720718       1 schedule_one.go:745] "Plugin scored node for pod" pod="default/yolo-det-2" plugin="TaintToleration" node="gpuorin5-desktop" score=300
2026-06-27 00:46:10.045 I0626 15:42:08.720727       1 schedule_one.go:745] "Plugin scored node for pod" pod="default/yolo-det-2" plugin="NodeAffinity" node="gpuorin5-desktop" score=0
2026-06-27 00:46:10.047 I0626 15:42:08.720731       1 schedule_one.go:745] "Plugin scored node for pod" pod="default/yolo-det-2" plugin="NodeResourcesFit" node="gpuorin5-desktop" score=78
2026-06-27 00:46:10.049 I0626 15:42:08.720735       1 schedule_one.go:745] "Plugin scored node for pod" pod="default/yolo-det-2" plugin="VolumeBinding" node="gpuorin5-desktop" score=0
2026-06-27 00:46:10.051 I0626 15:42:08.720739       1 schedule_one.go:745] "Plugin scored node for pod" pod="default/yolo-det-2" plugin="NodeResourcesBalancedAllocation" node="gpuorin5-desktop" score=99
2026-06-27 00:46:10.053 I0626 15:42:08.720744       1 schedule_one.go:745] "Plugin scored node for pod" pod="default/yolo-det-2" plugin="ImageLocality" node="gpuorin5-desktop" score=0
2026-06-27 00:46:10.055 I0626 15:42:08.720750       1 schedule_one.go:745] "Plugin scored node for pod" pod="default/yolo-det-2" plugin="TaintToleration" node="gpu-orin2" score=300
2026-06-27 00:46:10.058 I0626 15:42:08.720756       1 schedule_one.go:745] "Plugin scored node for pod" pod="default/yolo-det-2" plugin="NodeAffinity" node="gpu-orin2" score=0
2026-06-27 00:46:10.060 I0626 15:42:08.720762       1 schedule_one.go:745] "Plugin scored node for pod" pod="default/yolo-det-2" plugin="NodeResourcesFit" node="gpu-orin2" score=80
2026-06-27 00:46:10.063 I0626 15:42:08.720779       1 schedule_one.go:745] "Plugin scored node for pod" pod="default/yolo-det-2" plugin="VolumeBinding" node="gpu-orin2" score=0
2026-06-27 00:46:10.065 I0626 15:42:08.720784       1 schedule_one.go:745] "Plugin scored node for pod" pod="default/yolo-det-2" plugin="NodeResourcesBalancedAllocation" node="gpu-orin2" score=99
2026-06-27 00:46:10.068 I0626 15:42:08.720789       1 schedule_one.go:745] "Plugin scored node for pod" pod="default/yolo-det-2" plugin="ImageLocality" node="gpu-orin2" score=0
2026-06-27 00:46:10.070 I0626 15:42:08.720796       1 schedule_one.go:745] "Plugin scored node for pod" pod="default/yolo-det-2" plugin="TaintToleration" node="gpu-orin3" score=300
2026-06-27 00:46:10.072 I0626 15:42:08.720799       1 schedule_one.go:745] "Plugin scored node for pod" pod="default/yolo-det-2" plugin="NodeAffinity" node="gpu-orin3" score=0
2026-06-27 00:46:10.075 I0626 15:42:08.720804       1 schedule_one.go:745] "Plugin scored node for pod" pod="default/yolo-det-2" plugin="NodeResourcesFit" node="gpu-orin3" score=80
2026-06-27 00:46:10.077 I0626 15:42:08.720808       1 schedule_one.go:745] "Plugin scored node for pod" pod="default/yolo-det-2" plugin="VolumeBinding" node="gpu-orin3" score=0
2026-06-27 00:46:10.079 I0626 15:42:08.720812       1 schedule_one.go:745] "Plugin scored node for pod" pod="default/yolo-det-2" plugin="NodeResourcesBalancedAllocation" node="gpu-orin3" score=99
2026-06-27 00:46:10.082 I0626 15:42:08.720815       1 schedule_one.go:745] "Plugin scored node for pod" pod="default/yolo-det-2" plugin="ImageLocality" node="gpu-orin3" score=0
2026-06-27 00:46:10.085 I0626 15:42:08.720819       1 schedule_one.go:745] "Plugin scored node for pod" pod="default/yolo-det-2" plugin="TaintToleration" node="gpuorin4-desktop" score=300
2026-06-27 00:46:10.087 I0626 15:42:08.720823       1 schedule_one.go:745] "Plugin scored node for pod" pod="default/yolo-det-2" plugin="NodeAffinity" node="gpuorin4-desktop" score=0
2026-06-27 00:46:10.090 I0626 15:42:08.720829       1 schedule_one.go:745] "Plugin scored node for pod" pod="default/yolo-det-2" plugin="NodeResourcesFit" node="gpuorin4-desktop" score=80
2026-06-27 00:46:10.092 I0626 15:42:08.720835       1 schedule_one.go:745] "Plugin scored node for pod" pod="default/yolo-det-2" plugin="VolumeBinding" node="gpuorin4-desktop" score=0
2026-06-27 00:46:10.095 I0626 15:42:08.720839       1 schedule_one.go:745] "Plugin scored node for pod" pod="default/yolo-det-2" plugin="NodeResourcesBalancedAllocation" node="gpuorin4-desktop" score=99
2026-06-27 00:46:10.097 I0626 15:42:08.720842       1 schedule_one.go:745] "Plugin scored node for pod" pod="default/yolo-det-2" plugin="ImageLocality" node="gpuorin4-desktop" score=0
2026-06-27 00:46:10.099 I0626 15:42:08.720847       1 schedule_one.go:812] "Calculated node's final score for pod" pod="default/yolo-det-2" node="gpuorin5-desktop" score=477
2026-06-27 00:46:10.102 I0626 15:42:08.720852       1 schedule_one.go:812] "Calculated node's final score for pod" pod="default/yolo-det-2" node="gpu-orin2" score=479
2026-06-27 00:46:10.104 I0626 15:42:08.720858       1 schedule_one.go:812] "Calculated node's final score for pod" pod="default/yolo-det-2" node="gpu-orin3" score=479
2026-06-27 00:46:10.106 I0626 15:42:08.720864       1 schedule_one.go:812] "Calculated node's final score for pod" pod="default/yolo-det-2" node="gpuorin4-desktop" score=479
2026-06-27 00:46:10.109 I0626 15:42:10.636882       1 resource_allocation.go:76] "Listed internal info for allocatable resources, requested resources and score" pod="default/yolo-seg-2" node="gpu-orin3" resourceAllocationScorer="LeastAllocated" allocatableResource=[6000,7885156352] requestedResource=[900,1887436800] resourceScore=80
2026-06-27 00:46:10.111 I0626 15:42:10.636899       1 resource_allocation.go:76] "Listed internal info for allocatable resources, requested resources and score" pod="default/yolo-seg-2" node="gpu-orin3" resourceAllocationScorer="NodeResourcesBalancedAllocation" allocatableResource=[6000,7885156352] requestedResource=[100,52428800] resourceScore=99
2026-06-27 00:46:10.114 I0626 15:42:10.636905       1 resource_allocation.go:76] "Listed internal info for allocatable resources, requested resources and score" pod="default/yolo-seg-2" node="gpu-orin2" resourceAllocationScorer="LeastAllocated" allocatableResource=[6000,7885127680] requestedResource=[900,1887436800] resourceScore=80
2026-06-27 00:46:10.117 I0626 15:42:10.636906       1 resource_allocation.go:76] "Listed internal info for allocatable resources, requested resources and score" pod="default/yolo-seg-2" node="gpuorin5-desktop" resourceAllocationScorer="LeastAllocated" allocatableResource=[6000,7885127680] requestedResource=[1000,2097152000] resourceScore=78
2026-06-27 00:46:10.120 I0626 15:42:10.636911       1 resource_allocation.go:76] "Listed internal info for allocatable resources, requested resources and score" pod="default/yolo-seg-2" node="gpuorin4-desktop" resourceAllocationScorer="LeastAllocated" allocatableResource=[6000,7885250560] requestedResource=[1000,2097152000] resourceScore=78
2026-06-27 00:46:10.122 I0626 15:42:10.636924       1 resource_allocation.go:76] "Listed internal info for allocatable resources, requested resources and score" pod="default/yolo-seg-2" node="gpu-orin2" resourceAllocationScorer="NodeResourcesBalancedAllocation" allocatableResource=[6000,7885127680] requestedResource=[100,52428800] resourceScore=99
2026-06-27 00:46:10.125 I0626 15:42:10.636926       1 resource_allocation.go:76] "Listed internal info for allocatable resources, requested resources and score" pod="default/yolo-seg-2" node="gpuorin5-desktop" resourceAllocationScorer="NodeResourcesBalancedAllocation" allocatableResource=[6000,7885127680] requestedResource=[100,52428800] resourceScore=99
2026-06-27 00:46:10.128 I0626 15:42:10.636929       1 resource_allocation.go:76] "Listed internal info for allocatable resources, requested resources and score" pod="default/yolo-seg-2" node="gpuorin4-desktop" resourceAllocationScorer="NodeResourcesBalancedAllocation" allocatableResource=[6000,7885250560] requestedResource=[100,52428800] resourceScore=99
2026-06-27 00:46:10.130 I0626 15:42:10.636982       1 schedule_one.go:745] "Plugin scored node for pod" pod="default/yolo-seg-2" plugin="TaintToleration" node="gpu-orin3" score=300
2026-06-27 00:46:10.132 I0626 15:42:10.636992       1 schedule_one.go:745] "Plugin scored node for pod" pod="default/yolo-seg-2" plugin="NodeAffinity" node="gpu-orin3" score=0
2026-06-27 00:46:10.135 I0626 15:42:10.636998       1 schedule_one.go:745] "Plugin scored node for pod" pod="default/yolo-seg-2" plugin="NodeResourcesFit" node="gpu-orin3" score=80
2026-06-27 00:46:10.137 I0626 15:42:10.637005       1 schedule_one.go:745] "Plugin scored node for pod" pod="default/yolo-seg-2" plugin="VolumeBinding" node="gpu-orin3" score=0
2026-06-27 00:46:10.140 I0626 15:42:10.637011       1 schedule_one.go:745] "Plugin scored node for pod" pod="default/yolo-seg-2" plugin="NodeResourcesBalancedAllocation" node="gpu-orin3" score=99
2026-06-27 00:46:10.143 I0626 15:42:10.637018       1 schedule_one.go:745] "Plugin scored node for pod" pod="default/yolo-seg-2" plugin="ImageLocality" node="gpu-orin3" score=0
2026-06-27 00:46:10.146 I0626 15:42:10.637024       1 schedule_one.go:745] "Plugin scored node for pod" pod="default/yolo-seg-2" plugin="TaintToleration" node="gpuorin5-desktop" score=300
2026-06-27 00:46:10.148 I0626 15:42:10.637029       1 schedule_one.go:745] "Plugin scored node for pod" pod="default/yolo-seg-2" plugin="NodeAffinity" node="gpuorin5-desktop" score=0
2026-06-27 00:46:10.151 I0626 15:42:10.637034       1 schedule_one.go:745] "Plugin scored node for pod" pod="default/yolo-seg-2" plugin="NodeResourcesFit" node="gpuorin5-desktop" score=78
2026-06-27 00:46:10.153 I0626 15:42:10.637039       1 schedule_one.go:745] "Plugin scored node for pod" pod="default/yolo-seg-2" plugin="VolumeBinding" node="gpuorin5-desktop" score=0
2026-06-27 00:46:10.155 I0626 15:42:10.637044       1 schedule_one.go:745] "Plugin scored node for pod" pod="default/yolo-seg-2" plugin="NodeResourcesBalancedAllocation" node="gpuorin5-desktop" score=99
2026-06-27 00:46:10.158 I0626 15:42:10.637048       1 schedule_one.go:745] "Plugin scored node for pod" pod="default/yolo-seg-2" plugin="ImageLocality" node="gpuorin5-desktop" score=0
2026-06-27 00:46:10.160 I0626 15:42:10.637052       1 schedule_one.go:745] "Plugin scored node for pod" pod="default/yolo-seg-2" plugin="TaintToleration" node="gpu-orin2" score=300
2026-06-27 00:46:10.163 I0626 15:42:10.637057       1 schedule_one.go:745] "Plugin scored node for pod" pod="default/yolo-seg-2" plugin="NodeAffinity" node="gpu-orin2" score=0
2026-06-27 00:46:10.166 I0626 15:42:10.637062       1 schedule_one.go:745] "Plugin scored node for pod" pod="default/yolo-seg-2" plugin="NodeResourcesFit" node="gpu-orin2" score=80
2026-06-27 00:46:10.168 I0626 15:42:10.637066       1 schedule_one.go:745] "Plugin scored node for pod" pod="default/yolo-seg-2" plugin="VolumeBinding" node="gpu-orin2" score=0
2026-06-27 00:46:10.170 I0626 15:42:10.637071       1 schedule_one.go:745] "Plugin scored node for pod" pod="default/yolo-seg-2" plugin="NodeResourcesBalancedAllocation" node="gpu-orin2" score=99
2026-06-27 00:46:10.173 I0626 15:42:10.637077       1 schedule_one.go:745] "Plugin scored node for pod" pod="default/yolo-seg-2" plugin="ImageLocality" node="gpu-orin2" score=0
2026-06-27 00:46:10.175 I0626 15:42:10.637082       1 schedule_one.go:745] "Plugin scored node for pod" pod="default/yolo-seg-2" plugin="TaintToleration" node="gpuorin4-desktop" score=300
2026-06-27 00:46:10.177 I0626 15:42:10.637086       1 schedule_one.go:745] "Plugin scored node for pod" pod="default/yolo-seg-2" plugin="NodeAffinity" node="gpuorin4-desktop" score=0
2026-06-27 00:46:10.180 I0626 15:42:10.637091       1 schedule_one.go:745] "Plugin scored node for pod" pod="default/yolo-seg-2" plugin="NodeResourcesFit" node="gpuorin4-desktop" score=78
2026-06-27 00:46:10.182 I0626 15:42:10.637095       1 schedule_one.go:745] "Plugin scored node for pod" pod="default/yolo-seg-2" plugin="VolumeBinding" node="gpuorin4-desktop" score=0
2026-06-27 00:46:10.185 I0626 15:42:10.637099       1 schedule_one.go:745] "Plugin scored node for pod" pod="default/yolo-seg-2" plugin="NodeResourcesBalancedAllocation" node="gpuorin4-desktop" score=99
2026-06-27 00:46:10.187 I0626 15:42:10.637105       1 schedule_one.go:745] "Plugin scored node for pod" pod="default/yolo-seg-2" plugin="ImageLocality" node="gpuorin4-desktop" score=0
2026-06-27 00:46:10.190 I0626 15:42:10.637111       1 schedule_one.go:812] "Calculated node's final score for pod" pod="default/yolo-seg-2" node="gpu-orin3" score=479
2026-06-27 00:46:10.192 I0626 15:42:10.637118       1 schedule_one.go:812] "Calculated node's final score for pod" pod="default/yolo-seg-2" node="gpuorin5-desktop" score=477
2026-06-27 00:46:10.195 I0626 15:42:10.637123       1 schedule_one.go:812] "Calculated node's final score for pod" pod="default/yolo-seg-2" node="gpu-orin2" score=479
2026-06-27 00:46:10.198 I0626 15:42:10.637128       1 schedule_one.go:812] "Calculated node's final score for pod" pod="default/yolo-seg-2" node="gpuorin4-desktop" score=477
2026-06-27 00:46:10.200 I0626 15:42:12.803146       1 resource_allocation.go:76] "Listed internal info for allocatable resources, requested resources and score" pod="default/yolo-obb-2" node="gpu-orin2" resourceAllocationScorer="LeastAllocated" allocatableResource=[6000,7885127680] requestedResource=[1000,2097152000] resourceScore=78
2026-06-27 00:46:10.203 I0626 15:42:12.803164       1 resource_allocation.go:76] "Listed internal info for allocatable resources, requested resources and score" pod="default/yolo-obb-2" node="gpu-orin2" resourceAllocationScorer="NodeResourcesBalancedAllocation" allocatableResource=[6000,7885127680] requestedResource=[100,52428800] resourceScore=99
2026-06-27 00:46:10.207 I0626 15:42:12.803176       1 resource_allocation.go:76] "Listed internal info for allocatable resources, requested resources and score" pod="default/yolo-obb-2" node="gpuorin4-desktop" resourceAllocationScorer="LeastAllocated" allocatableResource=[6000,7885250560] requestedResource=[1000,2097152000] resourceScore=78
2026-06-27 00:46:10.209 I0626 15:42:12.803188       1 resource_allocation.go:76] "Listed internal info for allocatable resources, requested resources and score" pod="default/yolo-obb-2" node="gpuorin4-desktop" resourceAllocationScorer="NodeResourcesBalancedAllocation" allocatableResource=[6000,7885250560] requestedResource=[100,52428800] resourceScore=99
2026-06-27 00:46:10.212 I0626 15:42:12.803201       1 resource_allocation.go:76] "Listed internal info for allocatable resources, requested resources and score" pod="default/yolo-obb-2" node="gpuorin5-desktop" resourceAllocationScorer="LeastAllocated" allocatableResource=[6000,7885127680] requestedResource=[1000,2097152000] resourceScore=78
2026-06-27 00:46:10.214 I0626 15:42:12.803217       1 resource_allocation.go:76] "Listed internal info for allocatable resources, requested resources and score" pod="default/yolo-obb-2" node="gpuorin5-desktop" resourceAllocationScorer="NodeResourcesBalancedAllocation" allocatableResource=[6000,7885127680] requestedResource=[100,52428800] resourceScore=99
2026-06-27 00:46:10.217 I0626 15:42:12.803229       1 resource_allocation.go:76] "Listed internal info for allocatable resources, requested resources and score" pod="default/yolo-obb-2" node="gpu-orin3" resourceAllocationScorer="LeastAllocated" allocatableResource=[6000,7885156352] requestedResource=[900,1887436800] resourceScore=80
2026-06-27 00:46:10.219 I0626 15:42:12.803239       1 resource_allocation.go:76] "Listed internal info for allocatable resources, requested resources and score" pod="default/yolo-obb-2" node="gpu-orin3" resourceAllocationScorer="NodeResourcesBalancedAllocation" allocatableResource=[6000,7885156352] requestedResource=[100,52428800] resourceScore=99
2026-06-27 00:46:10.222 I0626 15:42:12.803275       1 schedule_one.go:745] "Plugin scored node for pod" pod="default/yolo-obb-2" plugin="TaintToleration" node="gpu-orin2" score=300
2026-06-27 00:46:10.225 I0626 15:42:12.803284       1 schedule_one.go:745] "Plugin scored node for pod" pod="default/yolo-obb-2" plugin="NodeAffinity" node="gpu-orin2" score=0
2026-06-27 00:46:10.227 I0626 15:42:12.803291       1 schedule_one.go:745] "Plugin scored node for pod" pod="default/yolo-obb-2" plugin="NodeResourcesFit" node="gpu-orin2" score=78
2026-06-27 00:46:10.230 I0626 15:42:12.803297       1 schedule_one.go:745] "Plugin scored node for pod" pod="default/yolo-obb-2" plugin="VolumeBinding" node="gpu-orin2" score=0
2026-06-27 00:46:10.232 I0626 15:42:12.803302       1 schedule_one.go:745] "Plugin scored node for pod" pod="default/yolo-obb-2" plugin="NodeResourcesBalancedAllocation" node="gpu-orin2" score=99
2026-06-27 00:46:10.235 I0626 15:42:12.803309       1 schedule_one.go:745] "Plugin scored node for pod" pod="default/yolo-obb-2" plugin="ImageLocality" node="gpu-orin2" score=0
2026-06-27 00:46:10.237 I0626 15:42:12.803315       1 schedule_one.go:745] "Plugin scored node for pod" pod="default/yolo-obb-2" plugin="TaintToleration" node="gpuorin4-desktop" score=300
2026-06-27 00:46:10.239 I0626 15:42:12.803321       1 schedule_one.go:745] "Plugin scored node for pod" pod="default/yolo-obb-2" plugin="NodeAffinity" node="gpuorin4-desktop" score=0
2026-06-27 00:46:10.241 I0626 15:42:12.803326       1 schedule_one.go:745] "Plugin scored node for pod" pod="default/yolo-obb-2" plugin="NodeResourcesFit" node="gpuorin4-desktop" score=78
2026-06-27 00:46:10.244 I0626 15:42:12.803331       1 schedule_one.go:745] "Plugin scored node for pod" pod="default/yolo-obb-2" plugin="VolumeBinding" node="gpuorin4-desktop" score=0
2026-06-27 00:46:10.246 I0626 15:42:12.803336       1 schedule_one.go:745] "Plugin scored node for pod" pod="default/yolo-obb-2" plugin="NodeResourcesBalancedAllocation" node="gpuorin4-desktop" score=99
2026-06-27 00:46:10.249 I0626 15:42:12.803342       1 schedule_one.go:745] "Plugin scored node for pod" pod="default/yolo-obb-2" plugin="ImageLocality" node="gpuorin4-desktop" score=0
2026-06-27 00:46:10.251 I0626 15:42:12.803346       1 schedule_one.go:745] "Plugin scored node for pod" pod="default/yolo-obb-2" plugin="TaintToleration" node="gpuorin5-desktop" score=300
2026-06-27 00:46:10.254 I0626 15:42:12.803352       1 schedule_one.go:745] "Plugin scored node for pod" pod="default/yolo-obb-2" plugin="NodeAffinity" node="gpuorin5-desktop" score=0
2026-06-27 00:46:10.256 I0626 15:42:12.803357       1 schedule_one.go:745] "Plugin scored node for pod" pod="default/yolo-obb-2" plugin="NodeResourcesFit" node="gpuorin5-desktop" score=78
2026-06-27 00:46:10.259 I0626 15:42:12.803363       1 schedule_one.go:745] "Plugin scored node for pod" pod="default/yolo-obb-2" plugin="VolumeBinding" node="gpuorin5-desktop" score=0
2026-06-27 00:46:10.261 I0626 15:42:12.803368       1 schedule_one.go:745] "Plugin scored node for pod" pod="default/yolo-obb-2" plugin="NodeResourcesBalancedAllocation" node="gpuorin5-desktop" score=99
2026-06-27 00:46:10.264 I0626 15:42:12.803372       1 schedule_one.go:745] "Plugin scored node for pod" pod="default/yolo-obb-2" plugin="ImageLocality" node="gpuorin5-desktop" score=0
2026-06-27 00:46:10.266 I0626 15:42:12.803378       1 schedule_one.go:745] "Plugin scored node for pod" pod="default/yolo-obb-2" plugin="TaintToleration" node="gpu-orin3" score=300
2026-06-27 00:46:10.268 I0626 15:42:12.803384       1 schedule_one.go:745] "Plugin scored node for pod" pod="default/yolo-obb-2" plugin="NodeAffinity" node="gpu-orin3" score=0
2026-06-27 00:46:10.271 I0626 15:42:12.803389       1 schedule_one.go:745] "Plugin scored node for pod" pod="default/yolo-obb-2" plugin="NodeResourcesFit" node="gpu-orin3" score=80
2026-06-27 00:46:10.273 I0626 15:42:12.803395       1 schedule_one.go:745] "Plugin scored node for pod" pod="default/yolo-obb-2" plugin="VolumeBinding" node="gpu-orin3" score=0
2026-06-27 00:46:10.275 I0626 15:42:12.803399       1 schedule_one.go:745] "Plugin scored node for pod" pod="default/yolo-obb-2" plugin="NodeResourcesBalancedAllocation" node="gpu-orin3" score=99
2026-06-27 00:46:10.277 I0626 15:42:12.803404       1 schedule_one.go:745] "Plugin scored node for pod" pod="default/yolo-obb-2" plugin="ImageLocality" node="gpu-orin3" score=0
2026-06-27 00:46:10.280 I0626 15:42:12.803412       1 schedule_one.go:812] "Calculated node's final score for pod" pod="default/yolo-obb-2" node="gpu-orin2" score=477
2026-06-27 00:46:10.282 I0626 15:42:12.803419       1 schedule_one.go:812] "Calculated node's final score for pod" pod="default/yolo-obb-2" node="gpuorin4-desktop" score=477
2026-06-27 00:46:10.285 I0626 15:42:12.803425       1 schedule_one.go:812] "Calculated node's final score for pod" pod="default/yolo-obb-2" node="gpuorin5-desktop" score=477
2026-06-27 00:46:10.288 I0626 15:42:12.803430       1 schedule_one.go:812] "Calculated node's final score for pod" pod="default/yolo-obb-2" node="gpu-orin3" score=479
2026-06-27 00:46:10.290 I0626 15:42:14.734895       1 resource_allocation.go:76] "Listed internal info for allocatable resources, requested resources and score" pod="default/yolo-pos-2" node="gpu-orin2" resourceAllocationScorer="LeastAllocated" allocatableResource=[6000,7885127680] requestedResource=[1000,2097152000] resourceScore=78
2026-06-27 00:46:10.292 I0626 15:42:14.734930       1 resource_allocation.go:76] "Listed internal info for allocatable resources, requested resources and score" pod="default/yolo-pos-2" node="gpu-orin2" resourceAllocationScorer="NodeResourcesBalancedAllocation" allocatableResource=[6000,7885127680] requestedResource=[100,52428800] resourceScore=99
2026-06-27 00:46:10.295 I0626 15:42:14.734960       1 resource_allocation.go:76] "Listed internal info for allocatable resources, requested resources and score" pod="default/yolo-pos-2" node="gpuorin4-desktop" resourceAllocationScorer="LeastAllocated" allocatableResource=[6000,7885250560] requestedResource=[1000,2097152000] resourceScore=78
2026-06-27 00:46:10.298 I0626 15:42:14.734980       1 resource_allocation.go:76] "Listed internal info for allocatable resources, requested resources and score" pod="default/yolo-pos-2" node="gpuorin4-desktop" resourceAllocationScorer="NodeResourcesBalancedAllocation" allocatableResource=[6000,7885250560] requestedResource=[100,52428800] resourceScore=99
2026-06-27 00:46:10.300 I0626 15:42:14.735038       1 resource_allocation.go:76] "Listed internal info for allocatable resources, requested resources and score" pod="default/yolo-pos-2" node="gpu-orin3" resourceAllocationScorer="LeastAllocated" allocatableResource=[6000,7885156352] requestedResource=[1000,2097152000] resourceScore=78
2026-06-27 00:46:10.303 I0626 15:42:14.735058       1 resource_allocation.go:76] "Listed internal info for allocatable resources, requested resources and score" pod="default/yolo-pos-2" node="gpu-orin3" resourceAllocationScorer="NodeResourcesBalancedAllocation" allocatableResource=[6000,7885156352] requestedResource=[100,52428800] resourceScore=99
2026-06-27 00:46:10.305 I0626 15:42:14.735081       1 resource_allocation.go:76] "Listed internal info for allocatable resources, requested resources and score" pod="default/yolo-pos-2" node="gpuorin5-desktop" resourceAllocationScorer="LeastAllocated" allocatableResource=[6000,7885127680] requestedResource=[1000,2097152000] resourceScore=78
2026-06-27 00:46:10.308 I0626 15:42:14.735106       1 resource_allocation.go:76] "Listed internal info for allocatable resources, requested resources and score" pod="default/yolo-pos-2" node="gpuorin5-desktop" resourceAllocationScorer="NodeResourcesBalancedAllocation" allocatableResource=[6000,7885127680] requestedResource=[100,52428800] resourceScore=99
2026-06-27 00:46:10.310 I0626 15:42:14.735174       1 schedule_one.go:745] "Plugin scored node for pod" pod="default/yolo-pos-2" plugin="TaintToleration" node="gpu-orin2" score=300
2026-06-27 00:46:10.313 I0626 15:42:14.735196       1 schedule_one.go:745] "Plugin scored node for pod" pod="default/yolo-pos-2" plugin="NodeAffinity" node="gpu-orin2" score=0
2026-06-27 00:46:10.316 I0626 15:42:14.735210       1 schedule_one.go:745] "Plugin scored node for pod" pod="default/yolo-pos-2" plugin="NodeResourcesFit" node="gpu-orin2" score=78
2026-06-27 00:46:10.318 I0626 15:42:14.735223       1 schedule_one.go:745] "Plugin scored node for pod" pod="default/yolo-pos-2" plugin="VolumeBinding" node="gpu-orin2" score=0
2026-06-27 00:46:10.321 I0626 15:42:14.735234       1 schedule_one.go:745] "Plugin scored node for pod" pod="default/yolo-pos-2" plugin="NodeResourcesBalancedAllocation" node="gpu-orin2" score=99
2026-06-27 00:46:10.323 I0626 15:42:14.735244       1 schedule_one.go:745] "Plugin scored node for pod" pod="default/yolo-pos-2" plugin="ImageLocality" node="gpu-orin2" score=0
2026-06-27 00:46:10.326 I0626 15:42:14.735256       1 schedule_one.go:745] "Plugin scored node for pod" pod="default/yolo-pos-2" plugin="TaintToleration" node="gpuorin4-desktop" score=300
2026-06-27 00:46:10.328 I0626 15:42:14.735266       1 schedule_one.go:745] "Plugin scored node for pod" pod="default/yolo-pos-2" plugin="NodeAffinity" node="gpuorin4-desktop" score=0
2026-06-27 00:46:10.331 I0626 15:42:14.735279       1 schedule_one.go:745] "Plugin scored node for pod" pod="default/yolo-pos-2" plugin="NodeResourcesFit" node="gpuorin4-desktop" score=78
2026-06-27 00:46:10.334 I0626 15:42:14.735289       1 schedule_one.go:745] "Plugin scored node for pod" pod="default/yolo-pos-2" plugin="VolumeBinding" node="gpuorin4-desktop" score=0
2026-06-27 00:46:10.336 I0626 15:42:14.735300       1 schedule_one.go:745] "Plugin scored node for pod" pod="default/yolo-pos-2" plugin="NodeResourcesBalancedAllocation" node="gpuorin4-desktop" score=99
2026-06-27 00:46:10.339 I0626 15:42:14.735309       1 schedule_one.go:745] "Plugin scored node for pod" pod="default/yolo-pos-2" plugin="ImageLocality" node="gpuorin4-desktop" score=0
2026-06-27 00:46:10.341 I0626 15:42:14.735320       1 schedule_one.go:745] "Plugin scored node for pod" pod="default/yolo-pos-2" plugin="TaintToleration" node="gpu-orin3" score=300
2026-06-27 00:46:10.344 I0626 15:42:14.735330       1 schedule_one.go:745] "Plugin scored node for pod" pod="default/yolo-pos-2" plugin="NodeAffinity" node="gpu-orin3" score=0
2026-06-27 00:46:10.347 I0626 15:42:14.735340       1 schedule_one.go:745] "Plugin scored node for pod" pod="default/yolo-pos-2" plugin="NodeResourcesFit" node="gpu-orin3" score=78
2026-06-27 00:46:10.349 I0626 15:42:14.735350       1 schedule_one.go:745] "Plugin scored node for pod" pod="default/yolo-pos-2" plugin="VolumeBinding" node="gpu-orin3" score=0
2026-06-27 00:46:10.352 I0626 15:42:14.735362       1 schedule_one.go:745] "Plugin scored node for pod" pod="default/yolo-pos-2" plugin="NodeResourcesBalancedAllocation" node="gpu-orin3" score=99
2026-06-27 00:46:10.354 I0626 15:42:14.735371       1 schedule_one.go:745] "Plugin scored node for pod" pod="default/yolo-pos-2" plugin="ImageLocality" node="gpu-orin3" score=0
2026-06-27 00:46:10.357 I0626 15:42:14.735381       1 schedule_one.go:745] "Plugin scored node for pod" pod="default/yolo-pos-2" plugin="TaintToleration" node="gpuorin5-desktop" score=300
2026-06-27 00:46:10.359 I0626 15:42:14.735393       1 schedule_one.go:745] "Plugin scored node for pod" pod="default/yolo-pos-2" plugin="NodeAffinity" node="gpuorin5-desktop" score=0
2026-06-27 00:46:10.362 I0626 15:42:14.735402       1 schedule_one.go:745] "Plugin scored node for pod" pod="default/yolo-pos-2" plugin="NodeResourcesFit" node="gpuorin5-desktop" score=78
2026-06-27 00:46:10.364 I0626 15:42:14.735412       1 schedule_one.go:745] "Plugin scored node for pod" pod="default/yolo-pos-2" plugin="VolumeBinding" node="gpuorin5-desktop" score=0
2026-06-27 00:46:10.367 I0626 15:42:14.735421       1 schedule_one.go:745] "Plugin scored node for pod" pod="default/yolo-pos-2" plugin="NodeResourcesBalancedAllocation" node="gpuorin5-desktop" score=99
2026-06-27 00:46:10.369 I0626 15:42:14.735432       1 schedule_one.go:745] "Plugin scored node for pod" pod="default/yolo-pos-2" plugin="ImageLocality" node="gpuorin5-desktop" score=0
2026-06-27 00:46:10.372 I0626 15:42:14.735445       1 schedule_one.go:812] "Calculated node's final score for pod" pod="default/yolo-pos-2" node="gpu-orin2" score=477
2026-06-27 00:46:10.374 I0626 15:42:14.736085       1 schedule_one.go:812] "Calculated node's final score for pod" pod="default/yolo-pos-2" node="gpuorin4-desktop" score=477
2026-06-27 00:46:10.377 I0626 15:42:14.736115       1 schedule_one.go:812] "Calculated node's final score for pod" pod="default/yolo-pos-2" node="gpu-orin3" score=477
2026-06-27 00:46:10.379 I0626 15:42:14.736130       1 schedule_one.go:812] "Calculated node's final score for pod" pod="default/yolo-pos-2" node="gpuorin5-desktop" score=477
2026-06-27 00:46:10.382 I0626 15:44:11.539335       1 resource_allocation.go:76] "Listed internal info for allocatable resources, requested resources and score" pod="default/yolo-cls-1" node="gpu-orin2" resourceAllocationScorer="LeastAllocated" allocatableResource=[6000,7885127680] requestedResource=[700,1468006400] resourceScore=84
2026-06-27 00:46:10.385 I0626 15:44:11.539363       1 resource_allocation.go:76] "Listed internal info for allocatable resources, requested resources and score" pod="default/yolo-cls-1" node="gpu-orin2" resourceAllocationScorer="NodeResourcesBalancedAllocation" allocatableResource=[6000,7885127680] requestedResource=[100,52428800] resourceScore=99
2026-06-27 00:46:10.388 I0626 15:44:11.539387       1 resource_allocation.go:76] "Listed internal info for allocatable resources, requested resources and score" pod="default/yolo-cls-1" node="gpu-orin3" resourceAllocationScorer="LeastAllocated" allocatableResource=[6000,7885156352] requestedResource=[800,1677721600] resourceScore=82
2026-06-27 00:46:10.390 I0626 15:44:11.539406       1 resource_allocation.go:76] "Listed internal info for allocatable resources, requested resources and score" pod="default/yolo-cls-1" node="gpu-orin3" resourceAllocationScorer="NodeResourcesBalancedAllocation" allocatableResource=[6000,7885156352] requestedResource=[100,52428800] resourceScore=99
2026-06-27 00:46:10.393 I0626 15:44:11.539430       1 resource_allocation.go:76] "Listed internal info for allocatable resources, requested resources and score" pod="default/yolo-cls-1" node="gpuorin4-desktop" resourceAllocationScorer="LeastAllocated" allocatableResource=[6000,7885250560] requestedResource=[900,1887436800] resourceScore=80
2026-06-27 00:46:10.395 I0626 15:44:11.539436       1 resource_allocation.go:76] "Listed internal info for allocatable resources, requested resources and score" pod="default/yolo-cls-1" node="gpuorin5-desktop" resourceAllocationScorer="LeastAllocated" allocatableResource=[6000,7885127680] requestedResource=[700,1468006400] resourceScore=84
2026-06-27 00:46:10.398 I0626 15:44:11.539452       1 resource_allocation.go:76] "Listed internal info for allocatable resources, requested resources and score" pod="default/yolo-cls-1" node="gpuorin4-desktop" resourceAllocationScorer="NodeResourcesBalancedAllocation" allocatableResource=[6000,7885250560] requestedResource=[100,52428800] resourceScore=99
2026-06-27 00:46:10.400 I0626 15:44:11.539476       1 resource_allocation.go:76] "Listed internal info for allocatable resources, requested resources and score" pod="default/yolo-cls-1" node="gpuorin5-desktop" resourceAllocationScorer="NodeResourcesBalancedAllocation" allocatableResource=[6000,7885127680] requestedResource=[100,52428800] resourceScore=99
2026-06-27 00:46:10.403 I0626 15:44:11.539641       1 schedule_one.go:745] "Plugin scored node for pod" pod="default/yolo-cls-1" plugin="TaintToleration" node="gpu-orin2" score=300
2026-06-27 00:46:10.405 I0626 15:44:11.539689       1 schedule_one.go:745] "Plugin scored node for pod" pod="default/yolo-cls-1" plugin="NodeAffinity" node="gpu-orin2" score=0
2026-06-27 00:46:10.407 I0626 15:44:11.539704       1 schedule_one.go:745] "Plugin scored node for pod" pod="default/yolo-cls-1" plugin="NodeResourcesFit" node="gpu-orin2" score=84
2026-06-27 00:46:10.410 I0626 15:44:11.539715       1 schedule_one.go:745] "Plugin scored node for pod" pod="default/yolo-cls-1" plugin="VolumeBinding" node="gpu-orin2" score=0
2026-06-27 00:46:10.412 I0626 15:44:11.539727       1 schedule_one.go:745] "Plugin scored node for pod" pod="default/yolo-cls-1" plugin="NodeResourcesBalancedAllocation" node="gpu-orin2" score=99
2026-06-27 00:46:10.415 I0626 15:44:11.539737       1 schedule_one.go:745] "Plugin scored node for pod" pod="default/yolo-cls-1" plugin="ImageLocality" node="gpu-orin2" score=0
2026-06-27 00:46:10.418 I0626 15:44:11.539748       1 schedule_one.go:745] "Plugin scored node for pod" pod="default/yolo-cls-1" plugin="TaintToleration" node="gpuorin5-desktop" score=300
2026-06-27 00:46:10.420 I0626 15:44:11.539759       1 schedule_one.go:745] "Plugin scored node for pod" pod="default/yolo-cls-1" plugin="NodeAffinity" node="gpuorin5-desktop" score=0
2026-06-27 00:46:10.422 I0626 15:44:11.539792       1 schedule_one.go:745] "Plugin scored node for pod" pod="default/yolo-cls-1" plugin="NodeResourcesFit" node="gpuorin5-desktop" score=84
2026-06-27 00:46:10.425 I0626 15:44:11.539804       1 schedule_one.go:745] "Plugin scored node for pod" pod="default/yolo-cls-1" plugin="VolumeBinding" node="gpuorin5-desktop" score=0
2026-06-27 00:46:10.427 I0626 15:44:11.539814       1 schedule_one.go:745] "Plugin scored node for pod" pod="default/yolo-cls-1" plugin="NodeResourcesBalancedAllocation" node="gpuorin5-desktop" score=99
2026-06-27 00:46:10.429 I0626 15:44:11.539824       1 schedule_one.go:745] "Plugin scored node for pod" pod="default/yolo-cls-1" plugin="ImageLocality" node="gpuorin5-desktop" score=0
2026-06-27 00:46:10.431 I0626 15:44:11.539834       1 schedule_one.go:745] "Plugin scored node for pod" pod="default/yolo-cls-1" plugin="TaintToleration" node="gpu-orin3" score=300
2026-06-27 00:46:10.434 I0626 15:44:11.539846       1 schedule_one.go:745] "Plugin scored node for pod" pod="default/yolo-cls-1" plugin="NodeAffinity" node="gpu-orin3" score=0
2026-06-27 00:46:10.436 I0626 15:44:11.539856       1 schedule_one.go:745] "Plugin scored node for pod" pod="default/yolo-cls-1" plugin="NodeResourcesFit" node="gpu-orin3" score=82
2026-06-27 00:46:10.438 I0626 15:44:11.539865       1 schedule_one.go:745] "Plugin scored node for pod" pod="default/yolo-cls-1" plugin="VolumeBinding" node="gpu-orin3" score=0
2026-06-27 00:46:10.440 I0626 15:44:11.539877       1 schedule_one.go:745] "Plugin scored node for pod" pod="default/yolo-cls-1" plugin="NodeResourcesBalancedAllocation" node="gpu-orin3" score=99
2026-06-27 00:46:10.442 I0626 15:44:11.539887       1 schedule_one.go:745] "Plugin scored node for pod" pod="default/yolo-cls-1" plugin="ImageLocality" node="gpu-orin3" score=0
2026-06-27 00:46:10.445 I0626 15:44:11.539897       1 schedule_one.go:745] "Plugin scored node for pod" pod="default/yolo-cls-1" plugin="TaintToleration" node="gpuorin4-desktop" score=300
2026-06-27 00:46:10.447 I0626 15:44:11.539910       1 schedule_one.go:745] "Plugin scored node for pod" pod="default/yolo-cls-1" plugin="NodeAffinity" node="gpuorin4-desktop" score=0
2026-06-27 00:46:10.450 I0626 15:44:11.539920       1 schedule_one.go:745] "Plugin scored node for pod" pod="default/yolo-cls-1" plugin="NodeResourcesFit" node="gpuorin4-desktop" score=80
2026-06-27 00:46:10.452 I0626 15:44:11.539930       1 schedule_one.go:745] "Plugin scored node for pod" pod="default/yolo-cls-1" plugin="VolumeBinding" node="gpuorin4-desktop" score=0
2026-06-27 00:46:10.454 I0626 15:44:11.539940       1 schedule_one.go:745] "Plugin scored node for pod" pod="default/yolo-cls-1" plugin="NodeResourcesBalancedAllocation" node="gpuorin4-desktop" score=99
2026-06-27 00:46:10.457 I0626 15:44:11.539951       1 schedule_one.go:745] "Plugin scored node for pod" pod="default/yolo-cls-1" plugin="ImageLocality" node="gpuorin4-desktop" score=0
2026-06-27 00:46:10.459 I0626 15:44:11.539965       1 schedule_one.go:812] "Calculated node's final score for pod" pod="default/yolo-cls-1" node="gpu-orin2" score=483
2026-06-27 00:46:10.461 I0626 15:44:11.539980       1 schedule_one.go:812] "Calculated node's final score for pod" pod="default/yolo-cls-1" node="gpuorin5-desktop" score=483
2026-06-27 00:46:10.464 I0626 15:44:11.539994       1 schedule_one.go:812] "Calculated node's final score for pod" pod="default/yolo-cls-1" node="gpu-orin3" score=481
2026-06-27 00:46:10.466 I0626 15:44:11.540004       1 schedule_one.go:812] "Calculated node's final score for pod" pod="default/yolo-cls-1" node="gpuorin4-desktop" score=479
2026-06-27 00:46:10.468 I0626 15:44:13.400883       1 resource_allocation.go:76] "Listed internal info for allocatable resources, requested resources and score" pod="default/yolo-det-1" node="gpu-orin3" resourceAllocationScorer="LeastAllocated" allocatableResource=[6000,7885156352] requestedResource=[800,1677721600] resourceScore=82
2026-06-27 00:46:10.471 I0626 15:44:13.400883       1 resource_allocation.go:76] "Listed internal info for allocatable resources, requested resources and score" pod="default/yolo-det-1" node="gpuorin5-desktop" resourceAllocationScorer="LeastAllocated" allocatableResource=[6000,7885127680] requestedResource=[800,1677721600] resourceScore=82
2026-06-27 00:46:10.474 I0626 15:44:13.400887       1 resource_allocation.go:76] "Listed internal info for allocatable resources, requested resources and score" pod="default/yolo-det-1" node="gpu-orin2" resourceAllocationScorer="LeastAllocated" allocatableResource=[6000,7885127680] requestedResource=[700,1468006400] resourceScore=84
2026-06-27 00:46:10.476 I0626 15:44:13.400904       1 resource_allocation.go:76] "Listed internal info for allocatable resources, requested resources and score" pod="default/yolo-det-1" node="gpu-orin3" resourceAllocationScorer="NodeResourcesBalancedAllocation" allocatableResource=[6000,7885156352] requestedResource=[100,52428800] resourceScore=99
2026-06-27 00:46:10.479 I0626 15:44:13.400911       1 resource_allocation.go:76] "Listed internal info for allocatable resources, requested resources and score" pod="default/yolo-det-1" node="gpuorin5-desktop" resourceAllocationScorer="NodeResourcesBalancedAllocation" allocatableResource=[6000,7885127680] requestedResource=[100,52428800] resourceScore=99
2026-06-27 00:46:10.482 I0626 15:44:13.400912       1 resource_allocation.go:76] "Listed internal info for allocatable resources, requested resources and score" pod="default/yolo-det-1" node="gpu-orin2" resourceAllocationScorer="NodeResourcesBalancedAllocation" allocatableResource=[6000,7885127680] requestedResource=[100,52428800] resourceScore=99
2026-06-27 00:46:10.484 I0626 15:44:13.400948       1 resource_allocation.go:76] "Listed internal info for allocatable resources, requested resources and score" pod="default/yolo-det-1" node="gpuorin4-desktop" resourceAllocationScorer="LeastAllocated" allocatableResource=[6000,7885250560] requestedResource=[900,1887436800] resourceScore=80
2026-06-27 00:46:10.487 I0626 15:44:13.400981       1 resource_allocation.go:76] "Listed internal info for allocatable resources, requested resources and score" pod="default/yolo-det-1" node="gpuorin4-desktop" resourceAllocationScorer="NodeResourcesBalancedAllocation" allocatableResource=[6000,7885250560] requestedResource=[100,52428800] resourceScore=99
2026-06-27 00:46:10.490 I0626 15:44:13.401046       1 schedule_one.go:745] "Plugin scored node for pod" pod="default/yolo-det-1" plugin="TaintToleration" node="gpu-orin3" score=300
2026-06-27 00:46:10.492 I0626 15:44:13.401058       1 schedule_one.go:745] "Plugin scored node for pod" pod="default/yolo-det-1" plugin="NodeAffinity" node="gpu-orin3" score=0
2026-06-27 00:46:10.495 I0626 15:44:13.401066       1 schedule_one.go:745] "Plugin scored node for pod" pod="default/yolo-det-1" plugin="NodeResourcesFit" node="gpu-orin3" score=82
2026-06-27 00:46:10.497 I0626 15:44:13.401072       1 schedule_one.go:745] "Plugin scored node for pod" pod="default/yolo-det-1" plugin="VolumeBinding" node="gpu-orin3" score=0
2026-06-27 00:46:10.500 I0626 15:44:13.401078       1 schedule_one.go:745] "Plugin scored node for pod" pod="default/yolo-det-1" plugin="NodeResourcesBalancedAllocation" node="gpu-orin3" score=99
2026-06-27 00:46:10.502 I0626 15:44:13.401091       1 schedule_one.go:745] "Plugin scored node for pod" pod="default/yolo-det-1" plugin="ImageLocality" node="gpu-orin3" score=0
2026-06-27 00:46:10.504 I0626 15:44:13.401098       1 schedule_one.go:745] "Plugin scored node for pod" pod="default/yolo-det-1" plugin="TaintToleration" node="gpuorin5-desktop" score=300
2026-06-27 00:46:10.507 I0626 15:44:13.401104       1 schedule_one.go:745] "Plugin scored node for pod" pod="default/yolo-det-1" plugin="NodeAffinity" node="gpuorin5-desktop" score=0
2026-06-27 00:46:10.509 I0626 15:44:13.401110       1 schedule_one.go:745] "Plugin scored node for pod" pod="default/yolo-det-1" plugin="NodeResourcesFit" node="gpuorin5-desktop" score=82
2026-06-27 00:46:10.511 I0626 15:44:13.401118       1 schedule_one.go:745] "Plugin scored node for pod" pod="default/yolo-det-1" plugin="VolumeBinding" node="gpuorin5-desktop" score=0
2026-06-27 00:46:10.513 I0626 15:44:13.401123       1 schedule_one.go:745] "Plugin scored node for pod" pod="default/yolo-det-1" plugin="NodeResourcesBalancedAllocation" node="gpuorin5-desktop" score=99
2026-06-27 00:46:10.516 I0626 15:44:13.401130       1 schedule_one.go:745] "Plugin scored node for pod" pod="default/yolo-det-1" plugin="ImageLocality" node="gpuorin5-desktop" score=0
2026-06-27 00:46:10.518 I0626 15:44:13.401136       1 schedule_one.go:745] "Plugin scored node for pod" pod="default/yolo-det-1" plugin="TaintToleration" node="gpu-orin2" score=300
2026-06-27 00:46:10.521 I0626 15:44:13.401142       1 schedule_one.go:745] "Plugin scored node for pod" pod="default/yolo-det-1" plugin="NodeAffinity" node="gpu-orin2" score=0
2026-06-27 00:46:10.523 I0626 15:44:13.401147       1 schedule_one.go:745] "Plugin scored node for pod" pod="default/yolo-det-1" plugin="NodeResourcesFit" node="gpu-orin2" score=84
2026-06-27 00:46:10.526 I0626 15:44:13.401154       1 schedule_one.go:745] "Plugin scored node for pod" pod="default/yolo-det-1" plugin="VolumeBinding" node="gpu-orin2" score=0
2026-06-27 00:46:10.528 I0626 15:44:13.401160       1 schedule_one.go:745] "Plugin scored node for pod" pod="default/yolo-det-1" plugin="NodeResourcesBalancedAllocation" node="gpu-orin2" score=99
2026-06-27 00:46:10.530 I0626 15:44:13.401166       1 schedule_one.go:745] "Plugin scored node for pod" pod="default/yolo-det-1" plugin="ImageLocality" node="gpu-orin2" score=0
2026-06-27 00:46:10.533 I0626 15:44:13.401171       1 schedule_one.go:745] "Plugin scored node for pod" pod="default/yolo-det-1" plugin="TaintToleration" node="gpuorin4-desktop" score=300
2026-06-27 00:46:10.535 I0626 15:44:13.401178       1 schedule_one.go:745] "Plugin scored node for pod" pod="default/yolo-det-1" plugin="NodeAffinity" node="gpuorin4-desktop" score=0
2026-06-27 00:46:10.538 I0626 15:44:13.401184       1 schedule_one.go:745] "Plugin scored node for pod" pod="default/yolo-det-1" plugin="NodeResourcesFit" node="gpuorin4-desktop" score=80
2026-06-27 00:46:10.540 I0626 15:44:13.401190       1 schedule_one.go:745] "Plugin scored node for pod" pod="default/yolo-det-1" plugin="VolumeBinding" node="gpuorin4-desktop" score=0
2026-06-27 00:46:10.543 I0626 15:44:13.401195       1 schedule_one.go:745] "Plugin scored node for pod" pod="default/yolo-det-1" plugin="NodeResourcesBalancedAllocation" node="gpuorin4-desktop" score=99
2026-06-27 00:46:10.545 I0626 15:44:13.401202       1 schedule_one.go:745] "Plugin scored node for pod" pod="default/yolo-det-1" plugin="ImageLocality" node="gpuorin4-desktop" score=0
2026-06-27 00:46:10.548 I0626 15:44:13.401210       1 schedule_one.go:812] "Calculated node's final score for pod" pod="default/yolo-det-1" node="gpu-orin3" score=481
2026-06-27 00:46:10.550 I0626 15:44:13.401220       1 schedule_one.go:812] "Calculated node's final score for pod" pod="default/yolo-det-1" node="gpuorin5-desktop" score=481
2026-06-27 00:46:10.553 I0626 15:44:13.401228       1 schedule_one.go:812] "Calculated node's final score for pod" pod="default/yolo-det-1" node="gpu-orin2" score=483
2026-06-27 00:46:10.555 I0626 15:44:13.401236       1 schedule_one.go:812] "Calculated node's final score for pod" pod="default/yolo-det-1" node="gpuorin4-desktop" score=479
2026-06-27 00:46:10.558 I0626 15:44:15.335671       1 resource_allocation.go:76] "Listed internal info for allocatable resources, requested resources and score" pod="default/yolo-seg-1" node="gpu-orin2" resourceAllocationScorer="LeastAllocated" allocatableResource=[6000,7885127680] requestedResource=[800,1677721600] resourceScore=82
2026-06-27 00:46:10.560 I0626 15:44:15.335713       1 resource_allocation.go:76] "Listed internal info for allocatable resources, requested resources and score" pod="default/yolo-seg-1" node="gpuorin4-desktop" resourceAllocationScorer="LeastAllocated" allocatableResource=[6000,7885250560] requestedResource=[900,1887436800] resourceScore=80
2026-06-27 00:46:10.562 I0626 15:44:15.335712       1 resource_allocation.go:76] "Listed internal info for allocatable resources, requested resources and score" pod="default/yolo-seg-1" node="gpu-orin2" resourceAllocationScorer="NodeResourcesBalancedAllocation" allocatableResource=[6000,7885127680] requestedResource=[100,52428800] resourceScore=99
2026-06-27 00:46:10.565 I0626 15:44:15.335724       1 resource_allocation.go:76] "Listed internal info for allocatable resources, requested resources and score" pod="default/yolo-seg-1" node="gpuorin5-desktop" resourceAllocationScorer="LeastAllocated" allocatableResource=[6000,7885127680] requestedResource=[800,1677721600] resourceScore=82
2026-06-27 00:46:10.568 I0626 15:44:15.335731       1 resource_allocation.go:76] "Listed internal info for allocatable resources, requested resources and score" pod="default/yolo-seg-1" node="gpu-orin3" resourceAllocationScorer="LeastAllocated" allocatableResource=[6000,7885156352] requestedResource=[800,1677721600] resourceScore=82
2026-06-27 00:46:10.570 I0626 15:44:15.335760       1 resource_allocation.go:76] "Listed internal info for allocatable resources, requested resources and score" pod="default/yolo-seg-1" node="gpuorin4-desktop" resourceAllocationScorer="NodeResourcesBalancedAllocation" allocatableResource=[6000,7885250560] requestedResource=[100,52428800] resourceScore=99
2026-06-27 00:46:10.573 I0626 15:44:15.335793       1 resource_allocation.go:76] "Listed internal info for allocatable resources, requested resources and score" pod="default/yolo-seg-1" node="gpuorin5-desktop" resourceAllocationScorer="NodeResourcesBalancedAllocation" allocatableResource=[6000,7885127680] requestedResource=[100,52428800] resourceScore=99
2026-06-27 00:46:10.575 I0626 15:44:15.335810       1 resource_allocation.go:76] "Listed internal info for allocatable resources, requested resources and score" pod="default/yolo-seg-1" node="gpu-orin3" resourceAllocationScorer="NodeResourcesBalancedAllocation" allocatableResource=[6000,7885156352] requestedResource=[100,52428800] resourceScore=99
2026-06-27 00:46:10.578 I0626 15:44:15.336074       1 schedule_one.go:745] "Plugin scored node for pod" pod="default/yolo-seg-1" plugin="TaintToleration" node="gpu-orin2" score=300
2026-06-27 00:46:10.580 I0626 15:44:15.336111       1 schedule_one.go:745] "Plugin scored node for pod" pod="default/yolo-seg-1" plugin="NodeAffinity" node="gpu-orin2" score=0
2026-06-27 00:46:10.582 I0626 15:44:15.336123       1 schedule_one.go:745] "Plugin scored node for pod" pod="default/yolo-seg-1" plugin="NodeResourcesFit" node="gpu-orin2" score=82
2026-06-27 00:46:10.585 I0626 15:44:15.336132       1 schedule_one.go:745] "Plugin scored node for pod" pod="default/yolo-seg-1" plugin="VolumeBinding" node="gpu-orin2" score=0
2026-06-27 00:46:10.587 I0626 15:44:15.336139       1 schedule_one.go:745] "Plugin scored node for pod" pod="default/yolo-seg-1" plugin="NodeResourcesBalancedAllocation" node="gpu-orin2" score=99
2026-06-27 00:46:10.590 I0626 15:44:15.336147       1 schedule_one.go:745] "Plugin scored node for pod" pod="default/yolo-seg-1" plugin="ImageLocality" node="gpu-orin2" score=0
2026-06-27 00:46:10.592 I0626 15:44:15.336155       1 schedule_one.go:745] "Plugin scored node for pod" pod="default/yolo-seg-1" plugin="TaintToleration" node="gpu-orin3" score=300
2026-06-27 00:46:10.595 I0626 15:44:15.336162       1 schedule_one.go:745] "Plugin scored node for pod" pod="default/yolo-seg-1" plugin="NodeAffinity" node="gpu-orin3" score=0
2026-06-27 00:46:10.597 I0626 15:44:15.336169       1 schedule_one.go:745] "Plugin scored node for pod" pod="default/yolo-seg-1" plugin="NodeResourcesFit" node="gpu-orin3" score=82
2026-06-27 00:46:10.600 I0626 15:44:15.336176       1 schedule_one.go:745] "Plugin scored node for pod" pod="default/yolo-seg-1" plugin="VolumeBinding" node="gpu-orin3" score=0
2026-06-27 00:46:10.602 I0626 15:44:15.336183       1 schedule_one.go:745] "Plugin scored node for pod" pod="default/yolo-seg-1" plugin="NodeResourcesBalancedAllocation" node="gpu-orin3" score=99
2026-06-27 00:46:10.605 I0626 15:44:15.336191       1 schedule_one.go:745] "Plugin scored node for pod" pod="default/yolo-seg-1" plugin="ImageLocality" node="gpu-orin3" score=0
2026-06-27 00:46:10.607 I0626 15:44:15.336199       1 schedule_one.go:745] "Plugin scored node for pod" pod="default/yolo-seg-1" plugin="TaintToleration" node="gpuorin4-desktop" score=300
2026-06-27 00:46:10.610 I0626 15:44:15.336207       1 schedule_one.go:745] "Plugin scored node for pod" pod="default/yolo-seg-1" plugin="NodeAffinity" node="gpuorin4-desktop" score=0
2026-06-27 00:46:10.612 I0626 15:44:15.336215       1 schedule_one.go:745] "Plugin scored node for pod" pod="default/yolo-seg-1" plugin="NodeResourcesFit" node="gpuorin4-desktop" score=80
2026-06-27 00:46:10.615 I0626 15:44:15.336223       1 schedule_one.go:745] "Plugin scored node for pod" pod="default/yolo-seg-1" plugin="VolumeBinding" node="gpuorin4-desktop" score=0
2026-06-27 00:46:10.617 I0626 15:44:15.336231       1 schedule_one.go:745] "Plugin scored node for pod" pod="default/yolo-seg-1" plugin="NodeResourcesBalancedAllocation" node="gpuorin4-desktop" score=99
2026-06-27 00:46:10.619 I0626 15:44:15.336238       1 schedule_one.go:745] "Plugin scored node for pod" pod="default/yolo-seg-1" plugin="ImageLocality" node="gpuorin4-desktop" score=0
2026-06-27 00:46:10.622 I0626 15:44:15.336246       1 schedule_one.go:745] "Plugin scored node for pod" pod="default/yolo-seg-1" plugin="TaintToleration" node="gpuorin5-desktop" score=300
2026-06-27 00:46:10.624 I0626 15:44:15.336254       1 schedule_one.go:745] "Plugin scored node for pod" pod="default/yolo-seg-1" plugin="NodeAffinity" node="gpuorin5-desktop" score=0
2026-06-27 00:46:10.626 I0626 15:44:15.336262       1 schedule_one.go:745] "Plugin scored node for pod" pod="default/yolo-seg-1" plugin="NodeResourcesFit" node="gpuorin5-desktop" score=82
2026-06-27 00:46:10.629 I0626 15:44:15.336270       1 schedule_one.go:745] "Plugin scored node for pod" pod="default/yolo-seg-1" plugin="VolumeBinding" node="gpuorin5-desktop" score=0
2026-06-27 00:46:10.631 I0626 15:44:15.336278       1 schedule_one.go:745] "Plugin scored node for pod" pod="default/yolo-seg-1" plugin="NodeResourcesBalancedAllocation" node="gpuorin5-desktop" score=99
2026-06-27 00:46:10.634 I0626 15:44:15.336285       1 schedule_one.go:745] "Plugin scored node for pod" pod="default/yolo-seg-1" plugin="ImageLocality" node="gpuorin5-desktop" score=0
2026-06-27 00:46:10.636 I0626 15:44:15.336297       1 schedule_one.go:812] "Calculated node's final score for pod" pod="default/yolo-seg-1" node="gpu-orin2" score=481
2026-06-27 00:46:10.638 I0626 15:44:15.336321       1 schedule_one.go:812] "Calculated node's final score for pod" pod="default/yolo-seg-1" node="gpu-orin3" score=481
2026-06-27 00:46:10.641 I0626 15:44:15.336337       1 schedule_one.go:812] "Calculated node's final score for pod" pod="default/yolo-seg-1" node="gpuorin4-desktop" score=479
2026-06-27 00:46:10.643 I0626 15:44:15.336346       1 schedule_one.go:812] "Calculated node's final score for pod" pod="default/yolo-seg-1" node="gpuorin5-desktop" score=481
2026-06-27 00:46:10.646 I0626 15:44:17.344936       1 resource_allocation.go:76] "Listed internal info for allocatable resources, requested resources and score" pod="default/yolo-obb-1" node="gpuorin4-desktop" resourceAllocationScorer="LeastAllocated" allocatableResource=[6000,7885250560] requestedResource=[900,1887436800] resourceScore=80
2026-06-27 00:46:10.649 I0626 15:44:17.344983       1 resource_allocation.go:76] "Listed internal info for allocatable resources, requested resources and score" pod="default/yolo-obb-1" node="gpuorin4-desktop" resourceAllocationScorer="NodeResourcesBalancedAllocation" allocatableResource=[6000,7885250560] requestedResource=[100,52428800] resourceScore=99
2026-06-27 00:46:10.651 I0626 15:44:17.345021       1 resource_allocation.go:76] "Listed internal info for allocatable resources, requested resources and score" pod="default/yolo-obb-1" node="gpuorin5-desktop" resourceAllocationScorer="LeastAllocated" allocatableResource=[6000,7885127680] requestedResource=[800,1677721600] resourceScore=82
2026-06-27 00:46:10.654 I0626 15:44:17.345051       1 resource_allocation.go:76] "Listed internal info for allocatable resources, requested resources and score" pod="default/yolo-obb-1" node="gpuorin5-desktop" resourceAllocationScorer="NodeResourcesBalancedAllocation" allocatableResource=[6000,7885127680] requestedResource=[100,52428800] resourceScore=99
2026-06-27 00:46:10.656 I0626 15:44:17.345067       1 resource_allocation.go:76] "Listed internal info for allocatable resources, requested resources and score" pod="default/yolo-obb-1" node="gpu-orin2" resourceAllocationScorer="LeastAllocated" allocatableResource=[6000,7885127680] requestedResource=[900,1887436800] resourceScore=80
2026-06-27 00:46:10.658 I0626 15:44:17.345073       1 resource_allocation.go:76] "Listed internal info for allocatable resources, requested resources and score" pod="default/yolo-obb-1" node="gpu-orin3" resourceAllocationScorer="LeastAllocated" allocatableResource=[6000,7885156352] requestedResource=[800,1677721600] resourceScore=82
2026-06-27 00:46:10.661 I0626 15:44:17.345118       1 resource_allocation.go:76] "Listed internal info for allocatable resources, requested resources and score" pod="default/yolo-obb-1" node="gpu-orin2" resourceAllocationScorer="NodeResourcesBalancedAllocation" allocatableResource=[6000,7885127680] requestedResource=[100,52428800] resourceScore=99
2026-06-27 00:46:10.663 I0626 15:44:17.345123       1 resource_allocation.go:76] "Listed internal info for allocatable resources, requested resources and score" pod="default/yolo-obb-1" node="gpu-orin3" resourceAllocationScorer="NodeResourcesBalancedAllocation" allocatableResource=[6000,7885156352] requestedResource=[100,52428800] resourceScore=99
2026-06-27 00:46:10.666 I0626 15:44:17.345327       1 schedule_one.go:745] "Plugin scored node for pod" pod="default/yolo-obb-1" plugin="TaintToleration" node="gpuorin4-desktop" score=300
2026-06-27 00:46:10.668 I0626 15:44:17.345354       1 schedule_one.go:745] "Plugin scored node for pod" pod="default/yolo-obb-1" plugin="NodeAffinity" node="gpuorin4-desktop" score=0
2026-06-27 00:46:10.671 I0626 15:44:17.345370       1 schedule_one.go:745] "Plugin scored node for pod" pod="default/yolo-obb-1" plugin="NodeResourcesFit" node="gpuorin4-desktop" score=80
2026-06-27 00:46:10.673 I0626 15:44:17.345379       1 schedule_one.go:745] "Plugin scored node for pod" pod="default/yolo-obb-1" plugin="VolumeBinding" node="gpuorin4-desktop" score=0
2026-06-27 00:46:10.676 I0626 15:44:17.345388       1 schedule_one.go:745] "Plugin scored node for pod" pod="default/yolo-obb-1" plugin="NodeResourcesBalancedAllocation" node="gpuorin4-desktop" score=99
2026-06-27 00:46:10.678 I0626 15:44:17.345396       1 schedule_one.go:745] "Plugin scored node for pod" pod="default/yolo-obb-1" plugin="ImageLocality" node="gpuorin4-desktop" score=0
2026-06-27 00:46:10.680 I0626 15:44:17.345404       1 schedule_one.go:745] "Plugin scored node for pod" pod="default/yolo-obb-1" plugin="TaintToleration" node="gpu-orin2" score=300
2026-06-27 00:46:10.683 I0626 15:44:17.345417       1 schedule_one.go:745] "Plugin scored node for pod" pod="default/yolo-obb-1" plugin="NodeAffinity" node="gpu-orin2" score=0
2026-06-27 00:46:10.685 I0626 15:44:17.345430       1 schedule_one.go:745] "Plugin scored node for pod" pod="default/yolo-obb-1" plugin="NodeResourcesFit" node="gpu-orin2" score=80
2026-06-27 00:46:10.688 I0626 15:44:17.345444       1 schedule_one.go:745] "Plugin scored node for pod" pod="default/yolo-obb-1" plugin="VolumeBinding" node="gpu-orin2" score=0
2026-06-27 00:46:10.691 I0626 15:44:17.345453       1 schedule_one.go:745] "Plugin scored node for pod" pod="default/yolo-obb-1" plugin="NodeResourcesBalancedAllocation" node="gpu-orin2" score=99
2026-06-27 00:46:10.694 I0626 15:44:17.345461       1 schedule_one.go:745] "Plugin scored node for pod" pod="default/yolo-obb-1" plugin="ImageLocality" node="gpu-orin2" score=0
2026-06-27 00:46:10.696 I0626 15:44:17.345469       1 schedule_one.go:745] "Plugin scored node for pod" pod="default/yolo-obb-1" plugin="TaintToleration" node="gpu-orin3" score=300
2026-06-27 00:46:10.698 I0626 15:44:17.345476       1 schedule_one.go:745] "Plugin scored node for pod" pod="default/yolo-obb-1" plugin="NodeAffinity" node="gpu-orin3" score=0
2026-06-27 00:46:10.701 I0626 15:44:17.345484       1 schedule_one.go:745] "Plugin scored node for pod" pod="default/yolo-obb-1" plugin="NodeResourcesFit" node="gpu-orin3" score=82
2026-06-27 00:46:10.704 I0626 15:44:17.345491       1 schedule_one.go:745] "Plugin scored node for pod" pod="default/yolo-obb-1" plugin="VolumeBinding" node="gpu-orin3" score=0
2026-06-27 00:46:10.706 I0626 15:44:17.345499       1 schedule_one.go:745] "Plugin scored node for pod" pod="default/yolo-obb-1" plugin="NodeResourcesBalancedAllocation" node="gpu-orin3" score=99
2026-06-27 00:46:10.709 I0626 15:44:17.345510       1 schedule_one.go:745] "Plugin scored node for pod" pod="default/yolo-obb-1" plugin="ImageLocality" node="gpu-orin3" score=0
2026-06-27 00:46:10.711 I0626 15:44:17.345521       1 schedule_one.go:745] "Plugin scored node for pod" pod="default/yolo-obb-1" plugin="TaintToleration" node="gpuorin5-desktop" score=300
2026-06-27 00:46:10.714 I0626 15:44:17.345530       1 schedule_one.go:745] "Plugin scored node for pod" pod="default/yolo-obb-1" plugin="NodeAffinity" node="gpuorin5-desktop" score=0
2026-06-27 00:46:10.716 I0626 15:44:17.345538       1 schedule_one.go:745] "Plugin scored node for pod" pod="default/yolo-obb-1" plugin="NodeResourcesFit" node="gpuorin5-desktop" score=82
2026-06-27 00:46:10.718 I0626 15:44:17.345549       1 schedule_one.go:745] "Plugin scored node for pod" pod="default/yolo-obb-1" plugin="VolumeBinding" node="gpuorin5-desktop" score=0
2026-06-27 00:46:10.721 I0626 15:44:17.345557       1 schedule_one.go:745] "Plugin scored node for pod" pod="default/yolo-obb-1" plugin="NodeResourcesBalancedAllocation" node="gpuorin5-desktop" score=99
2026-06-27 00:46:10.723 I0626 15:44:17.345565       1 schedule_one.go:745] "Plugin scored node for pod" pod="default/yolo-obb-1" plugin="ImageLocality" node="gpuorin5-desktop" score=0
2026-06-27 00:46:10.725 I0626 15:44:17.345577       1 schedule_one.go:812] "Calculated node's final score for pod" pod="default/yolo-obb-1" node="gpuorin4-desktop" score=479
2026-06-27 00:46:10.728 I0626 15:44:17.345588       1 schedule_one.go:812] "Calculated node's final score for pod" pod="default/yolo-obb-1" node="gpu-orin2" score=479
2026-06-27 00:46:10.730 I0626 15:44:17.345597       1 schedule_one.go:812] "Calculated node's final score for pod" pod="default/yolo-obb-1" node="gpu-orin3" score=481
2026-06-27 00:46:10.732 I0626 15:44:17.345613       1 schedule_one.go:812] "Calculated node's final score for pod" pod="default/yolo-obb-1" node="gpuorin5-desktop" score=481
2026-06-27 00:46:10.735 I0626 15:44:19.230573       1 resource_allocation.go:76] "Listed internal info for allocatable resources, requested resources and score" pod="default/yolo-pos-1" node="gpu-orin2" resourceAllocationScorer="LeastAllocated" allocatableResource=[6000,7885127680] requestedResource=[900,1887436800] resourceScore=80
2026-06-27 00:46:10.738 I0626 15:44:19.230610       1 resource_allocation.go:76] "Listed internal info for allocatable resources, requested resources and score" pod="default/yolo-pos-1" node="gpu-orin2" resourceAllocationScorer="NodeResourcesBalancedAllocation" allocatableResource=[6000,7885127680] requestedResource=[100,52428800] resourceScore=99
2026-06-27 00:46:10.740 I0626 15:44:19.230637       1 resource_allocation.go:76] "Listed internal info for allocatable resources, requested resources and score" pod="default/yolo-pos-1" node="gpuorin4-desktop" resourceAllocationScorer="LeastAllocated" allocatableResource=[6000,7885250560] requestedResource=[900,1887436800] resourceScore=80
2026-06-27 00:46:10.743 I0626 15:44:19.230660       1 resource_allocation.go:76] "Listed internal info for allocatable resources, requested resources and score" pod="default/yolo-pos-1" node="gpuorin4-desktop" resourceAllocationScorer="NodeResourcesBalancedAllocation" allocatableResource=[6000,7885250560] requestedResource=[100,52428800] resourceScore=99
2026-06-27 00:46:10.745 I0626 15:44:19.230683       1 resource_allocation.go:76] "Listed internal info for allocatable resources, requested resources and score" pod="default/yolo-pos-1" node="gpuorin5-desktop" resourceAllocationScorer="LeastAllocated" allocatableResource=[6000,7885127680] requestedResource=[800,1677721600] resourceScore=82
2026-06-27 00:46:10.748 I0626 15:44:19.230706       1 resource_allocation.go:76] "Listed internal info for allocatable resources, requested resources and score" pod="default/yolo-pos-1" node="gpuorin5-desktop" resourceAllocationScorer="NodeResourcesBalancedAllocation" allocatableResource=[6000,7885127680] requestedResource=[100,52428800] resourceScore=99
2026-06-27 00:46:10.750 I0626 15:44:19.230785       1 resource_allocation.go:76] "Listed internal info for allocatable resources, requested resources and score" pod="default/yolo-pos-1" node="gpu-orin3" resourceAllocationScorer="LeastAllocated" allocatableResource=[6000,7885156352] requestedResource=[900,1887436800] resourceScore=80
2026-06-27 00:46:10.752 I0626 15:44:19.230844       1 resource_allocation.go:76] "Listed internal info for allocatable resources, requested resources and score" pod="default/yolo-pos-1" node="gpu-orin3" resourceAllocationScorer="NodeResourcesBalancedAllocation" allocatableResource=[6000,7885156352] requestedResource=[100,52428800] resourceScore=99
2026-06-27 00:46:10.755 I0626 15:44:19.230971       1 schedule_one.go:745] "Plugin scored node for pod" pod="default/yolo-pos-1" plugin="TaintToleration" node="gpu-orin2" score=300
2026-06-27 00:46:10.757 I0626 15:44:19.230994       1 schedule_one.go:745] "Plugin scored node for pod" pod="default/yolo-pos-1" plugin="NodeAffinity" node="gpu-orin2" score=0
2026-06-27 00:46:10.760 I0626 15:44:19.231008       1 schedule_one.go:745] "Plugin scored node for pod" pod="default/yolo-pos-1" plugin="NodeResourcesFit" node="gpu-orin2" score=80
2026-06-27 00:46:10.762 I0626 15:44:19.231025       1 schedule_one.go:745] "Plugin scored node for pod" pod="default/yolo-pos-1" plugin="VolumeBinding" node="gpu-orin2" score=0
2026-06-27 00:46:10.764 I0626 15:44:19.231037       1 schedule_one.go:745] "Plugin scored node for pod" pod="default/yolo-pos-1" plugin="NodeResourcesBalancedAllocation" node="gpu-orin2" score=99
2026-06-27 00:46:10.767 I0626 15:44:19.231046       1 schedule_one.go:745] "Plugin scored node for pod" pod="default/yolo-pos-1" plugin="ImageLocality" node="gpu-orin2" score=0
2026-06-27 00:46:10.769 I0626 15:44:19.231054       1 schedule_one.go:745] "Plugin scored node for pod" pod="default/yolo-pos-1" plugin="TaintToleration" node="gpuorin4-desktop" score=300
2026-06-27 00:46:10.772 I0626 15:44:19.231065       1 schedule_one.go:745] "Plugin scored node for pod" pod="default/yolo-pos-1" plugin="NodeAffinity" node="gpuorin4-desktop" score=0
2026-06-27 00:46:10.774 I0626 15:44:19.231076       1 schedule_one.go:745] "Plugin scored node for pod" pod="default/yolo-pos-1" plugin="NodeResourcesFit" node="gpuorin4-desktop" score=80
2026-06-27 00:46:10.776 I0626 15:44:19.231089       1 schedule_one.go:745] "Plugin scored node for pod" pod="default/yolo-pos-1" plugin="VolumeBinding" node="gpuorin4-desktop" score=0
2026-06-27 00:46:10.779 I0626 15:44:19.231101       1 schedule_one.go:745] "Plugin scored node for pod" pod="default/yolo-pos-1" plugin="NodeResourcesBalancedAllocation" node="gpuorin4-desktop" score=99
2026-06-27 00:46:10.781 I0626 15:44:19.231108       1 schedule_one.go:745] "Plugin scored node for pod" pod="default/yolo-pos-1" plugin="ImageLocality" node="gpuorin4-desktop" score=0
2026-06-27 00:46:10.784 I0626 15:44:19.231119       1 schedule_one.go:745] "Plugin scored node for pod" pod="default/yolo-pos-1" plugin="TaintToleration" node="gpu-orin3" score=300
2026-06-27 00:46:10.786 I0626 15:44:19.231127       1 schedule_one.go:745] "Plugin scored node for pod" pod="default/yolo-pos-1" plugin="NodeAffinity" node="gpu-orin3" score=0
2026-06-27 00:46:10.789 I0626 15:44:19.231134       1 schedule_one.go:745] "Plugin scored node for pod" pod="default/yolo-pos-1" plugin="NodeResourcesFit" node="gpu-orin3" score=80
2026-06-27 00:46:10.791 I0626 15:44:19.231141       1 schedule_one.go:745] "Plugin scored node for pod" pod="default/yolo-pos-1" plugin="VolumeBinding" node="gpu-orin3" score=0
2026-06-27 00:46:10.794 I0626 15:44:19.231148       1 schedule_one.go:745] "Plugin scored node for pod" pod="default/yolo-pos-1" plugin="NodeResourcesBalancedAllocation" node="gpu-orin3" score=99
2026-06-27 00:46:10.797 I0626 15:44:19.231157       1 schedule_one.go:745] "Plugin scored node for pod" pod="default/yolo-pos-1" plugin="ImageLocality" node="gpu-orin3" score=0
2026-06-27 00:46:10.799 I0626 15:44:19.231175       1 schedule_one.go:745] "Plugin scored node for pod" pod="default/yolo-pos-1" plugin="TaintToleration" node="gpuorin5-desktop" score=300
2026-06-27 00:46:10.801 I0626 15:44:19.231188       1 schedule_one.go:745] "Plugin scored node for pod" pod="default/yolo-pos-1" plugin="NodeAffinity" node="gpuorin5-desktop" score=0
2026-06-27 00:46:10.804 I0626 15:44:19.231200       1 schedule_one.go:745] "Plugin scored node for pod" pod="default/yolo-pos-1" plugin="NodeResourcesFit" node="gpuorin5-desktop" score=82
2026-06-27 00:46:10.806 I0626 15:44:19.231214       1 schedule_one.go:745] "Plugin scored node for pod" pod="default/yolo-pos-1" plugin="VolumeBinding" node="gpuorin5-desktop" score=0
2026-06-27 00:46:10.808 I0626 15:44:19.231226       1 schedule_one.go:745] "Plugin scored node for pod" pod="default/yolo-pos-1" plugin="NodeResourcesBalancedAllocation" node="gpuorin5-desktop" score=99
2026-06-27 00:46:10.811 I0626 15:44:19.231240       1 schedule_one.go:745] "Plugin scored node for pod" pod="default/yolo-pos-1" plugin="ImageLocality" node="gpuorin5-desktop" score=0
2026-06-27 00:46:10.813 I0626 15:44:19.231416       1 schedule_one.go:812] "Calculated node's final score for pod" pod="default/yolo-pos-1" node="gpu-orin2" score=479
2026-06-27 00:46:10.816 I0626 15:44:19.231501       1 schedule_one.go:812] "Calculated node's final score for pod" pod="default/yolo-pos-1" node="gpuorin4-desktop" score=479
2026-06-27 00:46:10.818 I0626 15:44:19.231521       1 schedule_one.go:812] "Calculated node's final score for pod" pod="default/yolo-pos-1" node="gpu-orin3" score=479
2026-06-27 00:46:10.820 I0626 15:44:19.231534       1 schedule_one.go:812] "Calculated node's final score for pod" pod="default/yolo-pos-1" node="gpuorin5-desktop" score=481
2026-06-27 00:46:10.823 I0626 15:44:21.386346       1 resource_allocation.go:76] "Listed internal info for allocatable resources, requested resources and score" pod="default/yolo-cls-2" node="gpu-orin2" resourceAllocationScorer="LeastAllocated" allocatableResource=[6000,7885127680] requestedResource=[900,1887436800] resourceScore=80
2026-06-27 00:46:10.825 I0626 15:44:21.386375       1 resource_allocation.go:76] "Listed internal info for allocatable resources, requested resources and score" pod="default/yolo-cls-2" node="gpu-orin2" resourceAllocationScorer="NodeResourcesBalancedAllocation" allocatableResource=[6000,7885127680] requestedResource=[100,52428800] resourceScore=99
2026-06-27 00:46:10.828 I0626 15:44:21.386396       1 resource_allocation.go:76] "Listed internal info for allocatable resources, requested resources and score" pod="default/yolo-cls-2" node="gpu-orin3" resourceAllocationScorer="LeastAllocated" allocatableResource=[6000,7885156352] requestedResource=[900,1887436800] resourceScore=80
2026-06-27 00:46:10.831 I0626 15:44:21.386416       1 resource_allocation.go:76] "Listed internal info for allocatable resources, requested resources and score" pod="default/yolo-cls-2" node="gpu-orin3" resourceAllocationScorer="NodeResourcesBalancedAllocation" allocatableResource=[6000,7885156352] requestedResource=[100,52428800] resourceScore=99
2026-06-27 00:46:10.833 I0626 15:44:21.386439       1 resource_allocation.go:76] "Listed internal info for allocatable resources, requested resources and score" pod="default/yolo-cls-2" node="gpuorin5-desktop" resourceAllocationScorer="LeastAllocated" allocatableResource=[6000,7885127680] requestedResource=[900,1887436800] resourceScore=80
2026-06-27 00:46:10.836 I0626 15:44:21.386457       1 resource_allocation.go:76] "Listed internal info for allocatable resources, requested resources and score" pod="default/yolo-cls-2" node="gpuorin5-desktop" resourceAllocationScorer="NodeResourcesBalancedAllocation" allocatableResource=[6000,7885127680] requestedResource=[100,52428800] resourceScore=99
2026-06-27 00:46:10.838 I0626 15:44:21.386478       1 resource_allocation.go:76] "Listed internal info for allocatable resources, requested resources and score" pod="default/yolo-cls-2" node="gpuorin4-desktop" resourceAllocationScorer="LeastAllocated" allocatableResource=[6000,7885250560] requestedResource=[900,1887436800] resourceScore=80
2026-06-27 00:46:10.841 I0626 15:44:21.386496       1 resource_allocation.go:76] "Listed internal info for allocatable resources, requested resources and score" pod="default/yolo-cls-2" node="gpuorin4-desktop" resourceAllocationScorer="NodeResourcesBalancedAllocation" allocatableResource=[6000,7885250560] requestedResource=[100,52428800] resourceScore=99
2026-06-27 00:46:10.843 I0626 15:44:21.386555       1 schedule_one.go:745] "Plugin scored node for pod" pod="default/yolo-cls-2" plugin="TaintToleration" node="gpu-orin2" score=300
2026-06-27 00:46:10.846 I0626 15:44:21.386577       1 schedule_one.go:745] "Plugin scored node for pod" pod="default/yolo-cls-2" plugin="NodeAffinity" node="gpu-orin2" score=0
2026-06-27 00:46:10.848 I0626 15:44:21.386590       1 schedule_one.go:745] "Plugin scored node for pod" pod="default/yolo-cls-2" plugin="NodeResourcesFit" node="gpu-orin2" score=80
2026-06-27 00:46:10.851 I0626 15:44:21.386599       1 schedule_one.go:745] "Plugin scored node for pod" pod="default/yolo-cls-2" plugin="VolumeBinding" node="gpu-orin2" score=0
2026-06-27 00:46:10.853 I0626 15:44:21.386610       1 schedule_one.go:745] "Plugin scored node for pod" pod="default/yolo-cls-2" plugin="NodeResourcesBalancedAllocation" node="gpu-orin2" score=99
2026-06-27 00:46:10.856 I0626 15:44:21.386619       1 schedule_one.go:745] "Plugin scored node for pod" pod="default/yolo-cls-2" plugin="ImageLocality" node="gpu-orin2" score=0
2026-06-27 00:46:10.858 I0626 15:44:21.386629       1 schedule_one.go:745] "Plugin scored node for pod" pod="default/yolo-cls-2" plugin="TaintToleration" node="gpu-orin3" score=300
2026-06-27 00:46:10.861 I0626 15:44:21.386639       1 schedule_one.go:745] "Plugin scored node for pod" pod="default/yolo-cls-2" plugin="NodeAffinity" node="gpu-orin3" score=0
2026-06-27 00:46:10.863 I0626 15:44:21.386648       1 schedule_one.go:745] "Plugin scored node for pod" pod="default/yolo-cls-2" plugin="NodeResourcesFit" node="gpu-orin3" score=80
2026-06-27 00:46:10.866 I0626 15:44:21.386658       1 schedule_one.go:745] "Plugin scored node for pod" pod="default/yolo-cls-2" plugin="VolumeBinding" node="gpu-orin3" score=0
2026-06-27 00:46:10.868 I0626 15:44:21.386667       1 schedule_one.go:745] "Plugin scored node for pod" pod="default/yolo-cls-2" plugin="NodeResourcesBalancedAllocation" node="gpu-orin3" score=99
2026-06-27 00:46:10.870 I0626 15:44:21.386677       1 schedule_one.go:745] "Plugin scored node for pod" pod="default/yolo-cls-2" plugin="ImageLocality" node="gpu-orin3" score=0
2026-06-27 00:46:10.872 I0626 15:44:21.386687       1 schedule_one.go:745] "Plugin scored node for pod" pod="default/yolo-cls-2" plugin="TaintToleration" node="gpuorin5-desktop" score=300
2026-06-27 00:46:10.875 I0626 15:44:21.386697       1 schedule_one.go:745] "Plugin scored node for pod" pod="default/yolo-cls-2" plugin="NodeAffinity" node="gpuorin5-desktop" score=0
2026-06-27 00:46:10.877 I0626 15:44:21.386706       1 schedule_one.go:745] "Plugin scored node for pod" pod="default/yolo-cls-2" plugin="NodeResourcesFit" node="gpuorin5-desktop" score=80
2026-06-27 00:46:10.880 I0626 15:44:21.386715       1 schedule_one.go:745] "Plugin scored node for pod" pod="default/yolo-cls-2" plugin="VolumeBinding" node="gpuorin5-desktop" score=0
2026-06-27 00:46:10.882 I0626 15:44:21.386724       1 schedule_one.go:745] "Plugin scored node for pod" pod="default/yolo-cls-2" plugin="NodeResourcesBalancedAllocation" node="gpuorin5-desktop" score=99
2026-06-27 00:46:10.885 I0626 15:44:21.386734       1 schedule_one.go:745] "Plugin scored node for pod" pod="default/yolo-cls-2" plugin="ImageLocality" node="gpuorin5-desktop" score=0
2026-06-27 00:46:10.887 I0626 15:44:21.386743       1 schedule_one.go:745] "Plugin scored node for pod" pod="default/yolo-cls-2" plugin="TaintToleration" node="gpuorin4-desktop" score=300
2026-06-27 00:46:10.890 I0626 15:44:21.386754       1 schedule_one.go:745] "Plugin scored node for pod" pod="default/yolo-cls-2" plugin="NodeAffinity" node="gpuorin4-desktop" score=0
2026-06-27 00:46:10.892 I0626 15:44:21.386781       1 schedule_one.go:745] "Plugin scored node for pod" pod="default/yolo-cls-2" plugin="NodeResourcesFit" node="gpuorin4-desktop" score=80
2026-06-27 00:46:10.895 I0626 15:44:21.386793       1 schedule_one.go:745] "Plugin scored node for pod" pod="default/yolo-cls-2" plugin="VolumeBinding" node="gpuorin4-desktop" score=0
2026-06-27 00:46:10.897 I0626 15:44:21.386802       1 schedule_one.go:745] "Plugin scored node for pod" pod="default/yolo-cls-2" plugin="NodeResourcesBalancedAllocation" node="gpuorin4-desktop" score=99
2026-06-27 00:46:10.899 I0626 15:44:21.386811       1 schedule_one.go:745] "Plugin scored node for pod" pod="default/yolo-cls-2" plugin="ImageLocality" node="gpuorin4-desktop" score=0
2026-06-27 00:46:10.902 I0626 15:44:21.386824       1 schedule_one.go:812] "Calculated node's final score for pod" pod="default/yolo-cls-2" node="gpu-orin2" score=479
2026-06-27 00:46:10.904 I0626 15:44:21.386835       1 schedule_one.go:812] "Calculated node's final score for pod" pod="default/yolo-cls-2" node="gpu-orin3" score=479
2026-06-27 00:46:10.907 I0626 15:44:21.386849       1 schedule_one.go:812] "Calculated node's final score for pod" pod="default/yolo-cls-2" node="gpuorin5-desktop" score=479
2026-06-27 00:46:10.909 I0626 15:44:21.386860       1 schedule_one.go:812] "Calculated node's final score for pod" pod="default/yolo-cls-2" node="gpuorin4-desktop" score=479
2026-06-27 00:46:10.911 I0626 15:44:23.296850       1 resource_allocation.go:76] "Listed internal info for allocatable resources, requested resources and score" pod="default/yolo-det-2" node="gpu-orin3" resourceAllocationScorer="LeastAllocated" allocatableResource=[6000,7885156352] requestedResource=[900,1887436800] resourceScore=80
2026-06-27 00:46:10.914 I0626 15:44:23.296865       1 resource_allocation.go:76] "Listed internal info for allocatable resources, requested resources and score" pod="default/yolo-det-2" node="gpuorin4-desktop" resourceAllocationScorer="LeastAllocated" allocatableResource=[6000,7885250560] requestedResource=[1000,2097152000] resourceScore=78
2026-06-27 00:46:10.917 I0626 15:44:23.296878       1 resource_allocation.go:76] "Listed internal info for allocatable resources, requested resources and score" pod="default/yolo-det-2" node="gpu-orin3" resourceAllocationScorer="NodeResourcesBalancedAllocation" allocatableResource=[6000,7885156352] requestedResource=[100,52428800] resourceScore=99
2026-06-27 00:46:10.919 I0626 15:44:23.296886       1 resource_allocation.go:76] "Listed internal info for allocatable resources, requested resources and score" pod="default/yolo-det-2" node="gpuorin5-desktop" resourceAllocationScorer="LeastAllocated" allocatableResource=[6000,7885127680] requestedResource=[900,1887436800] resourceScore=80
2026-06-27 00:46:10.922 I0626 15:44:23.296898       1 resource_allocation.go:76] "Listed internal info for allocatable resources, requested resources and score" pod="default/yolo-det-2" node="gpuorin4-desktop" resourceAllocationScorer="NodeResourcesBalancedAllocation" allocatableResource=[6000,7885250560] requestedResource=[100,52428800] resourceScore=99
2026-06-27 00:46:10.924 I0626 15:44:23.296907       1 resource_allocation.go:76] "Listed internal info for allocatable resources, requested resources and score" pod="default/yolo-det-2" node="gpu-orin2" resourceAllocationScorer="LeastAllocated" allocatableResource=[6000,7885127680] requestedResource=[900,1887436800] resourceScore=80
2026-06-27 00:46:10.927 I0626 15:44:23.296924       1 resource_allocation.go:76] "Listed internal info for allocatable resources, requested resources and score" pod="default/yolo-det-2" node="gpuorin5-desktop" resourceAllocationScorer="NodeResourcesBalancedAllocation" allocatableResource=[6000,7885127680] requestedResource=[100,52428800] resourceScore=99
2026-06-27 00:46:10.930 I0626 15:44:23.296937       1 resource_allocation.go:76] "Listed internal info for allocatable resources, requested resources and score" pod="default/yolo-det-2" node="gpu-orin2" resourceAllocationScorer="NodeResourcesBalancedAllocation" allocatableResource=[6000,7885127680] requestedResource=[100,52428800] resourceScore=99
2026-06-27 00:46:10.932 I0626 15:44:23.297030       1 schedule_one.go:745] "Plugin scored node for pod" pod="default/yolo-det-2" plugin="TaintToleration" node="gpu-orin3" score=300
2026-06-27 00:46:10.935 I0626 15:44:23.297046       1 schedule_one.go:745] "Plugin scored node for pod" pod="default/yolo-det-2" plugin="NodeAffinity" node="gpu-orin3" score=0
2026-06-27 00:46:10.938 I0626 15:44:23.297052       1 schedule_one.go:745] "Plugin scored node for pod" pod="default/yolo-det-2" plugin="NodeResourcesFit" node="gpu-orin3" score=80
2026-06-27 00:46:10.940 I0626 15:44:23.297057       1 schedule_one.go:745] "Plugin scored node for pod" pod="default/yolo-det-2" plugin="VolumeBinding" node="gpu-orin3" score=0
2026-06-27 00:46:10.943 I0626 15:44:23.297062       1 schedule_one.go:745] "Plugin scored node for pod" pod="default/yolo-det-2" plugin="NodeResourcesBalancedAllocation" node="gpu-orin3" score=99
2026-06-27 00:46:10.945 I0626 15:44:23.297068       1 schedule_one.go:745] "Plugin scored node for pod" pod="default/yolo-det-2" plugin="ImageLocality" node="gpu-orin3" score=0
2026-06-27 00:46:10.947 I0626 15:44:23.297075       1 schedule_one.go:745] "Plugin scored node for pod" pod="default/yolo-det-2" plugin="TaintToleration" node="gpuorin4-desktop" score=300
2026-06-27 00:46:10.950 I0626 15:44:23.297083       1 schedule_one.go:745] "Plugin scored node for pod" pod="default/yolo-det-2" plugin="NodeAffinity" node="gpuorin4-desktop" score=0
2026-06-27 00:46:10.952 I0626 15:44:23.297095       1 schedule_one.go:745] "Plugin scored node for pod" pod="default/yolo-det-2" plugin="NodeResourcesFit" node="gpuorin4-desktop" score=78
2026-06-27 00:46:10.954 I0626 15:44:23.297101       1 schedule_one.go:745] "Plugin scored node for pod" pod="default/yolo-det-2" plugin="VolumeBinding" node="gpuorin4-desktop" score=0
2026-06-27 00:46:10.957 I0626 15:44:23.297106       1 schedule_one.go:745] "Plugin scored node for pod" pod="default/yolo-det-2" plugin="NodeResourcesBalancedAllocation" node="gpuorin4-desktop" score=99
2026-06-27 00:46:10.959 I0626 15:44:23.297115       1 schedule_one.go:745] "Plugin scored node for pod" pod="default/yolo-det-2" plugin="ImageLocality" node="gpuorin4-desktop" score=0
2026-06-27 00:46:10.962 I0626 15:44:23.297123       1 schedule_one.go:745] "Plugin scored node for pod" pod="default/yolo-det-2" plugin="TaintToleration" node="gpuorin5-desktop" score=300
2026-06-27 00:46:10.965 I0626 15:44:23.297129       1 schedule_one.go:745] "Plugin scored node for pod" pod="default/yolo-det-2" plugin="NodeAffinity" node="gpuorin5-desktop" score=0
2026-06-27 00:46:10.967 I0626 15:44:23.297136       1 schedule_one.go:745] "Plugin scored node for pod" pod="default/yolo-det-2" plugin="NodeResourcesFit" node="gpuorin5-desktop" score=80
2026-06-27 00:46:10.970 I0626 15:44:23.297145       1 schedule_one.go:745] "Plugin scored node for pod" pod="default/yolo-det-2" plugin="VolumeBinding" node="gpuorin5-desktop" score=0
2026-06-27 00:46:10.972 I0626 15:44:23.297150       1 schedule_one.go:745] "Plugin scored node for pod" pod="default/yolo-det-2" plugin="NodeResourcesBalancedAllocation" node="gpuorin5-desktop" score=99
2026-06-27 00:46:10.975 I0626 15:44:23.297155       1 schedule_one.go:745] "Plugin scored node for pod" pod="default/yolo-det-2" plugin="ImageLocality" node="gpuorin5-desktop" score=0
2026-06-27 00:46:10.977 I0626 15:44:23.297160       1 schedule_one.go:745] "Plugin scored node for pod" pod="default/yolo-det-2" plugin="TaintToleration" node="gpu-orin2" score=300
2026-06-27 00:46:10.980 I0626 15:44:23.297165       1 schedule_one.go:745] "Plugin scored node for pod" pod="default/yolo-det-2" plugin="NodeAffinity" node="gpu-orin2" score=0
2026-06-27 00:46:10.982 I0626 15:44:23.297170       1 schedule_one.go:745] "Plugin scored node for pod" pod="default/yolo-det-2" plugin="NodeResourcesFit" node="gpu-orin2" score=80
2026-06-27 00:46:10.985 I0626 15:44:23.297175       1 schedule_one.go:745] "Plugin scored node for pod" pod="default/yolo-det-2" plugin="VolumeBinding" node="gpu-orin2" score=0
2026-06-27 00:46:10.987 I0626 15:44:23.297181       1 schedule_one.go:745] "Plugin scored node for pod" pod="default/yolo-det-2" plugin="NodeResourcesBalancedAllocation" node="gpu-orin2" score=99
2026-06-27 00:46:10.990 I0626 15:44:23.297191       1 schedule_one.go:745] "Plugin scored node for pod" pod="default/yolo-det-2" plugin="ImageLocality" node="gpu-orin2" score=0
2026-06-27 00:46:10.992 I0626 15:44:23.297199       1 schedule_one.go:812] "Calculated node's final score for pod" pod="default/yolo-det-2" node="gpu-orin3" score=479
2026-06-27 00:46:10.995 I0626 15:44:23.297204       1 schedule_one.go:812] "Calculated node's final score for pod" pod="default/yolo-det-2" node="gpuorin4-desktop" score=477
2026-06-27 00:46:10.997 I0626 15:44:23.297212       1 schedule_one.go:812] "Calculated node's final score for pod" pod="default/yolo-det-2" node="gpuorin5-desktop" score=479
2026-06-27 00:46:11.000 I0626 15:44:23.297221       1 schedule_one.go:812] "Calculated node's final score for pod" pod="default/yolo-det-2" node="gpu-orin2" score=479
2026-06-27 00:46:11.002 I0626 15:44:25.268384       1 resource_allocation.go:76] "Listed internal info for allocatable resources, requested resources and score" pod="default/yolo-seg-2" node="gpu-orin3" resourceAllocationScorer="LeastAllocated" allocatableResource=[6000,7885156352] requestedResource=[900,1887436800] resourceScore=80
2026-06-27 00:46:11.005 I0626 15:44:25.268404       1 resource_allocation.go:76] "Listed internal info for allocatable resources, requested resources and score" pod="default/yolo-seg-2" node="gpu-orin2" resourceAllocationScorer="LeastAllocated" allocatableResource=[6000,7885127680] requestedResource=[900,1887436800] resourceScore=80
2026-06-27 00:46:11.007 I0626 15:44:25.268412       1 resource_allocation.go:76] "Listed internal info for allocatable resources, requested resources and score" pod="default/yolo-seg-2" node="gpu-orin3" resourceAllocationScorer="NodeResourcesBalancedAllocation" allocatableResource=[6000,7885156352] requestedResource=[100,52428800] resourceScore=99
2026-06-27 00:46:11.010 I0626 15:44:25.268432       1 resource_allocation.go:76] "Listed internal info for allocatable resources, requested resources and score" pod="default/yolo-seg-2" node="gpu-orin2" resourceAllocationScorer="NodeResourcesBalancedAllocation" allocatableResource=[6000,7885127680] requestedResource=[100,52428800] resourceScore=99
2026-06-27 00:46:11.013 I0626 15:44:25.268452       1 resource_allocation.go:76] "Listed internal info for allocatable resources, requested resources and score" pod="default/yolo-seg-2" node="gpuorin5-desktop" resourceAllocationScorer="LeastAllocated" allocatableResource=[6000,7885127680] requestedResource=[1000,2097152000] resourceScore=78
2026-06-27 00:46:11.016 I0626 15:44:25.268480       1 resource_allocation.go:76] "Listed internal info for allocatable resources, requested resources and score" pod="default/yolo-seg-2" node="gpuorin4-desktop" resourceAllocationScorer="LeastAllocated" allocatableResource=[6000,7885250560] requestedResource=[1000,2097152000] resourceScore=78
2026-06-27 00:46:11.018 I0626 15:44:25.268494       1 resource_allocation.go:76] "Listed internal info for allocatable resources, requested resources and score" pod="default/yolo-seg-2" node="gpuorin5-desktop" resourceAllocationScorer="NodeResourcesBalancedAllocation" allocatableResource=[6000,7885127680] requestedResource=[100,52428800] resourceScore=99
2026-06-27 00:46:11.021 I0626 15:44:25.268519       1 resource_allocation.go:76] "Listed internal info for allocatable resources, requested resources and score" pod="default/yolo-seg-2" node="gpuorin4-desktop" resourceAllocationScorer="NodeResourcesBalancedAllocation" allocatableResource=[6000,7885250560] requestedResource=[100,52428800] resourceScore=99
2026-06-27 00:46:11.024 I0626 15:44:25.268660       1 schedule_one.go:745] "Plugin scored node for pod" pod="default/yolo-seg-2" plugin="TaintToleration" node="gpu-orin3" score=300
2026-06-27 00:46:11.026 I0626 15:44:25.268682       1 schedule_one.go:745] "Plugin scored node for pod" pod="default/yolo-seg-2" plugin="NodeAffinity" node="gpu-orin3" score=0
2026-06-27 00:46:11.029 I0626 15:44:25.268694       1 schedule_one.go:745] "Plugin scored node for pod" pod="default/yolo-seg-2" plugin="NodeResourcesFit" node="gpu-orin3" score=80
2026-06-27 00:46:11.031 I0626 15:44:25.268703       1 schedule_one.go:745] "Plugin scored node for pod" pod="default/yolo-seg-2" plugin="VolumeBinding" node="gpu-orin3" score=0
2026-06-27 00:46:11.034 I0626 15:44:25.268712       1 schedule_one.go:745] "Plugin scored node for pod" pod="default/yolo-seg-2" plugin="NodeResourcesBalancedAllocation" node="gpu-orin3" score=99
2026-06-27 00:46:11.036 I0626 15:44:25.268720       1 schedule_one.go:745] "Plugin scored node for pod" pod="default/yolo-seg-2" plugin="ImageLocality" node="gpu-orin3" score=0
2026-06-27 00:46:11.039 I0626 15:44:25.268729       1 schedule_one.go:745] "Plugin scored node for pod" pod="default/yolo-seg-2" plugin="TaintToleration" node="gpu-orin2" score=300
2026-06-27 00:46:11.041 I0626 15:44:25.268737       1 schedule_one.go:745] "Plugin scored node for pod" pod="default/yolo-seg-2" plugin="NodeAffinity" node="gpu-orin2" score=0
2026-06-27 00:46:11.044 I0626 15:44:25.268745       1 schedule_one.go:745] "Plugin scored node for pod" pod="default/yolo-seg-2" plugin="NodeResourcesFit" node="gpu-orin2" score=80
2026-06-27 00:46:11.047 I0626 15:44:25.268759       1 schedule_one.go:745] "Plugin scored node for pod" pod="default/yolo-seg-2" plugin="VolumeBinding" node="gpu-orin2" score=0
2026-06-27 00:46:11.049 I0626 15:44:25.268795       1 schedule_one.go:745] "Plugin scored node for pod" pod="default/yolo-seg-2" plugin="NodeResourcesBalancedAllocation" node="gpu-orin2" score=99
2026-06-27 00:46:11.052 I0626 15:44:25.268815       1 schedule_one.go:745] "Plugin scored node for pod" pod="default/yolo-seg-2" plugin="ImageLocality" node="gpu-orin2" score=0
2026-06-27 00:46:11.054 I0626 15:44:25.268824       1 schedule_one.go:745] "Plugin scored node for pod" pod="default/yolo-seg-2" plugin="TaintToleration" node="gpuorin5-desktop" score=300
2026-06-27 00:46:11.057 I0626 15:44:25.268835       1 schedule_one.go:745] "Plugin scored node for pod" pod="default/yolo-seg-2" plugin="NodeAffinity" node="gpuorin5-desktop" score=0
2026-06-27 00:46:11.060 I0626 15:44:25.268843       1 schedule_one.go:745] "Plugin scored node for pod" pod="default/yolo-seg-2" plugin="NodeResourcesFit" node="gpuorin5-desktop" score=78
2026-06-27 00:46:11.063 I0626 15:44:25.268851       1 schedule_one.go:745] "Plugin scored node for pod" pod="default/yolo-seg-2" plugin="VolumeBinding" node="gpuorin5-desktop" score=0
2026-06-27 00:46:11.065 I0626 15:44:25.268860       1 schedule_one.go:745] "Plugin scored node for pod" pod="default/yolo-seg-2" plugin="NodeResourcesBalancedAllocation" node="gpuorin5-desktop" score=99
2026-06-27 00:46:11.067 I0626 15:44:25.268871       1 schedule_one.go:745] "Plugin scored node for pod" pod="default/yolo-seg-2" plugin="ImageLocality" node="gpuorin5-desktop" score=0
2026-06-27 00:46:11.070 I0626 15:44:25.268880       1 schedule_one.go:745] "Plugin scored node for pod" pod="default/yolo-seg-2" plugin="TaintToleration" node="gpuorin4-desktop" score=300
2026-06-27 00:46:11.073 I0626 15:44:25.268888       1 schedule_one.go:745] "Plugin scored node for pod" pod="default/yolo-seg-2" plugin="NodeAffinity" node="gpuorin4-desktop" score=0
2026-06-27 00:46:11.075 I0626 15:44:25.268901       1 schedule_one.go:745] "Plugin scored node for pod" pod="default/yolo-seg-2" plugin="NodeResourcesFit" node="gpuorin4-desktop" score=78
2026-06-27 00:46:11.078 I0626 15:44:25.268911       1 schedule_one.go:745] "Plugin scored node for pod" pod="default/yolo-seg-2" plugin="VolumeBinding" node="gpuorin4-desktop" score=0
2026-06-27 00:46:11.080 I0626 15:44:25.268919       1 schedule_one.go:745] "Plugin scored node for pod" pod="default/yolo-seg-2" plugin="NodeResourcesBalancedAllocation" node="gpuorin4-desktop" score=99
2026-06-27 00:46:11.083 I0626 15:44:25.268930       1 schedule_one.go:745] "Plugin scored node for pod" pod="default/yolo-seg-2" plugin="ImageLocality" node="gpuorin4-desktop" score=0
2026-06-27 00:46:11.086 I0626 15:44:25.268942       1 schedule_one.go:812] "Calculated node's final score for pod" pod="default/yolo-seg-2" node="gpu-orin3" score=479
2026-06-27 00:46:11.088 I0626 15:44:25.268957       1 schedule_one.go:812] "Calculated node's final score for pod" pod="default/yolo-seg-2" node="gpu-orin2" score=479
2026-06-27 00:46:11.091 I0626 15:44:25.268969       1 schedule_one.go:812] "Calculated node's final score for pod" pod="default/yolo-seg-2" node="gpuorin5-desktop" score=477
2026-06-27 00:46:11.093 I0626 15:44:25.268980       1 schedule_one.go:812] "Calculated node's final score for pod" pod="default/yolo-seg-2" node="gpuorin4-desktop" score=477
2026-06-27 00:46:11.096 I0626 15:44:27.198573       1 resource_allocation.go:76] "Listed internal info for allocatable resources, requested resources and score" pod="default/yolo-obb-2" node="gpuorin5-desktop" resourceAllocationScorer="LeastAllocated" allocatableResource=[6000,7885127680] requestedResource=[1000,2097152000] resourceScore=78
2026-06-27 00:46:11.099 I0626 15:44:27.198619       1 resource_allocation.go:76] "Listed internal info for allocatable resources, requested resources and score" pod="default/yolo-obb-2" node="gpuorin5-desktop" resourceAllocationScorer="NodeResourcesBalancedAllocation" allocatableResource=[6000,7885127680] requestedResource=[100,52428800] resourceScore=99
2026-06-27 00:46:11.101 I0626 15:44:27.198648       1 resource_allocation.go:76] "Listed internal info for allocatable resources, requested resources and score" pod="default/yolo-obb-2" node="gpu-orin2" resourceAllocationScorer="LeastAllocated" allocatableResource=[6000,7885127680] requestedResource=[900,1887436800] resourceScore=80
2026-06-27 00:46:11.104 I0626 15:44:27.198669       1 resource_allocation.go:76] "Listed internal info for allocatable resources, requested resources and score" pod="default/yolo-obb-2" node="gpu-orin2" resourceAllocationScorer="NodeResourcesBalancedAllocation" allocatableResource=[6000,7885127680] requestedResource=[100,52428800] resourceScore=99
2026-06-27 00:46:11.106 I0626 15:44:27.198743       1 resource_allocation.go:76] "Listed internal info for allocatable resources, requested resources and score" pod="default/yolo-obb-2" node="gpu-orin3" resourceAllocationScorer="LeastAllocated" allocatableResource=[6000,7885156352] requestedResource=[1000,2097152000] resourceScore=78
2026-06-27 00:46:11.109 I0626 15:44:27.198786       1 resource_allocation.go:76] "Listed internal info for allocatable resources, requested resources and score" pod="default/yolo-obb-2" node="gpuorin4-desktop" resourceAllocationScorer="LeastAllocated" allocatableResource=[6000,7885250560] requestedResource=[1000,2097152000] resourceScore=78
2026-06-27 00:46:11.112 I0626 15:44:27.198805       1 resource_allocation.go:76] "Listed internal info for allocatable resources, requested resources and score" pod="default/yolo-obb-2" node="gpu-orin3" resourceAllocationScorer="NodeResourcesBalancedAllocation" allocatableResource=[6000,7885156352] requestedResource=[100,52428800] resourceScore=99
2026-06-27 00:46:11.115 I0626 15:44:27.198846       1 resource_allocation.go:76] "Listed internal info for allocatable resources, requested resources and score" pod="default/yolo-obb-2" node="gpuorin4-desktop" resourceAllocationScorer="NodeResourcesBalancedAllocation" allocatableResource=[6000,7885250560] requestedResource=[100,52428800] resourceScore=99
2026-06-27 00:46:11.118 I0626 15:44:27.198948       1 schedule_one.go:745] "Plugin scored node for pod" pod="default/yolo-obb-2" plugin="TaintToleration" node="gpuorin5-desktop" score=300
2026-06-27 00:46:11.121 I0626 15:44:27.198963       1 schedule_one.go:745] "Plugin scored node for pod" pod="default/yolo-obb-2" plugin="NodeAffinity" node="gpuorin5-desktop" score=0
2026-06-27 00:46:11.123 I0626 15:44:27.198979       1 schedule_one.go:745] "Plugin scored node for pod" pod="default/yolo-obb-2" plugin="NodeResourcesFit" node="gpuorin5-desktop" score=78
2026-06-27 00:46:11.126 I0626 15:44:27.198987       1 schedule_one.go:745] "Plugin scored node for pod" pod="default/yolo-obb-2" plugin="VolumeBinding" node="gpuorin5-desktop" score=0
2026-06-27 00:46:11.129 I0626 15:44:27.199000       1 schedule_one.go:745] "Plugin scored node for pod" pod="default/yolo-obb-2" plugin="NodeResourcesBalancedAllocation" node="gpuorin5-desktop" score=99
2026-06-27 00:46:11.131 I0626 15:44:27.199014       1 schedule_one.go:745] "Plugin scored node for pod" pod="default/yolo-obb-2" plugin="ImageLocality" node="gpuorin5-desktop" score=0
2026-06-27 00:46:11.134 I0626 15:44:27.199030       1 schedule_one.go:745] "Plugin scored node for pod" pod="default/yolo-obb-2" plugin="TaintToleration" node="gpuorin4-desktop" score=300
2026-06-27 00:46:11.136 I0626 15:44:27.199037       1 schedule_one.go:745] "Plugin scored node for pod" pod="default/yolo-obb-2" plugin="NodeAffinity" node="gpuorin4-desktop" score=0
2026-06-27 00:46:11.139 I0626 15:44:27.199052       1 schedule_one.go:745] "Plugin scored node for pod" pod="default/yolo-obb-2" plugin="NodeResourcesFit" node="gpuorin4-desktop" score=78
2026-06-27 00:46:11.142 I0626 15:44:27.199060       1 schedule_one.go:745] "Plugin scored node for pod" pod="default/yolo-obb-2" plugin="VolumeBinding" node="gpuorin4-desktop" score=0
2026-06-27 00:46:11.144 I0626 15:44:27.199069       1 schedule_one.go:745] "Plugin scored node for pod" pod="default/yolo-obb-2" plugin="NodeResourcesBalancedAllocation" node="gpuorin4-desktop" score=99
2026-06-27 00:46:11.147 I0626 15:44:27.199076       1 schedule_one.go:745] "Plugin scored node for pod" pod="default/yolo-obb-2" plugin="ImageLocality" node="gpuorin4-desktop" score=0
2026-06-27 00:46:11.150 I0626 15:44:27.199088       1 schedule_one.go:745] "Plugin scored node for pod" pod="default/yolo-obb-2" plugin="TaintToleration" node="gpu-orin2" score=300
2026-06-27 00:46:11.152 I0626 15:44:27.199103       1 schedule_one.go:745] "Plugin scored node for pod" pod="default/yolo-obb-2" plugin="NodeAffinity" node="gpu-orin2" score=0
2026-06-27 00:46:11.155 I0626 15:44:27.199110       1 schedule_one.go:745] "Plugin scored node for pod" pod="default/yolo-obb-2" plugin="NodeResourcesFit" node="gpu-orin2" score=80
2026-06-27 00:46:11.157 I0626 15:44:27.199118       1 schedule_one.go:745] "Plugin scored node for pod" pod="default/yolo-obb-2" plugin="VolumeBinding" node="gpu-orin2" score=0
2026-06-27 00:46:11.160 I0626 15:44:27.199125       1 schedule_one.go:745] "Plugin scored node for pod" pod="default/yolo-obb-2" plugin="NodeResourcesBalancedAllocation" node="gpu-orin2" score=99
2026-06-27 00:46:11.163 I0626 15:44:27.199133       1 schedule_one.go:745] "Plugin scored node for pod" pod="default/yolo-obb-2" plugin="ImageLocality" node="gpu-orin2" score=0
2026-06-27 00:46:11.165 I0626 15:44:27.199140       1 schedule_one.go:745] "Plugin scored node for pod" pod="default/yolo-obb-2" plugin="TaintToleration" node="gpu-orin3" score=300
2026-06-27 00:46:11.168 I0626 15:44:27.199148       1 schedule_one.go:745] "Plugin scored node for pod" pod="default/yolo-obb-2" plugin="NodeAffinity" node="gpu-orin3" score=0
2026-06-27 00:46:11.170 I0626 15:44:27.199156       1 schedule_one.go:745] "Plugin scored node for pod" pod="default/yolo-obb-2" plugin="NodeResourcesFit" node="gpu-orin3" score=78
2026-06-27 00:46:11.173 I0626 15:44:27.199168       1 schedule_one.go:745] "Plugin scored node for pod" pod="default/yolo-obb-2" plugin="VolumeBinding" node="gpu-orin3" score=0
2026-06-27 00:46:11.176 I0626 15:44:27.199184       1 schedule_one.go:745] "Plugin scored node for pod" pod="default/yolo-obb-2" plugin="NodeResourcesBalancedAllocation" node="gpu-orin3" score=99
2026-06-27 00:46:11.178 I0626 15:44:27.199197       1 schedule_one.go:745] "Plugin scored node for pod" pod="default/yolo-obb-2" plugin="ImageLocality" node="gpu-orin3" score=0
2026-06-27 00:46:11.181 I0626 15:44:27.199209       1 schedule_one.go:812] "Calculated node's final score for pod" pod="default/yolo-obb-2" node="gpuorin5-desktop" score=477
2026-06-27 00:46:11.183 I0626 15:44:27.199220       1 schedule_one.go:812] "Calculated node's final score for pod" pod="default/yolo-obb-2" node="gpuorin4-desktop" score=477
2026-06-27 00:46:11.186 I0626 15:44:27.199230       1 schedule_one.go:812] "Calculated node's final score for pod" pod="default/yolo-obb-2" node="gpu-orin2" score=479
2026-06-27 00:46:11.188 I0626 15:44:27.199239       1 schedule_one.go:812] "Calculated node's final score for pod" pod="default/yolo-obb-2" node="gpu-orin3" score=477
2026-06-27 00:46:11.191 I0626 15:44:29.113547       1 resource_allocation.go:76] "Listed internal info for allocatable resources, requested resources and score" pod="default/yolo-pos-2" node="gpu-orin2" resourceAllocationScorer="LeastAllocated" allocatableResource=[6000,7885127680] requestedResource=[1000,2097152000] resourceScore=78
2026-06-27 00:46:11.194 I0626 15:44:29.113572       1 resource_allocation.go:76] "Listed internal info for allocatable resources, requested resources and score" pod="default/yolo-pos-2" node="gpu-orin2" resourceAllocationScorer="NodeResourcesBalancedAllocation" allocatableResource=[6000,7885127680] requestedResource=[100,52428800] resourceScore=99
2026-06-27 00:46:11.197 I0626 15:44:29.113581       1 resource_allocation.go:76] "Listed internal info for allocatable resources, requested resources and score" pod="default/yolo-pos-2" node="gpuorin4-desktop" resourceAllocationScorer="LeastAllocated" allocatableResource=[6000,7885250560] requestedResource=[1000,2097152000] resourceScore=78
2026-06-27 00:46:11.200 I0626 15:44:29.113611       1 resource_allocation.go:76] "Listed internal info for allocatable resources, requested resources and score" pod="default/yolo-pos-2" node="gpuorin4-desktop" resourceAllocationScorer="NodeResourcesBalancedAllocation" allocatableResource=[6000,7885250560] requestedResource=[100,52428800] resourceScore=99
2026-06-27 00:46:11.203 I0626 15:44:29.113625       1 resource_allocation.go:76] "Listed internal info for allocatable resources, requested resources and score" pod="default/yolo-pos-2" node="gpuorin5-desktop" resourceAllocationScorer="LeastAllocated" allocatableResource=[6000,7885127680] requestedResource=[1000,2097152000] resourceScore=78
2026-06-27 00:46:11.205 I0626 15:44:29.113664       1 resource_allocation.go:76] "Listed internal info for allocatable resources, requested resources and score" pod="default/yolo-pos-2" node="gpu-orin3" resourceAllocationScorer="LeastAllocated" allocatableResource=[6000,7885156352] requestedResource=[1000,2097152000] resourceScore=78
2026-06-27 00:46:11.208 I0626 15:44:29.113720       1 resource_allocation.go:76] "Listed internal info for allocatable resources, requested resources and score" pod="default/yolo-pos-2" node="gpu-orin3" resourceAllocationScorer="NodeResourcesBalancedAllocation" allocatableResource=[6000,7885156352] requestedResource=[100,52428800] resourceScore=99
2026-06-27 00:46:11.211 I0626 15:44:29.113676       1 resource_allocation.go:76] "Listed internal info for allocatable resources, requested resources and score" pod="default/yolo-pos-2" node="gpuorin5-desktop" resourceAllocationScorer="NodeResourcesBalancedAllocation" allocatableResource=[6000,7885127680] requestedResource=[100,52428800] resourceScore=99
2026-06-27 00:46:11.213 I0626 15:44:29.113864       1 schedule_one.go:745] "Plugin scored node for pod" pod="default/yolo-pos-2" plugin="TaintToleration" node="gpu-orin2" score=300
2026-06-27 00:46:11.216 I0626 15:44:29.113894       1 schedule_one.go:745] "Plugin scored node for pod" pod="default/yolo-pos-2" plugin="NodeAffinity" node="gpu-orin2" score=0
2026-06-27 00:46:11.218 I0626 15:44:29.113910       1 schedule_one.go:745] "Plugin scored node for pod" pod="default/yolo-pos-2" plugin="NodeResourcesFit" node="gpu-orin2" score=78
2026-06-27 00:46:11.221 I0626 15:44:29.113922       1 schedule_one.go:745] "Plugin scored node for pod" pod="default/yolo-pos-2" plugin="VolumeBinding" node="gpu-orin2" score=0
2026-06-27 00:46:11.223 I0626 15:44:29.113934       1 schedule_one.go:745] "Plugin scored node for pod" pod="default/yolo-pos-2" plugin="NodeResourcesBalancedAllocation" node="gpu-orin2" score=99
2026-06-27 00:46:11.226 I0626 15:44:29.113948       1 schedule_one.go:745] "Plugin scored node for pod" pod="default/yolo-pos-2" plugin="ImageLocality" node="gpu-orin2" score=0
2026-06-27 00:46:11.228 I0626 15:44:29.113962       1 schedule_one.go:745] "Plugin scored node for pod" pod="default/yolo-pos-2" plugin="TaintToleration" node="gpuorin4-desktop" score=300
2026-06-27 00:46:11.231 I0626 15:44:29.113983       1 schedule_one.go:745] "Plugin scored node for pod" pod="default/yolo-pos-2" plugin="NodeAffinity" node="gpuorin4-desktop" score=0
2026-06-27 00:46:11.233 I0626 15:44:29.113996       1 schedule_one.go:745] "Plugin scored node for pod" pod="default/yolo-pos-2" plugin="NodeResourcesFit" node="gpuorin4-desktop" score=78
2026-06-27 00:46:11.236 I0626 15:44:29.114007       1 schedule_one.go:745] "Plugin scored node for pod" pod="default/yolo-pos-2" plugin="VolumeBinding" node="gpuorin4-desktop" score=0
2026-06-27 00:46:11.239 I0626 15:44:29.114020       1 schedule_one.go:745] "Plugin scored node for pod" pod="default/yolo-pos-2" plugin="NodeResourcesBalancedAllocation" node="gpuorin4-desktop" score=99
2026-06-27 00:46:11.241 I0626 15:44:29.114031       1 schedule_one.go:745] "Plugin scored node for pod" pod="default/yolo-pos-2" plugin="ImageLocality" node="gpuorin4-desktop" score=0
2026-06-27 00:46:11.244 I0626 15:44:29.114045       1 schedule_one.go:745] "Plugin scored node for pod" pod="default/yolo-pos-2" plugin="TaintToleration" node="gpuorin5-desktop" score=300
2026-06-27 00:46:11.246 I0626 15:44:29.114056       1 schedule_one.go:745] "Plugin scored node for pod" pod="default/yolo-pos-2" plugin="NodeAffinity" node="gpuorin5-desktop" score=0
2026-06-27 00:46:11.249 I0626 15:44:29.114067       1 schedule_one.go:745] "Plugin scored node for pod" pod="default/yolo-pos-2" plugin="NodeResourcesFit" node="gpuorin5-desktop" score=78
2026-06-27 00:46:11.252 I0626 15:44:29.114079       1 schedule_one.go:745] "Plugin scored node for pod" pod="default/yolo-pos-2" plugin="VolumeBinding" node="gpuorin5-desktop" score=0
2026-06-27 00:46:11.254 I0626 15:44:29.114095       1 schedule_one.go:745] "Plugin scored node for pod" pod="default/yolo-pos-2" plugin="NodeResourcesBalancedAllocation" node="gpuorin5-desktop" score=99
2026-06-27 00:46:11.257 I0626 15:44:29.114111       1 schedule_one.go:745] "Plugin scored node for pod" pod="default/yolo-pos-2" plugin="ImageLocality" node="gpuorin5-desktop" score=0
2026-06-27 00:46:11.259 I0626 15:44:29.114122       1 schedule_one.go:745] "Plugin scored node for pod" pod="default/yolo-pos-2" plugin="TaintToleration" node="gpu-orin3" score=300
2026-06-27 00:46:11.262 I0626 15:44:29.114136       1 schedule_one.go:745] "Plugin scored node for pod" pod="default/yolo-pos-2" plugin="NodeAffinity" node="gpu-orin3" score=0
2026-06-27 00:46:11.264 I0626 15:44:29.114149       1 schedule_one.go:745] "Plugin scored node for pod" pod="default/yolo-pos-2" plugin="NodeResourcesFit" node="gpu-orin3" score=78
2026-06-27 00:46:11.267 I0626 15:44:29.114159       1 schedule_one.go:745] "Plugin scored node for pod" pod="default/yolo-pos-2" plugin="VolumeBinding" node="gpu-orin3" score=0
2026-06-27 00:46:11.269 I0626 15:44:29.114175       1 schedule_one.go:745] "Plugin scored node for pod" pod="default/yolo-pos-2" plugin="NodeResourcesBalancedAllocation" node="gpu-orin3" score=99
2026-06-27 00:46:11.272 I0626 15:44:29.114190       1 schedule_one.go:745] "Plugin scored node for pod" pod="default/yolo-pos-2" plugin="ImageLocality" node="gpu-orin3" score=0
2026-06-27 00:46:11.274 I0626 15:44:29.114209       1 schedule_one.go:812] "Calculated node's final score for pod" pod="default/yolo-pos-2" node="gpu-orin2" score=477
2026-06-27 00:46:11.277 I0626 15:44:29.114223       1 schedule_one.go:812] "Calculated node's final score for pod" pod="default/yolo-pos-2" node="gpuorin4-desktop" score=477
2026-06-27 00:46:11.279 I0626 15:44:29.114238       1 schedule_one.go:812] "Calculated node's final score for pod" pod="default/yolo-pos-2" node="gpuorin5-desktop" score=477
2026-06-27 00:46:11.282 I0626 15:44:29.114252       1 schedule_one.go:812] "Calculated node's final score for pod" pod="default/yolo-pos-2" node="gpu-orin3" score=477
2026-06-27 00:46:19.676 I0626 15:46:19.668145       1 resource_allocation.go:76] "Listed internal info for allocatable resources, requested resources and score" pod="default/yolo-cls-1" node="gpu-orin2" resourceAllocationScorer="LeastAllocated" allocatableResource=[6000,7885127680] requestedResource=[700,1468006400] resourceScore=84
2026-06-27 00:46:19.679 I0626 15:46:19.668191       1 resource_allocation.go:76] "Listed internal info for allocatable resources, requested resources and score" pod="default/yolo-cls-1" node="gpu-orin2" resourceAllocationScorer="NodeResourcesBalancedAllocation" allocatableResource=[6000,7885127680] requestedResource=[100,52428800] resourceScore=99
2026-06-27 00:46:19.683 I0626 15:46:19.668232       1 resource_allocation.go:76] "Listed internal info for allocatable resources, requested resources and score" pod="default/yolo-cls-1" node="gpuorin4-desktop" resourceAllocationScorer="LeastAllocated" allocatableResource=[6000,7885250560] requestedResource=[900,1887436800] resourceScore=80
2026-06-27 00:46:19.686 I0626 15:46:19.668259       1 resource_allocation.go:76] "Listed internal info for allocatable resources, requested resources and score" pod="default/yolo-cls-1" node="gpuorin4-desktop" resourceAllocationScorer="NodeResourcesBalancedAllocation" allocatableResource=[6000,7885250560] requestedResource=[100,52428800] resourceScore=99
2026-06-27 00:46:19.689 I0626 15:46:19.668288       1 resource_allocation.go:76] "Listed internal info for allocatable resources, requested resources and score" pod="default/yolo-cls-1" node="gpuorin5-desktop" resourceAllocationScorer="LeastAllocated" allocatableResource=[6000,7885127680] requestedResource=[700,1468006400] resourceScore=84
2026-06-27 00:46:19.692 I0626 15:46:19.668312       1 resource_allocation.go:76] "Listed internal info for allocatable resources, requested resources and score" pod="default/yolo-cls-1" node="gpuorin5-desktop" resourceAllocationScorer="NodeResourcesBalancedAllocation" allocatableResource=[6000,7885127680] requestedResource=[100,52428800] resourceScore=99
2026-06-27 00:46:19.695 I0626 15:46:19.668322       1 resource_allocation.go:76] "Listed internal info for allocatable resources, requested resources and score" pod="default/yolo-cls-1" node="gpu-orin3" resourceAllocationScorer="LeastAllocated" allocatableResource=[6000,7885156352] requestedResource=[800,1677721600] resourceScore=82
2026-06-27 00:46:19.698 I0626 15:46:19.668369       1 resource_allocation.go:76] "Listed internal info for allocatable resources, requested resources and score" pod="default/yolo-cls-1" node="gpu-orin3" resourceAllocationScorer="NodeResourcesBalancedAllocation" allocatableResource=[6000,7885156352] requestedResource=[100,52428800] resourceScore=99
2026-06-27 00:46:19.701 I0626 15:46:19.668484       1 schedule_one.go:745] "Plugin scored node for pod" pod="default/yolo-cls-1" plugin="TaintToleration" node="gpu-orin2" score=300
2026-06-27 00:46:19.704 I0626 15:46:19.668511       1 schedule_one.go:745] "Plugin scored node for pod" pod="default/yolo-cls-1" plugin="NodeAffinity" node="gpu-orin2" score=0
2026-06-27 00:46:19.705 I0626 15:46:19.668526       1 schedule_one.go:745] "Plugin scored node for pod" pod="default/yolo-cls-1" plugin="NodeResourcesFit" node="gpu-orin2" score=84
2026-06-27 00:46:19.707 I0626 15:46:19.668549       1 schedule_one.go:745] "Plugin scored node for pod" pod="default/yolo-cls-1" plugin="VolumeBinding" node="gpu-orin2" score=0
2026-06-27 00:46:19.708 I0626 15:46:19.668565       1 schedule_one.go:745] "Plugin scored node for pod" pod="default/yolo-cls-1" plugin="NodeResourcesBalancedAllocation" node="gpu-orin2" score=99
2026-06-27 00:46:19.710 I0626 15:46:19.668577       1 schedule_one.go:745] "Plugin scored node for pod" pod="default/yolo-cls-1" plugin="ImageLocality" node="gpu-orin2" score=0
2026-06-27 00:46:19.711 I0626 15:46:19.668589       1 schedule_one.go:745] "Plugin scored node for pod" pod="default/yolo-cls-1" plugin="TaintToleration" node="gpu-orin3" score=300
2026-06-27 00:46:19.711 I0626 15:46:19.668601       1 schedule_one.go:745] "Plugin scored node for pod" pod="default/yolo-cls-1" plugin="NodeAffinity" node="gpu-orin3" score=0
2026-06-27 00:46:19.712 I0626 15:46:19.668670       1 schedule_one.go:745] "Plugin scored node for pod" pod="default/yolo-cls-1" plugin="NodeResourcesFit" node="gpu-orin3" score=82
2026-06-27 00:46:19.713 I0626 15:46:19.668681       1 schedule_one.go:745] "Plugin scored node for pod" pod="default/yolo-cls-1" plugin="VolumeBinding" node="gpu-orin3" score=0
2026-06-27 00:46:19.714 I0626 15:46:19.668689       1 schedule_one.go:745] "Plugin scored node for pod" pod="default/yolo-cls-1" plugin="NodeResourcesBalancedAllocation" node="gpu-orin3" score=99
2026-06-27 00:46:19.715 I0626 15:46:19.668697       1 schedule_one.go:745] "Plugin scored node for pod" pod="default/yolo-cls-1" plugin="ImageLocality" node="gpu-orin3" score=0
2026-06-27 00:46:19.716 I0626 15:46:19.668709       1 schedule_one.go:745] "Plugin scored node for pod" pod="default/yolo-cls-1" plugin="TaintToleration" node="gpuorin4-desktop" score=300
2026-06-27 00:46:19.716 I0626 15:46:19.668717       1 schedule_one.go:745] "Plugin scored node for pod" pod="default/yolo-cls-1" plugin="NodeAffinity" node="gpuorin4-desktop" score=0
2026-06-27 00:46:19.717 I0626 15:46:19.668726       1 schedule_one.go:745] "Plugin scored node for pod" pod="default/yolo-cls-1" plugin="NodeResourcesFit" node="gpuorin4-desktop" score=80
2026-06-27 00:46:19.718 I0626 15:46:19.668735       1 schedule_one.go:745] "Plugin scored node for pod" pod="default/yolo-cls-1" plugin="VolumeBinding" node="gpuorin4-desktop" score=0
2026-06-27 00:46:19.719 I0626 15:46:19.668743       1 schedule_one.go:745] "Plugin scored node for pod" pod="default/yolo-cls-1" plugin="NodeResourcesBalancedAllocation" node="gpuorin4-desktop" score=99
2026-06-27 00:46:19.719 I0626 15:46:19.668750       1 schedule_one.go:745] "Plugin scored node for pod" pod="default/yolo-cls-1" plugin="ImageLocality" node="gpuorin4-desktop" score=0
2026-06-27 00:46:19.720 I0626 15:46:19.668758       1 schedule_one.go:745] "Plugin scored node for pod" pod="default/yolo-cls-1" plugin="TaintToleration" node="gpuorin5-desktop" score=300
2026-06-27 00:46:19.721 I0626 15:46:19.668782       1 schedule_one.go:745] "Plugin scored node for pod" pod="default/yolo-cls-1" plugin="NodeAffinity" node="gpuorin5-desktop" score=0
2026-06-27 00:46:19.721 I0626 15:46:19.668793       1 schedule_one.go:745] "Plugin scored node for pod" pod="default/yolo-cls-1" plugin="NodeResourcesFit" node="gpuorin5-desktop" score=84
2026-06-27 00:46:19.722 I0626 15:46:19.668801       1 schedule_one.go:745] "Plugin scored node for pod" pod="default/yolo-cls-1" plugin="VolumeBinding" node="gpuorin5-desktop" score=0
2026-06-27 00:46:19.722 I0626 15:46:19.668809       1 schedule_one.go:745] "Plugin scored node for pod" pod="default/yolo-cls-1" plugin="NodeResourcesBalancedAllocation" node="gpuorin5-desktop" score=99
2026-06-27 00:46:19.723 I0626 15:46:19.668816       1 schedule_one.go:745] "Plugin scored node for pod" pod="default/yolo-cls-1" plugin="ImageLocality" node="gpuorin5-desktop" score=0
2026-06-27 00:46:19.724 I0626 15:46:19.668830       1 schedule_one.go:812] "Calculated node's final score for pod" pod="default/yolo-cls-1" node="gpu-orin2" score=483
2026-06-27 00:46:19.724 I0626 15:46:19.668869       1 schedule_one.go:812] "Calculated node's final score for pod" pod="default/yolo-cls-1" node="gpu-orin3" score=481
2026-06-27 00:46:19.725 I0626 15:46:19.668881       1 schedule_one.go:812] "Calculated node's final score for pod" pod="default/yolo-cls-1" node="gpuorin4-desktop" score=479
2026-06-27 00:46:19.726 I0626 15:46:19.668891       1 schedule_one.go:812] "Calculated node's final score for pod" pod="default/yolo-cls-1" node="gpuorin5-desktop" score=483
2026-06-27 00:46:21.624 I0626 15:46:21.619670       1 resource_allocation.go:76] "Listed internal info for allocatable resources, requested resources and score" pod="default/yolo-det-1" node="gpu-orin2" resourceAllocationScorer="LeastAllocated" allocatableResource=[6000,7885127680] requestedResource=[700,1468006400] resourceScore=84
2026-06-27 00:46:21.627 I0626 15:46:21.619705       1 resource_allocation.go:76] "Listed internal info for allocatable resources, requested resources and score" pod="default/yolo-det-1" node="gpu-orin2" resourceAllocationScorer="NodeResourcesBalancedAllocation" allocatableResource=[6000,7885127680] requestedResource=[100,52428800] resourceScore=99
2026-06-27 00:46:21.630 I0626 15:46:21.619723       1 resource_allocation.go:76] "Listed internal info for allocatable resources, requested resources and score" pod="default/yolo-det-1" node="gpuorin4-desktop" resourceAllocationScorer="LeastAllocated" allocatableResource=[6000,7885250560] requestedResource=[900,1887436800] resourceScore=80
2026-06-27 00:46:21.633 I0626 15:46:21.619750       1 resource_allocation.go:76] "Listed internal info for allocatable resources, requested resources and score" pod="default/yolo-det-1" node="gpu-orin3" resourceAllocationScorer="LeastAllocated" allocatableResource=[6000,7885156352] requestedResource=[800,1677721600] resourceScore=82
2026-06-27 00:46:21.636 I0626 15:46:21.619814       1 resource_allocation.go:76] "Listed internal info for allocatable resources, requested resources and score" pod="default/yolo-det-1" node="gpuorin5-desktop" resourceAllocationScorer="LeastAllocated" allocatableResource=[6000,7885127680] requestedResource=[800,1677721600] resourceScore=82
2026-06-27 00:46:21.639 I0626 15:46:21.619790       1 resource_allocation.go:76] "Listed internal info for allocatable resources, requested resources and score" pod="default/yolo-det-1" node="gpuorin4-desktop" resourceAllocationScorer="NodeResourcesBalancedAllocation" allocatableResource=[6000,7885250560] requestedResource=[100,52428800] resourceScore=99
2026-06-27 00:46:21.642 I0626 15:46:21.619860       1 resource_allocation.go:76] "Listed internal info for allocatable resources, requested resources and score" pod="default/yolo-det-1" node="gpuorin5-desktop" resourceAllocationScorer="NodeResourcesBalancedAllocation" allocatableResource=[6000,7885127680] requestedResource=[100,52428800] resourceScore=99
2026-06-27 00:46:21.646 I0626 15:46:21.619826       1 resource_allocation.go:76] "Listed internal info for allocatable resources, requested resources and score" pod="default/yolo-det-1" node="gpu-orin3" resourceAllocationScorer="NodeResourcesBalancedAllocation" allocatableResource=[6000,7885156352] requestedResource=[100,52428800] resourceScore=99
2026-06-27 00:46:21.649 I0626 15:46:21.619991       1 schedule_one.go:745] "Plugin scored node for pod" pod="default/yolo-det-1" plugin="TaintToleration" node="gpu-orin2" score=300
2026-06-27 00:46:21.651 I0626 15:46:21.620013       1 schedule_one.go:745] "Plugin scored node for pod" pod="default/yolo-det-1" plugin="NodeAffinity" node="gpu-orin2" score=0
2026-06-27 00:46:21.653 I0626 15:46:21.620026       1 schedule_one.go:745] "Plugin scored node for pod" pod="default/yolo-det-1" plugin="NodeResourcesFit" node="gpu-orin2" score=84
2026-06-27 00:46:21.654 I0626 15:46:21.620036       1 schedule_one.go:745] "Plugin scored node for pod" pod="default/yolo-det-1" plugin="VolumeBinding" node="gpu-orin2" score=0
2026-06-27 00:46:21.655 I0626 15:46:21.620046       1 schedule_one.go:745] "Plugin scored node for pod" pod="default/yolo-det-1" plugin="NodeResourcesBalancedAllocation" node="gpu-orin2" score=99
2026-06-27 00:46:21.657 I0626 15:46:21.620086       1 schedule_one.go:745] "Plugin scored node for pod" pod="default/yolo-det-1" plugin="ImageLocality" node="gpu-orin2" score=0
2026-06-27 00:46:21.658 I0626 15:46:21.620100       1 schedule_one.go:745] "Plugin scored node for pod" pod="default/yolo-det-1" plugin="TaintToleration" node="gpu-orin3" score=300
2026-06-27 00:46:21.658 I0626 15:46:21.620110       1 schedule_one.go:745] "Plugin scored node for pod" pod="default/yolo-det-1" plugin="NodeAffinity" node="gpu-orin3" score=0
2026-06-27 00:46:21.660 I0626 15:46:21.620119       1 schedule_one.go:745] "Plugin scored node for pod" pod="default/yolo-det-1" plugin="NodeResourcesFit" node="gpu-orin3" score=82
2026-06-27 00:46:21.661 I0626 15:46:21.620128       1 schedule_one.go:745] "Plugin scored node for pod" pod="default/yolo-det-1" plugin="VolumeBinding" node="gpu-orin3" score=0
2026-06-27 00:46:21.662 I0626 15:46:21.620137       1 schedule_one.go:745] "Plugin scored node for pod" pod="default/yolo-det-1" plugin="NodeResourcesBalancedAllocation" node="gpu-orin3" score=99
2026-06-27 00:46:21.663 I0626 15:46:21.620146       1 schedule_one.go:745] "Plugin scored node for pod" pod="default/yolo-det-1" plugin="ImageLocality" node="gpu-orin3" score=0
2026-06-27 00:46:21.664 I0626 15:46:21.620156       1 schedule_one.go:745] "Plugin scored node for pod" pod="default/yolo-det-1" plugin="TaintToleration" node="gpuorin4-desktop" score=300
2026-06-27 00:46:21.665 I0626 15:46:21.620169       1 schedule_one.go:745] "Plugin scored node for pod" pod="default/yolo-det-1" plugin="NodeAffinity" node="gpuorin4-desktop" score=0
2026-06-27 00:46:21.665 I0626 15:46:21.620178       1 schedule_one.go:745] "Plugin scored node for pod" pod="default/yolo-det-1" plugin="NodeResourcesFit" node="gpuorin4-desktop" score=80
2026-06-27 00:46:21.666 I0626 15:46:21.620187       1 schedule_one.go:745] "Plugin scored node for pod" pod="default/yolo-det-1" plugin="VolumeBinding" node="gpuorin4-desktop" score=0
2026-06-27 00:46:21.667 I0626 15:46:21.620197       1 schedule_one.go:745] "Plugin scored node for pod" pod="default/yolo-det-1" plugin="NodeResourcesBalancedAllocation" node="gpuorin4-desktop" score=99
2026-06-27 00:46:21.667 I0626 15:46:21.620214       1 schedule_one.go:745] "Plugin scored node for pod" pod="default/yolo-det-1" plugin="ImageLocality" node="gpuorin4-desktop" score=0
2026-06-27 00:46:21.668 I0626 15:46:21.620223       1 schedule_one.go:745] "Plugin scored node for pod" pod="default/yolo-det-1" plugin="TaintToleration" node="gpuorin5-desktop" score=300
2026-06-27 00:46:21.669 I0626 15:46:21.620232       1 schedule_one.go:745] "Plugin scored node for pod" pod="default/yolo-det-1" plugin="NodeAffinity" node="gpuorin5-desktop" score=0
2026-06-27 00:46:21.669 I0626 15:46:21.620241       1 schedule_one.go:745] "Plugin scored node for pod" pod="default/yolo-det-1" plugin="NodeResourcesFit" node="gpuorin5-desktop" score=82
2026-06-27 00:46:21.670 I0626 15:46:21.620254       1 schedule_one.go:745] "Plugin scored node for pod" pod="default/yolo-det-1" plugin="VolumeBinding" node="gpuorin5-desktop" score=0
2026-06-27 00:46:21.671 I0626 15:46:21.620263       1 schedule_one.go:745] "Plugin scored node for pod" pod="default/yolo-det-1" plugin="NodeResourcesBalancedAllocation" node="gpuorin5-desktop" score=99
2026-06-27 00:46:21.671 I0626 15:46:21.620274       1 schedule_one.go:745] "Plugin scored node for pod" pod="default/yolo-det-1" plugin="ImageLocality" node="gpuorin5-desktop" score=0
2026-06-27 00:46:21.672 I0626 15:46:21.620287       1 schedule_one.go:812] "Calculated node's final score for pod" pod="default/yolo-det-1" node="gpu-orin2" score=483
2026-06-27 00:46:21.673 I0626 15:46:21.620300       1 schedule_one.go:812] "Calculated node's final score for pod" pod="default/yolo-det-1" node="gpu-orin3" score=481
2026-06-27 00:46:21.673 I0626 15:46:21.620311       1 schedule_one.go:812] "Calculated node's final score for pod" pod="default/yolo-det-1" node="gpuorin4-desktop" score=479
2026-06-27 00:46:21.674 I0626 15:46:21.620323       1 schedule_one.go:812] "Calculated node's final score for pod" pod="default/yolo-det-1" node="gpuorin5-desktop" score=481
2026-06-27 00:46:23.589 I0626 15:46:23.587571       1 resource_allocation.go:76] "Listed internal info for allocatable resources, requested resources and score" pod="default/yolo-seg-1" node="gpuorin4-desktop" resourceAllocationScorer="LeastAllocated" allocatableResource=[6000,7885250560] requestedResource=[900,1887436800] resourceScore=80
2026-06-27 00:46:23.590 I0626 15:46:23.587572       1 resource_allocation.go:76] "Listed internal info for allocatable resources, requested resources and score" pod="default/yolo-seg-1" node="gpu-orin2" resourceAllocationScorer="LeastAllocated" allocatableResource=[6000,7885127680] requestedResource=[800,1677721600] resourceScore=82
2026-06-27 00:46:23.591 I0626 15:46:23.587580       1 resource_allocation.go:76] "Listed internal info for allocatable resources, requested resources and score" pod="default/yolo-seg-1" node="gpuorin4-desktop" resourceAllocationScorer="NodeResourcesBalancedAllocation" allocatableResource=[6000,7885250560] requestedResource=[100,52428800] resourceScore=99
2026-06-27 00:46:23.592 I0626 15:46:23.587585       1 resource_allocation.go:76] "Listed internal info for allocatable resources, requested resources and score" pod="default/yolo-seg-1" node="gpu-orin2" resourceAllocationScorer="NodeResourcesBalancedAllocation" allocatableResource=[6000,7885127680] requestedResource=[100,52428800] resourceScore=99
2026-06-27 00:46:23.593 I0626 15:46:23.587588       1 resource_allocation.go:76] "Listed internal info for allocatable resources, requested resources and score" pod="default/yolo-seg-1" node="gpu-orin3" resourceAllocationScorer="LeastAllocated" allocatableResource=[6000,7885156352] requestedResource=[800,1677721600] resourceScore=82
2026-06-27 00:46:23.594 I0626 15:46:23.587596       1 resource_allocation.go:76] "Listed internal info for allocatable resources, requested resources and score" pod="default/yolo-seg-1" node="gpu-orin3" resourceAllocationScorer="NodeResourcesBalancedAllocation" allocatableResource=[6000,7885156352] requestedResource=[100,52428800] resourceScore=99
2026-06-27 00:46:23.598 I0626 15:46:23.587600       1 resource_allocation.go:76] "Listed internal info for allocatable resources, requested resources and score" pod="default/yolo-seg-1" node="gpuorin5-desktop" resourceAllocationScorer="LeastAllocated" allocatableResource=[6000,7885127680] requestedResource=[800,1677721600] resourceScore=82
2026-06-27 00:46:23.601 I0626 15:46:23.587609       1 resource_allocation.go:76] "Listed internal info for allocatable resources, requested resources and score" pod="default/yolo-seg-1" node="gpuorin5-desktop" resourceAllocationScorer="NodeResourcesBalancedAllocation" allocatableResource=[6000,7885127680] requestedResource=[100,52428800] resourceScore=99
2026-06-27 00:46:23.602 I0626 15:46:23.587664       1 schedule_one.go:745] "Plugin scored node for pod" pod="default/yolo-seg-1" plugin="TaintToleration" node="gpu-orin2" score=300
2026-06-27 00:46:23.603 I0626 15:46:23.587677       1 schedule_one.go:745] "Plugin scored node for pod" pod="default/yolo-seg-1" plugin="NodeAffinity" node="gpu-orin2" score=0
2026-06-27 00:46:23.605 I0626 15:46:23.587682       1 schedule_one.go:745] "Plugin scored node for pod" pod="default/yolo-seg-1" plugin="NodeResourcesFit" node="gpu-orin2" score=82
2026-06-27 00:46:23.606 I0626 15:46:23.587686       1 schedule_one.go:745] "Plugin scored node for pod" pod="default/yolo-seg-1" plugin="VolumeBinding" node="gpu-orin2" score=0
2026-06-27 00:46:23.607 I0626 15:46:23.587691       1 schedule_one.go:745] "Plugin scored node for pod" pod="default/yolo-seg-1" plugin="NodeResourcesBalancedAllocation" node="gpu-orin2" score=99
2026-06-27 00:46:23.610 I0626 15:46:23.587698       1 schedule_one.go:745] "Plugin scored node for pod" pod="default/yolo-seg-1" plugin="ImageLocality" node="gpu-orin2" score=0
2026-06-27 00:46:23.613 I0626 15:46:23.587702       1 schedule_one.go:745] "Plugin scored node for pod" pod="default/yolo-seg-1" plugin="TaintToleration" node="gpuorin4-desktop" score=300
2026-06-27 00:46:23.616 I0626 15:46:23.587706       1 schedule_one.go:745] "Plugin scored node for pod" pod="default/yolo-seg-1" plugin="NodeAffinity" node="gpuorin4-desktop" score=0
2026-06-27 00:46:23.619 I0626 15:46:23.587723       1 schedule_one.go:745] "Plugin scored node for pod" pod="default/yolo-seg-1" plugin="NodeResourcesFit" node="gpuorin4-desktop" score=80
2026-06-27 00:46:23.622 I0626 15:46:23.587728       1 schedule_one.go:745] "Plugin scored node for pod" pod="default/yolo-seg-1" plugin="VolumeBinding" node="gpuorin4-desktop" score=0
2026-06-27 00:46:23.624 I0626 15:46:23.587732       1 schedule_one.go:745] "Plugin scored node for pod" pod="default/yolo-seg-1" plugin="NodeResourcesBalancedAllocation" node="gpuorin4-desktop" score=99
2026-06-27 00:46:23.625 I0626 15:46:23.587737       1 schedule_one.go:745] "Plugin scored node for pod" pod="default/yolo-seg-1" plugin="ImageLocality" node="gpuorin4-desktop" score=0
2026-06-27 00:46:23.627 I0626 15:46:23.587741       1 schedule_one.go:745] "Plugin scored node for pod" pod="default/yolo-seg-1" plugin="TaintToleration" node="gpu-orin3" score=300
2026-06-27 00:46:23.627 I0626 15:46:23.587746       1 schedule_one.go:745] "Plugin scored node for pod" pod="default/yolo-seg-1" plugin="NodeAffinity" node="gpu-orin3" score=0
2026-06-27 00:46:23.628 I0626 15:46:23.587750       1 schedule_one.go:745] "Plugin scored node for pod" pod="default/yolo-seg-1" plugin="NodeResourcesFit" node="gpu-orin3" score=82
2026-06-27 00:46:23.629 I0626 15:46:23.587754       1 schedule_one.go:745] "Plugin scored node for pod" pod="default/yolo-seg-1" plugin="VolumeBinding" node="gpu-orin3" score=0
2026-06-27 00:46:23.630 I0626 15:46:23.587761       1 schedule_one.go:745] "Plugin scored node for pod" pod="default/yolo-seg-1" plugin="NodeResourcesBalancedAllocation" node="gpu-orin3" score=99
2026-06-27 00:46:23.632 I0626 15:46:23.587775       1 schedule_one.go:745] "Plugin scored node for pod" pod="default/yolo-seg-1" plugin="ImageLocality" node="gpu-orin3" score=0
2026-06-27 00:46:23.632 I0626 15:46:23.587779       1 schedule_one.go:745] "Plugin scored node for pod" pod="default/yolo-seg-1" plugin="TaintToleration" node="gpuorin5-desktop" score=300
2026-06-27 00:46:23.633 I0626 15:46:23.587782       1 schedule_one.go:745] "Plugin scored node for pod" pod="default/yolo-seg-1" plugin="NodeAffinity" node="gpuorin5-desktop" score=0
2026-06-27 00:46:23.634 I0626 15:46:23.587786       1 schedule_one.go:745] "Plugin scored node for pod" pod="default/yolo-seg-1" plugin="NodeResourcesFit" node="gpuorin5-desktop" score=82
2026-06-27 00:46:23.634 I0626 15:46:23.587791       1 schedule_one.go:745] "Plugin scored node for pod" pod="default/yolo-seg-1" plugin="VolumeBinding" node="gpuorin5-desktop" score=0
2026-06-27 00:46:23.635 I0626 15:46:23.587796       1 schedule_one.go:745] "Plugin scored node for pod" pod="default/yolo-seg-1" plugin="NodeResourcesBalancedAllocation" node="gpuorin5-desktop" score=99
2026-06-27 00:46:23.636 I0626 15:46:23.587800       1 schedule_one.go:745] "Plugin scored node for pod" pod="default/yolo-seg-1" plugin="ImageLocality" node="gpuorin5-desktop" score=0
2026-06-27 00:46:23.636 I0626 15:46:23.587807       1 schedule_one.go:812] "Calculated node's final score for pod" pod="default/yolo-seg-1" node="gpu-orin2" score=481
2026-06-27 00:46:23.637 I0626 15:46:23.587813       1 schedule_one.go:812] "Calculated node's final score for pod" pod="default/yolo-seg-1" node="gpuorin4-desktop" score=479
2026-06-27 00:46:23.637 I0626 15:46:23.587817       1 schedule_one.go:812] "Calculated node's final score for pod" pod="default/yolo-seg-1" node="gpu-orin3" score=481
2026-06-27 00:46:23.638 I0626 15:46:23.587822       1 schedule_one.go:812] "Calculated node's final score for pod" pod="default/yolo-seg-1" node="gpuorin5-desktop" score=481
2026-06-27 00:46:25.493 I0626 15:46:25.489034       1 resource_allocation.go:76] "Listed internal info for allocatable resources, requested resources and score" pod="default/yolo-obb-1" node="gpu-orin2" resourceAllocationScorer="LeastAllocated" allocatableResource=[6000,7885127680] requestedResource=[800,1677721600] resourceScore=82
2026-06-27 00:46:25.495 I0626 15:46:25.489046       1 resource_allocation.go:76] "Listed internal info for allocatable resources, requested resources and score" pod="default/yolo-obb-1" node="gpuorin4-desktop" resourceAllocationScorer="LeastAllocated" allocatableResource=[6000,7885250560] requestedResource=[900,1887436800] resourceScore=80
2026-06-27 00:46:25.497 I0626 15:46:25.489049       1 resource_allocation.go:76] "Listed internal info for allocatable resources, requested resources and score" pod="default/yolo-obb-1" node="gpu-orin2" resourceAllocationScorer="NodeResourcesBalancedAllocation" allocatableResource=[6000,7885127680] requestedResource=[100,52428800] resourceScore=99
2026-06-27 00:46:25.500 I0626 15:46:25.489061       1 resource_allocation.go:76] "Listed internal info for allocatable resources, requested resources and score" pod="default/yolo-obb-1" node="gpuorin4-desktop" resourceAllocationScorer="NodeResourcesBalancedAllocation" allocatableResource=[6000,7885250560] requestedResource=[100,52428800] resourceScore=99
2026-06-27 00:46:25.504 I0626 15:46:25.489077       1 resource_allocation.go:76] "Listed internal info for allocatable resources, requested resources and score" pod="default/yolo-obb-1" node="gpuorin5-desktop" resourceAllocationScorer="LeastAllocated" allocatableResource=[6000,7885127680] requestedResource=[900,1887436800] resourceScore=80
2026-06-27 00:46:25.507 I0626 15:46:25.489090       1 resource_allocation.go:76] "Listed internal info for allocatable resources, requested resources and score" pod="default/yolo-obb-1" node="gpu-orin3" resourceAllocationScorer="LeastAllocated" allocatableResource=[6000,7885156352] requestedResource=[800,1677721600] resourceScore=82
2026-06-27 00:46:25.510 I0626 15:46:25.489106       1 resource_allocation.go:76] "Listed internal info for allocatable resources, requested resources and score" pod="default/yolo-obb-1" node="gpuorin5-desktop" resourceAllocationScorer="NodeResourcesBalancedAllocation" allocatableResource=[6000,7885127680] requestedResource=[100,52428800] resourceScore=99
2026-06-27 00:46:25.514 I0626 15:46:25.489120       1 resource_allocation.go:76] "Listed internal info for allocatable resources, requested resources and score" pod="default/yolo-obb-1" node="gpu-orin3" resourceAllocationScorer="NodeResourcesBalancedAllocation" allocatableResource=[6000,7885156352] requestedResource=[100,52428800] resourceScore=99
2026-06-27 00:46:25.517 I0626 15:46:25.489257       1 schedule_one.go:745] "Plugin scored node for pod" pod="default/yolo-obb-1" plugin="TaintToleration" node="gpu-orin2" score=300
2026-06-27 00:46:25.519 I0626 15:46:25.489272       1 schedule_one.go:745] "Plugin scored node for pod" pod="default/yolo-obb-1" plugin="NodeAffinity" node="gpu-orin2" score=0
2026-06-27 00:46:25.522 I0626 15:46:25.489280       1 schedule_one.go:745] "Plugin scored node for pod" pod="default/yolo-obb-1" plugin="NodeResourcesFit" node="gpu-orin2" score=82
2026-06-27 00:46:25.525 I0626 15:46:25.489286       1 schedule_one.go:745] "Plugin scored node for pod" pod="default/yolo-obb-1" plugin="VolumeBinding" node="gpu-orin2" score=0
2026-06-27 00:46:25.527 I0626 15:46:25.489292       1 schedule_one.go:745] "Plugin scored node for pod" pod="default/yolo-obb-1" plugin="NodeResourcesBalancedAllocation" node="gpu-orin2" score=99
2026-06-27 00:46:25.529 I0626 15:46:25.489298       1 schedule_one.go:745] "Plugin scored node for pod" pod="default/yolo-obb-1" plugin="ImageLocality" node="gpu-orin2" score=0
2026-06-27 00:46:25.531 I0626 15:46:25.489304       1 schedule_one.go:745] "Plugin scored node for pod" pod="default/yolo-obb-1" plugin="TaintToleration" node="gpuorin4-desktop" score=300
2026-06-27 00:46:25.532 I0626 15:46:25.489309       1 schedule_one.go:745] "Plugin scored node for pod" pod="default/yolo-obb-1" plugin="NodeAffinity" node="gpuorin4-desktop" score=0
2026-06-27 00:46:25.533 I0626 15:46:25.489318       1 schedule_one.go:745] "Plugin scored node for pod" pod="default/yolo-obb-1" plugin="NodeResourcesFit" node="gpuorin4-desktop" score=80
2026-06-27 00:46:25.534 I0626 15:46:25.489328       1 schedule_one.go:745] "Plugin scored node for pod" pod="default/yolo-obb-1" plugin="VolumeBinding" node="gpuorin4-desktop" score=0
2026-06-27 00:46:25.535 I0626 15:46:25.489337       1 schedule_one.go:745] "Plugin scored node for pod" pod="default/yolo-obb-1" plugin="NodeResourcesBalancedAllocation" node="gpuorin4-desktop" score=99
2026-06-27 00:46:25.536 I0626 15:46:25.489346       1 schedule_one.go:745] "Plugin scored node for pod" pod="default/yolo-obb-1" plugin="ImageLocality" node="gpuorin4-desktop" score=0
2026-06-27 00:46:25.536 I0626 15:46:25.489352       1 schedule_one.go:745] "Plugin scored node for pod" pod="default/yolo-obb-1" plugin="TaintToleration" node="gpu-orin3" score=300
2026-06-27 00:46:25.537 I0626 15:46:25.489358       1 schedule_one.go:745] "Plugin scored node for pod" pod="default/yolo-obb-1" plugin="NodeAffinity" node="gpu-orin3" score=0
2026-06-27 00:46:25.538 I0626 15:46:25.489366       1 schedule_one.go:745] "Plugin scored node for pod" pod="default/yolo-obb-1" plugin="NodeResourcesFit" node="gpu-orin3" score=82
2026-06-27 00:46:25.538 I0626 15:46:25.489373       1 schedule_one.go:745] "Plugin scored node for pod" pod="default/yolo-obb-1" plugin="VolumeBinding" node="gpu-orin3" score=0
2026-06-27 00:46:25.539 I0626 15:46:25.489377       1 schedule_one.go:745] "Plugin scored node for pod" pod="default/yolo-obb-1" plugin="NodeResourcesBalancedAllocation" node="gpu-orin3" score=99
2026-06-27 00:46:25.539 I0626 15:46:25.489382       1 schedule_one.go:745] "Plugin scored node for pod" pod="default/yolo-obb-1" plugin="ImageLocality" node="gpu-orin3" score=0
2026-06-27 00:46:25.540 I0626 15:46:25.489387       1 schedule_one.go:745] "Plugin scored node for pod" pod="default/yolo-obb-1" plugin="TaintToleration" node="gpuorin5-desktop" score=300
2026-06-27 00:46:25.541 I0626 15:46:25.489392       1 schedule_one.go:745] "Plugin scored node for pod" pod="default/yolo-obb-1" plugin="NodeAffinity" node="gpuorin5-desktop" score=0
2026-06-27 00:46:25.542 I0626 15:46:25.489397       1 schedule_one.go:745] "Plugin scored node for pod" pod="default/yolo-obb-1" plugin="NodeResourcesFit" node="gpuorin5-desktop" score=80
2026-06-27 00:46:25.543 I0626 15:46:25.489402       1 schedule_one.go:745] "Plugin scored node for pod" pod="default/yolo-obb-1" plugin="VolumeBinding" node="gpuorin5-desktop" score=0
2026-06-27 00:46:25.544 I0626 15:46:25.489408       1 schedule_one.go:745] "Plugin scored node for pod" pod="default/yolo-obb-1" plugin="NodeResourcesBalancedAllocation" node="gpuorin5-desktop" score=99
2026-06-27 00:46:25.544 I0626 15:46:25.489416       1 schedule_one.go:745] "Plugin scored node for pod" pod="default/yolo-obb-1" plugin="ImageLocality" node="gpuorin5-desktop" score=0
2026-06-27 00:46:25.545 I0626 15:46:25.489430       1 schedule_one.go:812] "Calculated node's final score for pod" pod="default/yolo-obb-1" node="gpu-orin2" score=481
2026-06-27 00:46:25.545 I0626 15:46:25.489468       1 schedule_one.go:812] "Calculated node's final score for pod" pod="default/yolo-obb-1" node="gpuorin4-desktop" score=479
2026-06-27 00:46:25.546 I0626 15:46:25.489481       1 schedule_one.go:812] "Calculated node's final score for pod" pod="default/yolo-obb-1" node="gpu-orin3" score=481
2026-06-27 00:46:25.547 I0626 15:46:25.489492       1 schedule_one.go:812] "Calculated node's final score for pod" pod="default/yolo-obb-1" node="gpuorin5-desktop" score=479
2026-06-27 00:46:27.394 I0626 15:46:27.390610       1 resource_allocation.go:76] "Listed internal info for allocatable resources, requested resources and score" pod="default/yolo-pos-1" node="gpu-orin3" resourceAllocationScorer="LeastAllocated" allocatableResource=[6000,7885156352] requestedResource=[800,1677721600] resourceScore=82
2026-06-27 00:46:27.395 I0626 15:46:27.390626       1 resource_allocation.go:76] "Listed internal info for allocatable resources, requested resources and score" pod="default/yolo-pos-1" node="gpu-orin2" resourceAllocationScorer="LeastAllocated" allocatableResource=[6000,7885127680] requestedResource=[900,1887436800] resourceScore=80
2026-06-27 00:46:27.397 I0626 15:46:27.390655       1 resource_allocation.go:76] "Listed internal info for allocatable resources, requested resources and score" pod="default/yolo-pos-1" node="gpuorin4-desktop" resourceAllocationScorer="LeastAllocated" allocatableResource=[6000,7885250560] requestedResource=[900,1887436800] resourceScore=80
2026-06-27 00:46:27.399 I0626 15:46:27.390663       1 resource_allocation.go:76] "Listed internal info for allocatable resources, requested resources and score" pod="default/yolo-pos-1" node="gpuorin5-desktop" resourceAllocationScorer="LeastAllocated" allocatableResource=[6000,7885127680] requestedResource=[900,1887436800] resourceScore=80
2026-06-27 00:46:27.401 I0626 15:46:27.390632       1 resource_allocation.go:76] "Listed internal info for allocatable resources, requested resources and score" pod="default/yolo-pos-1" node="gpu-orin3" resourceAllocationScorer="NodeResourcesBalancedAllocation" allocatableResource=[6000,7885156352] requestedResource=[100,52428800] resourceScore=99
2026-06-27 00:46:27.403 I0626 15:46:27.390681       1 resource_allocation.go:76] "Listed internal info for allocatable resources, requested resources and score" pod="default/yolo-pos-1" node="gpuorin4-desktop" resourceAllocationScorer="NodeResourcesBalancedAllocation" allocatableResource=[6000,7885250560] requestedResource=[100,52428800] resourceScore=99
2026-06-27 00:46:27.406 I0626 15:46:27.390662       1 resource_allocation.go:76] "Listed internal info for allocatable resources, requested resources and score" pod="default/yolo-pos-1" node="gpu-orin2" resourceAllocationScorer="NodeResourcesBalancedAllocation" allocatableResource=[6000,7885127680] requestedResource=[100,52428800] resourceScore=99
2026-06-27 00:46:27.409 I0626 15:46:27.390683       1 resource_allocation.go:76] "Listed internal info for allocatable resources, requested resources and score" pod="default/yolo-pos-1" node="gpuorin5-desktop" resourceAllocationScorer="NodeResourcesBalancedAllocation" allocatableResource=[6000,7885127680] requestedResource=[100,52428800] resourceScore=99
2026-06-27 00:46:27.412 I0626 15:46:27.390739       1 schedule_one.go:745] "Plugin scored node for pod" pod="default/yolo-pos-1" plugin="TaintToleration" node="gpu-orin2" score=300
2026-06-27 00:46:27.414 I0626 15:46:27.390748       1 schedule_one.go:745] "Plugin scored node for pod" pod="default/yolo-pos-1" plugin="NodeAffinity" node="gpu-orin2" score=0
2026-06-27 00:46:27.417 I0626 15:46:27.390754       1 schedule_one.go:745] "Plugin scored node for pod" pod="default/yolo-pos-1" plugin="NodeResourcesFit" node="gpu-orin2" score=80
2026-06-27 00:46:27.419 I0626 15:46:27.390758       1 schedule_one.go:745] "Plugin scored node for pod" pod="default/yolo-pos-1" plugin="VolumeBinding" node="gpu-orin2" score=0
2026-06-27 00:46:27.420 I0626 15:46:27.390762       1 schedule_one.go:745] "Plugin scored node for pod" pod="default/yolo-pos-1" plugin="NodeResourcesBalancedAllocation" node="gpu-orin2" score=99
2026-06-27 00:46:27.422 I0626 15:46:27.390777       1 schedule_one.go:745] "Plugin scored node for pod" pod="default/yolo-pos-1" plugin="ImageLocality" node="gpu-orin2" score=0
2026-06-27 00:46:27.423 I0626 15:46:27.390781       1 schedule_one.go:745] "Plugin scored node for pod" pod="default/yolo-pos-1" plugin="TaintToleration" node="gpu-orin3" score=300
2026-06-27 00:46:27.425 I0626 15:46:27.390785       1 schedule_one.go:745] "Plugin scored node for pod" pod="default/yolo-pos-1" plugin="NodeAffinity" node="gpu-orin3" score=0
2026-06-27 00:46:27.426 I0626 15:46:27.390789       1 schedule_one.go:745] "Plugin scored node for pod" pod="default/yolo-pos-1" plugin="NodeResourcesFit" node="gpu-orin3" score=82
2026-06-27 00:46:27.427 I0626 15:46:27.390793       1 schedule_one.go:745] "Plugin scored node for pod" pod="default/yolo-pos-1" plugin="VolumeBinding" node="gpu-orin3" score=0
2026-06-27 00:46:27.428 I0626 15:46:27.390797       1 schedule_one.go:745] "Plugin scored node for pod" pod="default/yolo-pos-1" plugin="NodeResourcesBalancedAllocation" node="gpu-orin3" score=99
2026-06-27 00:46:27.429 I0626 15:46:27.390801       1 schedule_one.go:745] "Plugin scored node for pod" pod="default/yolo-pos-1" plugin="ImageLocality" node="gpu-orin3" score=0
2026-06-27 00:46:27.430 I0626 15:46:27.390805       1 schedule_one.go:745] "Plugin scored node for pod" pod="default/yolo-pos-1" plugin="TaintToleration" node="gpuorin4-desktop" score=300
2026-06-27 00:46:27.431 I0626 15:46:27.390809       1 schedule_one.go:745] "Plugin scored node for pod" pod="default/yolo-pos-1" plugin="NodeAffinity" node="gpuorin4-desktop" score=0
2026-06-27 00:46:27.432 I0626 15:46:27.390812       1 schedule_one.go:745] "Plugin scored node for pod" pod="default/yolo-pos-1" plugin="NodeResourcesFit" node="gpuorin4-desktop" score=80
2026-06-27 00:46:27.432 I0626 15:46:27.390819       1 schedule_one.go:745] "Plugin scored node for pod" pod="default/yolo-pos-1" plugin="VolumeBinding" node="gpuorin4-desktop" score=0
2026-06-27 00:46:27.433 I0626 15:46:27.390823       1 schedule_one.go:745] "Plugin scored node for pod" pod="default/yolo-pos-1" plugin="NodeResourcesBalancedAllocation" node="gpuorin4-desktop" score=99
2026-06-27 00:46:27.434 I0626 15:46:27.390828       1 schedule_one.go:745] "Plugin scored node for pod" pod="default/yolo-pos-1" plugin="ImageLocality" node="gpuorin4-desktop" score=0
2026-06-27 00:46:27.434 I0626 15:46:27.390832       1 schedule_one.go:745] "Plugin scored node for pod" pod="default/yolo-pos-1" plugin="TaintToleration" node="gpuorin5-desktop" score=300
2026-06-27 00:46:27.435 I0626 15:46:27.390836       1 schedule_one.go:745] "Plugin scored node for pod" pod="default/yolo-pos-1" plugin="NodeAffinity" node="gpuorin5-desktop" score=0
2026-06-27 00:46:27.436 I0626 15:46:27.390840       1 schedule_one.go:745] "Plugin scored node for pod" pod="default/yolo-pos-1" plugin="NodeResourcesFit" node="gpuorin5-desktop" score=80
2026-06-27 00:46:27.436 I0626 15:46:27.390843       1 schedule_one.go:745] "Plugin scored node for pod" pod="default/yolo-pos-1" plugin="VolumeBinding" node="gpuorin5-desktop" score=0
2026-06-27 00:46:27.437 I0626 15:46:27.390848       1 schedule_one.go:745] "Plugin scored node for pod" pod="default/yolo-pos-1" plugin="NodeResourcesBalancedAllocation" node="gpuorin5-desktop" score=99
2026-06-27 00:46:27.438 I0626 15:46:27.390852       1 schedule_one.go:745] "Plugin scored node for pod" pod="default/yolo-pos-1" plugin="ImageLocality" node="gpuorin5-desktop" score=0
2026-06-27 00:46:27.438 I0626 15:46:27.390858       1 schedule_one.go:812] "Calculated node's final score for pod" pod="default/yolo-pos-1" node="gpu-orin2" score=479
2026-06-27 00:46:27.439 I0626 15:46:27.390864       1 schedule_one.go:812] "Calculated node's final score for pod" pod="default/yolo-pos-1" node="gpu-orin3" score=481
2026-06-27 00:46:27.440 I0626 15:46:27.390869       1 schedule_one.go:812] "Calculated node's final score for pod" pod="default/yolo-pos-1" node="gpuorin4-desktop" score=479
2026-06-27 00:46:27.440 I0626 15:46:27.390874       1 schedule_one.go:812] "Calculated node's final score for pod" pod="default/yolo-pos-1" node="gpuorin5-desktop" score=479
2026-06-27 00:46:29.289 I0626 15:46:29.285569       1 resource_allocation.go:76] "Listed internal info for allocatable resources, requested resources and score" pod="default/yolo-cls-2" node="gpuorin5-desktop" resourceAllocationScorer="LeastAllocated" allocatableResource=[6000,7885127680] requestedResource=[900,1887436800] resourceScore=80
2026-06-27 00:46:29.291 I0626 15:46:29.285592       1 resource_allocation.go:76] "Listed internal info for allocatable resources, requested resources and score" pod="default/yolo-cls-2" node="gpuorin5-desktop" resourceAllocationScorer="NodeResourcesBalancedAllocation" allocatableResource=[6000,7885127680] requestedResource=[100,52428800] resourceScore=99
2026-06-27 00:46:29.294 I0626 15:46:29.285610       1 resource_allocation.go:76] "Listed internal info for allocatable resources, requested resources and score" pod="default/yolo-cls-2" node="gpu-orin3" resourceAllocationScorer="LeastAllocated" allocatableResource=[6000,7885156352] requestedResource=[900,1887436800] resourceScore=80
2026-06-27 00:46:29.297 I0626 15:46:29.285627       1 resource_allocation.go:76] "Listed internal info for allocatable resources, requested resources and score" pod="default/yolo-cls-2" node="gpu-orin3" resourceAllocationScorer="NodeResourcesBalancedAllocation" allocatableResource=[6000,7885156352] requestedResource=[100,52428800] resourceScore=99
2026-06-27 00:46:29.300 I0626 15:46:29.285650       1 resource_allocation.go:76] "Listed internal info for allocatable resources, requested resources and score" pod="default/yolo-cls-2" node="gpuorin4-desktop" resourceAllocationScorer="LeastAllocated" allocatableResource=[6000,7885250560] requestedResource=[900,1887436800] resourceScore=80
2026-06-27 00:46:29.303 I0626 15:46:29.285664       1 resource_allocation.go:76] "Listed internal info for allocatable resources, requested resources and score" pod="default/yolo-cls-2" node="gpuorin4-desktop" resourceAllocationScorer="NodeResourcesBalancedAllocation" allocatableResource=[6000,7885250560] requestedResource=[100,52428800] resourceScore=99
2026-06-27 00:46:29.307 I0626 15:46:29.285683       1 resource_allocation.go:76] "Listed internal info for allocatable resources, requested resources and score" pod="default/yolo-cls-2" node="gpu-orin2" resourceAllocationScorer="LeastAllocated" allocatableResource=[6000,7885127680] requestedResource=[900,1887436800] resourceScore=80
2026-06-27 00:46:29.310 I0626 15:46:29.285699       1 resource_allocation.go:76] "Listed internal info for allocatable resources, requested resources and score" pod="default/yolo-cls-2" node="gpu-orin2" resourceAllocationScorer="NodeResourcesBalancedAllocation" allocatableResource=[6000,7885127680] requestedResource=[100,52428800] resourceScore=99
2026-06-27 00:46:29.312 I0626 15:46:29.285822       1 schedule_one.go:745] "Plugin scored node for pod" pod="default/yolo-cls-2" plugin="TaintToleration" node="gpuorin5-desktop" score=300
2026-06-27 00:46:29.315 I0626 15:46:29.285851       1 schedule_one.go:745] "Plugin scored node for pod" pod="default/yolo-cls-2" plugin="NodeAffinity" node="gpuorin5-desktop" score=0
2026-06-27 00:46:29.318 I0626 15:46:29.285865       1 schedule_one.go:745] "Plugin scored node for pod" pod="default/yolo-cls-2" plugin="NodeResourcesFit" node="gpuorin5-desktop" score=80
2026-06-27 00:46:29.321 I0626 15:46:29.285877       1 schedule_one.go:745] "Plugin scored node for pod" pod="default/yolo-cls-2" plugin="VolumeBinding" node="gpuorin5-desktop" score=0
2026-06-27 00:46:29.323 I0626 15:46:29.285890       1 schedule_one.go:745] "Plugin scored node for pod" pod="default/yolo-cls-2" plugin="NodeResourcesBalancedAllocation" node="gpuorin5-desktop" score=99
2026-06-27 00:46:29.325 I0626 15:46:29.285902       1 schedule_one.go:745] "Plugin scored node for pod" pod="default/yolo-cls-2" plugin="ImageLocality" node="gpuorin5-desktop" score=0
2026-06-27 00:46:29.327 I0626 15:46:29.285912       1 schedule_one.go:745] "Plugin scored node for pod" pod="default/yolo-cls-2" plugin="TaintToleration" node="gpu-orin3" score=300
2026-06-27 00:46:29.328 I0626 15:46:29.285925       1 schedule_one.go:745] "Plugin scored node for pod" pod="default/yolo-cls-2" plugin="NodeAffinity" node="gpu-orin3" score=0
2026-06-27 00:46:29.330 I0626 15:46:29.285938       1 schedule_one.go:745] "Plugin scored node for pod" pod="default/yolo-cls-2" plugin="NodeResourcesFit" node="gpu-orin3" score=80
2026-06-27 00:46:29.331 I0626 15:46:29.285947       1 schedule_one.go:745] "Plugin scored node for pod" pod="default/yolo-cls-2" plugin="VolumeBinding" node="gpu-orin3" score=0
2026-06-27 00:46:29.332 I0626 15:46:29.285957       1 schedule_one.go:745] "Plugin scored node for pod" pod="default/yolo-cls-2" plugin="NodeResourcesBalancedAllocation" node="gpu-orin3" score=99
2026-06-27 00:46:29.333 I0626 15:46:29.285970       1 schedule_one.go:745] "Plugin scored node for pod" pod="default/yolo-cls-2" plugin="ImageLocality" node="gpu-orin3" score=0
2026-06-27 00:46:29.333 I0626 15:46:29.285987       1 schedule_one.go:745] "Plugin scored node for pod" pod="default/yolo-cls-2" plugin="TaintToleration" node="gpuorin4-desktop" score=300
2026-06-27 00:46:29.335 I0626 15:46:29.286004       1 schedule_one.go:745] "Plugin scored node for pod" pod="default/yolo-cls-2" plugin="NodeAffinity" node="gpuorin4-desktop" score=0
2026-06-27 00:46:29.336 I0626 15:46:29.286013       1 schedule_one.go:745] "Plugin scored node for pod" pod="default/yolo-cls-2" plugin="NodeResourcesFit" node="gpuorin4-desktop" score=80
2026-06-27 00:46:29.337 I0626 15:46:29.286022       1 schedule_one.go:745] "Plugin scored node for pod" pod="default/yolo-cls-2" plugin="VolumeBinding" node="gpuorin4-desktop" score=0
2026-06-27 00:46:29.337 I0626 15:46:29.286031       1 schedule_one.go:745] "Plugin scored node for pod" pod="default/yolo-cls-2" plugin="NodeResourcesBalancedAllocation" node="gpuorin4-desktop" score=99
2026-06-27 00:46:29.338 I0626 15:46:29.286040       1 schedule_one.go:745] "Plugin scored node for pod" pod="default/yolo-cls-2" plugin="ImageLocality" node="gpuorin4-desktop" score=0
2026-06-27 00:46:29.339 I0626 15:46:29.286049       1 schedule_one.go:745] "Plugin scored node for pod" pod="default/yolo-cls-2" plugin="TaintToleration" node="gpu-orin2" score=300
2026-06-27 00:46:29.340 I0626 15:46:29.286058       1 schedule_one.go:745] "Plugin scored node for pod" pod="default/yolo-cls-2" plugin="NodeAffinity" node="gpu-orin2" score=0
2026-06-27 00:46:29.340 I0626 15:46:29.286070       1 schedule_one.go:745] "Plugin scored node for pod" pod="default/yolo-cls-2" plugin="NodeResourcesFit" node="gpu-orin2" score=80
2026-06-27 00:46:29.341 I0626 15:46:29.286079       1 schedule_one.go:745] "Plugin scored node for pod" pod="default/yolo-cls-2" plugin="VolumeBinding" node="gpu-orin2" score=0
2026-06-27 00:46:29.342 I0626 15:46:29.286093       1 schedule_one.go:745] "Plugin scored node for pod" pod="default/yolo-cls-2" plugin="NodeResourcesBalancedAllocation" node="gpu-orin2" score=99
2026-06-27 00:46:29.343 I0626 15:46:29.286101       1 schedule_one.go:745] "Plugin scored node for pod" pod="default/yolo-cls-2" plugin="ImageLocality" node="gpu-orin2" score=0
2026-06-27 00:46:29.343 I0626 15:46:29.286118       1 schedule_one.go:812] "Calculated node's final score for pod" pod="default/yolo-cls-2" node="gpuorin5-desktop" score=479
2026-06-27 00:46:29.344 I0626 15:46:29.286129       1 schedule_one.go:812] "Calculated node's final score for pod" pod="default/yolo-cls-2" node="gpu-orin3" score=479
2026-06-27 00:46:29.345 I0626 15:46:29.286140       1 schedule_one.go:812] "Calculated node's final score for pod" pod="default/yolo-cls-2" node="gpuorin4-desktop" score=479
2026-06-27 00:46:29.345 I0626 15:46:29.286150       1 schedule_one.go:812] "Calculated node's final score for pod" pod="default/yolo-cls-2" node="gpu-orin2" score=479
2026-06-27 00:46:31.206 I0626 15:46:31.204928       1 resource_allocation.go:76] "Listed internal info for allocatable resources, requested resources and score" pod="default/yolo-det-2" node="gpuorin5-desktop" resourceAllocationScorer="LeastAllocated" allocatableResource=[6000,7885127680] requestedResource=[900,1887436800] resourceScore=80
2026-06-27 00:46:31.207 I0626 15:46:31.204929       1 resource_allocation.go:76] "Listed internal info for allocatable resources, requested resources and score" pod="default/yolo-det-2" node="gpuorin4-desktop" resourceAllocationScorer="LeastAllocated" allocatableResource=[6000,7885250560] requestedResource=[900,1887436800] resourceScore=80
2026-06-27 00:46:31.207 I0626 15:46:31.204929       1 resource_allocation.go:76] "Listed internal info for allocatable resources, requested resources and score" pod="default/yolo-det-2" node="gpu-orin3" resourceAllocationScorer="LeastAllocated" allocatableResource=[6000,7885156352] requestedResource=[1000,2097152000] resourceScore=78
2026-06-27 00:46:31.208 I0626 15:46:31.204937       1 resource_allocation.go:76] "Listed internal info for allocatable resources, requested resources and score" pod="default/yolo-det-2" node="gpuorin5-desktop" resourceAllocationScorer="NodeResourcesBalancedAllocation" allocatableResource=[6000,7885127680] requestedResource=[100,52428800] resourceScore=99
2026-06-27 00:46:31.209 I0626 15:46:31.204941       1 resource_allocation.go:76] "Listed internal info for allocatable resources, requested resources and score" pod="default/yolo-det-2" node="gpuorin4-desktop" resourceAllocationScorer="NodeResourcesBalancedAllocation" allocatableResource=[6000,7885250560] requestedResource=[100,52428800] resourceScore=99
2026-06-27 00:46:31.209 I0626 15:46:31.204945       1 resource_allocation.go:76] "Listed internal info for allocatable resources, requested resources and score" pod="default/yolo-det-2" node="gpu-orin3" resourceAllocationScorer="NodeResourcesBalancedAllocation" allocatableResource=[6000,7885156352] requestedResource=[100,52428800] resourceScore=99
2026-06-27 00:46:31.210 I0626 15:46:31.204928       1 resource_allocation.go:76] "Listed internal info for allocatable resources, requested resources and score" pod="default/yolo-det-2" node="gpu-orin2" resourceAllocationScorer="LeastAllocated" allocatableResource=[6000,7885127680] requestedResource=[900,1887436800] resourceScore=80
2026-06-27 00:46:31.211 I0626 15:46:31.204956       1 resource_allocation.go:76] "Listed internal info for allocatable resources, requested resources and score" pod="default/yolo-det-2" node="gpu-orin2" resourceAllocationScorer="NodeResourcesBalancedAllocation" allocatableResource=[6000,7885127680] requestedResource=[100,52428800] resourceScore=99
2026-06-27 00:46:31.211 I0626 15:46:31.204980       1 schedule_one.go:745] "Plugin scored node for pod" pod="default/yolo-det-2" plugin="TaintToleration" node="gpuorin4-desktop" score=300
2026-06-27 00:46:31.212 I0626 15:46:31.204986       1 schedule_one.go:745] "Plugin scored node for pod" pod="default/yolo-det-2" plugin="NodeAffinity" node="gpuorin4-desktop" score=0
2026-06-27 00:46:31.213 I0626 15:46:31.204990       1 schedule_one.go:745] "Plugin scored node for pod" pod="default/yolo-det-2" plugin="NodeResourcesFit" node="gpuorin4-desktop" score=80
2026-06-27 00:46:31.215 I0626 15:46:31.204993       1 schedule_one.go:745] "Plugin scored node for pod" pod="default/yolo-det-2" plugin="VolumeBinding" node="gpuorin4-desktop" score=0
2026-06-27 00:46:31.217 I0626 15:46:31.204996       1 schedule_one.go:745] "Plugin scored node for pod" pod="default/yolo-det-2" plugin="NodeResourcesBalancedAllocation" node="gpuorin4-desktop" score=99
2026-06-27 00:46:31.219 I0626 15:46:31.205000       1 schedule_one.go:745] "Plugin scored node for pod" pod="default/yolo-det-2" plugin="ImageLocality" node="gpuorin4-desktop" score=0
2026-06-27 00:46:31.221 I0626 15:46:31.205003       1 schedule_one.go:745] "Plugin scored node for pod" pod="default/yolo-det-2" plugin="TaintToleration" node="gpu-orin3" score=300
2026-06-27 00:46:31.222 I0626 15:46:31.205006       1 schedule_one.go:745] "Plugin scored node for pod" pod="default/yolo-det-2" plugin="NodeAffinity" node="gpu-orin3" score=0
2026-06-27 00:46:31.224 I0626 15:46:31.205009       1 schedule_one.go:745] "Plugin scored node for pod" pod="default/yolo-det-2" plugin="NodeResourcesFit" node="gpu-orin3" score=78
2026-06-27 00:46:31.226 I0626 15:46:31.205012       1 schedule_one.go:745] "Plugin scored node for pod" pod="default/yolo-det-2" plugin="VolumeBinding" node="gpu-orin3" score=0
2026-06-27 00:46:31.227 I0626 15:46:31.205016       1 schedule_one.go:745] "Plugin scored node for pod" pod="default/yolo-det-2" plugin="NodeResourcesBalancedAllocation" node="gpu-orin3" score=99
2026-06-27 00:46:31.228 I0626 15:46:31.205019       1 schedule_one.go:745] "Plugin scored node for pod" pod="default/yolo-det-2" plugin="ImageLocality" node="gpu-orin3" score=0
2026-06-27 00:46:31.229 I0626 15:46:31.205023       1 schedule_one.go:745] "Plugin scored node for pod" pod="default/yolo-det-2" plugin="TaintToleration" node="gpu-orin2" score=300
2026-06-27 00:46:31.230 I0626 15:46:31.205027       1 schedule_one.go:745] "Plugin scored node for pod" pod="default/yolo-det-2" plugin="NodeAffinity" node="gpu-orin2" score=0
2026-06-27 00:46:31.231 I0626 15:46:31.205029       1 schedule_one.go:745] "Plugin scored node for pod" pod="default/yolo-det-2" plugin="NodeResourcesFit" node="gpu-orin2" score=80
2026-06-27 00:46:31.232 I0626 15:46:31.205033       1 schedule_one.go:745] "Plugin scored node for pod" pod="default/yolo-det-2" plugin="VolumeBinding" node="gpu-orin2" score=0
2026-06-27 00:46:31.233 I0626 15:46:31.205036       1 schedule_one.go:745] "Plugin scored node for pod" pod="default/yolo-det-2" plugin="NodeResourcesBalancedAllocation" node="gpu-orin2" score=99
2026-06-27 00:46:31.234 I0626 15:46:31.205039       1 schedule_one.go:745] "Plugin scored node for pod" pod="default/yolo-det-2" plugin="ImageLocality" node="gpu-orin2" score=0
2026-06-27 00:46:31.235 I0626 15:46:31.205042       1 schedule_one.go:745] "Plugin scored node for pod" pod="default/yolo-det-2" plugin="TaintToleration" node="gpuorin5-desktop" score=300
2026-06-27 00:46:31.236 I0626 15:46:31.205045       1 schedule_one.go:745] "Plugin scored node for pod" pod="default/yolo-det-2" plugin="NodeAffinity" node="gpuorin5-desktop" score=0
2026-06-27 00:46:31.236 I0626 15:46:31.205048       1 schedule_one.go:745] "Plugin scored node for pod" pod="default/yolo-det-2" plugin="NodeResourcesFit" node="gpuorin5-desktop" score=80
2026-06-27 00:46:31.237 I0626 15:46:31.205051       1 schedule_one.go:745] "Plugin scored node for pod" pod="default/yolo-det-2" plugin="VolumeBinding" node="gpuorin5-desktop" score=0
2026-06-27 00:46:31.237 I0626 15:46:31.205054       1 schedule_one.go:745] "Plugin scored node for pod" pod="default/yolo-det-2" plugin="NodeResourcesBalancedAllocation" node="gpuorin5-desktop" score=99
2026-06-27 00:46:31.238 I0626 15:46:31.205058       1 schedule_one.go:745] "Plugin scored node for pod" pod="default/yolo-det-2" plugin="ImageLocality" node="gpuorin5-desktop" score=0
2026-06-27 00:46:31.239 I0626 15:46:31.205063       1 schedule_one.go:812] "Calculated node's final score for pod" pod="default/yolo-det-2" node="gpuorin4-desktop" score=479
2026-06-27 00:46:31.239 I0626 15:46:31.205068       1 schedule_one.go:812] "Calculated node's final score for pod" pod="default/yolo-det-2" node="gpu-orin3" score=477
2026-06-27 00:46:31.240 I0626 15:46:31.205072       1 schedule_one.go:812] "Calculated node's final score for pod" pod="default/yolo-det-2" node="gpu-orin2" score=479
2026-06-27 00:46:31.240 I0626 15:46:31.205076       1 schedule_one.go:812] "Calculated node's final score for pod" pod="default/yolo-det-2" node="gpuorin5-desktop" score=479
2026-06-27 00:46:33.128 I0626 15:46:33.123256       1 resource_allocation.go:76] "Listed internal info for allocatable resources, requested resources and score" pod="default/yolo-seg-2" node="gpu-orin2" resourceAllocationScorer="LeastAllocated" allocatableResource=[6000,7885127680] requestedResource=[1000,2097152000] resourceScore=78
2026-06-27 00:46:33.131 I0626 15:46:33.123299       1 resource_allocation.go:76] "Listed internal info for allocatable resources, requested resources and score" pod="default/yolo-seg-2" node="gpu-orin2" resourceAllocationScorer="NodeResourcesBalancedAllocation" allocatableResource=[6000,7885127680] requestedResource=[100,52428800] resourceScore=99
2026-06-27 00:46:33.134 I0626 15:46:33.123324       1 resource_allocation.go:76] "Listed internal info for allocatable resources, requested resources and score" pod="default/yolo-seg-2" node="gpu-orin3" resourceAllocationScorer="LeastAllocated" allocatableResource=[6000,7885156352] requestedResource=[1000,2097152000] resourceScore=78
2026-06-27 00:46:33.137 I0626 15:46:33.123333       1 resource_allocation.go:76] "Listed internal info for allocatable resources, requested resources and score" pod="default/yolo-seg-2" node="gpuorin4-desktop" resourceAllocationScorer="LeastAllocated" allocatableResource=[6000,7885250560] requestedResource=[900,1887436800] resourceScore=80
2026-06-27 00:46:33.140 I0626 15:46:33.123340       1 resource_allocation.go:76] "Listed internal info for allocatable resources, requested resources and score" pod="default/yolo-seg-2" node="gpuorin5-desktop" resourceAllocationScorer="LeastAllocated" allocatableResource=[6000,7885127680] requestedResource=[900,1887436800] resourceScore=80
2026-06-27 00:46:33.144 I0626 15:46:33.123363       1 resource_allocation.go:76] "Listed internal info for allocatable resources, requested resources and score" pod="default/yolo-seg-2" node="gpu-orin3" resourceAllocationScorer="NodeResourcesBalancedAllocation" allocatableResource=[6000,7885156352] requestedResource=[100,52428800] resourceScore=99
2026-06-27 00:46:33.147 I0626 15:46:33.123393       1 resource_allocation.go:76] "Listed internal info for allocatable resources, requested resources and score" pod="default/yolo-seg-2" node="gpuorin4-desktop" resourceAllocationScorer="NodeResourcesBalancedAllocation" allocatableResource=[6000,7885250560] requestedResource=[100,52428800] resourceScore=99
2026-06-27 00:46:33.150 I0626 15:46:33.123408       1 resource_allocation.go:76] "Listed internal info for allocatable resources, requested resources and score" pod="default/yolo-seg-2" node="gpuorin5-desktop" resourceAllocationScorer="NodeResourcesBalancedAllocation" allocatableResource=[6000,7885127680] requestedResource=[100,52428800] resourceScore=99
2026-06-27 00:46:33.153 I0626 15:46:33.123624       1 schedule_one.go:745] "Plugin scored node for pod" pod="default/yolo-seg-2" plugin="TaintToleration" node="gpu-orin2" score=300
2026-06-27 00:46:33.155 I0626 15:46:33.123659       1 schedule_one.go:745] "Plugin scored node for pod" pod="default/yolo-seg-2" plugin="NodeAffinity" node="gpu-orin2" score=0
2026-06-27 00:46:33.156 I0626 15:46:33.123673       1 schedule_one.go:745] "Plugin scored node for pod" pod="default/yolo-seg-2" plugin="NodeResourcesFit" node="gpu-orin2" score=78
2026-06-27 00:46:33.157 I0626 15:46:33.123682       1 schedule_one.go:745] "Plugin scored node for pod" pod="default/yolo-seg-2" plugin="VolumeBinding" node="gpu-orin2" score=0
2026-06-27 00:46:33.158 I0626 15:46:33.123691       1 schedule_one.go:745] "Plugin scored node for pod" pod="default/yolo-seg-2" plugin="NodeResourcesBalancedAllocation" node="gpu-orin2" score=99
2026-06-27 00:46:33.159 I0626 15:46:33.123705       1 schedule_one.go:745] "Plugin scored node for pod" pod="default/yolo-seg-2" plugin="ImageLocality" node="gpu-orin2" score=0
2026-06-27 00:46:33.160 I0626 15:46:33.123719       1 schedule_one.go:745] "Plugin scored node for pod" pod="default/yolo-seg-2" plugin="TaintToleration" node="gpuorin4-desktop" score=300
2026-06-27 00:46:33.160 I0626 15:46:33.123731       1 schedule_one.go:745] "Plugin scored node for pod" pod="default/yolo-seg-2" plugin="NodeAffinity" node="gpuorin4-desktop" score=0
2026-06-27 00:46:33.161 I0626 15:46:33.123743       1 schedule_one.go:745] "Plugin scored node for pod" pod="default/yolo-seg-2" plugin="NodeResourcesFit" node="gpuorin4-desktop" score=80
2026-06-27 00:46:33.162 I0626 15:46:33.123789       1 schedule_one.go:745] "Plugin scored node for pod" pod="default/yolo-seg-2" plugin="VolumeBinding" node="gpuorin4-desktop" score=0
2026-06-27 00:46:33.162 I0626 15:46:33.123803       1 schedule_one.go:745] "Plugin scored node for pod" pod="default/yolo-seg-2" plugin="NodeResourcesBalancedAllocation" node="gpuorin4-desktop" score=99
2026-06-27 00:46:33.163 I0626 15:46:33.123814       1 schedule_one.go:745] "Plugin scored node for pod" pod="default/yolo-seg-2" plugin="ImageLocality" node="gpuorin4-desktop" score=0
2026-06-27 00:46:33.164 I0626 15:46:33.123827       1 schedule_one.go:745] "Plugin scored node for pod" pod="default/yolo-seg-2" plugin="TaintToleration" node="gpuorin5-desktop" score=300
2026-06-27 00:46:33.164 I0626 15:46:33.123839       1 schedule_one.go:745] "Plugin scored node for pod" pod="default/yolo-seg-2" plugin="NodeAffinity" node="gpuorin5-desktop" score=0
2026-06-27 00:46:33.165 I0626 15:46:33.123853       1 schedule_one.go:745] "Plugin scored node for pod" pod="default/yolo-seg-2" plugin="NodeResourcesFit" node="gpuorin5-desktop" score=80
2026-06-27 00:46:33.166 I0626 15:46:33.123863       1 schedule_one.go:745] "Plugin scored node for pod" pod="default/yolo-seg-2" plugin="VolumeBinding" node="gpuorin5-desktop" score=0
2026-06-27 00:46:33.166 I0626 15:46:33.123871       1 schedule_one.go:745] "Plugin scored node for pod" pod="default/yolo-seg-2" plugin="NodeResourcesBalancedAllocation" node="gpuorin5-desktop" score=99
2026-06-27 00:46:33.167 I0626 15:46:33.123882       1 schedule_one.go:745] "Plugin scored node for pod" pod="default/yolo-seg-2" plugin="ImageLocality" node="gpuorin5-desktop" score=0
2026-06-27 00:46:33.168 I0626 15:46:33.123896       1 schedule_one.go:745] "Plugin scored node for pod" pod="default/yolo-seg-2" plugin="TaintToleration" node="gpu-orin3" score=300
2026-06-27 00:46:33.168 I0626 15:46:33.123909       1 schedule_one.go:745] "Plugin scored node for pod" pod="default/yolo-seg-2" plugin="NodeAffinity" node="gpu-orin3" score=0
2026-06-27 00:46:33.169 I0626 15:46:33.123917       1 schedule_one.go:745] "Plugin scored node for pod" pod="default/yolo-seg-2" plugin="NodeResourcesFit" node="gpu-orin3" score=78
2026-06-27 00:46:33.169 I0626 15:46:33.123925       1 schedule_one.go:745] "Plugin scored node for pod" pod="default/yolo-seg-2" plugin="VolumeBinding" node="gpu-orin3" score=0
2026-06-27 00:46:33.169 I0626 15:46:33.123932       1 schedule_one.go:745] "Plugin scored node for pod" pod="default/yolo-seg-2" plugin="NodeResourcesBalancedAllocation" node="gpu-orin3" score=99
2026-06-27 00:46:33.170 I0626 15:46:33.123939       1 schedule_one.go:745] "Plugin scored node for pod" pod="default/yolo-seg-2" plugin="ImageLocality" node="gpu-orin3" score=0
2026-06-27 00:46:33.170 I0626 15:46:33.123952       1 schedule_one.go:812] "Calculated node's final score for pod" pod="default/yolo-seg-2" node="gpu-orin2" score=477
2026-06-27 00:46:33.171 I0626 15:46:33.123964       1 schedule_one.go:812] "Calculated node's final score for pod" pod="default/yolo-seg-2" node="gpuorin4-desktop" score=479
2026-06-27 00:46:33.171 I0626 15:46:33.123975       1 schedule_one.go:812] "Calculated node's final score for pod" pod="default/yolo-seg-2" node="gpuorin5-desktop" score=479
2026-06-27 00:46:33.172 I0626 15:46:33.123985       1 schedule_one.go:812] "Calculated node's final score for pod" pod="default/yolo-seg-2" node="gpu-orin3" score=477
2026-06-27 00:46:35.001 I0626 15:46:34.998790       1 resource_allocation.go:76] "Listed internal info for allocatable resources, requested resources and score" pod="default/yolo-obb-2" node="gpu-orin2" resourceAllocationScorer="LeastAllocated" allocatableResource=[6000,7885127680] requestedResource=[1000,2097152000] resourceScore=78
2026-06-27 00:46:35.003 I0626 15:46:34.998815       1 resource_allocation.go:76] "Listed internal info for allocatable resources, requested resources and score" pod="default/yolo-obb-2" node="gpu-orin2" resourceAllocationScorer="NodeResourcesBalancedAllocation" allocatableResource=[6000,7885127680] requestedResource=[100,52428800] resourceScore=99
2026-06-27 00:46:35.005 I0626 15:46:34.998828       1 resource_allocation.go:76] "Listed internal info for allocatable resources, requested resources and score" pod="default/yolo-obb-2" node="gpuorin4-desktop" resourceAllocationScorer="LeastAllocated" allocatableResource=[6000,7885250560] requestedResource=[1000,2097152000] resourceScore=78
2026-06-27 00:46:35.008 I0626 15:46:34.998830       1 resource_allocation.go:76] "Listed internal info for allocatable resources, requested resources and score" pod="default/yolo-obb-2" node="gpuorin5-desktop" resourceAllocationScorer="LeastAllocated" allocatableResource=[6000,7885127680] requestedResource=[900,1887436800] resourceScore=80
2026-06-27 00:46:35.011 I0626 15:46:34.998859       1 resource_allocation.go:76] "Listed internal info for allocatable resources, requested resources and score" pod="default/yolo-obb-2" node="gpuorin5-desktop" resourceAllocationScorer="NodeResourcesBalancedAllocation" allocatableResource=[6000,7885127680] requestedResource=[100,52428800] resourceScore=99
2026-06-27 00:46:35.014 I0626 15:46:34.998868       1 resource_allocation.go:76] "Listed internal info for allocatable resources, requested resources and score" pod="default/yolo-obb-2" node="gpu-orin3" resourceAllocationScorer="LeastAllocated" allocatableResource=[6000,7885156352] requestedResource=[1000,2097152000] resourceScore=78
2026-06-27 00:46:35.017 I0626 15:46:34.998888       1 resource_allocation.go:76] "Listed internal info for allocatable resources, requested resources and score" pod="default/yolo-obb-2" node="gpuorin4-desktop" resourceAllocationScorer="NodeResourcesBalancedAllocation" allocatableResource=[6000,7885250560] requestedResource=[100,52428800] resourceScore=99
2026-06-27 00:46:35.020 I0626 15:46:34.998932       1 resource_allocation.go:76] "Listed internal info for allocatable resources, requested resources and score" pod="default/yolo-obb-2" node="gpu-orin3" resourceAllocationScorer="NodeResourcesBalancedAllocation" allocatableResource=[6000,7885156352] requestedResource=[100,52428800] resourceScore=99
2026-06-27 00:46:35.023 I0626 15:46:34.999064       1 schedule_one.go:745] "Plugin scored node for pod" pod="default/yolo-obb-2" plugin="TaintToleration" node="gpu-orin2" score=300
2026-06-27 00:46:35.026 I0626 15:46:34.999084       1 schedule_one.go:745] "Plugin scored node for pod" pod="default/yolo-obb-2" plugin="NodeAffinity" node="gpu-orin2" score=0
2026-06-27 00:46:35.029 I0626 15:46:34.999094       1 schedule_one.go:745] "Plugin scored node for pod" pod="default/yolo-obb-2" plugin="NodeResourcesFit" node="gpu-orin2" score=78
2026-06-27 00:46:35.031 I0626 15:46:34.999101       1 schedule_one.go:745] "Plugin scored node for pod" pod="default/yolo-obb-2" plugin="VolumeBinding" node="gpu-orin2" score=0
2026-06-27 00:46:35.032 I0626 15:46:34.999109       1 schedule_one.go:745] "Plugin scored node for pod" pod="default/yolo-obb-2" plugin="NodeResourcesBalancedAllocation" node="gpu-orin2" score=99
2026-06-27 00:46:35.033 I0626 15:46:34.999116       1 schedule_one.go:745] "Plugin scored node for pod" pod="default/yolo-obb-2" plugin="ImageLocality" node="gpu-orin2" score=0
2026-06-27 00:46:35.034 I0626 15:46:34.999135       1 schedule_one.go:745] "Plugin scored node for pod" pod="default/yolo-obb-2" plugin="TaintToleration" node="gpu-orin3" score=300
2026-06-27 00:46:35.036 I0626 15:46:34.999143       1 schedule_one.go:745] "Plugin scored node for pod" pod="default/yolo-obb-2" plugin="NodeAffinity" node="gpu-orin3" score=0
2026-06-27 00:46:35.037 I0626 15:46:34.999150       1 schedule_one.go:745] "Plugin scored node for pod" pod="default/yolo-obb-2" plugin="NodeResourcesFit" node="gpu-orin3" score=78
2026-06-27 00:46:35.038 I0626 15:46:34.999157       1 schedule_one.go:745] "Plugin scored node for pod" pod="default/yolo-obb-2" plugin="VolumeBinding" node="gpu-orin3" score=0
2026-06-27 00:46:35.039 I0626 15:46:34.999164       1 schedule_one.go:745] "Plugin scored node for pod" pod="default/yolo-obb-2" plugin="NodeResourcesBalancedAllocation" node="gpu-orin3" score=99
2026-06-27 00:46:35.041 I0626 15:46:34.999170       1 schedule_one.go:745] "Plugin scored node for pod" pod="default/yolo-obb-2" plugin="ImageLocality" node="gpu-orin3" score=0
2026-06-27 00:46:35.041 I0626 15:46:34.999177       1 schedule_one.go:745] "Plugin scored node for pod" pod="default/yolo-obb-2" plugin="TaintToleration" node="gpuorin4-desktop" score=300
2026-06-27 00:46:35.042 I0626 15:46:34.999190       1 schedule_one.go:745] "Plugin scored node for pod" pod="default/yolo-obb-2" plugin="NodeAffinity" node="gpuorin4-desktop" score=0
2026-06-27 00:46:35.043 I0626 15:46:34.999196       1 schedule_one.go:745] "Plugin scored node for pod" pod="default/yolo-obb-2" plugin="NodeResourcesFit" node="gpuorin4-desktop" score=78
2026-06-27 00:46:35.044 I0626 15:46:34.999203       1 schedule_one.go:745] "Plugin scored node for pod" pod="default/yolo-obb-2" plugin="VolumeBinding" node="gpuorin4-desktop" score=0
2026-06-27 00:46:35.045 I0626 15:46:34.999209       1 schedule_one.go:745] "Plugin scored node for pod" pod="default/yolo-obb-2" plugin="NodeResourcesBalancedAllocation" node="gpuorin4-desktop" score=99
2026-06-27 00:46:35.046 I0626 15:46:34.999220       1 schedule_one.go:745] "Plugin scored node for pod" pod="default/yolo-obb-2" plugin="ImageLocality" node="gpuorin4-desktop" score=0
2026-06-27 00:46:35.046 I0626 15:46:34.999227       1 schedule_one.go:745] "Plugin scored node for pod" pod="default/yolo-obb-2" plugin="TaintToleration" node="gpuorin5-desktop" score=300
2026-06-27 00:46:35.047 I0626 15:46:34.999233       1 schedule_one.go:745] "Plugin scored node for pod" pod="default/yolo-obb-2" plugin="NodeAffinity" node="gpuorin5-desktop" score=0
2026-06-27 00:46:35.048 I0626 15:46:34.999240       1 schedule_one.go:745] "Plugin scored node for pod" pod="default/yolo-obb-2" plugin="NodeResourcesFit" node="gpuorin5-desktop" score=80
2026-06-27 00:46:35.050 I0626 15:46:34.999249       1 schedule_one.go:745] "Plugin scored node for pod" pod="default/yolo-obb-2" plugin="VolumeBinding" node="gpuorin5-desktop" score=0
2026-06-27 00:46:35.051 I0626 15:46:34.999255       1 schedule_one.go:745] "Plugin scored node for pod" pod="default/yolo-obb-2" plugin="NodeResourcesBalancedAllocation" node="gpuorin5-desktop" score=99
2026-06-27 00:46:35.051 I0626 15:46:34.999262       1 schedule_one.go:745] "Plugin scored node for pod" pod="default/yolo-obb-2" plugin="ImageLocality" node="gpuorin5-desktop" score=0
2026-06-27 00:46:35.052 I0626 15:46:34.999274       1 schedule_one.go:812] "Calculated node's final score for pod" pod="default/yolo-obb-2" node="gpu-orin2" score=477
2026-06-27 00:46:35.053 I0626 15:46:34.999285       1 schedule_one.go:812] "Calculated node's final score for pod" pod="default/yolo-obb-2" node="gpu-orin3" score=477
2026-06-27 00:46:35.053 I0626 15:46:34.999293       1 schedule_one.go:812] "Calculated node's final score for pod" pod="default/yolo-obb-2" node="gpuorin4-desktop" score=477
2026-06-27 00:46:35.055 I0626 15:46:34.999304       1 schedule_one.go:812] "Calculated node's final score for pod" pod="default/yolo-obb-2" node="gpuorin5-desktop" score=479
2026-06-27 00:46:36.954 I0626 15:46:36.952328       1 resource_allocation.go:76] "Listed internal info for allocatable resources, requested resources and score" pod="default/yolo-pos-2" node="gpuorin4-desktop" resourceAllocationScorer="LeastAllocated" allocatableResource=[6000,7885250560] requestedResource=[1000,2097152000] resourceScore=78
2026-06-27 00:46:36.955 I0626 15:46:36.952336       1 resource_allocation.go:76] "Listed internal info for allocatable resources, requested resources and score" pod="default/yolo-pos-2" node="gpu-orin2" resourceAllocationScorer="LeastAllocated" allocatableResource=[6000,7885127680] requestedResource=[1000,2097152000] resourceScore=78
2026-06-27 00:46:36.957 I0626 15:46:36.952355       1 resource_allocation.go:76] "Listed internal info for allocatable resources, requested resources and score" pod="default/yolo-pos-2" node="gpuorin4-desktop" resourceAllocationScorer="NodeResourcesBalancedAllocation" allocatableResource=[6000,7885250560] requestedResource=[100,52428800] resourceScore=99
2026-06-27 00:46:36.958 I0626 15:46:36.952358       1 resource_allocation.go:76] "Listed internal info for allocatable resources, requested resources and score" pod="default/yolo-pos-2" node="gpu-orin2" resourceAllocationScorer="NodeResourcesBalancedAllocation" allocatableResource=[6000,7885127680] requestedResource=[100,52428800] resourceScore=99
2026-06-27 00:46:36.960 I0626 15:46:36.952357       1 resource_allocation.go:76] "Listed internal info for allocatable resources, requested resources and score" pod="default/yolo-pos-2" node="gpuorin5-desktop" resourceAllocationScorer="LeastAllocated" allocatableResource=[6000,7885127680] requestedResource=[1000,2097152000] resourceScore=78
2026-06-27 00:46:36.963 I0626 15:46:36.952370       1 resource_allocation.go:76] "Listed internal info for allocatable resources, requested resources and score" pod="default/yolo-pos-2" node="gpu-orin3" resourceAllocationScorer="LeastAllocated" allocatableResource=[6000,7885156352] requestedResource=[1000,2097152000] resourceScore=78
2026-06-27 00:46:36.965 I0626 15:46:36.952379       1 resource_allocation.go:76] "Listed internal info for allocatable resources, requested resources and score" pod="default/yolo-pos-2" node="gpuorin5-desktop" resourceAllocationScorer="NodeResourcesBalancedAllocation" allocatableResource=[6000,7885127680] requestedResource=[100,52428800] resourceScore=99
2026-06-27 00:46:36.967 I0626 15:46:36.952394       1 resource_allocation.go:76] "Listed internal info for allocatable resources, requested resources and score" pod="default/yolo-pos-2" node="gpu-orin3" resourceAllocationScorer="NodeResourcesBalancedAllocation" allocatableResource=[6000,7885156352] requestedResource=[100,52428800] resourceScore=99
2026-06-27 00:46:36.969 I0626 15:46:36.952464       1 schedule_one.go:745] "Plugin scored node for pod" pod="default/yolo-pos-2" plugin="TaintToleration" node="gpu-orin2" score=300
2026-06-27 00:46:36.970 I0626 15:46:36.952482       1 schedule_one.go:745] "Plugin scored node for pod" pod="default/yolo-pos-2" plugin="NodeAffinity" node="gpu-orin2" score=0
2026-06-27 00:46:36.972 I0626 15:46:36.952492       1 schedule_one.go:745] "Plugin scored node for pod" pod="default/yolo-pos-2" plugin="NodeResourcesFit" node="gpu-orin2" score=78
2026-06-27 00:46:36.973 I0626 15:46:36.952498       1 schedule_one.go:745] "Plugin scored node for pod" pod="default/yolo-pos-2" plugin="VolumeBinding" node="gpu-orin2" score=0
2026-06-27 00:46:36.976 I0626 15:46:36.952507       1 schedule_one.go:745] "Plugin scored node for pod" pod="default/yolo-pos-2" plugin="NodeResourcesBalancedAllocation" node="gpu-orin2" score=99
2026-06-27 00:46:36.979 I0626 15:46:36.952512       1 schedule_one.go:745] "Plugin scored node for pod" pod="default/yolo-pos-2" plugin="ImageLocality" node="gpu-orin2" score=0
2026-06-27 00:46:36.982 I0626 15:46:36.952519       1 schedule_one.go:745] "Plugin scored node for pod" pod="default/yolo-pos-2" plugin="TaintToleration" node="gpuorin4-desktop" score=300
2026-06-27 00:46:36.985 I0626 15:46:36.952523       1 schedule_one.go:745] "Plugin scored node for pod" pod="default/yolo-pos-2" plugin="NodeAffinity" node="gpuorin4-desktop" score=0
2026-06-27 00:46:36.987 I0626 15:46:36.952529       1 schedule_one.go:745] "Plugin scored node for pod" pod="default/yolo-pos-2" plugin="NodeResourcesFit" node="gpuorin4-desktop" score=78
2026-06-27 00:46:36.990 I0626 15:46:36.952533       1 schedule_one.go:745] "Plugin scored node for pod" pod="default/yolo-pos-2" plugin="VolumeBinding" node="gpuorin4-desktop" score=0
2026-06-27 00:46:36.992 I0626 15:46:36.952539       1 schedule_one.go:745] "Plugin scored node for pod" pod="default/yolo-pos-2" plugin="NodeResourcesBalancedAllocation" node="gpuorin4-desktop" score=99
2026-06-27 00:46:36.993 I0626 15:46:36.952545       1 schedule_one.go:745] "Plugin scored node for pod" pod="default/yolo-pos-2" plugin="ImageLocality" node="gpuorin4-desktop" score=0
2026-06-27 00:46:36.995 I0626 15:46:36.952552       1 schedule_one.go:745] "Plugin scored node for pod" pod="default/yolo-pos-2" plugin="TaintToleration" node="gpuorin5-desktop" score=300
2026-06-27 00:46:36.996 I0626 15:46:36.952557       1 schedule_one.go:745] "Plugin scored node for pod" pod="default/yolo-pos-2" plugin="NodeAffinity" node="gpuorin5-desktop" score=0
2026-06-27 00:46:36.997 I0626 15:46:36.952562       1 schedule_one.go:745] "Plugin scored node for pod" pod="default/yolo-pos-2" plugin="NodeResourcesFit" node="gpuorin5-desktop" score=78
2026-06-27 00:46:36.998 I0626 15:46:36.952575       1 schedule_one.go:745] "Plugin scored node for pod" pod="default/yolo-pos-2" plugin="VolumeBinding" node="gpuorin5-desktop" score=0
2026-06-27 00:46:36.998 I0626 15:46:36.952581       1 schedule_one.go:745] "Plugin scored node for pod" pod="default/yolo-pos-2" plugin="NodeResourcesBalancedAllocation" node="gpuorin5-desktop" score=99
2026-06-27 00:46:36.999 I0626 15:46:36.952585       1 schedule_one.go:745] "Plugin scored node for pod" pod="default/yolo-pos-2" plugin="ImageLocality" node="gpuorin5-desktop" score=0
2026-06-27 00:46:37.001 I0626 15:46:36.952590       1 schedule_one.go:745] "Plugin scored node for pod" pod="default/yolo-pos-2" plugin="TaintToleration" node="gpu-orin3" score=300
2026-06-27 00:46:37.002 I0626 15:46:36.952598       1 schedule_one.go:745] "Plugin scored node for pod" pod="default/yolo-pos-2" plugin="NodeAffinity" node="gpu-orin3" score=0
2026-06-27 00:46:37.002 I0626 15:46:36.952603       1 schedule_one.go:745] "Plugin scored node for pod" pod="default/yolo-pos-2" plugin="NodeResourcesFit" node="gpu-orin3" score=78
2026-06-27 00:46:37.003 I0626 15:46:36.952608       1 schedule_one.go:745] "Plugin scored node for pod" pod="default/yolo-pos-2" plugin="VolumeBinding" node="gpu-orin3" score=0
2026-06-27 00:46:37.004 I0626 15:46:36.952613       1 schedule_one.go:745] "Plugin scored node for pod" pod="default/yolo-pos-2" plugin="NodeResourcesBalancedAllocation" node="gpu-orin3" score=99
2026-06-27 00:46:37.004 I0626 15:46:36.952632       1 schedule_one.go:745] "Plugin scored node for pod" pod="default/yolo-pos-2" plugin="ImageLocality" node="gpu-orin3" score=0
2026-06-27 00:46:37.005 I0626 15:46:36.952645       1 schedule_one.go:812] "Calculated node's final score for pod" pod="default/yolo-pos-2" node="gpu-orin2" score=477
2026-06-27 00:46:37.005 I0626 15:46:36.952650       1 schedule_one.go:812] "Calculated node's final score for pod" pod="default/yolo-pos-2" node="gpuorin4-desktop" score=477
2026-06-27 00:46:37.006 I0626 15:46:36.952654       1 schedule_one.go:812] "Calculated node's final score for pod" pod="default/yolo-pos-2" node="gpuorin5-desktop" score=477
2026-06-27 00:46:37.006 I0626 15:46:36.952659       1 schedule_one.go:812] "Calculated node's final score for pod" pod="default/yolo-pos-2" node="gpu-orin3" score=477
