2026-07-01 18:43:33.969 I0701 09:23:56.218639       1 resource_allocation.go:76] "Listed internal info for allocatable resources, requested resources and score" pod="default/yolo-det-1" node="gpu-orin3" resourceAllocationScorer="LeastAllocated" allocatableResource=[6000,7885152256] requestedResource=[700,1468006400] resourceScore=84
2026-07-01 18:43:33.970 I0701 09:23:56.218639       1 resource_allocation.go:76] "Listed internal info for allocatable resources, requested resources and score" pod="default/yolo-det-1" node="gpu-orin2" resourceAllocationScorer="LeastAllocated" allocatableResource=[6000,7885127680] requestedResource=[700,1468006400] resourceScore=84
2026-07-01 18:43:33.971 I0701 09:23:56.218644       1 resource_allocation.go:76] "Listed internal info for allocatable resources, requested resources and score" pod="default/yolo-det-1" node="gpuorin4-desktop" resourceAllocationScorer="LeastAllocated" allocatableResource=[6000,7885250560] requestedResource=[1000,2097152000] resourceScore=78
2026-07-01 18:43:33.972 I0701 09:23:56.218651       1 resource_allocation.go:76] "Listed internal info for allocatable resources, requested resources and score" pod="default/yolo-det-1" node="gpuorin5-desktop" resourceAllocationScorer="LeastAllocated" allocatableResource=[6000,7885127680] requestedResource=[800,1677721600] resourceScore=82
2026-07-01 18:43:33.972 I0701 09:23:56.218654       1 resource_allocation.go:76] "Listed internal info for allocatable resources, requested resources and score" pod="default/yolo-det-1" node="gpu-orin2" resourceAllocationScorer="NodeResourcesBalancedAllocation" allocatableResource=[6000,7885127680] requestedResource=[100,52428800] resourceScore=99
2026-07-01 18:43:33.973 I0701 09:23:56.218655       1 resource_allocation.go:76] "Listed internal info for allocatable resources, requested resources and score" pod="default/yolo-det-1" node="gpuorin4-desktop" resourceAllocationScorer="NodeResourcesBalancedAllocation" allocatableResource=[6000,7885250560] requestedResource=[100,52428800] resourceScore=99
2026-07-01 18:43:33.974 I0701 09:23:56.218670       1 resource_allocation.go:76] "Listed internal info for allocatable resources, requested resources and score" pod="default/yolo-det-1" node="gpuorin5-desktop" resourceAllocationScorer="NodeResourcesBalancedAllocation" allocatableResource=[6000,7885127680] requestedResource=[100,52428800] resourceScore=99
2026-07-01 18:43:33.975 I0701 09:23:56.218652       1 resource_allocation.go:76] "Listed internal info for allocatable resources, requested resources and score" pod="default/yolo-det-1" node="gpu-orin3" resourceAllocationScorer="NodeResourcesBalancedAllocation" allocatableResource=[6000,7885152256] requestedResource=[100,52428800] resourceScore=99
2026-07-01 18:43:33.975 I0701 09:23:56.218714       1 schedule_one.go:745] "Plugin scored node for pod" pod="default/yolo-det-1" plugin="TaintToleration" node="gpu-orin3" score=300
2026-07-01 18:43:33.976 I0701 09:23:56.218723       1 schedule_one.go:745] "Plugin scored node for pod" pod="default/yolo-det-1" plugin="NodeAffinity" node="gpu-orin3" score=0
2026-07-01 18:43:33.977 I0701 09:23:56.218727       1 schedule_one.go:745] "Plugin scored node for pod" pod="default/yolo-det-1" plugin="NodeResourcesFit" node="gpu-orin3" score=84
2026-07-01 18:43:33.978 I0701 09:23:56.218730       1 schedule_one.go:745] "Plugin scored node for pod" pod="default/yolo-det-1" plugin="VolumeBinding" node="gpu-orin3" score=0
2026-07-01 18:43:33.978 I0701 09:23:56.218734       1 schedule_one.go:745] "Plugin scored node for pod" pod="default/yolo-det-1" plugin="NodeResourcesBalancedAllocation" node="gpu-orin3" score=99
2026-07-01 18:43:33.979 I0701 09:23:56.218737       1 schedule_one.go:745] "Plugin scored node for pod" pod="default/yolo-det-1" plugin="ImageLocality" node="gpu-orin3" score=0
2026-07-01 18:43:33.980 I0701 09:23:56.218741       1 schedule_one.go:745] "Plugin scored node for pod" pod="default/yolo-det-1" plugin="TaintToleration" node="gpu-orin2" score=300
2026-07-01 18:43:33.980 I0701 09:23:56.218744       1 schedule_one.go:745] "Plugin scored node for pod" pod="default/yolo-det-1" plugin="NodeAffinity" node="gpu-orin2" score=0
2026-07-01 18:43:33.981 I0701 09:23:56.218748       1 schedule_one.go:745] "Plugin scored node for pod" pod="default/yolo-det-1" plugin="NodeResourcesFit" node="gpu-orin2" score=84
2026-07-01 18:43:33.982 I0701 09:23:56.218751       1 schedule_one.go:745] "Plugin scored node for pod" pod="default/yolo-det-1" plugin="VolumeBinding" node="gpu-orin2" score=0
2026-07-01 18:43:33.983 I0701 09:23:56.218754       1 schedule_one.go:745] "Plugin scored node for pod" pod="default/yolo-det-1" plugin="NodeResourcesBalancedAllocation" node="gpu-orin2" score=99
2026-07-01 18:43:33.983 I0701 09:23:56.218757       1 schedule_one.go:745] "Plugin scored node for pod" pod="default/yolo-det-1" plugin="ImageLocality" node="gpu-orin2" score=0
2026-07-01 18:43:33.984 I0701 09:23:56.218760       1 schedule_one.go:745] "Plugin scored node for pod" pod="default/yolo-det-1" plugin="TaintToleration" node="gpuorin5-desktop" score=300
2026-07-01 18:43:33.985 I0701 09:23:56.218776       1 schedule_one.go:745] "Plugin scored node for pod" pod="default/yolo-det-1" plugin="NodeAffinity" node="gpuorin5-desktop" score=0
2026-07-01 18:43:33.985 I0701 09:23:56.218782       1 schedule_one.go:745] "Plugin scored node for pod" pod="default/yolo-det-1" plugin="NodeResourcesFit" node="gpuorin5-desktop" score=82
2026-07-01 18:43:33.986 I0701 09:23:56.218785       1 schedule_one.go:745] "Plugin scored node for pod" pod="default/yolo-det-1" plugin="VolumeBinding" node="gpuorin5-desktop" score=0
2026-07-01 18:43:33.987 I0701 09:23:56.218789       1 schedule_one.go:745] "Plugin scored node for pod" pod="default/yolo-det-1" plugin="NodeResourcesBalancedAllocation" node="gpuorin5-desktop" score=99
2026-07-01 18:43:33.987 I0701 09:23:56.218792       1 schedule_one.go:745] "Plugin scored node for pod" pod="default/yolo-det-1" plugin="ImageLocality" node="gpuorin5-desktop" score=0
2026-07-01 18:43:33.988 I0701 09:23:56.218797       1 schedule_one.go:745] "Plugin scored node for pod" pod="default/yolo-det-1" plugin="TaintToleration" node="gpuorin4-desktop" score=300
2026-07-01 18:43:33.989 I0701 09:23:56.218800       1 schedule_one.go:745] "Plugin scored node for pod" pod="default/yolo-det-1" plugin="NodeAffinity" node="gpuorin4-desktop" score=0
2026-07-01 18:43:33.990 I0701 09:23:56.218804       1 schedule_one.go:745] "Plugin scored node for pod" pod="default/yolo-det-1" plugin="NodeResourcesFit" node="gpuorin4-desktop" score=78
2026-07-01 18:43:33.990 I0701 09:23:56.218807       1 schedule_one.go:745] "Plugin scored node for pod" pod="default/yolo-det-1" plugin="VolumeBinding" node="gpuorin4-desktop" score=0
2026-07-01 18:43:33.991 I0701 09:23:56.218812       1 schedule_one.go:745] "Plugin scored node for pod" pod="default/yolo-det-1" plugin="NodeResourcesBalancedAllocation" node="gpuorin4-desktop" score=99
2026-07-01 18:43:33.992 I0701 09:23:56.218820       1 schedule_one.go:745] "Plugin scored node for pod" pod="default/yolo-det-1" plugin="ImageLocality" node="gpuorin4-desktop" score=0
2026-07-01 18:43:33.992 I0701 09:23:56.218825       1 schedule_one.go:812] "Calculated node's final score for pod" pod="default/yolo-det-1" node="gpu-orin3" score=483
2026-07-01 18:43:33.993 I0701 09:23:56.218830       1 schedule_one.go:812] "Calculated node's final score for pod" pod="default/yolo-det-1" node="gpu-orin2" score=483
2026-07-01 18:43:33.994 I0701 09:23:56.218834       1 schedule_one.go:812] "Calculated node's final score for pod" pod="default/yolo-det-1" node="gpuorin5-desktop" score=481
2026-07-01 18:43:33.994 I0701 09:23:56.218838       1 schedule_one.go:812] "Calculated node's final score for pod" pod="default/yolo-det-1" node="gpuorin4-desktop" score=477
2026-07-01 18:43:33.995 I0701 09:24:00.396727       1 resource_allocation.go:76] "Listed internal info for allocatable resources, requested resources and score" pod="default/yolo-seg-1" node="gpu-orin2" resourceAllocationScorer="LeastAllocated" allocatableResource=[6000,7885127680] requestedResource=[800,1677721600] resourceScore=82
2026-07-01 18:43:33.996 I0701 09:24:00.396751       1 resource_allocation.go:76] "Listed internal info for allocatable resources, requested resources and score" pod="default/yolo-seg-1" node="gpu-orin2" resourceAllocationScorer="NodeResourcesBalancedAllocation" allocatableResource=[6000,7885127680] requestedResource=[100,52428800] resourceScore=99
2026-07-01 18:43:33.997 I0701 09:24:00.396762       1 resource_allocation.go:76] "Listed internal info for allocatable resources, requested resources and score" pod="default/yolo-seg-1" node="gpu-orin3" resourceAllocationScorer="LeastAllocated" allocatableResource=[6000,7885152256] requestedResource=[700,1468006400] resourceScore=84
2026-07-01 18:43:33.997 I0701 09:24:00.396808       1 resource_allocation.go:76] "Listed internal info for allocatable resources, requested resources and score" pod="default/yolo-seg-1" node="gpu-orin3" resourceAllocationScorer="NodeResourcesBalancedAllocation" allocatableResource=[6000,7885152256] requestedResource=[100,52428800] resourceScore=99
2026-07-01 18:43:33.998 I0701 09:24:00.396808       1 resource_allocation.go:76] "Listed internal info for allocatable resources, requested resources and score" pod="default/yolo-seg-1" node="gpuorin4-desktop" resourceAllocationScorer="LeastAllocated" allocatableResource=[6000,7885250560] requestedResource=[1000,2097152000] resourceScore=78
2026-07-01 18:43:33.999 I0701 09:24:00.396803       1 resource_allocation.go:76] "Listed internal info for allocatable resources, requested resources and score" pod="default/yolo-seg-1" node="gpuorin5-desktop" resourceAllocationScorer="LeastAllocated" allocatableResource=[6000,7885127680] requestedResource=[800,1677721600] resourceScore=82
2026-07-01 18:43:34.000 I0701 09:24:00.396838       1 resource_allocation.go:76] "Listed internal info for allocatable resources, requested resources and score" pod="default/yolo-seg-1" node="gpuorin4-desktop" resourceAllocationScorer="NodeResourcesBalancedAllocation" allocatableResource=[6000,7885250560] requestedResource=[100,52428800] resourceScore=99
2026-07-01 18:43:34.000 I0701 09:24:00.396847       1 resource_allocation.go:76] "Listed internal info for allocatable resources, requested resources and score" pod="default/yolo-seg-1" node="gpuorin5-desktop" resourceAllocationScorer="NodeResourcesBalancedAllocation" allocatableResource=[6000,7885127680] requestedResource=[100,52428800] resourceScore=99
2026-07-01 18:43:34.001 I0701 09:24:00.396948       1 schedule_one.go:745] "Plugin scored node for pod" pod="default/yolo-seg-1" plugin="TaintToleration" node="gpu-orin2" score=300
2026-07-01 18:43:34.002 I0701 09:24:00.396967       1 schedule_one.go:745] "Plugin scored node for pod" pod="default/yolo-seg-1" plugin="NodeAffinity" node="gpu-orin2" score=0
2026-07-01 18:43:34.002 I0701 09:24:00.396978       1 schedule_one.go:745] "Plugin scored node for pod" pod="default/yolo-seg-1" plugin="NodeResourcesFit" node="gpu-orin2" score=82
2026-07-01 18:43:34.003 I0701 09:24:00.396986       1 schedule_one.go:745] "Plugin scored node for pod" pod="default/yolo-seg-1" plugin="VolumeBinding" node="gpu-orin2" score=0
2026-07-01 18:43:34.004 I0701 09:24:00.396997       1 schedule_one.go:745] "Plugin scored node for pod" pod="default/yolo-seg-1" plugin="NodeResourcesBalancedAllocation" node="gpu-orin2" score=99
2026-07-01 18:43:34.005 I0701 09:24:00.397007       1 schedule_one.go:745] "Plugin scored node for pod" pod="default/yolo-seg-1" plugin="ImageLocality" node="gpu-orin2" score=0
2026-07-01 18:43:34.005 I0701 09:24:00.397015       1 schedule_one.go:745] "Plugin scored node for pod" pod="default/yolo-seg-1" plugin="TaintToleration" node="gpu-orin3" score=300
2026-07-01 18:43:34.006 I0701 09:24:00.397023       1 schedule_one.go:745] "Plugin scored node for pod" pod="default/yolo-seg-1" plugin="NodeAffinity" node="gpu-orin3" score=0
2026-07-01 18:43:34.007 I0701 09:24:00.397030       1 schedule_one.go:745] "Plugin scored node for pod" pod="default/yolo-seg-1" plugin="NodeResourcesFit" node="gpu-orin3" score=84
2026-07-01 18:43:34.007 I0701 09:24:00.397038       1 schedule_one.go:745] "Plugin scored node for pod" pod="default/yolo-seg-1" plugin="VolumeBinding" node="gpu-orin3" score=0
2026-07-01 18:43:34.008 I0701 09:24:00.397046       1 schedule_one.go:745] "Plugin scored node for pod" pod="default/yolo-seg-1" plugin="NodeResourcesBalancedAllocation" node="gpu-orin3" score=99
2026-07-01 18:43:34.009 I0701 09:24:00.397061       1 schedule_one.go:745] "Plugin scored node for pod" pod="default/yolo-seg-1" plugin="ImageLocality" node="gpu-orin3" score=0
2026-07-01 18:43:34.009 I0701 09:24:00.397070       1 schedule_one.go:745] "Plugin scored node for pod" pod="default/yolo-seg-1" plugin="TaintToleration" node="gpuorin5-desktop" score=300
2026-07-01 18:43:34.010 I0701 09:24:00.397077       1 schedule_one.go:745] "Plugin scored node for pod" pod="default/yolo-seg-1" plugin="NodeAffinity" node="gpuorin5-desktop" score=0
2026-07-01 18:43:34.011 I0701 09:24:00.397085       1 schedule_one.go:745] "Plugin scored node for pod" pod="default/yolo-seg-1" plugin="NodeResourcesFit" node="gpuorin5-desktop" score=82
2026-07-01 18:43:34.011 I0701 09:24:00.397093       1 schedule_one.go:745] "Plugin scored node for pod" pod="default/yolo-seg-1" plugin="VolumeBinding" node="gpuorin5-desktop" score=0
2026-07-01 18:43:34.012 I0701 09:24:00.397101       1 schedule_one.go:745] "Plugin scored node for pod" pod="default/yolo-seg-1" plugin="NodeResourcesBalancedAllocation" node="gpuorin5-desktop" score=99
2026-07-01 18:43:34.013 I0701 09:24:00.397108       1 schedule_one.go:745] "Plugin scored node for pod" pod="default/yolo-seg-1" plugin="ImageLocality" node="gpuorin5-desktop" score=0
2026-07-01 18:43:34.014 I0701 09:24:00.397116       1 schedule_one.go:745] "Plugin scored node for pod" pod="default/yolo-seg-1" plugin="TaintToleration" node="gpuorin4-desktop" score=300
2026-07-01 18:43:34.014 I0701 09:24:00.397123       1 schedule_one.go:745] "Plugin scored node for pod" pod="default/yolo-seg-1" plugin="NodeAffinity" node="gpuorin4-desktop" score=0
2026-07-01 18:43:34.015 I0701 09:24:00.397130       1 schedule_one.go:745] "Plugin scored node for pod" pod="default/yolo-seg-1" plugin="NodeResourcesFit" node="gpuorin4-desktop" score=78
2026-07-01 18:43:34.016 I0701 09:24:00.397141       1 schedule_one.go:745] "Plugin scored node for pod" pod="default/yolo-seg-1" plugin="VolumeBinding" node="gpuorin4-desktop" score=0
2026-07-01 18:43:34.016 I0701 09:24:00.397152       1 schedule_one.go:745] "Plugin scored node for pod" pod="default/yolo-seg-1" plugin="NodeResourcesBalancedAllocation" node="gpuorin4-desktop" score=99
2026-07-01 18:43:34.017 I0701 09:24:00.397160       1 schedule_one.go:745] "Plugin scored node for pod" pod="default/yolo-seg-1" plugin="ImageLocality" node="gpuorin4-desktop" score=0
2026-07-01 18:43:34.018 I0701 09:24:00.397172       1 schedule_one.go:812] "Calculated node's final score for pod" pod="default/yolo-seg-1" node="gpu-orin2" score=481
2026-07-01 18:43:34.018 I0701 09:24:00.397183       1 schedule_one.go:812] "Calculated node's final score for pod" pod="default/yolo-seg-1" node="gpu-orin3" score=483
2026-07-01 18:43:34.019 I0701 09:24:00.397191       1 schedule_one.go:812] "Calculated node's final score for pod" pod="default/yolo-seg-1" node="gpuorin5-desktop" score=481
2026-07-01 18:43:34.020 I0701 09:24:00.397204       1 schedule_one.go:812] "Calculated node's final score for pod" pod="default/yolo-seg-1" node="gpuorin4-desktop" score=477
2026-07-01 18:43:34.021 I0701 09:24:04.929153       1 resource_allocation.go:76] "Listed internal info for allocatable resources, requested resources and score" pod="default/yolo-obb-1" node="gpu-orin3" resourceAllocationScorer="LeastAllocated" allocatableResource=[6000,7885152256] requestedResource=[800,1677721600] resourceScore=82
2026-07-01 18:43:34.021 I0701 09:24:04.929172       1 resource_allocation.go:76] "Listed internal info for allocatable resources, requested resources and score" pod="default/yolo-obb-1" node="gpu-orin3" resourceAllocationScorer="NodeResourcesBalancedAllocation" allocatableResource=[6000,7885152256] requestedResource=[100,52428800] resourceScore=99
2026-07-01 18:43:34.022 I0701 09:24:04.929193       1 resource_allocation.go:76] "Listed internal info for allocatable resources, requested resources and score" pod="default/yolo-obb-1" node="gpuorin5-desktop" resourceAllocationScorer="LeastAllocated" allocatableResource=[6000,7885127680] requestedResource=[800,1677721600] resourceScore=82
2026-07-01 18:43:34.023 I0701 09:24:04.929216       1 resource_allocation.go:76] "Listed internal info for allocatable resources, requested resources and score" pod="default/yolo-obb-1" node="gpuorin4-desktop" resourceAllocationScorer="LeastAllocated" allocatableResource=[6000,7885250560] requestedResource=[1000,2097152000] resourceScore=78
2026-07-01 18:43:34.024 I0701 09:24:04.929216       1 resource_allocation.go:76] "Listed internal info for allocatable resources, requested resources and score" pod="default/yolo-obb-1" node="gpu-orin2" resourceAllocationScorer="LeastAllocated" allocatableResource=[6000,7885127680] requestedResource=[800,1677721600] resourceScore=82
2026-07-01 18:43:34.024 I0701 09:24:04.929258       1 resource_allocation.go:76] "Listed internal info for allocatable resources, requested resources and score" pod="default/yolo-obb-1" node="gpuorin4-desktop" resourceAllocationScorer="NodeResourcesBalancedAllocation" allocatableResource=[6000,7885250560] requestedResource=[100,52428800] resourceScore=99
2026-07-01 18:43:34.025 I0701 09:24:04.929265       1 resource_allocation.go:76] "Listed internal info for allocatable resources, requested resources and score" pod="default/yolo-obb-1" node="gpu-orin2" resourceAllocationScorer="NodeResourcesBalancedAllocation" allocatableResource=[6000,7885127680] requestedResource=[100,52428800] resourceScore=99
2026-07-01 18:43:34.026 I0701 09:24:04.929228       1 resource_allocation.go:76] "Listed internal info for allocatable resources, requested resources and score" pod="default/yolo-obb-1" node="gpuorin5-desktop" resourceAllocationScorer="NodeResourcesBalancedAllocation" allocatableResource=[6000,7885127680] requestedResource=[100,52428800] resourceScore=99
2026-07-01 18:43:34.026 I0701 09:24:04.929369       1 schedule_one.go:745] "Plugin scored node for pod" pod="default/yolo-obb-1" plugin="TaintToleration" node="gpu-orin3" score=300
2026-07-01 18:43:34.027 I0701 09:24:04.929388       1 schedule_one.go:745] "Plugin scored node for pod" pod="default/yolo-obb-1" plugin="NodeAffinity" node="gpu-orin3" score=0
2026-07-01 18:43:34.028 I0701 09:24:04.929399       1 schedule_one.go:745] "Plugin scored node for pod" pod="default/yolo-obb-1" plugin="NodeResourcesFit" node="gpu-orin3" score=82
2026-07-01 18:43:34.029 I0701 09:24:04.929415       1 schedule_one.go:745] "Plugin scored node for pod" pod="default/yolo-obb-1" plugin="VolumeBinding" node="gpu-orin3" score=0
2026-07-01 18:43:34.029 I0701 09:24:04.929426       1 schedule_one.go:745] "Plugin scored node for pod" pod="default/yolo-obb-1" plugin="NodeResourcesBalancedAllocation" node="gpu-orin3" score=99
2026-07-01 18:43:34.030 I0701 09:24:04.929436       1 schedule_one.go:745] "Plugin scored node for pod" pod="default/yolo-obb-1" plugin="ImageLocality" node="gpu-orin3" score=0
2026-07-01 18:43:34.031 I0701 09:24:04.929445       1 schedule_one.go:745] "Plugin scored node for pod" pod="default/yolo-obb-1" plugin="TaintToleration" node="gpu-orin2" score=300
2026-07-01 18:43:34.031 I0701 09:24:04.929457       1 schedule_one.go:745] "Plugin scored node for pod" pod="default/yolo-obb-1" plugin="NodeAffinity" node="gpu-orin2" score=0
2026-07-01 18:43:34.032 I0701 09:24:04.929466       1 schedule_one.go:745] "Plugin scored node for pod" pod="default/yolo-obb-1" plugin="NodeResourcesFit" node="gpu-orin2" score=82
2026-07-01 18:43:34.033 I0701 09:24:04.929475       1 schedule_one.go:745] "Plugin scored node for pod" pod="default/yolo-obb-1" plugin="VolumeBinding" node="gpu-orin2" score=0
2026-07-01 18:43:34.033 I0701 09:24:04.929487       1 schedule_one.go:745] "Plugin scored node for pod" pod="default/yolo-obb-1" plugin="NodeResourcesBalancedAllocation" node="gpu-orin2" score=99
2026-07-01 18:43:34.034 I0701 09:24:04.929496       1 schedule_one.go:745] "Plugin scored node for pod" pod="default/yolo-obb-1" plugin="ImageLocality" node="gpu-orin2" score=0
2026-07-01 18:43:34.035 I0701 09:24:04.929508       1 schedule_one.go:745] "Plugin scored node for pod" pod="default/yolo-obb-1" plugin="TaintToleration" node="gpuorin5-desktop" score=300
2026-07-01 18:43:34.035 I0701 09:24:04.929521       1 schedule_one.go:745] "Plugin scored node for pod" pod="default/yolo-obb-1" plugin="NodeAffinity" node="gpuorin5-desktop" score=0
2026-07-01 18:43:34.036 I0701 09:24:04.929531       1 schedule_one.go:745] "Plugin scored node for pod" pod="default/yolo-obb-1" plugin="NodeResourcesFit" node="gpuorin5-desktop" score=82
2026-07-01 18:43:34.037 I0701 09:24:04.929542       1 schedule_one.go:745] "Plugin scored node for pod" pod="default/yolo-obb-1" plugin="VolumeBinding" node="gpuorin5-desktop" score=0
2026-07-01 18:43:34.037 I0701 09:24:04.929552       1 schedule_one.go:745] "Plugin scored node for pod" pod="default/yolo-obb-1" plugin="NodeResourcesBalancedAllocation" node="gpuorin5-desktop" score=99
2026-07-01 18:43:34.038 I0701 09:24:04.929579       1 schedule_one.go:745] "Plugin scored node for pod" pod="default/yolo-obb-1" plugin="ImageLocality" node="gpuorin5-desktop" score=0
2026-07-01 18:43:34.039 I0701 09:24:04.929591       1 schedule_one.go:745] "Plugin scored node for pod" pod="default/yolo-obb-1" plugin="TaintToleration" node="gpuorin4-desktop" score=300
2026-07-01 18:43:34.039 I0701 09:24:04.929600       1 schedule_one.go:745] "Plugin scored node for pod" pod="default/yolo-obb-1" plugin="NodeAffinity" node="gpuorin4-desktop" score=0
2026-07-01 18:43:34.040 I0701 09:24:04.929610       1 schedule_one.go:745] "Plugin scored node for pod" pod="default/yolo-obb-1" plugin="NodeResourcesFit" node="gpuorin4-desktop" score=78
2026-07-01 18:43:34.041 I0701 09:24:04.929621       1 schedule_one.go:745] "Plugin scored node for pod" pod="default/yolo-obb-1" plugin="VolumeBinding" node="gpuorin4-desktop" score=0
2026-07-01 18:43:34.041 I0701 09:24:04.929639       1 schedule_one.go:745] "Plugin scored node for pod" pod="default/yolo-obb-1" plugin="NodeResourcesBalancedAllocation" node="gpuorin4-desktop" score=99
2026-07-01 18:43:34.042 I0701 09:24:04.929650       1 schedule_one.go:745] "Plugin scored node for pod" pod="default/yolo-obb-1" plugin="ImageLocality" node="gpuorin4-desktop" score=0
2026-07-01 18:43:34.043 I0701 09:24:04.929664       1 schedule_one.go:812] "Calculated node's final score for pod" pod="default/yolo-obb-1" node="gpu-orin3" score=481
2026-07-01 18:43:34.043 I0701 09:24:04.929677       1 schedule_one.go:812] "Calculated node's final score for pod" pod="default/yolo-obb-1" node="gpu-orin2" score=481
2026-07-01 18:43:34.044 I0701 09:24:04.929691       1 schedule_one.go:812] "Calculated node's final score for pod" pod="default/yolo-obb-1" node="gpuorin5-desktop" score=481
2026-07-01 18:43:34.045 I0701 09:24:04.929702       1 schedule_one.go:812] "Calculated node's final score for pod" pod="default/yolo-obb-1" node="gpuorin4-desktop" score=477
2026-07-01 18:43:34.045 I0701 09:24:09.315274       1 resource_allocation.go:76] "Listed internal info for allocatable resources, requested resources and score" pod="default/yolo-pos-1" node="gpu-orin2" resourceAllocationScorer="LeastAllocated" allocatableResource=[6000,7885127680] requestedResource=[800,1677721600] resourceScore=82
2026-07-01 18:43:34.046 I0701 09:24:09.315289       1 resource_allocation.go:76] "Listed internal info for allocatable resources, requested resources and score" pod="default/yolo-pos-1" node="gpu-orin2" resourceAllocationScorer="NodeResourcesBalancedAllocation" allocatableResource=[6000,7885127680] requestedResource=[100,52428800] resourceScore=99
2026-07-01 18:43:34.047 I0701 09:24:09.315319       1 resource_allocation.go:76] "Listed internal info for allocatable resources, requested resources and score" pod="default/yolo-pos-1" node="gpuorin4-desktop" resourceAllocationScorer="LeastAllocated" allocatableResource=[6000,7885250560] requestedResource=[1000,2097152000] resourceScore=78
2026-07-01 18:43:34.048 I0701 09:24:09.315346       1 resource_allocation.go:76] "Listed internal info for allocatable resources, requested resources and score" pod="default/yolo-pos-1" node="gpuorin5-desktop" resourceAllocationScorer="LeastAllocated" allocatableResource=[6000,7885127680] requestedResource=[900,1887436800] resourceScore=80
2026-07-01 18:43:34.048 I0701 09:24:09.315360       1 resource_allocation.go:76] "Listed internal info for allocatable resources, requested resources and score" pod="default/yolo-pos-1" node="gpuorin4-desktop" resourceAllocationScorer="NodeResourcesBalancedAllocation" allocatableResource=[6000,7885250560] requestedResource=[100,52428800] resourceScore=99
2026-07-01 18:43:34.049 I0701 09:24:09.315319       1 resource_allocation.go:76] "Listed internal info for allocatable resources, requested resources and score" pod="default/yolo-pos-1" node="gpu-orin3" resourceAllocationScorer="LeastAllocated" allocatableResource=[6000,7885152256] requestedResource=[800,1677721600] resourceScore=82
2026-07-01 18:43:34.050 I0701 09:24:09.315375       1 resource_allocation.go:76] "Listed internal info for allocatable resources, requested resources and score" pod="default/yolo-pos-1" node="gpuorin5-desktop" resourceAllocationScorer="NodeResourcesBalancedAllocation" allocatableResource=[6000,7885127680] requestedResource=[100,52428800] resourceScore=99
2026-07-01 18:43:34.051 I0701 09:24:09.315388       1 resource_allocation.go:76] "Listed internal info for allocatable resources, requested resources and score" pod="default/yolo-pos-1" node="gpu-orin3" resourceAllocationScorer="NodeResourcesBalancedAllocation" allocatableResource=[6000,7885152256] requestedResource=[100,52428800] resourceScore=99
2026-07-01 18:43:34.051 I0701 09:24:09.315487       1 schedule_one.go:745] "Plugin scored node for pod" pod="default/yolo-pos-1" plugin="TaintToleration" node="gpu-orin2" score=300
2026-07-01 18:43:34.052 I0701 09:24:09.315510       1 schedule_one.go:745] "Plugin scored node for pod" pod="default/yolo-pos-1" plugin="NodeAffinity" node="gpu-orin2" score=0
2026-07-01 18:43:34.052 I0701 09:24:09.315520       1 schedule_one.go:745] "Plugin scored node for pod" pod="default/yolo-pos-1" plugin="NodeResourcesFit" node="gpu-orin2" score=82
2026-07-01 18:43:34.053 I0701 09:24:09.315527       1 schedule_one.go:745] "Plugin scored node for pod" pod="default/yolo-pos-1" plugin="VolumeBinding" node="gpu-orin2" score=0
2026-07-01 18:43:34.054 I0701 09:24:09.315535       1 schedule_one.go:745] "Plugin scored node for pod" pod="default/yolo-pos-1" plugin="NodeResourcesBalancedAllocation" node="gpu-orin2" score=99
2026-07-01 18:43:34.055 I0701 09:24:09.315543       1 schedule_one.go:745] "Plugin scored node for pod" pod="default/yolo-pos-1" plugin="ImageLocality" node="gpu-orin2" score=0
2026-07-01 18:43:34.055 I0701 09:24:09.315551       1 schedule_one.go:745] "Plugin scored node for pod" pod="default/yolo-pos-1" plugin="TaintToleration" node="gpuorin4-desktop" score=300
2026-07-01 18:43:34.056 I0701 09:24:09.315558       1 schedule_one.go:745] "Plugin scored node for pod" pod="default/yolo-pos-1" plugin="NodeAffinity" node="gpuorin4-desktop" score=0
2026-07-01 18:43:34.057 I0701 09:24:09.315567       1 schedule_one.go:745] "Plugin scored node for pod" pod="default/yolo-pos-1" plugin="NodeResourcesFit" node="gpuorin4-desktop" score=78
2026-07-01 18:43:34.057 I0701 09:24:09.315574       1 schedule_one.go:745] "Plugin scored node for pod" pod="default/yolo-pos-1" plugin="VolumeBinding" node="gpuorin4-desktop" score=0
2026-07-01 18:43:34.058 I0701 09:24:09.315581       1 schedule_one.go:745] "Plugin scored node for pod" pod="default/yolo-pos-1" plugin="NodeResourcesBalancedAllocation" node="gpuorin4-desktop" score=99
2026-07-01 18:43:34.059 I0701 09:24:09.315589       1 schedule_one.go:745] "Plugin scored node for pod" pod="default/yolo-pos-1" plugin="ImageLocality" node="gpuorin4-desktop" score=0
2026-07-01 18:43:34.059 I0701 09:24:09.315597       1 schedule_one.go:745] "Plugin scored node for pod" pod="default/yolo-pos-1" plugin="TaintToleration" node="gpu-orin3" score=300
2026-07-01 18:43:34.060 I0701 09:24:09.315608       1 schedule_one.go:745] "Plugin scored node for pod" pod="default/yolo-pos-1" plugin="NodeAffinity" node="gpu-orin3" score=0
2026-07-01 18:43:34.061 I0701 09:24:09.315617       1 schedule_one.go:745] "Plugin scored node for pod" pod="default/yolo-pos-1" plugin="NodeResourcesFit" node="gpu-orin3" score=82
2026-07-01 18:43:34.061 I0701 09:24:09.315625       1 schedule_one.go:745] "Plugin scored node for pod" pod="default/yolo-pos-1" plugin="VolumeBinding" node="gpu-orin3" score=0
2026-07-01 18:43:34.062 I0701 09:24:09.315632       1 schedule_one.go:745] "Plugin scored node for pod" pod="default/yolo-pos-1" plugin="NodeResourcesBalancedAllocation" node="gpu-orin3" score=99
2026-07-01 18:43:34.063 I0701 09:24:09.315640       1 schedule_one.go:745] "Plugin scored node for pod" pod="default/yolo-pos-1" plugin="ImageLocality" node="gpu-orin3" score=0
2026-07-01 18:43:34.064 I0701 09:24:09.315648       1 schedule_one.go:745] "Plugin scored node for pod" pod="default/yolo-pos-1" plugin="TaintToleration" node="gpuorin5-desktop" score=300
2026-07-01 18:43:34.064 I0701 09:24:09.315655       1 schedule_one.go:745] "Plugin scored node for pod" pod="default/yolo-pos-1" plugin="NodeAffinity" node="gpuorin5-desktop" score=0
2026-07-01 18:43:34.065 I0701 09:24:09.315667       1 schedule_one.go:745] "Plugin scored node for pod" pod="default/yolo-pos-1" plugin="NodeResourcesFit" node="gpuorin5-desktop" score=80
2026-07-01 18:43:34.066 I0701 09:24:09.315675       1 schedule_one.go:745] "Plugin scored node for pod" pod="default/yolo-pos-1" plugin="VolumeBinding" node="gpuorin5-desktop" score=0
2026-07-01 18:43:34.066 I0701 09:24:09.315682       1 schedule_one.go:745] "Plugin scored node for pod" pod="default/yolo-pos-1" plugin="NodeResourcesBalancedAllocation" node="gpuorin5-desktop" score=99
2026-07-01 18:43:34.067 I0701 09:24:09.315689       1 schedule_one.go:745] "Plugin scored node for pod" pod="default/yolo-pos-1" plugin="ImageLocality" node="gpuorin5-desktop" score=0
2026-07-01 18:43:34.068 I0701 09:24:09.315699       1 schedule_one.go:812] "Calculated node's final score for pod" pod="default/yolo-pos-1" node="gpu-orin2" score=481
2026-07-01 18:43:34.068 I0701 09:24:09.315710       1 schedule_one.go:812] "Calculated node's final score for pod" pod="default/yolo-pos-1" node="gpuorin4-desktop" score=477
2026-07-01 18:43:34.069 I0701 09:24:09.315721       1 schedule_one.go:812] "Calculated node's final score for pod" pod="default/yolo-pos-1" node="gpu-orin3" score=481
2026-07-01 18:43:34.070 I0701 09:24:09.315731       1 schedule_one.go:812] "Calculated node's final score for pod" pod="default/yolo-pos-1" node="gpuorin5-desktop" score=479
2026-07-01 18:43:34.071 I0701 09:24:13.993222       1 resource_allocation.go:76] "Listed internal info for allocatable resources, requested resources and score" pod="default/yolo-cls-2" node="gpu-orin2" resourceAllocationScorer="LeastAllocated" allocatableResource=[6000,7885127680] requestedResource=[800,1677721600] resourceScore=82
2026-07-01 18:43:34.071 I0701 09:24:13.993222       1 resource_allocation.go:76] "Listed internal info for allocatable resources, requested resources and score" pod="default/yolo-cls-2" node="gpuorin5-desktop" resourceAllocationScorer="LeastAllocated" allocatableResource=[6000,7885127680] requestedResource=[900,1887436800] resourceScore=80
2026-07-01 18:43:34.072 I0701 09:24:13.993239       1 resource_allocation.go:76] "Listed internal info for allocatable resources, requested resources and score" pod="default/yolo-cls-2" node="gpu-orin3" resourceAllocationScorer="LeastAllocated" allocatableResource=[6000,7885152256] requestedResource=[900,1887436800] resourceScore=80
2026-07-01 18:43:34.073 I0701 09:24:13.993246       1 resource_allocation.go:76] "Listed internal info for allocatable resources, requested resources and score" pod="default/yolo-cls-2" node="gpu-orin2" resourceAllocationScorer="NodeResourcesBalancedAllocation" allocatableResource=[6000,7885127680] requestedResource=[100,52428800] resourceScore=99
2026-07-01 18:43:34.074 I0701 09:24:13.993249       1 resource_allocation.go:76] "Listed internal info for allocatable resources, requested resources and score" pod="default/yolo-cls-2" node="gpuorin5-desktop" resourceAllocationScorer="NodeResourcesBalancedAllocation" allocatableResource=[6000,7885127680] requestedResource=[100,52428800] resourceScore=99
2026-07-01 18:43:34.074 I0701 09:24:13.993256       1 resource_allocation.go:76] "Listed internal info for allocatable resources, requested resources and score" pod="default/yolo-cls-2" node="gpu-orin3" resourceAllocationScorer="NodeResourcesBalancedAllocation" allocatableResource=[6000,7885152256] requestedResource=[100,52428800] resourceScore=99
2026-07-01 18:43:34.075 I0701 09:24:13.993263       1 resource_allocation.go:76] "Listed internal info for allocatable resources, requested resources and score" pod="default/yolo-cls-2" node="gpuorin4-desktop" resourceAllocationScorer="LeastAllocated" allocatableResource=[6000,7885250560] requestedResource=[1000,2097152000] resourceScore=78
2026-07-01 18:43:34.076 I0701 09:24:13.993287       1 resource_allocation.go:76] "Listed internal info for allocatable resources, requested resources and score" pod="default/yolo-cls-2" node="gpuorin4-desktop" resourceAllocationScorer="NodeResourcesBalancedAllocation" allocatableResource=[6000,7885250560] requestedResource=[100,52428800] resourceScore=99
2026-07-01 18:43:34.076 I0701 09:24:13.993373       1 schedule_one.go:745] "Plugin scored node for pod" pod="default/yolo-cls-2" plugin="TaintToleration" node="gpu-orin2" score=300
2026-07-01 18:43:34.077 I0701 09:24:13.993390       1 schedule_one.go:745] "Plugin scored node for pod" pod="default/yolo-cls-2" plugin="NodeAffinity" node="gpu-orin2" score=0
2026-07-01 18:43:34.078 I0701 09:24:13.993399       1 schedule_one.go:745] "Plugin scored node for pod" pod="default/yolo-cls-2" plugin="NodeResourcesFit" node="gpu-orin2" score=82
2026-07-01 18:43:34.079 I0701 09:24:13.993407       1 schedule_one.go:745] "Plugin scored node for pod" pod="default/yolo-cls-2" plugin="VolumeBinding" node="gpu-orin2" score=0
2026-07-01 18:43:34.079 I0701 09:24:13.993417       1 schedule_one.go:745] "Plugin scored node for pod" pod="default/yolo-cls-2" plugin="NodeResourcesBalancedAllocation" node="gpu-orin2" score=99
2026-07-01 18:43:34.080 I0701 09:24:13.993425       1 schedule_one.go:745] "Plugin scored node for pod" pod="default/yolo-cls-2" plugin="ImageLocality" node="gpu-orin2" score=0
2026-07-01 18:43:34.081 I0701 09:24:13.993434       1 schedule_one.go:745] "Plugin scored node for pod" pod="default/yolo-cls-2" plugin="TaintToleration" node="gpuorin5-desktop" score=300
2026-07-01 18:43:34.081 I0701 09:24:13.993441       1 schedule_one.go:745] "Plugin scored node for pod" pod="default/yolo-cls-2" plugin="NodeAffinity" node="gpuorin5-desktop" score=0
2026-07-01 18:43:34.082 I0701 09:24:13.993449       1 schedule_one.go:745] "Plugin scored node for pod" pod="default/yolo-cls-2" plugin="NodeResourcesFit" node="gpuorin5-desktop" score=80
2026-07-01 18:43:34.083 I0701 09:24:13.993456       1 schedule_one.go:745] "Plugin scored node for pod" pod="default/yolo-cls-2" plugin="VolumeBinding" node="gpuorin5-desktop" score=0
2026-07-01 18:43:34.083 I0701 09:24:13.993464       1 schedule_one.go:745] "Plugin scored node for pod" pod="default/yolo-cls-2" plugin="NodeResourcesBalancedAllocation" node="gpuorin5-desktop" score=99
2026-07-01 18:43:34.084 I0701 09:24:13.993471       1 schedule_one.go:745] "Plugin scored node for pod" pod="default/yolo-cls-2" plugin="ImageLocality" node="gpuorin5-desktop" score=0
2026-07-01 18:43:34.085 I0701 09:24:13.993481       1 schedule_one.go:745] "Plugin scored node for pod" pod="default/yolo-cls-2" plugin="TaintToleration" node="gpu-orin3" score=300
2026-07-01 18:43:34.085 I0701 09:24:13.993487       1 schedule_one.go:745] "Plugin scored node for pod" pod="default/yolo-cls-2" plugin="NodeAffinity" node="gpu-orin3" score=0
2026-07-01 18:43:34.086 I0701 09:24:13.993494       1 schedule_one.go:745] "Plugin scored node for pod" pod="default/yolo-cls-2" plugin="NodeResourcesFit" node="gpu-orin3" score=80
2026-07-01 18:43:34.087 I0701 09:24:13.993502       1 schedule_one.go:745] "Plugin scored node for pod" pod="default/yolo-cls-2" plugin="VolumeBinding" node="gpu-orin3" score=0
2026-07-01 18:43:34.088 I0701 09:24:13.993509       1 schedule_one.go:745] "Plugin scored node for pod" pod="default/yolo-cls-2" plugin="NodeResourcesBalancedAllocation" node="gpu-orin3" score=99
2026-07-01 18:43:34.088 I0701 09:24:13.993517       1 schedule_one.go:745] "Plugin scored node for pod" pod="default/yolo-cls-2" plugin="ImageLocality" node="gpu-orin3" score=0
2026-07-01 18:43:34.089 I0701 09:24:13.993527       1 schedule_one.go:745] "Plugin scored node for pod" pod="default/yolo-cls-2" plugin="TaintToleration" node="gpuorin4-desktop" score=300
2026-07-01 18:43:34.090 I0701 09:24:13.993536       1 schedule_one.go:745] "Plugin scored node for pod" pod="default/yolo-cls-2" plugin="NodeAffinity" node="gpuorin4-desktop" score=0
2026-07-01 18:43:34.090 I0701 09:24:13.993544       1 schedule_one.go:745] "Plugin scored node for pod" pod="default/yolo-cls-2" plugin="NodeResourcesFit" node="gpuorin4-desktop" score=78
2026-07-01 18:43:34.091 I0701 09:24:13.993553       1 schedule_one.go:745] "Plugin scored node for pod" pod="default/yolo-cls-2" plugin="VolumeBinding" node="gpuorin4-desktop" score=0
2026-07-01 18:43:34.092 I0701 09:24:13.993560       1 schedule_one.go:745] "Plugin scored node for pod" pod="default/yolo-cls-2" plugin="NodeResourcesBalancedAllocation" node="gpuorin4-desktop" score=99
2026-07-01 18:43:34.093 I0701 09:24:13.993568       1 schedule_one.go:745] "Plugin scored node for pod" pod="default/yolo-cls-2" plugin="ImageLocality" node="gpuorin4-desktop" score=0
2026-07-01 18:43:34.093 I0701 09:24:13.993578       1 schedule_one.go:812] "Calculated node's final score for pod" pod="default/yolo-cls-2" node="gpu-orin2" score=481
2026-07-01 18:43:34.094 I0701 09:24:13.993586       1 schedule_one.go:812] "Calculated node's final score for pod" pod="default/yolo-cls-2" node="gpuorin5-desktop" score=479
2026-07-01 18:43:34.095 I0701 09:24:13.993594       1 schedule_one.go:812] "Calculated node's final score for pod" pod="default/yolo-cls-2" node="gpu-orin3" score=479
2026-07-01 18:43:34.095 I0701 09:24:13.993601       1 schedule_one.go:812] "Calculated node's final score for pod" pod="default/yolo-cls-2" node="gpuorin4-desktop" score=477
2026-07-01 18:43:34.096 I0701 09:24:17.631703       1 resource_allocation.go:76] "Listed internal info for allocatable resources, requested resources and score" pod="default/yolo-det-2" node="gpu-orin3" resourceAllocationScorer="LeastAllocated" allocatableResource=[6000,7885152256] requestedResource=[900,1887436800] resourceScore=80
2026-07-01 18:43:34.097 I0701 09:24:17.631709       1 resource_allocation.go:76] "Listed internal info for allocatable resources, requested resources and score" pod="default/yolo-det-2" node="gpuorin5-desktop" resourceAllocationScorer="LeastAllocated" allocatableResource=[6000,7885127680] requestedResource=[900,1887436800] resourceScore=80
2026-07-01 18:43:34.097 I0701 09:24:17.631746       1 resource_allocation.go:76] "Listed internal info for allocatable resources, requested resources and score" pod="default/yolo-det-2" node="gpu-orin3" resourceAllocationScorer="NodeResourcesBalancedAllocation" allocatableResource=[6000,7885152256] requestedResource=[100,52428800] resourceScore=99
2026-07-01 18:43:34.098 I0701 09:24:17.631748       1 resource_allocation.go:76] "Listed internal info for allocatable resources, requested resources and score" pod="default/yolo-det-2" node="gpuorin5-desktop" resourceAllocationScorer="NodeResourcesBalancedAllocation" allocatableResource=[6000,7885127680] requestedResource=[100,52428800] resourceScore=99
2026-07-01 18:43:34.099 I0701 09:24:17.631746       1 resource_allocation.go:76] "Listed internal info for allocatable resources, requested resources and score" pod="default/yolo-det-2" node="gpu-orin2" resourceAllocationScorer="LeastAllocated" allocatableResource=[6000,7885127680] requestedResource=[900,1887436800] resourceScore=80
2026-07-01 18:43:34.100 I0701 09:24:17.631806       1 resource_allocation.go:76] "Listed internal info for allocatable resources, requested resources and score" pod="default/yolo-det-2" node="gpu-orin2" resourceAllocationScorer="NodeResourcesBalancedAllocation" allocatableResource=[6000,7885127680] requestedResource=[100,52428800] resourceScore=99
2026-07-01 18:43:34.100 I0701 09:24:17.631814       1 resource_allocation.go:76] "Listed internal info for allocatable resources, requested resources and score" pod="default/yolo-det-2" node="gpuorin4-desktop" resourceAllocationScorer="LeastAllocated" allocatableResource=[6000,7885250560] requestedResource=[1000,2097152000] resourceScore=78
2026-07-01 18:43:34.101 I0701 09:24:17.631879       1 resource_allocation.go:76] "Listed internal info for allocatable resources, requested resources and score" pod="default/yolo-det-2" node="gpuorin4-desktop" resourceAllocationScorer="NodeResourcesBalancedAllocation" allocatableResource=[6000,7885250560] requestedResource=[100,52428800] resourceScore=99
2026-07-01 18:43:34.102 I0701 09:24:17.632033       1 schedule_one.go:745] "Plugin scored node for pod" pod="default/yolo-det-2" plugin="TaintToleration" node="gpu-orin3" score=300
2026-07-01 18:43:34.103 I0701 09:24:17.632053       1 schedule_one.go:745] "Plugin scored node for pod" pod="default/yolo-det-2" plugin="NodeAffinity" node="gpu-orin3" score=0
2026-07-01 18:43:34.103 I0701 09:24:17.632064       1 schedule_one.go:745] "Plugin scored node for pod" pod="default/yolo-det-2" plugin="NodeResourcesFit" node="gpu-orin3" score=80
2026-07-01 18:43:34.104 I0701 09:24:17.632071       1 schedule_one.go:745] "Plugin scored node for pod" pod="default/yolo-det-2" plugin="VolumeBinding" node="gpu-orin3" score=0
2026-07-01 18:43:34.105 I0701 09:24:17.632079       1 schedule_one.go:745] "Plugin scored node for pod" pod="default/yolo-det-2" plugin="NodeResourcesBalancedAllocation" node="gpu-orin3" score=99
2026-07-01 18:43:34.105 I0701 09:24:17.632087       1 schedule_one.go:745] "Plugin scored node for pod" pod="default/yolo-det-2" plugin="ImageLocality" node="gpu-orin3" score=0
2026-07-01 18:43:34.106 I0701 09:24:17.632095       1 schedule_one.go:745] "Plugin scored node for pod" pod="default/yolo-det-2" plugin="TaintToleration" node="gpu-orin2" score=300
2026-07-01 18:43:34.107 I0701 09:24:17.632103       1 schedule_one.go:745] "Plugin scored node for pod" pod="default/yolo-det-2" plugin="NodeAffinity" node="gpu-orin2" score=0
2026-07-01 18:43:34.107 I0701 09:24:17.632111       1 schedule_one.go:745] "Plugin scored node for pod" pod="default/yolo-det-2" plugin="NodeResourcesFit" node="gpu-orin2" score=80
2026-07-01 18:43:34.108 I0701 09:24:17.632119       1 schedule_one.go:745] "Plugin scored node for pod" pod="default/yolo-det-2" plugin="VolumeBinding" node="gpu-orin2" score=0
2026-07-01 18:43:34.109 I0701 09:24:17.632132       1 schedule_one.go:745] "Plugin scored node for pod" pod="default/yolo-det-2" plugin="NodeResourcesBalancedAllocation" node="gpu-orin2" score=99
2026-07-01 18:43:34.109 I0701 09:24:17.632141       1 schedule_one.go:745] "Plugin scored node for pod" pod="default/yolo-det-2" plugin="ImageLocality" node="gpu-orin2" score=0
2026-07-01 18:43:34.110 I0701 09:24:17.632152       1 schedule_one.go:745] "Plugin scored node for pod" pod="default/yolo-det-2" plugin="TaintToleration" node="gpuorin5-desktop" score=300
2026-07-01 18:43:34.111 I0701 09:24:17.632164       1 schedule_one.go:745] "Plugin scored node for pod" pod="default/yolo-det-2" plugin="NodeAffinity" node="gpuorin5-desktop" score=0
2026-07-01 18:43:34.111 I0701 09:24:17.632176       1 schedule_one.go:745] "Plugin scored node for pod" pod="default/yolo-det-2" plugin="NodeResourcesFit" node="gpuorin5-desktop" score=80
2026-07-01 18:43:34.112 I0701 09:24:17.632184       1 schedule_one.go:745] "Plugin scored node for pod" pod="default/yolo-det-2" plugin="VolumeBinding" node="gpuorin5-desktop" score=0
2026-07-01 18:43:34.113 I0701 09:24:17.632192       1 schedule_one.go:745] "Plugin scored node for pod" pod="default/yolo-det-2" plugin="NodeResourcesBalancedAllocation" node="gpuorin5-desktop" score=99
2026-07-01 18:43:34.114 I0701 09:24:17.632200       1 schedule_one.go:745] "Plugin scored node for pod" pod="default/yolo-det-2" plugin="ImageLocality" node="gpuorin5-desktop" score=0
2026-07-01 18:43:34.114 I0701 09:24:17.632208       1 schedule_one.go:745] "Plugin scored node for pod" pod="default/yolo-det-2" plugin="TaintToleration" node="gpuorin4-desktop" score=300
2026-07-01 18:43:34.115 I0701 09:24:17.632216       1 schedule_one.go:745] "Plugin scored node for pod" pod="default/yolo-det-2" plugin="NodeAffinity" node="gpuorin4-desktop" score=0
2026-07-01 18:43:34.116 I0701 09:24:17.632223       1 schedule_one.go:745] "Plugin scored node for pod" pod="default/yolo-det-2" plugin="NodeResourcesFit" node="gpuorin4-desktop" score=78
2026-07-01 18:43:34.116 I0701 09:24:17.632231       1 schedule_one.go:745] "Plugin scored node for pod" pod="default/yolo-det-2" plugin="VolumeBinding" node="gpuorin4-desktop" score=0
2026-07-01 18:43:34.117 I0701 09:24:17.632239       1 schedule_one.go:745] "Plugin scored node for pod" pod="default/yolo-det-2" plugin="NodeResourcesBalancedAllocation" node="gpuorin4-desktop" score=99
2026-07-01 18:43:34.118 I0701 09:24:17.632255       1 schedule_one.go:745] "Plugin scored node for pod" pod="default/yolo-det-2" plugin="ImageLocality" node="gpuorin4-desktop" score=0
2026-07-01 18:43:34.118 I0701 09:24:17.632280       1 schedule_one.go:812] "Calculated node's final score for pod" pod="default/yolo-det-2" node="gpu-orin3" score=479
2026-07-01 18:43:34.119 I0701 09:24:17.632301       1 schedule_one.go:812] "Calculated node's final score for pod" pod="default/yolo-det-2" node="gpu-orin2" score=479
2026-07-01 18:43:34.120 I0701 09:24:17.632318       1 schedule_one.go:812] "Calculated node's final score for pod" pod="default/yolo-det-2" node="gpuorin5-desktop" score=479
2026-07-01 18:43:34.120 I0701 09:24:17.632331       1 schedule_one.go:812] "Calculated node's final score for pod" pod="default/yolo-det-2" node="gpuorin4-desktop" score=477
2026-07-01 18:43:34.121 I0701 09:24:21.562200       1 resource_allocation.go:76] "Listed internal info for allocatable resources, requested resources and score" pod="default/yolo-seg-2" node="gpu-orin2" resourceAllocationScorer="LeastAllocated" allocatableResource=[6000,7885127680] requestedResource=[900,1887436800] resourceScore=80
2026-07-01 18:43:34.122 I0701 09:24:21.562243       1 resource_allocation.go:76] "Listed internal info for allocatable resources, requested resources and score" pod="default/yolo-seg-2" node="gpu-orin2" resourceAllocationScorer="NodeResourcesBalancedAllocation" allocatableResource=[6000,7885127680] requestedResource=[100,52428800] resourceScore=99
2026-07-01 18:43:34.122 I0701 09:24:21.562248       1 resource_allocation.go:76] "Listed internal info for allocatable resources, requested resources and score" pod="default/yolo-seg-2" node="gpuorin5-desktop" resourceAllocationScorer="LeastAllocated" allocatableResource=[6000,7885127680] requestedResource=[1000,2097152000] resourceScore=78
2026-07-01 18:43:34.123 I0701 09:24:21.562256       1 resource_allocation.go:76] "Listed internal info for allocatable resources, requested resources and score" pod="default/yolo-seg-2" node="gpu-orin3" resourceAllocationScorer="LeastAllocated" allocatableResource=[6000,7885152256] requestedResource=[900,1887436800] resourceScore=80
2026-07-01 18:43:34.124 I0701 09:24:21.562287       1 resource_allocation.go:76] "Listed internal info for allocatable resources, requested resources and score" pod="default/yolo-seg-2" node="gpuorin5-desktop" resourceAllocationScorer="NodeResourcesBalancedAllocation" allocatableResource=[6000,7885127680] requestedResource=[100,52428800] resourceScore=99
2026-07-01 18:43:34.125 I0701 09:24:21.562298       1 resource_allocation.go:76] "Listed internal info for allocatable resources, requested resources and score" pod="default/yolo-seg-2" node="gpu-orin3" resourceAllocationScorer="NodeResourcesBalancedAllocation" allocatableResource=[6000,7885152256] requestedResource=[100,52428800] resourceScore=99
2026-07-01 18:43:34.125 I0701 09:24:21.562315       1 resource_allocation.go:76] "Listed internal info for allocatable resources, requested resources and score" pod="default/yolo-seg-2" node="gpuorin4-desktop" resourceAllocationScorer="LeastAllocated" allocatableResource=[6000,7885250560] requestedResource=[1000,2097152000] resourceScore=78
2026-07-01 18:43:34.126 I0701 09:24:21.562376       1 resource_allocation.go:76] "Listed internal info for allocatable resources, requested resources and score" pod="default/yolo-seg-2" node="gpuorin4-desktop" resourceAllocationScorer="NodeResourcesBalancedAllocation" allocatableResource=[6000,7885250560] requestedResource=[100,52428800] resourceScore=99
2026-07-01 18:43:34.127 I0701 09:24:21.562524       1 schedule_one.go:745] "Plugin scored node for pod" pod="default/yolo-seg-2" plugin="TaintToleration" node="gpu-orin2" score=300
2026-07-01 18:43:34.128 I0701 09:24:21.562549       1 schedule_one.go:745] "Plugin scored node for pod" pod="default/yolo-seg-2" plugin="NodeAffinity" node="gpu-orin2" score=0
2026-07-01 18:43:34.128 I0701 09:24:21.562568       1 schedule_one.go:745] "Plugin scored node for pod" pod="default/yolo-seg-2" plugin="NodeResourcesFit" node="gpu-orin2" score=80
2026-07-01 18:43:34.129 I0701 09:24:21.562580       1 schedule_one.go:745] "Plugin scored node for pod" pod="default/yolo-seg-2" plugin="VolumeBinding" node="gpu-orin2" score=0
2026-07-01 18:43:34.129 I0701 09:24:21.562592       1 schedule_one.go:745] "Plugin scored node for pod" pod="default/yolo-seg-2" plugin="NodeResourcesBalancedAllocation" node="gpu-orin2" score=99
2026-07-01 18:43:34.130 I0701 09:24:21.562607       1 schedule_one.go:745] "Plugin scored node for pod" pod="default/yolo-seg-2" plugin="ImageLocality" node="gpu-orin2" score=0
2026-07-01 18:43:34.131 I0701 09:24:21.562621       1 schedule_one.go:745] "Plugin scored node for pod" pod="default/yolo-seg-2" plugin="TaintToleration" node="gpuorin5-desktop" score=300
2026-07-01 18:43:34.131 I0701 09:24:21.562633       1 schedule_one.go:745] "Plugin scored node for pod" pod="default/yolo-seg-2" plugin="NodeAffinity" node="gpuorin5-desktop" score=0
2026-07-01 18:43:34.132 I0701 09:24:21.562644       1 schedule_one.go:745] "Plugin scored node for pod" pod="default/yolo-seg-2" plugin="NodeResourcesFit" node="gpuorin5-desktop" score=78
2026-07-01 18:43:34.133 I0701 09:24:21.562660       1 schedule_one.go:745] "Plugin scored node for pod" pod="default/yolo-seg-2" plugin="VolumeBinding" node="gpuorin5-desktop" score=0
2026-07-01 18:43:34.134 I0701 09:24:21.562671       1 schedule_one.go:745] "Plugin scored node for pod" pod="default/yolo-seg-2" plugin="NodeResourcesBalancedAllocation" node="gpuorin5-desktop" score=99
2026-07-01 18:43:34.134 I0701 09:24:21.562683       1 schedule_one.go:745] "Plugin scored node for pod" pod="default/yolo-seg-2" plugin="ImageLocality" node="gpuorin5-desktop" score=0
2026-07-01 18:43:34.135 I0701 09:24:21.562696       1 schedule_one.go:745] "Plugin scored node for pod" pod="default/yolo-seg-2" plugin="TaintToleration" node="gpu-orin3" score=300
2026-07-01 18:43:34.136 I0701 09:24:21.562707       1 schedule_one.go:745] "Plugin scored node for pod" pod="default/yolo-seg-2" plugin="NodeAffinity" node="gpu-orin3" score=0
2026-07-01 18:43:34.136 I0701 09:24:21.562720       1 schedule_one.go:745] "Plugin scored node for pod" pod="default/yolo-seg-2" plugin="NodeResourcesFit" node="gpu-orin3" score=80
2026-07-01 18:43:34.137 I0701 09:24:21.562733       1 schedule_one.go:745] "Plugin scored node for pod" pod="default/yolo-seg-2" plugin="VolumeBinding" node="gpu-orin3" score=0
2026-07-01 18:43:34.138 I0701 09:24:21.562745       1 schedule_one.go:745] "Plugin scored node for pod" pod="default/yolo-seg-2" plugin="NodeResourcesBalancedAllocation" node="gpu-orin3" score=99
2026-07-01 18:43:34.138 I0701 09:24:21.562761       1 schedule_one.go:745] "Plugin scored node for pod" pod="default/yolo-seg-2" plugin="ImageLocality" node="gpu-orin3" score=0
2026-07-01 18:43:34.139 I0701 09:24:21.562788       1 schedule_one.go:745] "Plugin scored node for pod" pod="default/yolo-seg-2" plugin="TaintToleration" node="gpuorin4-desktop" score=300
2026-07-01 18:43:34.140 I0701 09:24:21.562803       1 schedule_one.go:745] "Plugin scored node for pod" pod="default/yolo-seg-2" plugin="NodeAffinity" node="gpuorin4-desktop" score=0
2026-07-01 18:43:34.140 I0701 09:24:21.562816       1 schedule_one.go:745] "Plugin scored node for pod" pod="default/yolo-seg-2" plugin="NodeResourcesFit" node="gpuorin4-desktop" score=78
2026-07-01 18:43:34.141 I0701 09:24:21.562828       1 schedule_one.go:745] "Plugin scored node for pod" pod="default/yolo-seg-2" plugin="VolumeBinding" node="gpuorin4-desktop" score=0
2026-07-01 18:43:34.142 I0701 09:24:21.562840       1 schedule_one.go:745] "Plugin scored node for pod" pod="default/yolo-seg-2" plugin="NodeResourcesBalancedAllocation" node="gpuorin4-desktop" score=99
2026-07-01 18:43:34.142 I0701 09:24:21.562855       1 schedule_one.go:745] "Plugin scored node for pod" pod="default/yolo-seg-2" plugin="ImageLocality" node="gpuorin4-desktop" score=0
2026-07-01 18:43:34.143 I0701 09:24:21.562872       1 schedule_one.go:812] "Calculated node's final score for pod" pod="default/yolo-seg-2" node="gpu-orin2" score=479
2026-07-01 18:43:34.144 I0701 09:24:21.562889       1 schedule_one.go:812] "Calculated node's final score for pod" pod="default/yolo-seg-2" node="gpuorin5-desktop" score=477
2026-07-01 18:43:34.144 I0701 09:24:21.562909       1 schedule_one.go:812] "Calculated node's final score for pod" pod="default/yolo-seg-2" node="gpu-orin3" score=479
2026-07-01 18:43:34.145 I0701 09:24:21.562926       1 schedule_one.go:812] "Calculated node's final score for pod" pod="default/yolo-seg-2" node="gpuorin4-desktop" score=477
2026-07-01 18:43:34.146 I0701 09:24:26.212632       1 resource_allocation.go:76] "Listed internal info for allocatable resources, requested resources and score" pod="default/yolo-obb-2" node="gpu-orin3" resourceAllocationScorer="LeastAllocated" allocatableResource=[6000,7885152256] requestedResource=[1000,2097152000] resourceScore=78
2026-07-01 18:43:34.146 I0701 09:24:26.212657       1 resource_allocation.go:76] "Listed internal info for allocatable resources, requested resources and score" pod="default/yolo-obb-2" node="gpu-orin3" resourceAllocationScorer="NodeResourcesBalancedAllocation" allocatableResource=[6000,7885152256] requestedResource=[100,52428800] resourceScore=99
2026-07-01 18:43:34.147 I0701 09:24:26.212676       1 resource_allocation.go:76] "Listed internal info for allocatable resources, requested resources and score" pod="default/yolo-obb-2" node="gpu-orin2" resourceAllocationScorer="LeastAllocated" allocatableResource=[6000,7885127680] requestedResource=[900,1887436800] resourceScore=80
2026-07-01 18:43:34.148 I0701 09:24:26.212689       1 resource_allocation.go:76] "Listed internal info for allocatable resources, requested resources and score" pod="default/yolo-obb-2" node="gpu-orin2" resourceAllocationScorer="NodeResourcesBalancedAllocation" allocatableResource=[6000,7885127680] requestedResource=[100,52428800] resourceScore=99
2026-07-01 18:43:34.148 I0701 09:24:26.212705       1 resource_allocation.go:76] "Listed internal info for allocatable resources, requested resources and score" pod="default/yolo-obb-2" node="gpuorin4-desktop" resourceAllocationScorer="LeastAllocated" allocatableResource=[6000,7885250560] requestedResource=[1000,2097152000] resourceScore=78
2026-07-01 18:43:34.149 I0701 09:24:26.212726       1 resource_allocation.go:76] "Listed internal info for allocatable resources, requested resources and score" pod="default/yolo-obb-2" node="gpuorin4-desktop" resourceAllocationScorer="NodeResourcesBalancedAllocation" allocatableResource=[6000,7885250560] requestedResource=[100,52428800] resourceScore=99
2026-07-01 18:43:34.150 I0701 09:24:26.212741       1 resource_allocation.go:76] "Listed internal info for allocatable resources, requested resources and score" pod="default/yolo-obb-2" node="gpuorin5-desktop" resourceAllocationScorer="LeastAllocated" allocatableResource=[6000,7885127680] requestedResource=[1000,2097152000] resourceScore=78
2026-07-01 18:43:34.151 I0701 09:24:26.212759       1 resource_allocation.go:76] "Listed internal info for allocatable resources, requested resources and score" pod="default/yolo-obb-2" node="gpuorin5-desktop" resourceAllocationScorer="NodeResourcesBalancedAllocation" allocatableResource=[6000,7885127680] requestedResource=[100,52428800] resourceScore=99
2026-07-01 18:43:34.151 I0701 09:24:26.212829       1 schedule_one.go:745] "Plugin scored node for pod" pod="default/yolo-obb-2" plugin="TaintToleration" node="gpu-orin3" score=300
2026-07-01 18:43:34.152 I0701 09:24:26.212842       1 schedule_one.go:745] "Plugin scored node for pod" pod="default/yolo-obb-2" plugin="NodeAffinity" node="gpu-orin3" score=0
2026-07-01 18:43:34.153 I0701 09:24:26.212851       1 schedule_one.go:745] "Plugin scored node for pod" pod="default/yolo-obb-2" plugin="NodeResourcesFit" node="gpu-orin3" score=78
2026-07-01 18:43:34.153 I0701 09:24:26.212858       1 schedule_one.go:745] "Plugin scored node for pod" pod="default/yolo-obb-2" plugin="VolumeBinding" node="gpu-orin3" score=0
2026-07-01 18:43:34.154 I0701 09:24:26.212867       1 schedule_one.go:745] "Plugin scored node for pod" pod="default/yolo-obb-2" plugin="NodeResourcesBalancedAllocation" node="gpu-orin3" score=99
2026-07-01 18:43:34.155 I0701 09:24:26.212876       1 schedule_one.go:745] "Plugin scored node for pod" pod="default/yolo-obb-2" plugin="ImageLocality" node="gpu-orin3" score=0
2026-07-01 18:43:34.156 I0701 09:24:26.212883       1 schedule_one.go:745] "Plugin scored node for pod" pod="default/yolo-obb-2" plugin="TaintToleration" node="gpu-orin2" score=300
2026-07-01 18:43:34.157 I0701 09:24:26.212890       1 schedule_one.go:745] "Plugin scored node for pod" pod="default/yolo-obb-2" plugin="NodeAffinity" node="gpu-orin2" score=0
2026-07-01 18:43:34.157 I0701 09:24:26.212897       1 schedule_one.go:745] "Plugin scored node for pod" pod="default/yolo-obb-2" plugin="NodeResourcesFit" node="gpu-orin2" score=80
2026-07-01 18:43:34.158 I0701 09:24:26.212905       1 schedule_one.go:745] "Plugin scored node for pod" pod="default/yolo-obb-2" plugin="VolumeBinding" node="gpu-orin2" score=0
2026-07-01 18:43:34.159 I0701 09:24:26.212913       1 schedule_one.go:745] "Plugin scored node for pod" pod="default/yolo-obb-2" plugin="NodeResourcesBalancedAllocation" node="gpu-orin2" score=99
2026-07-01 18:43:34.159 I0701 09:24:26.212920       1 schedule_one.go:745] "Plugin scored node for pod" pod="default/yolo-obb-2" plugin="ImageLocality" node="gpu-orin2" score=0
2026-07-01 18:43:34.160 I0701 09:24:26.212927       1 schedule_one.go:745] "Plugin scored node for pod" pod="default/yolo-obb-2" plugin="TaintToleration" node="gpuorin4-desktop" score=300
2026-07-01 18:43:34.161 I0701 09:24:26.212934       1 schedule_one.go:745] "Plugin scored node for pod" pod="default/yolo-obb-2" plugin="NodeAffinity" node="gpuorin4-desktop" score=0
2026-07-01 18:43:34.161 I0701 09:24:26.212941       1 schedule_one.go:745] "Plugin scored node for pod" pod="default/yolo-obb-2" plugin="NodeResourcesFit" node="gpuorin4-desktop" score=78
2026-07-01 18:43:34.162 I0701 09:24:26.212948       1 schedule_one.go:745] "Plugin scored node for pod" pod="default/yolo-obb-2" plugin="VolumeBinding" node="gpuorin4-desktop" score=0
2026-07-01 18:43:34.163 I0701 09:24:26.212961       1 schedule_one.go:745] "Plugin scored node for pod" pod="default/yolo-obb-2" plugin="NodeResourcesBalancedAllocation" node="gpuorin4-desktop" score=99
2026-07-01 18:43:34.164 I0701 09:24:26.212969       1 schedule_one.go:745] "Plugin scored node for pod" pod="default/yolo-obb-2" plugin="ImageLocality" node="gpuorin4-desktop" score=0
2026-07-01 18:43:34.164 I0701 09:24:26.212976       1 schedule_one.go:745] "Plugin scored node for pod" pod="default/yolo-obb-2" plugin="TaintToleration" node="gpuorin5-desktop" score=300
2026-07-01 18:43:34.165 I0701 09:24:26.212984       1 schedule_one.go:745] "Plugin scored node for pod" pod="default/yolo-obb-2" plugin="NodeAffinity" node="gpuorin5-desktop" score=0
2026-07-01 18:43:34.166 I0701 09:24:26.212992       1 schedule_one.go:745] "Plugin scored node for pod" pod="default/yolo-obb-2" plugin="NodeResourcesFit" node="gpuorin5-desktop" score=78
2026-07-01 18:43:34.166 I0701 09:24:26.212999       1 schedule_one.go:745] "Plugin scored node for pod" pod="default/yolo-obb-2" plugin="VolumeBinding" node="gpuorin5-desktop" score=0
2026-07-01 18:43:34.167 I0701 09:24:26.213007       1 schedule_one.go:745] "Plugin scored node for pod" pod="default/yolo-obb-2" plugin="NodeResourcesBalancedAllocation" node="gpuorin5-desktop" score=99
2026-07-01 18:43:34.168 I0701 09:24:26.213015       1 schedule_one.go:745] "Plugin scored node for pod" pod="default/yolo-obb-2" plugin="ImageLocality" node="gpuorin5-desktop" score=0
2026-07-01 18:43:34.168 I0701 09:24:26.213024       1 schedule_one.go:812] "Calculated node's final score for pod" pod="default/yolo-obb-2" node="gpu-orin3" score=477
2026-07-01 18:43:34.169 I0701 09:24:26.213033       1 schedule_one.go:812] "Calculated node's final score for pod" pod="default/yolo-obb-2" node="gpu-orin2" score=479
2026-07-01 18:43:34.170 I0701 09:24:26.213041       1 schedule_one.go:812] "Calculated node's final score for pod" pod="default/yolo-obb-2" node="gpuorin4-desktop" score=477
2026-07-01 18:43:34.170 I0701 09:24:26.213049       1 schedule_one.go:812] "Calculated node's final score for pod" pod="default/yolo-obb-2" node="gpuorin5-desktop" score=477
2026-07-01 18:43:34.171 I0701 09:24:30.747412       1 resource_allocation.go:76] "Listed internal info for allocatable resources, requested resources and score" pod="default/yolo-pos-2" node="gpu-orin3" resourceAllocationScorer="LeastAllocated" allocatableResource=[6000,7885152256] requestedResource=[1000,2097152000] resourceScore=78
2026-07-01 18:43:34.172 I0701 09:24:30.747437       1 resource_allocation.go:76] "Listed internal info for allocatable resources, requested resources and score" pod="default/yolo-pos-2" node="gpu-orin3" resourceAllocationScorer="NodeResourcesBalancedAllocation" allocatableResource=[6000,7885152256] requestedResource=[100,52428800] resourceScore=99
2026-07-01 18:43:34.173 I0701 09:24:30.747443       1 resource_allocation.go:76] "Listed internal info for allocatable resources, requested resources and score" pod="default/yolo-pos-2" node="gpuorin4-desktop" resourceAllocationScorer="LeastAllocated" allocatableResource=[6000,7885250560] requestedResource=[1000,2097152000] resourceScore=78
2026-07-01 18:43:34.173 I0701 09:24:30.747455       1 resource_allocation.go:76] "Listed internal info for allocatable resources, requested resources and score" pod="default/yolo-pos-2" node="gpu-orin2" resourceAllocationScorer="LeastAllocated" allocatableResource=[6000,7885127680] requestedResource=[1000,2097152000] resourceScore=78
2026-07-01 18:43:34.174 I0701 09:24:30.747470       1 resource_allocation.go:76] "Listed internal info for allocatable resources, requested resources and score" pod="default/yolo-pos-2" node="gpuorin4-desktop" resourceAllocationScorer="NodeResourcesBalancedAllocation" allocatableResource=[6000,7885250560] requestedResource=[100,52428800] resourceScore=99
2026-07-01 18:43:34.175 I0701 09:24:30.747515       1 resource_allocation.go:76] "Listed internal info for allocatable resources, requested resources and score" pod="default/yolo-pos-2" node="gpu-orin2" resourceAllocationScorer="NodeResourcesBalancedAllocation" allocatableResource=[6000,7885127680] requestedResource=[100,52428800] resourceScore=99
2026-07-01 18:43:34.175 I0701 09:24:30.747517       1 resource_allocation.go:76] "Listed internal info for allocatable resources, requested resources and score" pod="default/yolo-pos-2" node="gpuorin5-desktop" resourceAllocationScorer="LeastAllocated" allocatableResource=[6000,7885127680] requestedResource=[1000,2097152000] resourceScore=78
2026-07-01 18:43:34.176 I0701 09:24:30.747560       1 resource_allocation.go:76] "Listed internal info for allocatable resources, requested resources and score" pod="default/yolo-pos-2" node="gpuorin5-desktop" resourceAllocationScorer="NodeResourcesBalancedAllocation" allocatableResource=[6000,7885127680] requestedResource=[100,52428800] resourceScore=99
2026-07-01 18:43:34.177 I0701 09:24:30.747666       1 schedule_one.go:745] "Plugin scored node for pod" pod="default/yolo-pos-2" plugin="TaintToleration" node="gpu-orin3" score=300
2026-07-01 18:43:34.178 I0701 09:24:30.747685       1 schedule_one.go:745] "Plugin scored node for pod" pod="default/yolo-pos-2" plugin="NodeAffinity" node="gpu-orin3" score=0
2026-07-01 18:43:34.178 I0701 09:24:30.747697       1 schedule_one.go:745] "Plugin scored node for pod" pod="default/yolo-pos-2" plugin="NodeResourcesFit" node="gpu-orin3" score=78
2026-07-01 18:43:34.179 I0701 09:24:30.747707       1 schedule_one.go:745] "Plugin scored node for pod" pod="default/yolo-pos-2" plugin="VolumeBinding" node="gpu-orin3" score=0
2026-07-01 18:43:34.180 I0701 09:24:30.747716       1 schedule_one.go:745] "Plugin scored node for pod" pod="default/yolo-pos-2" plugin="NodeResourcesBalancedAllocation" node="gpu-orin3" score=99
2026-07-01 18:43:34.180 I0701 09:24:30.747726       1 schedule_one.go:745] "Plugin scored node for pod" pod="default/yolo-pos-2" plugin="ImageLocality" node="gpu-orin3" score=0
2026-07-01 18:43:34.181 I0701 09:24:30.747734       1 schedule_one.go:745] "Plugin scored node for pod" pod="default/yolo-pos-2" plugin="TaintToleration" node="gpu-orin2" score=300
2026-07-01 18:43:34.182 I0701 09:24:30.747744       1 schedule_one.go:745] "Plugin scored node for pod" pod="default/yolo-pos-2" plugin="NodeAffinity" node="gpu-orin2" score=0
2026-07-01 18:43:34.182 I0701 09:24:30.747752       1 schedule_one.go:745] "Plugin scored node for pod" pod="default/yolo-pos-2" plugin="NodeResourcesFit" node="gpu-orin2" score=78
2026-07-01 18:43:34.183 I0701 09:24:30.747761       1 schedule_one.go:745] "Plugin scored node for pod" pod="default/yolo-pos-2" plugin="VolumeBinding" node="gpu-orin2" score=0
2026-07-01 18:43:34.184 I0701 09:24:30.747785       1 schedule_one.go:745] "Plugin scored node for pod" pod="default/yolo-pos-2" plugin="NodeResourcesBalancedAllocation" node="gpu-orin2" score=99
2026-07-01 18:43:34.184 I0701 09:24:30.747793       1 schedule_one.go:745] "Plugin scored node for pod" pod="default/yolo-pos-2" plugin="ImageLocality" node="gpu-orin2" score=0
2026-07-01 18:43:34.185 I0701 09:24:30.747802       1 schedule_one.go:745] "Plugin scored node for pod" pod="default/yolo-pos-2" plugin="TaintToleration" node="gpuorin4-desktop" score=300
2026-07-01 18:43:34.186 I0701 09:24:30.747810       1 schedule_one.go:745] "Plugin scored node for pod" pod="default/yolo-pos-2" plugin="NodeAffinity" node="gpuorin4-desktop" score=0
2026-07-01 18:43:34.186 I0701 09:24:30.747817       1 schedule_one.go:745] "Plugin scored node for pod" pod="default/yolo-pos-2" plugin="NodeResourcesFit" node="gpuorin4-desktop" score=78
2026-07-01 18:43:34.187 I0701 09:24:30.747826       1 schedule_one.go:745] "Plugin scored node for pod" pod="default/yolo-pos-2" plugin="VolumeBinding" node="gpuorin4-desktop" score=0
2026-07-01 18:43:34.188 I0701 09:24:30.747834       1 schedule_one.go:745] "Plugin scored node for pod" pod="default/yolo-pos-2" plugin="NodeResourcesBalancedAllocation" node="gpuorin4-desktop" score=99
2026-07-01 18:43:34.188 I0701 09:24:30.747841       1 schedule_one.go:745] "Plugin scored node for pod" pod="default/yolo-pos-2" plugin="ImageLocality" node="gpuorin4-desktop" score=0
2026-07-01 18:43:34.189 I0701 09:24:30.747849       1 schedule_one.go:745] "Plugin scored node for pod" pod="default/yolo-pos-2" plugin="TaintToleration" node="gpuorin5-desktop" score=300
2026-07-01 18:43:34.190 I0701 09:24:30.747856       1 schedule_one.go:745] "Plugin scored node for pod" pod="default/yolo-pos-2" plugin="NodeAffinity" node="gpuorin5-desktop" score=0
2026-07-01 18:43:34.190 I0701 09:24:30.747864       1 schedule_one.go:745] "Plugin scored node for pod" pod="default/yolo-pos-2" plugin="NodeResourcesFit" node="gpuorin5-desktop" score=78
2026-07-01 18:43:34.191 I0701 09:24:30.747871       1 schedule_one.go:745] "Plugin scored node for pod" pod="default/yolo-pos-2" plugin="VolumeBinding" node="gpuorin5-desktop" score=0
2026-07-01 18:43:34.192 I0701 09:24:30.747879       1 schedule_one.go:745] "Plugin scored node for pod" pod="default/yolo-pos-2" plugin="NodeResourcesBalancedAllocation" node="gpuorin5-desktop" score=99
2026-07-01 18:43:34.192 I0701 09:24:30.747886       1 schedule_one.go:745] "Plugin scored node for pod" pod="default/yolo-pos-2" plugin="ImageLocality" node="gpuorin5-desktop" score=0
2026-07-01 18:43:34.193 I0701 09:24:30.747898       1 schedule_one.go:812] "Calculated node's final score for pod" pod="default/yolo-pos-2" node="gpu-orin3" score=477
2026-07-01 18:43:34.194 I0701 09:24:30.747911       1 schedule_one.go:812] "Calculated node's final score for pod" pod="default/yolo-pos-2" node="gpu-orin2" score=477
2026-07-01 18:43:34.194 I0701 09:24:30.747920       1 schedule_one.go:812] "Calculated node's final score for pod" pod="default/yolo-pos-2" node="gpuorin4-desktop" score=477
2026-07-01 18:43:34.195 I0701 09:24:30.747931       1 schedule_one.go:812] "Calculated node's final score for pod" pod="default/yolo-pos-2" node="gpuorin5-desktop" score=477
2026-07-01 18:43:34.196 I0701 09:27:00.986112       1 resource_allocation.go:76] "Listed internal info for allocatable resources, requested resources and score" pod="default/yolo-cls-1" node="gpuorin4-desktop" resourceAllocationScorer="LeastAllocated" allocatableResource=[6000,7885250560] requestedResource=[1000,2097152000] resourceScore=78
2026-07-01 18:43:34.197 I0701 09:27:00.986153       1 resource_allocation.go:76] "Listed internal info for allocatable resources, requested resources and score" pod="default/yolo-cls-1" node="gpuorin4-desktop" resourceAllocationScorer="NodeResourcesBalancedAllocation" allocatableResource=[6000,7885250560] requestedResource=[100,52428800] resourceScore=99
2026-07-01 18:43:34.197 I0701 09:27:00.986145       1 resource_allocation.go:76] "Listed internal info for allocatable resources, requested resources and score" pod="default/yolo-cls-1" node="gpu-orin2" resourceAllocationScorer="LeastAllocated" allocatableResource=[6000,7885127680] requestedResource=[700,1468006400] resourceScore=84
2026-07-01 18:43:34.198 I0701 09:27:00.986177       1 resource_allocation.go:76] "Listed internal info for allocatable resources, requested resources and score" pod="default/yolo-cls-1" node="gpuorin5-desktop" resourceAllocationScorer="LeastAllocated" allocatableResource=[6000,7885127680] requestedResource=[700,1468006400] resourceScore=84
2026-07-01 18:43:34.199 I0701 09:27:00.986205       1 resource_allocation.go:76] "Listed internal info for allocatable resources, requested resources and score" pod="default/yolo-cls-1" node="gpu-orin2" resourceAllocationScorer="NodeResourcesBalancedAllocation" allocatableResource=[6000,7885127680] requestedResource=[100,52428800] resourceScore=99
2026-07-01 18:43:34.199 I0701 09:27:00.986224       1 resource_allocation.go:76] "Listed internal info for allocatable resources, requested resources and score" pod="default/yolo-cls-1" node="gpuorin5-desktop" resourceAllocationScorer="NodeResourcesBalancedAllocation" allocatableResource=[6000,7885127680] requestedResource=[100,52428800] resourceScore=99
2026-07-01 18:43:34.200 I0701 09:27:00.986153       1 resource_allocation.go:76] "Listed internal info for allocatable resources, requested resources and score" pod="default/yolo-cls-1" node="gpu-orin3" resourceAllocationScorer="LeastAllocated" allocatableResource=[6000,7885152256] requestedResource=[700,1468006400] resourceScore=84
2026-07-01 18:43:34.201 I0701 09:27:00.986259       1 resource_allocation.go:76] "Listed internal info for allocatable resources, requested resources and score" pod="default/yolo-cls-1" node="gpu-orin3" resourceAllocationScorer="NodeResourcesBalancedAllocation" allocatableResource=[6000,7885152256] requestedResource=[100,52428800] resourceScore=99
2026-07-01 18:43:34.202 I0701 09:27:00.986543       1 schedule_one.go:745] "Plugin scored node for pod" pod="default/yolo-cls-1" plugin="TaintToleration" node="gpu-orin2" score=300
2026-07-01 18:43:34.202 I0701 09:27:00.986610       1 schedule_one.go:745] "Plugin scored node for pod" pod="default/yolo-cls-1" plugin="NodeAffinity" node="gpu-orin2" score=0
2026-07-01 18:43:34.203 I0701 09:27:00.986632       1 schedule_one.go:745] "Plugin scored node for pod" pod="default/yolo-cls-1" plugin="NodeResourcesFit" node="gpu-orin2" score=84
2026-07-01 18:43:34.204 I0701 09:27:00.986642       1 schedule_one.go:745] "Plugin scored node for pod" pod="default/yolo-cls-1" plugin="VolumeBinding" node="gpu-orin2" score=0
2026-07-01 18:43:34.204 I0701 09:27:00.986650       1 schedule_one.go:745] "Plugin scored node for pod" pod="default/yolo-cls-1" plugin="NodeResourcesBalancedAllocation" node="gpu-orin2" score=99
2026-07-01 18:43:34.205 I0701 09:27:00.986659       1 schedule_one.go:745] "Plugin scored node for pod" pod="default/yolo-cls-1" plugin="ImageLocality" node="gpu-orin2" score=0
2026-07-01 18:43:34.206 I0701 09:27:00.986671       1 schedule_one.go:745] "Plugin scored node for pod" pod="default/yolo-cls-1" plugin="TaintToleration" node="gpuorin4-desktop" score=300
2026-07-01 18:43:34.206 I0701 09:27:00.986678       1 schedule_one.go:745] "Plugin scored node for pod" pod="default/yolo-cls-1" plugin="NodeAffinity" node="gpuorin4-desktop" score=0
2026-07-01 18:43:34.207 I0701 09:27:00.986686       1 schedule_one.go:745] "Plugin scored node for pod" pod="default/yolo-cls-1" plugin="NodeResourcesFit" node="gpuorin4-desktop" score=78
2026-07-01 18:43:34.208 I0701 09:27:00.986693       1 schedule_one.go:745] "Plugin scored node for pod" pod="default/yolo-cls-1" plugin="VolumeBinding" node="gpuorin4-desktop" score=0
2026-07-01 18:43:34.208 I0701 09:27:00.986701       1 schedule_one.go:745] "Plugin scored node for pod" pod="default/yolo-cls-1" plugin="NodeResourcesBalancedAllocation" node="gpuorin4-desktop" score=99
2026-07-01 18:43:34.209 I0701 09:27:00.986709       1 schedule_one.go:745] "Plugin scored node for pod" pod="default/yolo-cls-1" plugin="ImageLocality" node="gpuorin4-desktop" score=0
2026-07-01 18:43:34.210 I0701 09:27:00.986717       1 schedule_one.go:745] "Plugin scored node for pod" pod="default/yolo-cls-1" plugin="TaintToleration" node="gpu-orin3" score=300
2026-07-01 18:43:34.210 I0701 09:27:00.986725       1 schedule_one.go:745] "Plugin scored node for pod" pod="default/yolo-cls-1" plugin="NodeAffinity" node="gpu-orin3" score=0
2026-07-01 18:43:34.211 I0701 09:27:00.986734       1 schedule_one.go:745] "Plugin scored node for pod" pod="default/yolo-cls-1" plugin="NodeResourcesFit" node="gpu-orin3" score=84
2026-07-01 18:43:34.212 I0701 09:27:00.986741       1 schedule_one.go:745] "Plugin scored node for pod" pod="default/yolo-cls-1" plugin="VolumeBinding" node="gpu-orin3" score=0
2026-07-01 18:43:34.212 I0701 09:27:00.986750       1 schedule_one.go:745] "Plugin scored node for pod" pod="default/yolo-cls-1" plugin="NodeResourcesBalancedAllocation" node="gpu-orin3" score=99
2026-07-01 18:43:34.213 I0701 09:27:00.986757       1 schedule_one.go:745] "Plugin scored node for pod" pod="default/yolo-cls-1" plugin="ImageLocality" node="gpu-orin3" score=0
2026-07-01 18:43:34.214 I0701 09:27:00.986782       1 schedule_one.go:745] "Plugin scored node for pod" pod="default/yolo-cls-1" plugin="TaintToleration" node="gpuorin5-desktop" score=300
2026-07-01 18:43:34.214 I0701 09:27:00.986795       1 schedule_one.go:745] "Plugin scored node for pod" pod="default/yolo-cls-1" plugin="NodeAffinity" node="gpuorin5-desktop" score=0
2026-07-01 18:43:34.215 I0701 09:27:00.986804       1 schedule_one.go:745] "Plugin scored node for pod" pod="default/yolo-cls-1" plugin="NodeResourcesFit" node="gpuorin5-desktop" score=84
2026-07-01 18:43:34.216 I0701 09:27:00.986812       1 schedule_one.go:745] "Plugin scored node for pod" pod="default/yolo-cls-1" plugin="VolumeBinding" node="gpuorin5-desktop" score=0
2026-07-01 18:43:34.216 I0701 09:27:00.986819       1 schedule_one.go:745] "Plugin scored node for pod" pod="default/yolo-cls-1" plugin="NodeResourcesBalancedAllocation" node="gpuorin5-desktop" score=99
2026-07-01 18:43:34.217 I0701 09:27:00.986827       1 schedule_one.go:745] "Plugin scored node for pod" pod="default/yolo-cls-1" plugin="ImageLocality" node="gpuorin5-desktop" score=0
2026-07-01 18:43:34.218 I0701 09:27:00.986839       1 schedule_one.go:812] "Calculated node's final score for pod" pod="default/yolo-cls-1" node="gpu-orin2" score=483
2026-07-01 18:43:34.218 I0701 09:27:00.986858       1 schedule_one.go:812] "Calculated node's final score for pod" pod="default/yolo-cls-1" node="gpuorin4-desktop" score=477
2026-07-01 18:43:34.219 I0701 09:27:00.986876       1 schedule_one.go:812] "Calculated node's final score for pod" pod="default/yolo-cls-1" node="gpu-orin3" score=483
2026-07-01 18:43:34.220 I0701 09:27:00.986887       1 schedule_one.go:812] "Calculated node's final score for pod" pod="default/yolo-cls-1" node="gpuorin5-desktop" score=483
2026-07-01 18:43:34.220 I0701 09:27:05.326534       1 resource_allocation.go:76] "Listed internal info for allocatable resources, requested resources and score" pod="default/yolo-det-1" node="gpuorin5-desktop" resourceAllocationScorer="LeastAllocated" allocatableResource=[6000,7885127680] requestedResource=[700,1468006400] resourceScore=84
2026-07-01 18:43:34.221 I0701 09:27:05.326536       1 resource_allocation.go:76] "Listed internal info for allocatable resources, requested resources and score" pod="default/yolo-det-1" node="gpuorin4-desktop" resourceAllocationScorer="LeastAllocated" allocatableResource=[6000,7885250560] requestedResource=[1000,2097152000] resourceScore=78
2026-07-01 18:43:34.222 I0701 09:27:05.326536       1 resource_allocation.go:76] "Listed internal info for allocatable resources, requested resources and score" pod="default/yolo-det-1" node="gpu-orin3" resourceAllocationScorer="LeastAllocated" allocatableResource=[6000,7885152256] requestedResource=[700,1468006400] resourceScore=84
2026-07-01 18:43:34.223 I0701 09:27:05.326542       1 resource_allocation.go:76] "Listed internal info for allocatable resources, requested resources and score" pod="default/yolo-det-1" node="gpuorin5-desktop" resourceAllocationScorer="NodeResourcesBalancedAllocation" allocatableResource=[6000,7885127680] requestedResource=[100,52428800] resourceScore=99
2026-07-01 18:43:34.223 I0701 09:27:05.326540       1 resource_allocation.go:76] "Listed internal info for allocatable resources, requested resources and score" pod="default/yolo-det-1" node="gpu-orin2" resourceAllocationScorer="LeastAllocated" allocatableResource=[6000,7885127680] requestedResource=[800,1677721600] resourceScore=82
2026-07-01 18:43:34.224 I0701 09:27:05.326545       1 resource_allocation.go:76] "Listed internal info for allocatable resources, requested resources and score" pod="default/yolo-det-1" node="gpuorin4-desktop" resourceAllocationScorer="NodeResourcesBalancedAllocation" allocatableResource=[6000,7885250560] requestedResource=[100,52428800] resourceScore=99
2026-07-01 18:43:34.225 I0701 09:27:05.326550       1 resource_allocation.go:76] "Listed internal info for allocatable resources, requested resources and score" pod="default/yolo-det-1" node="gpu-orin3" resourceAllocationScorer="NodeResourcesBalancedAllocation" allocatableResource=[6000,7885152256] requestedResource=[100,52428800] resourceScore=99
2026-07-01 18:43:34.225 I0701 09:27:05.326554       1 resource_allocation.go:76] "Listed internal info for allocatable resources, requested resources and score" pod="default/yolo-det-1" node="gpu-orin2" resourceAllocationScorer="NodeResourcesBalancedAllocation" allocatableResource=[6000,7885127680] requestedResource=[100,52428800] resourceScore=99
2026-07-01 18:43:34.226 I0701 09:27:05.326608       1 schedule_one.go:745] "Plugin scored node for pod" pod="default/yolo-det-1" plugin="TaintToleration" node="gpu-orin3" score=300
2026-07-01 18:43:34.227 I0701 09:27:05.326620       1 schedule_one.go:745] "Plugin scored node for pod" pod="default/yolo-det-1" plugin="NodeAffinity" node="gpu-orin3" score=0
2026-07-01 18:43:34.228 I0701 09:27:05.326625       1 schedule_one.go:745] "Plugin scored node for pod" pod="default/yolo-det-1" plugin="NodeResourcesFit" node="gpu-orin3" score=84
2026-07-01 18:43:34.228 I0701 09:27:05.326629       1 schedule_one.go:745] "Plugin scored node for pod" pod="default/yolo-det-1" plugin="VolumeBinding" node="gpu-orin3" score=0
2026-07-01 18:43:34.229 I0701 09:27:05.326634       1 schedule_one.go:745] "Plugin scored node for pod" pod="default/yolo-det-1" plugin="NodeResourcesBalancedAllocation" node="gpu-orin3" score=99
2026-07-01 18:43:34.230 I0701 09:27:05.326640       1 schedule_one.go:745] "Plugin scored node for pod" pod="default/yolo-det-1" plugin="ImageLocality" node="gpu-orin3" score=0
2026-07-01 18:43:34.230 I0701 09:27:05.326644       1 schedule_one.go:745] "Plugin scored node for pod" pod="default/yolo-det-1" plugin="TaintToleration" node="gpuorin4-desktop" score=300
2026-07-01 18:43:34.231 I0701 09:27:05.326648       1 schedule_one.go:745] "Plugin scored node for pod" pod="default/yolo-det-1" plugin="NodeAffinity" node="gpuorin4-desktop" score=0
2026-07-01 18:43:34.232 I0701 09:27:05.326651       1 schedule_one.go:745] "Plugin scored node for pod" pod="default/yolo-det-1" plugin="NodeResourcesFit" node="gpuorin4-desktop" score=78
2026-07-01 18:43:34.232 I0701 09:27:05.326655       1 schedule_one.go:745] "Plugin scored node for pod" pod="default/yolo-det-1" plugin="VolumeBinding" node="gpuorin4-desktop" score=0
2026-07-01 18:43:34.233 I0701 09:27:05.326659       1 schedule_one.go:745] "Plugin scored node for pod" pod="default/yolo-det-1" plugin="NodeResourcesBalancedAllocation" node="gpuorin4-desktop" score=99
2026-07-01 18:43:34.234 I0701 09:27:05.326663       1 schedule_one.go:745] "Plugin scored node for pod" pod="default/yolo-det-1" plugin="ImageLocality" node="gpuorin4-desktop" score=0
2026-07-01 18:43:34.234 I0701 09:27:05.326667       1 schedule_one.go:745] "Plugin scored node for pod" pod="default/yolo-det-1" plugin="TaintToleration" node="gpu-orin2" score=300
2026-07-01 18:43:34.235 I0701 09:27:05.326670       1 schedule_one.go:745] "Plugin scored node for pod" pod="default/yolo-det-1" plugin="NodeAffinity" node="gpu-orin2" score=0
2026-07-01 18:43:34.236 I0701 09:27:05.326674       1 schedule_one.go:745] "Plugin scored node for pod" pod="default/yolo-det-1" plugin="NodeResourcesFit" node="gpu-orin2" score=82
2026-07-01 18:43:34.236 I0701 09:27:05.326677       1 schedule_one.go:745] "Plugin scored node for pod" pod="default/yolo-det-1" plugin="VolumeBinding" node="gpu-orin2" score=0
2026-07-01 18:43:34.237 I0701 09:27:05.326681       1 schedule_one.go:745] "Plugin scored node for pod" pod="default/yolo-det-1" plugin="NodeResourcesBalancedAllocation" node="gpu-orin2" score=99
2026-07-01 18:43:34.238 I0701 09:27:05.326685       1 schedule_one.go:745] "Plugin scored node for pod" pod="default/yolo-det-1" plugin="ImageLocality" node="gpu-orin2" score=0
2026-07-01 18:43:34.238 I0701 09:27:05.326689       1 schedule_one.go:745] "Plugin scored node for pod" pod="default/yolo-det-1" plugin="TaintToleration" node="gpuorin5-desktop" score=300
2026-07-01 18:43:34.239 I0701 09:27:05.326693       1 schedule_one.go:745] "Plugin scored node for pod" pod="default/yolo-det-1" plugin="NodeAffinity" node="gpuorin5-desktop" score=0
2026-07-01 18:43:34.240 I0701 09:27:05.326697       1 schedule_one.go:745] "Plugin scored node for pod" pod="default/yolo-det-1" plugin="NodeResourcesFit" node="gpuorin5-desktop" score=84
2026-07-01 18:43:34.241 I0701 09:27:05.326700       1 schedule_one.go:745] "Plugin scored node for pod" pod="default/yolo-det-1" plugin="VolumeBinding" node="gpuorin5-desktop" score=0
2026-07-01 18:43:34.241 I0701 09:27:05.326704       1 schedule_one.go:745] "Plugin scored node for pod" pod="default/yolo-det-1" plugin="NodeResourcesBalancedAllocation" node="gpuorin5-desktop" score=99
2026-07-01 18:43:34.242 I0701 09:27:05.326708       1 schedule_one.go:745] "Plugin scored node for pod" pod="default/yolo-det-1" plugin="ImageLocality" node="gpuorin5-desktop" score=0
2026-07-01 18:43:34.243 I0701 09:27:05.326713       1 schedule_one.go:812] "Calculated node's final score for pod" pod="default/yolo-det-1" node="gpu-orin3" score=483
2026-07-01 18:43:34.243 I0701 09:27:05.326718       1 schedule_one.go:812] "Calculated node's final score for pod" pod="default/yolo-det-1" node="gpuorin4-desktop" score=477
2026-07-01 18:43:34.244 I0701 09:27:05.326722       1 schedule_one.go:812] "Calculated node's final score for pod" pod="default/yolo-det-1" node="gpu-orin2" score=481
2026-07-01 18:43:34.245 I0701 09:27:05.326727       1 schedule_one.go:812] "Calculated node's final score for pod" pod="default/yolo-det-1" node="gpuorin5-desktop" score=483
2026-07-01 18:43:34.245 I0701 09:27:08.970744       1 resource_allocation.go:76] "Listed internal info for allocatable resources, requested resources and score" pod="default/yolo-seg-1" node="gpu-orin2" resourceAllocationScorer="LeastAllocated" allocatableResource=[6000,7885127680] requestedResource=[800,1677721600] resourceScore=82
2026-07-01 18:43:34.246 I0701 09:27:08.970746       1 resource_allocation.go:76] "Listed internal info for allocatable resources, requested resources and score" pod="default/yolo-seg-1" node="gpuorin5-desktop" resourceAllocationScorer="LeastAllocated" allocatableResource=[6000,7885127680] requestedResource=[800,1677721600] resourceScore=82
2026-07-01 18:43:34.247 I0701 09:27:08.970754       1 resource_allocation.go:76] "Listed internal info for allocatable resources, requested resources and score" pod="default/yolo-seg-1" node="gpu-orin3" resourceAllocationScorer="LeastAllocated" allocatableResource=[6000,7885152256] requestedResource=[700,1468006400] resourceScore=84
2026-07-01 18:43:34.247 I0701 09:27:08.970774       1 resource_allocation.go:76] "Listed internal info for allocatable resources, requested resources and score" pod="default/yolo-seg-1" node="gpuorin5-desktop" resourceAllocationScorer="NodeResourcesBalancedAllocation" allocatableResource=[6000,7885127680] requestedResource=[100,52428800] resourceScore=99
2026-07-01 18:43:34.248 I0701 09:27:08.970777       1 resource_allocation.go:76] "Listed internal info for allocatable resources, requested resources and score" pod="default/yolo-seg-1" node="gpuorin4-desktop" resourceAllocationScorer="LeastAllocated" allocatableResource=[6000,7885250560] requestedResource=[1000,2097152000] resourceScore=78
2026-07-01 18:43:34.249 I0701 09:27:08.970786       1 resource_allocation.go:76] "Listed internal info for allocatable resources, requested resources and score" pod="default/yolo-seg-1" node="gpu-orin3" resourceAllocationScorer="NodeResourcesBalancedAllocation" allocatableResource=[6000,7885152256] requestedResource=[100,52428800] resourceScore=99
2026-07-01 18:43:34.249 I0701 09:27:08.970760       1 resource_allocation.go:76] "Listed internal info for allocatable resources, requested resources and score" pod="default/yolo-seg-1" node="gpu-orin2" resourceAllocationScorer="NodeResourcesBalancedAllocation" allocatableResource=[6000,7885127680] requestedResource=[100,52428800] resourceScore=99
2026-07-01 18:43:34.250 I0701 09:27:08.970804       1 resource_allocation.go:76] "Listed internal info for allocatable resources, requested resources and score" pod="default/yolo-seg-1" node="gpuorin4-desktop" resourceAllocationScorer="NodeResourcesBalancedAllocation" allocatableResource=[6000,7885250560] requestedResource=[100,52428800] resourceScore=99
2026-07-01 18:43:34.251 I0701 09:27:08.970857       1 schedule_one.go:745] "Plugin scored node for pod" pod="default/yolo-seg-1" plugin="TaintToleration" node="gpu-orin2" score=300
2026-07-01 18:43:34.252 I0701 09:27:08.970867       1 schedule_one.go:745] "Plugin scored node for pod" pod="default/yolo-seg-1" plugin="NodeAffinity" node="gpu-orin2" score=0
2026-07-01 18:43:34.252 I0701 09:27:08.970874       1 schedule_one.go:745] "Plugin scored node for pod" pod="default/yolo-seg-1" plugin="NodeResourcesFit" node="gpu-orin2" score=82
2026-07-01 18:43:34.253 I0701 09:27:08.970881       1 schedule_one.go:745] "Plugin scored node for pod" pod="default/yolo-seg-1" plugin="VolumeBinding" node="gpu-orin2" score=0
2026-07-01 18:43:34.254 I0701 09:27:08.970886       1 schedule_one.go:745] "Plugin scored node for pod" pod="default/yolo-seg-1" plugin="NodeResourcesBalancedAllocation" node="gpu-orin2" score=99
2026-07-01 18:43:34.254 I0701 09:27:08.970891       1 schedule_one.go:745] "Plugin scored node for pod" pod="default/yolo-seg-1" plugin="ImageLocality" node="gpu-orin2" score=0
2026-07-01 18:43:34.255 I0701 09:27:08.970896       1 schedule_one.go:745] "Plugin scored node for pod" pod="default/yolo-seg-1" plugin="TaintToleration" node="gpuorin4-desktop" score=300
2026-07-01 18:43:34.256 I0701 09:27:08.970901       1 schedule_one.go:745] "Plugin scored node for pod" pod="default/yolo-seg-1" plugin="NodeAffinity" node="gpuorin4-desktop" score=0
2026-07-01 18:43:34.256 I0701 09:27:08.970907       1 schedule_one.go:745] "Plugin scored node for pod" pod="default/yolo-seg-1" plugin="NodeResourcesFit" node="gpuorin4-desktop" score=78
2026-07-01 18:43:34.257 I0701 09:27:08.970912       1 schedule_one.go:745] "Plugin scored node for pod" pod="default/yolo-seg-1" plugin="VolumeBinding" node="gpuorin4-desktop" score=0
2026-07-01 18:43:34.258 I0701 09:27:08.970918       1 schedule_one.go:745] "Plugin scored node for pod" pod="default/yolo-seg-1" plugin="NodeResourcesBalancedAllocation" node="gpuorin4-desktop" score=99
2026-07-01 18:43:34.258 I0701 09:27:08.970923       1 schedule_one.go:745] "Plugin scored node for pod" pod="default/yolo-seg-1" plugin="ImageLocality" node="gpuorin4-desktop" score=0
2026-07-01 18:43:34.259 I0701 09:27:08.970929       1 schedule_one.go:745] "Plugin scored node for pod" pod="default/yolo-seg-1" plugin="TaintToleration" node="gpu-orin3" score=300
2026-07-01 18:43:34.260 I0701 09:27:08.970934       1 schedule_one.go:745] "Plugin scored node for pod" pod="default/yolo-seg-1" plugin="NodeAffinity" node="gpu-orin3" score=0
2026-07-01 18:43:34.260 I0701 09:27:08.970939       1 schedule_one.go:745] "Plugin scored node for pod" pod="default/yolo-seg-1" plugin="NodeResourcesFit" node="gpu-orin3" score=84
2026-07-01 18:43:34.261 I0701 09:27:08.970945       1 schedule_one.go:745] "Plugin scored node for pod" pod="default/yolo-seg-1" plugin="VolumeBinding" node="gpu-orin3" score=0
2026-07-01 18:43:34.262 I0701 09:27:08.970950       1 schedule_one.go:745] "Plugin scored node for pod" pod="default/yolo-seg-1" plugin="NodeResourcesBalancedAllocation" node="gpu-orin3" score=99
2026-07-01 18:43:34.262 I0701 09:27:08.970956       1 schedule_one.go:745] "Plugin scored node for pod" pod="default/yolo-seg-1" plugin="ImageLocality" node="gpu-orin3" score=0
2026-07-01 18:43:34.263 I0701 09:27:08.970962       1 schedule_one.go:745] "Plugin scored node for pod" pod="default/yolo-seg-1" plugin="TaintToleration" node="gpuorin5-desktop" score=300
2026-07-01 18:43:34.264 I0701 09:27:08.970966       1 schedule_one.go:745] "Plugin scored node for pod" pod="default/yolo-seg-1" plugin="NodeAffinity" node="gpuorin5-desktop" score=0
2026-07-01 18:43:34.264 I0701 09:27:08.970971       1 schedule_one.go:745] "Plugin scored node for pod" pod="default/yolo-seg-1" plugin="NodeResourcesFit" node="gpuorin5-desktop" score=82
2026-07-01 18:43:34.265 I0701 09:27:08.970980       1 schedule_one.go:745] "Plugin scored node for pod" pod="default/yolo-seg-1" plugin="VolumeBinding" node="gpuorin5-desktop" score=0
2026-07-01 18:43:34.266 I0701 09:27:08.970986       1 schedule_one.go:745] "Plugin scored node for pod" pod="default/yolo-seg-1" plugin="NodeResourcesBalancedAllocation" node="gpuorin5-desktop" score=99
2026-07-01 18:43:34.266 I0701 09:27:08.970990       1 schedule_one.go:745] "Plugin scored node for pod" pod="default/yolo-seg-1" plugin="ImageLocality" node="gpuorin5-desktop" score=0
2026-07-01 18:43:34.267 I0701 09:27:08.970998       1 schedule_one.go:812] "Calculated node's final score for pod" pod="default/yolo-seg-1" node="gpu-orin2" score=481
2026-07-01 18:43:34.268 I0701 09:27:08.971004       1 schedule_one.go:812] "Calculated node's final score for pod" pod="default/yolo-seg-1" node="gpuorin4-desktop" score=477
2026-07-01 18:43:34.268 I0701 09:27:08.971011       1 schedule_one.go:812] "Calculated node's final score for pod" pod="default/yolo-seg-1" node="gpu-orin3" score=483
2026-07-01 18:43:34.269 I0701 09:27:08.971016       1 schedule_one.go:812] "Calculated node's final score for pod" pod="default/yolo-seg-1" node="gpuorin5-desktop" score=481
2026-07-01 18:43:34.270 I0701 09:27:13.113779       1 resource_allocation.go:76] "Listed internal info for allocatable resources, requested resources and score" pod="default/yolo-obb-1" node="gpuorin4-desktop" resourceAllocationScorer="LeastAllocated" allocatableResource=[6000,7885250560] requestedResource=[1000,2097152000] resourceScore=78
2026-07-01 18:43:34.271 I0701 09:27:13.113785       1 resource_allocation.go:76] "Listed internal info for allocatable resources, requested resources and score" pod="default/yolo-obb-1" node="gpu-orin3" resourceAllocationScorer="LeastAllocated" allocatableResource=[6000,7885152256] requestedResource=[800,1677721600] resourceScore=82
2026-07-01 18:43:34.271 I0701 09:27:13.113790       1 resource_allocation.go:76] "Listed internal info for allocatable resources, requested resources and score" pod="default/yolo-obb-1" node="gpu-orin2" resourceAllocationScorer="LeastAllocated" allocatableResource=[6000,7885127680] requestedResource=[800,1677721600] resourceScore=82
2026-07-01 18:43:34.272 I0701 09:27:13.113795       1 resource_allocation.go:76] "Listed internal info for allocatable resources, requested resources and score" pod="default/yolo-obb-1" node="gpuorin5-desktop" resourceAllocationScorer="LeastAllocated" allocatableResource=[6000,7885127680] requestedResource=[800,1677721600] resourceScore=82
2026-07-01 18:43:34.273 I0701 09:27:13.113807       1 resource_allocation.go:76] "Listed internal info for allocatable resources, requested resources and score" pod="default/yolo-obb-1" node="gpuorin4-desktop" resourceAllocationScorer="NodeResourcesBalancedAllocation" allocatableResource=[6000,7885250560] requestedResource=[100,52428800] resourceScore=99
2026-07-01 18:43:34.274 I0701 09:27:13.113810       1 resource_allocation.go:76] "Listed internal info for allocatable resources, requested resources and score" pod="default/yolo-obb-1" node="gpu-orin3" resourceAllocationScorer="NodeResourcesBalancedAllocation" allocatableResource=[6000,7885152256] requestedResource=[100,52428800] resourceScore=99
2026-07-01 18:43:34.274 I0701 09:27:13.113819       1 resource_allocation.go:76] "Listed internal info for allocatable resources, requested resources and score" pod="default/yolo-obb-1" node="gpu-orin2" resourceAllocationScorer="NodeResourcesBalancedAllocation" allocatableResource=[6000,7885127680] requestedResource=[100,52428800] resourceScore=99
2026-07-01 18:43:34.275 I0701 09:27:13.113824       1 resource_allocation.go:76] "Listed internal info for allocatable resources, requested resources and score" pod="default/yolo-obb-1" node="gpuorin5-desktop" resourceAllocationScorer="NodeResourcesBalancedAllocation" allocatableResource=[6000,7885127680] requestedResource=[100,52428800] resourceScore=99
2026-07-01 18:43:34.276 I0701 09:27:13.113897       1 schedule_one.go:745] "Plugin scored node for pod" pod="default/yolo-obb-1" plugin="TaintToleration" node="gpu-orin2" score=300
2026-07-01 18:43:34.276 I0701 09:27:13.113909       1 schedule_one.go:745] "Plugin scored node for pod" pod="default/yolo-obb-1" plugin="NodeAffinity" node="gpu-orin2" score=0
2026-07-01 18:43:34.277 I0701 09:27:13.113917       1 schedule_one.go:745] "Plugin scored node for pod" pod="default/yolo-obb-1" plugin="NodeResourcesFit" node="gpu-orin2" score=82
2026-07-01 18:43:34.278 I0701 09:27:13.113924       1 schedule_one.go:745] "Plugin scored node for pod" pod="default/yolo-obb-1" plugin="VolumeBinding" node="gpu-orin2" score=0
2026-07-01 18:43:34.278 I0701 09:27:13.113936       1 schedule_one.go:745] "Plugin scored node for pod" pod="default/yolo-obb-1" plugin="NodeResourcesBalancedAllocation" node="gpu-orin2" score=99
2026-07-01 18:43:34.279 I0701 09:27:13.113944       1 schedule_one.go:745] "Plugin scored node for pod" pod="default/yolo-obb-1" plugin="ImageLocality" node="gpu-orin2" score=0
2026-07-01 18:43:34.280 I0701 09:27:13.113951       1 schedule_one.go:745] "Plugin scored node for pod" pod="default/yolo-obb-1" plugin="TaintToleration" node="gpu-orin3" score=300
2026-07-01 18:43:34.280 I0701 09:27:13.113959       1 schedule_one.go:745] "Plugin scored node for pod" pod="default/yolo-obb-1" plugin="NodeAffinity" node="gpu-orin3" score=0
2026-07-01 18:43:34.281 I0701 09:27:13.113965       1 schedule_one.go:745] "Plugin scored node for pod" pod="default/yolo-obb-1" plugin="NodeResourcesFit" node="gpu-orin3" score=82
2026-07-01 18:43:34.282 I0701 09:27:13.113972       1 schedule_one.go:745] "Plugin scored node for pod" pod="default/yolo-obb-1" plugin="VolumeBinding" node="gpu-orin3" score=0
2026-07-01 18:43:34.283 I0701 09:27:13.113979       1 schedule_one.go:745] "Plugin scored node for pod" pod="default/yolo-obb-1" plugin="NodeResourcesBalancedAllocation" node="gpu-orin3" score=99
2026-07-01 18:43:34.283 I0701 09:27:13.113986       1 schedule_one.go:745] "Plugin scored node for pod" pod="default/yolo-obb-1" plugin="ImageLocality" node="gpu-orin3" score=0
2026-07-01 18:43:34.284 I0701 09:27:13.113992       1 schedule_one.go:745] "Plugin scored node for pod" pod="default/yolo-obb-1" plugin="TaintToleration" node="gpuorin4-desktop" score=300
2026-07-01 18:43:34.285 I0701 09:27:13.114000       1 schedule_one.go:745] "Plugin scored node for pod" pod="default/yolo-obb-1" plugin="NodeAffinity" node="gpuorin4-desktop" score=0
2026-07-01 18:43:34.285 I0701 09:27:13.114007       1 schedule_one.go:745] "Plugin scored node for pod" pod="default/yolo-obb-1" plugin="NodeResourcesFit" node="gpuorin4-desktop" score=78
2026-07-01 18:43:34.286 I0701 09:27:13.114013       1 schedule_one.go:745] "Plugin scored node for pod" pod="default/yolo-obb-1" plugin="VolumeBinding" node="gpuorin4-desktop" score=0
2026-07-01 18:43:34.287 I0701 09:27:13.114022       1 schedule_one.go:745] "Plugin scored node for pod" pod="default/yolo-obb-1" plugin="NodeResourcesBalancedAllocation" node="gpuorin4-desktop" score=99
2026-07-01 18:43:34.288 I0701 09:27:13.114028       1 schedule_one.go:745] "Plugin scored node for pod" pod="default/yolo-obb-1" plugin="ImageLocality" node="gpuorin4-desktop" score=0
2026-07-01 18:43:34.288 I0701 09:27:13.114035       1 schedule_one.go:745] "Plugin scored node for pod" pod="default/yolo-obb-1" plugin="TaintToleration" node="gpuorin5-desktop" score=300
2026-07-01 18:43:34.289 I0701 09:27:13.114042       1 schedule_one.go:745] "Plugin scored node for pod" pod="default/yolo-obb-1" plugin="NodeAffinity" node="gpuorin5-desktop" score=0
2026-07-01 18:43:34.290 I0701 09:27:13.114048       1 schedule_one.go:745] "Plugin scored node for pod" pod="default/yolo-obb-1" plugin="NodeResourcesFit" node="gpuorin5-desktop" score=82
2026-07-01 18:43:34.290 I0701 09:27:13.114054       1 schedule_one.go:745] "Plugin scored node for pod" pod="default/yolo-obb-1" plugin="VolumeBinding" node="gpuorin5-desktop" score=0
2026-07-01 18:43:34.291 I0701 09:27:13.114062       1 schedule_one.go:745] "Plugin scored node for pod" pod="default/yolo-obb-1" plugin="NodeResourcesBalancedAllocation" node="gpuorin5-desktop" score=99
2026-07-01 18:43:34.292 I0701 09:27:13.114068       1 schedule_one.go:745] "Plugin scored node for pod" pod="default/yolo-obb-1" plugin="ImageLocality" node="gpuorin5-desktop" score=0
2026-07-01 18:43:34.292 I0701 09:27:13.114078       1 schedule_one.go:812] "Calculated node's final score for pod" pod="default/yolo-obb-1" node="gpu-orin2" score=481
2026-07-01 18:43:34.293 I0701 09:27:13.114086       1 schedule_one.go:812] "Calculated node's final score for pod" pod="default/yolo-obb-1" node="gpu-orin3" score=481
2026-07-01 18:43:34.294 I0701 09:27:13.114094       1 schedule_one.go:812] "Calculated node's final score for pod" pod="default/yolo-obb-1" node="gpuorin4-desktop" score=477
2026-07-01 18:43:34.294 I0701 09:27:13.114102       1 schedule_one.go:812] "Calculated node's final score for pod" pod="default/yolo-obb-1" node="gpuorin5-desktop" score=481
2026-07-01 18:43:34.295 I0701 09:27:17.285668       1 resource_allocation.go:76] "Listed internal info for allocatable resources, requested resources and score" pod="default/yolo-pos-1" node="gpu-orin3" resourceAllocationScorer="LeastAllocated" allocatableResource=[6000,7885152256] requestedResource=[800,1677721600] resourceScore=82
2026-07-01 18:43:34.296 I0701 09:27:17.285701       1 resource_allocation.go:76] "Listed internal info for allocatable resources, requested resources and score" pod="default/yolo-pos-1" node="gpu-orin3" resourceAllocationScorer="NodeResourcesBalancedAllocation" allocatableResource=[6000,7885152256] requestedResource=[100,52428800] resourceScore=99
2026-07-01 18:43:34.297 I0701 09:27:17.285731       1 resource_allocation.go:76] "Listed internal info for allocatable resources, requested resources and score" pod="default/yolo-pos-1" node="gpuorin5-desktop" resourceAllocationScorer="LeastAllocated" allocatableResource=[6000,7885127680] requestedResource=[800,1677721600] resourceScore=82
2026-07-01 18:43:34.297 I0701 09:27:17.285762       1 resource_allocation.go:76] "Listed internal info for allocatable resources, requested resources and score" pod="default/yolo-pos-1" node="gpuorin5-desktop" resourceAllocationScorer="NodeResourcesBalancedAllocation" allocatableResource=[6000,7885127680] requestedResource=[100,52428800] resourceScore=99
2026-07-01 18:43:34.298 I0701 09:27:17.285804       1 resource_allocation.go:76] "Listed internal info for allocatable resources, requested resources and score" pod="default/yolo-pos-1" node="gpu-orin2" resourceAllocationScorer="LeastAllocated" allocatableResource=[6000,7885127680] requestedResource=[900,1887436800] resourceScore=80
2026-07-01 18:43:34.299 I0701 09:27:17.285825       1 resource_allocation.go:76] "Listed internal info for allocatable resources, requested resources and score" pod="default/yolo-pos-1" node="gpu-orin2" resourceAllocationScorer="NodeResourcesBalancedAllocation" allocatableResource=[6000,7885127680] requestedResource=[100,52428800] resourceScore=99
2026-07-01 18:43:34.300 I0701 09:27:17.285853       1 resource_allocation.go:76] "Listed internal info for allocatable resources, requested resources and score" pod="default/yolo-pos-1" node="gpuorin4-desktop" resourceAllocationScorer="LeastAllocated" allocatableResource=[6000,7885250560] requestedResource=[1000,2097152000] resourceScore=78
2026-07-01 18:43:34.300 I0701 09:27:17.285873       1 resource_allocation.go:76] "Listed internal info for allocatable resources, requested resources and score" pod="default/yolo-pos-1" node="gpuorin4-desktop" resourceAllocationScorer="NodeResourcesBalancedAllocation" allocatableResource=[6000,7885250560] requestedResource=[100,52428800] resourceScore=99
2026-07-01 18:43:34.301 I0701 09:27:17.285946       1 schedule_one.go:745] "Plugin scored node for pod" pod="default/yolo-pos-1" plugin="TaintToleration" node="gpu-orin3" score=300
2026-07-01 18:43:34.302 I0701 09:27:17.285971       1 schedule_one.go:745] "Plugin scored node for pod" pod="default/yolo-pos-1" plugin="NodeAffinity" node="gpu-orin3" score=0
2026-07-01 18:43:34.302 I0701 09:27:17.285990       1 schedule_one.go:745] "Plugin scored node for pod" pod="default/yolo-pos-1" plugin="NodeResourcesFit" node="gpu-orin3" score=82
2026-07-01 18:43:34.303 I0701 09:27:17.286004       1 schedule_one.go:745] "Plugin scored node for pod" pod="default/yolo-pos-1" plugin="VolumeBinding" node="gpu-orin3" score=0
2026-07-01 18:43:34.304 I0701 09:27:17.286019       1 schedule_one.go:745] "Plugin scored node for pod" pod="default/yolo-pos-1" plugin="NodeResourcesBalancedAllocation" node="gpu-orin3" score=99
2026-07-01 18:43:34.304 I0701 09:27:17.286035       1 schedule_one.go:745] "Plugin scored node for pod" pod="default/yolo-pos-1" plugin="ImageLocality" node="gpu-orin3" score=0
2026-07-01 18:43:34.305 I0701 09:27:17.286047       1 schedule_one.go:745] "Plugin scored node for pod" pod="default/yolo-pos-1" plugin="TaintToleration" node="gpuorin5-desktop" score=300
2026-07-01 18:43:34.306 I0701 09:27:17.286062       1 schedule_one.go:745] "Plugin scored node for pod" pod="default/yolo-pos-1" plugin="NodeAffinity" node="gpuorin5-desktop" score=0
2026-07-01 18:43:34.306 I0701 09:27:17.286074       1 schedule_one.go:745] "Plugin scored node for pod" pod="default/yolo-pos-1" plugin="NodeResourcesFit" node="gpuorin5-desktop" score=82
2026-07-01 18:43:34.307 I0701 09:27:17.286088       1 schedule_one.go:745] "Plugin scored node for pod" pod="default/yolo-pos-1" plugin="VolumeBinding" node="gpuorin5-desktop" score=0
2026-07-01 18:43:34.308 I0701 09:27:17.286100       1 schedule_one.go:745] "Plugin scored node for pod" pod="default/yolo-pos-1" plugin="NodeResourcesBalancedAllocation" node="gpuorin5-desktop" score=99
2026-07-01 18:43:34.308 I0701 09:27:17.286113       1 schedule_one.go:745] "Plugin scored node for pod" pod="default/yolo-pos-1" plugin="ImageLocality" node="gpuorin5-desktop" score=0
2026-07-01 18:43:34.309 I0701 09:27:17.286125       1 schedule_one.go:745] "Plugin scored node for pod" pod="default/yolo-pos-1" plugin="TaintToleration" node="gpu-orin2" score=300
2026-07-01 18:43:34.310 I0701 09:27:17.286136       1 schedule_one.go:745] "Plugin scored node for pod" pod="default/yolo-pos-1" plugin="NodeAffinity" node="gpu-orin2" score=0
2026-07-01 18:43:34.310 I0701 09:27:17.286147       1 schedule_one.go:745] "Plugin scored node for pod" pod="default/yolo-pos-1" plugin="NodeResourcesFit" node="gpu-orin2" score=80
2026-07-01 18:43:34.311 I0701 09:27:17.286159       1 schedule_one.go:745] "Plugin scored node for pod" pod="default/yolo-pos-1" plugin="VolumeBinding" node="gpu-orin2" score=0
2026-07-01 18:43:34.312 I0701 09:27:17.286171       1 schedule_one.go:745] "Plugin scored node for pod" pod="default/yolo-pos-1" plugin="NodeResourcesBalancedAllocation" node="gpu-orin2" score=99
2026-07-01 18:43:34.312 I0701 09:27:17.286182       1 schedule_one.go:745] "Plugin scored node for pod" pod="default/yolo-pos-1" plugin="ImageLocality" node="gpu-orin2" score=0
2026-07-01 18:43:34.313 I0701 09:27:17.286193       1 schedule_one.go:745] "Plugin scored node for pod" pod="default/yolo-pos-1" plugin="TaintToleration" node="gpuorin4-desktop" score=300
2026-07-01 18:43:34.314 I0701 09:27:17.286212       1 schedule_one.go:745] "Plugin scored node for pod" pod="default/yolo-pos-1" plugin="NodeAffinity" node="gpuorin4-desktop" score=0
2026-07-01 18:43:34.314 I0701 09:27:17.286223       1 schedule_one.go:745] "Plugin scored node for pod" pod="default/yolo-pos-1" plugin="NodeResourcesFit" node="gpuorin4-desktop" score=78
2026-07-01 18:43:34.315 I0701 09:27:17.286234       1 schedule_one.go:745] "Plugin scored node for pod" pod="default/yolo-pos-1" plugin="VolumeBinding" node="gpuorin4-desktop" score=0
2026-07-01 18:43:34.316 I0701 09:27:17.286245       1 schedule_one.go:745] "Plugin scored node for pod" pod="default/yolo-pos-1" plugin="NodeResourcesBalancedAllocation" node="gpuorin4-desktop" score=99
2026-07-01 18:43:34.316 I0701 09:27:17.286261       1 schedule_one.go:745] "Plugin scored node for pod" pod="default/yolo-pos-1" plugin="ImageLocality" node="gpuorin4-desktop" score=0
2026-07-01 18:43:34.317 I0701 09:27:17.286275       1 schedule_one.go:812] "Calculated node's final score for pod" pod="default/yolo-pos-1" node="gpu-orin3" score=481
2026-07-01 18:43:34.318 I0701 09:27:17.286292       1 schedule_one.go:812] "Calculated node's final score for pod" pod="default/yolo-pos-1" node="gpuorin5-desktop" score=481
2026-07-01 18:43:34.318 I0701 09:27:17.286306       1 schedule_one.go:812] "Calculated node's final score for pod" pod="default/yolo-pos-1" node="gpu-orin2" score=479
2026-07-01 18:43:34.319 I0701 09:27:17.286325       1 schedule_one.go:812] "Calculated node's final score for pod" pod="default/yolo-pos-1" node="gpuorin4-desktop" score=477
2026-07-01 18:43:34.320 I0701 09:27:23.022061       1 resource_allocation.go:76] "Listed internal info for allocatable resources, requested resources and score" pod="default/yolo-cls-2" node="gpu-orin3" resourceAllocationScorer="LeastAllocated" allocatableResource=[6000,7885152256] requestedResource=[800,1677721600] resourceScore=82
2026-07-01 18:43:34.320 I0701 09:27:23.022074       1 resource_allocation.go:76] "Listed internal info for allocatable resources, requested resources and score" pod="default/yolo-cls-2" node="gpuorin4-desktop" resourceAllocationScorer="LeastAllocated" allocatableResource=[6000,7885250560] requestedResource=[1000,2097152000] resourceScore=78
2026-07-01 18:43:34.321 I0701 09:27:23.022082       1 resource_allocation.go:76] "Listed internal info for allocatable resources, requested resources and score" pod="default/yolo-cls-2" node="gpu-orin3" resourceAllocationScorer="NodeResourcesBalancedAllocation" allocatableResource=[6000,7885152256] requestedResource=[100,52428800] resourceScore=99
2026-07-01 18:43:34.322 I0701 09:27:23.022100       1 resource_allocation.go:76] "Listed internal info for allocatable resources, requested resources and score" pod="default/yolo-cls-2" node="gpu-orin2" resourceAllocationScorer="LeastAllocated" allocatableResource=[6000,7885127680] requestedResource=[900,1887436800] resourceScore=80
2026-07-01 18:43:34.323 I0701 09:27:23.022097       1 resource_allocation.go:76] "Listed internal info for allocatable resources, requested resources and score" pod="default/yolo-cls-2" node="gpuorin4-desktop" resourceAllocationScorer="NodeResourcesBalancedAllocation" allocatableResource=[6000,7885250560] requestedResource=[100,52428800] resourceScore=99
2026-07-01 18:43:34.323 I0701 09:27:23.022111       1 resource_allocation.go:76] "Listed internal info for allocatable resources, requested resources and score" pod="default/yolo-cls-2" node="gpu-orin2" resourceAllocationScorer="NodeResourcesBalancedAllocation" allocatableResource=[6000,7885127680] requestedResource=[100,52428800] resourceScore=99
2026-07-01 18:43:34.324 I0701 09:27:23.022130       1 resource_allocation.go:76] "Listed internal info for allocatable resources, requested resources and score" pod="default/yolo-cls-2" node="gpuorin5-desktop" resourceAllocationScorer="LeastAllocated" allocatableResource=[6000,7885127680] requestedResource=[900,1887436800] resourceScore=80
2026-07-01 18:43:34.325 I0701 09:27:23.022172       1 resource_allocation.go:76] "Listed internal info for allocatable resources, requested resources and score" pod="default/yolo-cls-2" node="gpuorin5-desktop" resourceAllocationScorer="NodeResourcesBalancedAllocation" allocatableResource=[6000,7885127680] requestedResource=[100,52428800] resourceScore=99
2026-07-01 18:43:34.325 I0701 09:27:23.022283       1 schedule_one.go:745] "Plugin scored node for pod" pod="default/yolo-cls-2" plugin="TaintToleration" node="gpu-orin3" score=300
2026-07-01 18:43:34.326 I0701 09:27:23.022310       1 schedule_one.go:745] "Plugin scored node for pod" pod="default/yolo-cls-2" plugin="NodeAffinity" node="gpu-orin3" score=0
2026-07-01 18:43:34.327 I0701 09:27:23.022323       1 schedule_one.go:745] "Plugin scored node for pod" pod="default/yolo-cls-2" plugin="NodeResourcesFit" node="gpu-orin3" score=82
2026-07-01 18:43:34.327 I0701 09:27:23.022332       1 schedule_one.go:745] "Plugin scored node for pod" pod="default/yolo-cls-2" plugin="VolumeBinding" node="gpu-orin3" score=0
2026-07-01 18:43:34.328 I0701 09:27:23.022341       1 schedule_one.go:745] "Plugin scored node for pod" pod="default/yolo-cls-2" plugin="NodeResourcesBalancedAllocation" node="gpu-orin3" score=99
2026-07-01 18:43:34.329 I0701 09:27:23.022349       1 schedule_one.go:745] "Plugin scored node for pod" pod="default/yolo-cls-2" plugin="ImageLocality" node="gpu-orin3" score=0
2026-07-01 18:43:34.329 I0701 09:27:23.022357       1 schedule_one.go:745] "Plugin scored node for pod" pod="default/yolo-cls-2" plugin="TaintToleration" node="gpuorin4-desktop" score=300
2026-07-01 18:43:34.330 I0701 09:27:23.022365       1 schedule_one.go:745] "Plugin scored node for pod" pod="default/yolo-cls-2" plugin="NodeAffinity" node="gpuorin4-desktop" score=0
2026-07-01 18:43:34.331 I0701 09:27:23.022373       1 schedule_one.go:745] "Plugin scored node for pod" pod="default/yolo-cls-2" plugin="NodeResourcesFit" node="gpuorin4-desktop" score=78
2026-07-01 18:43:34.331 I0701 09:27:23.022383       1 schedule_one.go:745] "Plugin scored node for pod" pod="default/yolo-cls-2" plugin="VolumeBinding" node="gpuorin4-desktop" score=0
2026-07-01 18:43:34.332 I0701 09:27:23.022391       1 schedule_one.go:745] "Plugin scored node for pod" pod="default/yolo-cls-2" plugin="NodeResourcesBalancedAllocation" node="gpuorin4-desktop" score=99
2026-07-01 18:43:34.333 I0701 09:27:23.022403       1 schedule_one.go:745] "Plugin scored node for pod" pod="default/yolo-cls-2" plugin="ImageLocality" node="gpuorin4-desktop" score=0
2026-07-01 18:43:34.334 I0701 09:27:23.022411       1 schedule_one.go:745] "Plugin scored node for pod" pod="default/yolo-cls-2" plugin="TaintToleration" node="gpuorin5-desktop" score=300
2026-07-01 18:43:34.334 I0701 09:27:23.022419       1 schedule_one.go:745] "Plugin scored node for pod" pod="default/yolo-cls-2" plugin="NodeAffinity" node="gpuorin5-desktop" score=0
2026-07-01 18:43:34.335 I0701 09:27:23.022429       1 schedule_one.go:745] "Plugin scored node for pod" pod="default/yolo-cls-2" plugin="NodeResourcesFit" node="gpuorin5-desktop" score=80
2026-07-01 18:43:34.336 I0701 09:27:23.022438       1 schedule_one.go:745] "Plugin scored node for pod" pod="default/yolo-cls-2" plugin="VolumeBinding" node="gpuorin5-desktop" score=0
2026-07-01 18:43:34.336 I0701 09:27:23.022446       1 schedule_one.go:745] "Plugin scored node for pod" pod="default/yolo-cls-2" plugin="NodeResourcesBalancedAllocation" node="gpuorin5-desktop" score=99
2026-07-01 18:43:34.337 I0701 09:27:23.022456       1 schedule_one.go:745] "Plugin scored node for pod" pod="default/yolo-cls-2" plugin="ImageLocality" node="gpuorin5-desktop" score=0
2026-07-01 18:43:34.338 I0701 09:27:23.022464       1 schedule_one.go:745] "Plugin scored node for pod" pod="default/yolo-cls-2" plugin="TaintToleration" node="gpu-orin2" score=300
2026-07-01 18:43:34.338 I0701 09:27:23.022471       1 schedule_one.go:745] "Plugin scored node for pod" pod="default/yolo-cls-2" plugin="NodeAffinity" node="gpu-orin2" score=0
2026-07-01 18:43:34.339 I0701 09:27:23.022479       1 schedule_one.go:745] "Plugin scored node for pod" pod="default/yolo-cls-2" plugin="NodeResourcesFit" node="gpu-orin2" score=80
2026-07-01 18:43:34.340 I0701 09:27:23.022490       1 schedule_one.go:745] "Plugin scored node for pod" pod="default/yolo-cls-2" plugin="VolumeBinding" node="gpu-orin2" score=0
2026-07-01 18:43:34.340 I0701 09:27:23.022498       1 schedule_one.go:745] "Plugin scored node for pod" pod="default/yolo-cls-2" plugin="NodeResourcesBalancedAllocation" node="gpu-orin2" score=99
2026-07-01 18:43:34.341 I0701 09:27:23.022506       1 schedule_one.go:745] "Plugin scored node for pod" pod="default/yolo-cls-2" plugin="ImageLocality" node="gpu-orin2" score=0
2026-07-01 18:43:34.342 I0701 09:27:23.022520       1 schedule_one.go:812] "Calculated node's final score for pod" pod="default/yolo-cls-2" node="gpu-orin3" score=481
2026-07-01 18:43:34.342 I0701 09:27:23.022529       1 schedule_one.go:812] "Calculated node's final score for pod" pod="default/yolo-cls-2" node="gpuorin4-desktop" score=477
2026-07-01 18:43:34.343 I0701 09:27:23.022543       1 schedule_one.go:812] "Calculated node's final score for pod" pod="default/yolo-cls-2" node="gpuorin5-desktop" score=479
2026-07-01 18:43:34.344 I0701 09:27:23.022555       1 schedule_one.go:812] "Calculated node's final score for pod" pod="default/yolo-cls-2" node="gpu-orin2" score=479
2026-07-01 18:43:34.344 I0701 09:27:27.251068       1 resource_allocation.go:76] "Listed internal info for allocatable resources, requested resources and score" pod="default/yolo-det-2" node="gpuorin4-desktop" resourceAllocationScorer="LeastAllocated" allocatableResource=[6000,7885250560] requestedResource=[1000,2097152000] resourceScore=78
2026-07-01 18:43:34.345 I0701 09:27:27.251068       1 resource_allocation.go:76] "Listed internal info for allocatable resources, requested resources and score" pod="default/yolo-det-2" node="gpu-orin3" resourceAllocationScorer="LeastAllocated" allocatableResource=[6000,7885152256] requestedResource=[900,1887436800] resourceScore=80
2026-07-01 18:43:34.346 I0701 09:27:27.251074       1 resource_allocation.go:76] "Listed internal info for allocatable resources, requested resources and score" pod="default/yolo-det-2" node="gpuorin4-desktop" resourceAllocationScorer="NodeResourcesBalancedAllocation" allocatableResource=[6000,7885250560] requestedResource=[100,52428800] resourceScore=99
2026-07-01 18:43:34.346 I0701 09:27:27.251074       1 resource_allocation.go:76] "Listed internal info for allocatable resources, requested resources and score" pod="default/yolo-det-2" node="gpu-orin2" resourceAllocationScorer="LeastAllocated" allocatableResource=[6000,7885127680] requestedResource=[900,1887436800] resourceScore=80
2026-07-01 18:43:34.347 I0701 09:27:27.251075       1 resource_allocation.go:76] "Listed internal info for allocatable resources, requested resources and score" pod="default/yolo-det-2" node="gpuorin5-desktop" resourceAllocationScorer="LeastAllocated" allocatableResource=[6000,7885127680] requestedResource=[900,1887436800] resourceScore=80
2026-07-01 18:43:34.348 I0701 09:27:27.251078       1 resource_allocation.go:76] "Listed internal info for allocatable resources, requested resources and score" pod="default/yolo-det-2" node="gpu-orin3" resourceAllocationScorer="NodeResourcesBalancedAllocation" allocatableResource=[6000,7885152256] requestedResource=[100,52428800] resourceScore=99
2026-07-01 18:43:34.348 I0701 09:27:27.251089       1 resource_allocation.go:76] "Listed internal info for allocatable resources, requested resources and score" pod="default/yolo-det-2" node="gpuorin5-desktop" resourceAllocationScorer="NodeResourcesBalancedAllocation" allocatableResource=[6000,7885127680] requestedResource=[100,52428800] resourceScore=99
2026-07-01 18:43:34.349 I0701 09:27:27.251088       1 resource_allocation.go:76] "Listed internal info for allocatable resources, requested resources and score" pod="default/yolo-det-2" node="gpu-orin2" resourceAllocationScorer="NodeResourcesBalancedAllocation" allocatableResource=[6000,7885127680] requestedResource=[100,52428800] resourceScore=99
2026-07-01 18:43:34.350 I0701 09:27:27.251137       1 schedule_one.go:745] "Plugin scored node for pod" pod="default/yolo-det-2" plugin="TaintToleration" node="gpu-orin3" score=300
2026-07-01 18:43:34.351 I0701 09:27:27.251148       1 schedule_one.go:745] "Plugin scored node for pod" pod="default/yolo-det-2" plugin="NodeAffinity" node="gpu-orin3" score=0
2026-07-01 18:43:34.351 I0701 09:27:27.251152       1 schedule_one.go:745] "Plugin scored node for pod" pod="default/yolo-det-2" plugin="NodeResourcesFit" node="gpu-orin3" score=80
2026-07-01 18:43:34.352 I0701 09:27:27.251157       1 schedule_one.go:745] "Plugin scored node for pod" pod="default/yolo-det-2" plugin="VolumeBinding" node="gpu-orin3" score=0
2026-07-01 18:43:34.353 I0701 09:27:27.251162       1 schedule_one.go:745] "Plugin scored node for pod" pod="default/yolo-det-2" plugin="NodeResourcesBalancedAllocation" node="gpu-orin3" score=99
2026-07-01 18:43:34.353 I0701 09:27:27.251166       1 schedule_one.go:745] "Plugin scored node for pod" pod="default/yolo-det-2" plugin="ImageLocality" node="gpu-orin3" score=0
2026-07-01 18:43:34.354 I0701 09:27:27.251170       1 schedule_one.go:745] "Plugin scored node for pod" pod="default/yolo-det-2" plugin="TaintToleration" node="gpuorin5-desktop" score=300
2026-07-01 18:43:34.355 I0701 09:27:27.251174       1 schedule_one.go:745] "Plugin scored node for pod" pod="default/yolo-det-2" plugin="NodeAffinity" node="gpuorin5-desktop" score=0
2026-07-01 18:43:34.355 I0701 09:27:27.251177       1 schedule_one.go:745] "Plugin scored node for pod" pod="default/yolo-det-2" plugin="NodeResourcesFit" node="gpuorin5-desktop" score=80
2026-07-01 18:43:34.356 I0701 09:27:27.251180       1 schedule_one.go:745] "Plugin scored node for pod" pod="default/yolo-det-2" plugin="VolumeBinding" node="gpuorin5-desktop" score=0
2026-07-01 18:43:34.357 I0701 09:27:27.251184       1 schedule_one.go:745] "Plugin scored node for pod" pod="default/yolo-det-2" plugin="NodeResourcesBalancedAllocation" node="gpuorin5-desktop" score=99
2026-07-01 18:43:34.357 I0701 09:27:27.251187       1 schedule_one.go:745] "Plugin scored node for pod" pod="default/yolo-det-2" plugin="ImageLocality" node="gpuorin5-desktop" score=0
2026-07-01 18:43:34.358 I0701 09:27:27.251191       1 schedule_one.go:745] "Plugin scored node for pod" pod="default/yolo-det-2" plugin="TaintToleration" node="gpu-orin2" score=300
2026-07-01 18:43:34.359 I0701 09:27:27.251194       1 schedule_one.go:745] "Plugin scored node for pod" pod="default/yolo-det-2" plugin="NodeAffinity" node="gpu-orin2" score=0
2026-07-01 18:43:34.359 I0701 09:27:27.251197       1 schedule_one.go:745] "Plugin scored node for pod" pod="default/yolo-det-2" plugin="NodeResourcesFit" node="gpu-orin2" score=80
2026-07-01 18:43:34.360 I0701 09:27:27.251200       1 schedule_one.go:745] "Plugin scored node for pod" pod="default/yolo-det-2" plugin="VolumeBinding" node="gpu-orin2" score=0
2026-07-01 18:43:34.361 I0701 09:27:27.251203       1 schedule_one.go:745] "Plugin scored node for pod" pod="default/yolo-det-2" plugin="NodeResourcesBalancedAllocation" node="gpu-orin2" score=99
2026-07-01 18:43:34.362 I0701 09:27:27.251207       1 schedule_one.go:745] "Plugin scored node for pod" pod="default/yolo-det-2" plugin="ImageLocality" node="gpu-orin2" score=0
2026-07-01 18:43:34.362 I0701 09:27:27.251210       1 schedule_one.go:745] "Plugin scored node for pod" pod="default/yolo-det-2" plugin="TaintToleration" node="gpuorin4-desktop" score=300
2026-07-01 18:43:34.363 I0701 09:27:27.251213       1 schedule_one.go:745] "Plugin scored node for pod" pod="default/yolo-det-2" plugin="NodeAffinity" node="gpuorin4-desktop" score=0
2026-07-01 18:43:34.364 I0701 09:27:27.251216       1 schedule_one.go:745] "Plugin scored node for pod" pod="default/yolo-det-2" plugin="NodeResourcesFit" node="gpuorin4-desktop" score=78
2026-07-01 18:43:34.364 I0701 09:27:27.251219       1 schedule_one.go:745] "Plugin scored node for pod" pod="default/yolo-det-2" plugin="VolumeBinding" node="gpuorin4-desktop" score=0
2026-07-01 18:43:34.365 I0701 09:27:27.251222       1 schedule_one.go:745] "Plugin scored node for pod" pod="default/yolo-det-2" plugin="NodeResourcesBalancedAllocation" node="gpuorin4-desktop" score=99
2026-07-01 18:43:34.366 I0701 09:27:27.251226       1 schedule_one.go:745] "Plugin scored node for pod" pod="default/yolo-det-2" plugin="ImageLocality" node="gpuorin4-desktop" score=0
2026-07-01 18:43:34.366 I0701 09:27:27.251230       1 schedule_one.go:812] "Calculated node's final score for pod" pod="default/yolo-det-2" node="gpu-orin3" score=479
2026-07-01 18:43:34.367 I0701 09:27:27.251234       1 schedule_one.go:812] "Calculated node's final score for pod" pod="default/yolo-det-2" node="gpuorin5-desktop" score=479
2026-07-01 18:43:34.368 I0701 09:27:27.251238       1 schedule_one.go:812] "Calculated node's final score for pod" pod="default/yolo-det-2" node="gpu-orin2" score=479
2026-07-01 18:43:34.368 I0701 09:27:27.251241       1 schedule_one.go:812] "Calculated node's final score for pod" pod="default/yolo-det-2" node="gpuorin4-desktop" score=477
2026-07-01 18:43:34.369 I0701 09:27:31.221223       1 resource_allocation.go:76] "Listed internal info for allocatable resources, requested resources and score" pod="default/yolo-seg-2" node="gpu-orin3" resourceAllocationScorer="LeastAllocated" allocatableResource=[6000,7885152256] requestedResource=[1000,2097152000] resourceScore=78
2026-07-01 18:43:34.370 I0701 09:27:31.221237       1 resource_allocation.go:76] "Listed internal info for allocatable resources, requested resources and score" pod="default/yolo-seg-2" node="gpuorin5-desktop" resourceAllocationScorer="LeastAllocated" allocatableResource=[6000,7885127680] requestedResource=[900,1887436800] resourceScore=80
2026-07-01 18:43:34.370 I0701 09:27:31.221242       1 resource_allocation.go:76] "Listed internal info for allocatable resources, requested resources and score" pod="default/yolo-seg-2" node="gpu-orin3" resourceAllocationScorer="NodeResourcesBalancedAllocation" allocatableResource=[6000,7885152256] requestedResource=[100,52428800] resourceScore=99
2026-07-01 18:43:34.371 I0701 09:27:31.221235       1 resource_allocation.go:76] "Listed internal info for allocatable resources, requested resources and score" pod="default/yolo-seg-2" node="gpu-orin2" resourceAllocationScorer="LeastAllocated" allocatableResource=[6000,7885127680] requestedResource=[900,1887436800] resourceScore=80
2026-07-01 18:43:34.372 I0701 09:27:31.221248       1 resource_allocation.go:76] "Listed internal info for allocatable resources, requested resources and score" pod="default/yolo-seg-2" node="gpuorin4-desktop" resourceAllocationScorer="LeastAllocated" allocatableResource=[6000,7885250560] requestedResource=[1000,2097152000] resourceScore=78
2026-07-01 18:43:34.372 I0701 09:27:31.221258       1 resource_allocation.go:76] "Listed internal info for allocatable resources, requested resources and score" pod="default/yolo-seg-2" node="gpuorin5-desktop" resourceAllocationScorer="NodeResourcesBalancedAllocation" allocatableResource=[6000,7885127680] requestedResource=[100,52428800] resourceScore=99
2026-07-01 18:43:34.373 I0701 09:27:31.221263       1 resource_allocation.go:76] "Listed internal info for allocatable resources, requested resources and score" pod="default/yolo-seg-2" node="gpu-orin2" resourceAllocationScorer="NodeResourcesBalancedAllocation" allocatableResource=[6000,7885127680] requestedResource=[100,52428800] resourceScore=99
2026-07-01 18:43:34.374 I0701 09:27:31.221267       1 resource_allocation.go:76] "Listed internal info for allocatable resources, requested resources and score" pod="default/yolo-seg-2" node="gpuorin4-desktop" resourceAllocationScorer="NodeResourcesBalancedAllocation" allocatableResource=[6000,7885250560] requestedResource=[100,52428800] resourceScore=99
2026-07-01 18:43:34.374 I0701 09:27:31.221345       1 schedule_one.go:745] "Plugin scored node for pod" pod="default/yolo-seg-2" plugin="TaintToleration" node="gpu-orin3" score=300
2026-07-01 18:43:34.375 I0701 09:27:31.221359       1 schedule_one.go:745] "Plugin scored node for pod" pod="default/yolo-seg-2" plugin="NodeAffinity" node="gpu-orin3" score=0
2026-07-01 18:43:34.376 I0701 09:27:31.221364       1 schedule_one.go:745] "Plugin scored node for pod" pod="default/yolo-seg-2" plugin="NodeResourcesFit" node="gpu-orin3" score=78
2026-07-01 18:43:34.377 I0701 09:27:31.221368       1 schedule_one.go:745] "Plugin scored node for pod" pod="default/yolo-seg-2" plugin="VolumeBinding" node="gpu-orin3" score=0
2026-07-01 18:43:34.377 I0701 09:27:31.221371       1 schedule_one.go:745] "Plugin scored node for pod" pod="default/yolo-seg-2" plugin="NodeResourcesBalancedAllocation" node="gpu-orin3" score=99
2026-07-01 18:43:34.378 I0701 09:27:31.221375       1 schedule_one.go:745] "Plugin scored node for pod" pod="default/yolo-seg-2" plugin="ImageLocality" node="gpu-orin3" score=0
2026-07-01 18:43:34.379 I0701 09:27:31.221379       1 schedule_one.go:745] "Plugin scored node for pod" pod="default/yolo-seg-2" plugin="TaintToleration" node="gpu-orin2" score=300
2026-07-01 18:43:34.379 I0701 09:27:31.221382       1 schedule_one.go:745] "Plugin scored node for pod" pod="default/yolo-seg-2" plugin="NodeAffinity" node="gpu-orin2" score=0
2026-07-01 18:43:34.380 I0701 09:27:31.221385       1 schedule_one.go:745] "Plugin scored node for pod" pod="default/yolo-seg-2" plugin="NodeResourcesFit" node="gpu-orin2" score=80
2026-07-01 18:43:34.381 I0701 09:27:31.221388       1 schedule_one.go:745] "Plugin scored node for pod" pod="default/yolo-seg-2" plugin="VolumeBinding" node="gpu-orin2" score=0
2026-07-01 18:43:34.381 I0701 09:27:31.221392       1 schedule_one.go:745] "Plugin scored node for pod" pod="default/yolo-seg-2" plugin="NodeResourcesBalancedAllocation" node="gpu-orin2" score=99
2026-07-01 18:43:34.382 I0701 09:27:31.221395       1 schedule_one.go:745] "Plugin scored node for pod" pod="default/yolo-seg-2" plugin="ImageLocality" node="gpu-orin2" score=0
2026-07-01 18:43:34.383 I0701 09:27:31.221398       1 schedule_one.go:745] "Plugin scored node for pod" pod="default/yolo-seg-2" plugin="TaintToleration" node="gpuorin5-desktop" score=300
2026-07-01 18:43:34.383 I0701 09:27:31.221404       1 schedule_one.go:745] "Plugin scored node for pod" pod="default/yolo-seg-2" plugin="NodeAffinity" node="gpuorin5-desktop" score=0
2026-07-01 18:43:34.384 I0701 09:27:31.221408       1 schedule_one.go:745] "Plugin scored node for pod" pod="default/yolo-seg-2" plugin="NodeResourcesFit" node="gpuorin5-desktop" score=80
2026-07-01 18:43:34.385 I0701 09:27:31.221412       1 schedule_one.go:745] "Plugin scored node for pod" pod="default/yolo-seg-2" plugin="VolumeBinding" node="gpuorin5-desktop" score=0
2026-07-01 18:43:34.385 I0701 09:27:31.221416       1 schedule_one.go:745] "Plugin scored node for pod" pod="default/yolo-seg-2" plugin="NodeResourcesBalancedAllocation" node="gpuorin5-desktop" score=99
2026-07-01 18:43:34.386 I0701 09:27:31.221420       1 schedule_one.go:745] "Plugin scored node for pod" pod="default/yolo-seg-2" plugin="ImageLocality" node="gpuorin5-desktop" score=0
2026-07-01 18:43:34.387 I0701 09:27:31.221423       1 schedule_one.go:745] "Plugin scored node for pod" pod="default/yolo-seg-2" plugin="TaintToleration" node="gpuorin4-desktop" score=300
2026-07-01 18:43:34.387 I0701 09:27:31.221426       1 schedule_one.go:745] "Plugin scored node for pod" pod="default/yolo-seg-2" plugin="NodeAffinity" node="gpuorin4-desktop" score=0
2026-07-01 18:43:34.388 I0701 09:27:31.221429       1 schedule_one.go:745] "Plugin scored node for pod" pod="default/yolo-seg-2" plugin="NodeResourcesFit" node="gpuorin4-desktop" score=78
2026-07-01 18:43:34.389 I0701 09:27:31.221433       1 schedule_one.go:745] "Plugin scored node for pod" pod="default/yolo-seg-2" plugin="VolumeBinding" node="gpuorin4-desktop" score=0
2026-07-01 18:43:34.389 I0701 09:27:31.221436       1 schedule_one.go:745] "Plugin scored node for pod" pod="default/yolo-seg-2" plugin="NodeResourcesBalancedAllocation" node="gpuorin4-desktop" score=99
2026-07-01 18:43:34.390 I0701 09:27:31.221442       1 schedule_one.go:745] "Plugin scored node for pod" pod="default/yolo-seg-2" plugin="ImageLocality" node="gpuorin4-desktop" score=0
2026-07-01 18:43:34.391 I0701 09:27:31.221447       1 schedule_one.go:812] "Calculated node's final score for pod" pod="default/yolo-seg-2" node="gpu-orin3" score=477
2026-07-01 18:43:34.391 I0701 09:27:31.221451       1 schedule_one.go:812] "Calculated node's final score for pod" pod="default/yolo-seg-2" node="gpu-orin2" score=479
2026-07-01 18:43:34.392 I0701 09:27:31.221456       1 schedule_one.go:812] "Calculated node's final score for pod" pod="default/yolo-seg-2" node="gpuorin5-desktop" score=479
2026-07-01 18:43:34.393 I0701 09:27:31.221460       1 schedule_one.go:812] "Calculated node's final score for pod" pod="default/yolo-seg-2" node="gpuorin4-desktop" score=477
2026-07-01 18:43:34.393 I0701 09:27:35.116835       1 resource_allocation.go:76] "Listed internal info for allocatable resources, requested resources and score" pod="default/yolo-obb-2" node="gpu-orin3" resourceAllocationScorer="LeastAllocated" allocatableResource=[6000,7885152256] requestedResource=[1000,2097152000] resourceScore=78
2026-07-01 18:43:34.394 I0701 09:27:35.116852       1 resource_allocation.go:76] "Listed internal info for allocatable resources, requested resources and score" pod="default/yolo-obb-2" node="gpu-orin3" resourceAllocationScorer="NodeResourcesBalancedAllocation" allocatableResource=[6000,7885152256] requestedResource=[100,52428800] resourceScore=99
2026-07-01 18:43:34.395 I0701 09:27:35.116864       1 resource_allocation.go:76] "Listed internal info for allocatable resources, requested resources and score" pod="default/yolo-obb-2" node="gpu-orin2" resourceAllocationScorer="LeastAllocated" allocatableResource=[6000,7885127680] requestedResource=[900,1887436800] resourceScore=80
2026-07-01 18:43:34.396 I0701 09:27:35.116868       1 resource_allocation.go:76] "Listed internal info for allocatable resources, requested resources and score" pod="default/yolo-obb-2" node="gpuorin5-desktop" resourceAllocationScorer="LeastAllocated" allocatableResource=[6000,7885127680] requestedResource=[1000,2097152000] resourceScore=78
2026-07-01 18:43:34.396 I0701 09:27:35.116865       1 resource_allocation.go:76] "Listed internal info for allocatable resources, requested resources and score" pod="default/yolo-obb-2" node="gpuorin4-desktop" resourceAllocationScorer="LeastAllocated" allocatableResource=[6000,7885250560] requestedResource=[1000,2097152000] resourceScore=78
2026-07-01 18:43:34.397 I0701 09:27:35.116876       1 resource_allocation.go:76] "Listed internal info for allocatable resources, requested resources and score" pod="default/yolo-obb-2" node="gpu-orin2" resourceAllocationScorer="NodeResourcesBalancedAllocation" allocatableResource=[6000,7885127680] requestedResource=[100,52428800] resourceScore=99
2026-07-01 18:43:34.398 I0701 09:27:35.116880       1 resource_allocation.go:76] "Listed internal info for allocatable resources, requested resources and score" pod="default/yolo-obb-2" node="gpuorin4-desktop" resourceAllocationScorer="NodeResourcesBalancedAllocation" allocatableResource=[6000,7885250560] requestedResource=[100,52428800] resourceScore=99
2026-07-01 18:43:34.399 I0701 09:27:35.116878       1 resource_allocation.go:76] "Listed internal info for allocatable resources, requested resources and score" pod="default/yolo-obb-2" node="gpuorin5-desktop" resourceAllocationScorer="NodeResourcesBalancedAllocation" allocatableResource=[6000,7885127680] requestedResource=[100,52428800] resourceScore=99
2026-07-01 18:43:34.399 I0701 09:27:35.116912       1 schedule_one.go:745] "Plugin scored node for pod" pod="default/yolo-obb-2" plugin="TaintToleration" node="gpu-orin3" score=300
2026-07-01 18:43:34.400 I0701 09:27:35.116918       1 schedule_one.go:745] "Plugin scored node for pod" pod="default/yolo-obb-2" plugin="NodeAffinity" node="gpu-orin3" score=0
2026-07-01 18:43:34.401 I0701 09:27:35.116922       1 schedule_one.go:745] "Plugin scored node for pod" pod="default/yolo-obb-2" plugin="NodeResourcesFit" node="gpu-orin3" score=78
2026-07-01 18:43:34.401 I0701 09:27:35.116927       1 schedule_one.go:745] "Plugin scored node for pod" pod="default/yolo-obb-2" plugin="VolumeBinding" node="gpu-orin3" score=0
2026-07-01 18:43:34.402 I0701 09:27:35.116930       1 schedule_one.go:745] "Plugin scored node for pod" pod="default/yolo-obb-2" plugin="NodeResourcesBalancedAllocation" node="gpu-orin3" score=99
2026-07-01 18:43:34.403 I0701 09:27:35.116934       1 schedule_one.go:745] "Plugin scored node for pod" pod="default/yolo-obb-2" plugin="ImageLocality" node="gpu-orin3" score=0
2026-07-01 18:43:34.403 I0701 09:27:35.116937       1 schedule_one.go:745] "Plugin scored node for pod" pod="default/yolo-obb-2" plugin="TaintToleration" node="gpuorin4-desktop" score=300
2026-07-01 18:43:34.404 I0701 09:27:35.116940       1 schedule_one.go:745] "Plugin scored node for pod" pod="default/yolo-obb-2" plugin="NodeAffinity" node="gpuorin4-desktop" score=0
2026-07-01 18:43:34.405 I0701 09:27:35.116944       1 schedule_one.go:745] "Plugin scored node for pod" pod="default/yolo-obb-2" plugin="NodeResourcesFit" node="gpuorin4-desktop" score=78
2026-07-01 18:43:34.405 I0701 09:27:35.116948       1 schedule_one.go:745] "Plugin scored node for pod" pod="default/yolo-obb-2" plugin="VolumeBinding" node="gpuorin4-desktop" score=0
2026-07-01 18:43:34.406 I0701 09:27:35.116951       1 schedule_one.go:745] "Plugin scored node for pod" pod="default/yolo-obb-2" plugin="NodeResourcesBalancedAllocation" node="gpuorin4-desktop" score=99
2026-07-01 18:43:34.406 I0701 09:27:35.116954       1 schedule_one.go:745] "Plugin scored node for pod" pod="default/yolo-obb-2" plugin="ImageLocality" node="gpuorin4-desktop" score=0
2026-07-01 18:43:34.407 I0701 09:27:35.116957       1 schedule_one.go:745] "Plugin scored node for pod" pod="default/yolo-obb-2" plugin="TaintToleration" node="gpu-orin2" score=300
2026-07-01 18:43:34.408 I0701 09:27:35.116960       1 schedule_one.go:745] "Plugin scored node for pod" pod="default/yolo-obb-2" plugin="NodeAffinity" node="gpu-orin2" score=0
2026-07-01 18:43:34.408 I0701 09:27:35.116963       1 schedule_one.go:745] "Plugin scored node for pod" pod="default/yolo-obb-2" plugin="NodeResourcesFit" node="gpu-orin2" score=80
2026-07-01 18:43:34.409 I0701 09:27:35.116966       1 schedule_one.go:745] "Plugin scored node for pod" pod="default/yolo-obb-2" plugin="VolumeBinding" node="gpu-orin2" score=0
2026-07-01 18:43:34.409 I0701 09:27:35.116969       1 schedule_one.go:745] "Plugin scored node for pod" pod="default/yolo-obb-2" plugin="NodeResourcesBalancedAllocation" node="gpu-orin2" score=99
2026-07-01 18:43:34.410 I0701 09:27:35.116972       1 schedule_one.go:745] "Plugin scored node for pod" pod="default/yolo-obb-2" plugin="ImageLocality" node="gpu-orin2" score=0
2026-07-01 18:43:34.411 I0701 09:27:35.116977       1 schedule_one.go:745] "Plugin scored node for pod" pod="default/yolo-obb-2" plugin="TaintToleration" node="gpuorin5-desktop" score=300
2026-07-01 18:43:34.411 I0701 09:27:35.116980       1 schedule_one.go:745] "Plugin scored node for pod" pod="default/yolo-obb-2" plugin="NodeAffinity" node="gpuorin5-desktop" score=0
2026-07-01 18:43:34.412 I0701 09:27:35.116983       1 schedule_one.go:745] "Plugin scored node for pod" pod="default/yolo-obb-2" plugin="NodeResourcesFit" node="gpuorin5-desktop" score=78
2026-07-01 18:43:34.413 I0701 09:27:35.116986       1 schedule_one.go:745] "Plugin scored node for pod" pod="default/yolo-obb-2" plugin="VolumeBinding" node="gpuorin5-desktop" score=0
2026-07-01 18:43:34.413 I0701 09:27:35.116989       1 schedule_one.go:745] "Plugin scored node for pod" pod="default/yolo-obb-2" plugin="NodeResourcesBalancedAllocation" node="gpuorin5-desktop" score=99
2026-07-01 18:43:34.414 I0701 09:27:35.116992       1 schedule_one.go:745] "Plugin scored node for pod" pod="default/yolo-obb-2" plugin="ImageLocality" node="gpuorin5-desktop" score=0
2026-07-01 18:43:34.415 I0701 09:27:35.116997       1 schedule_one.go:812] "Calculated node's final score for pod" pod="default/yolo-obb-2" node="gpu-orin3" score=477
2026-07-01 18:43:34.415 I0701 09:27:35.117002       1 schedule_one.go:812] "Calculated node's final score for pod" pod="default/yolo-obb-2" node="gpuorin4-desktop" score=477
2026-07-01 18:43:34.416 I0701 09:27:35.117007       1 schedule_one.go:812] "Calculated node's final score for pod" pod="default/yolo-obb-2" node="gpu-orin2" score=479
2026-07-01 18:43:34.417 I0701 09:27:35.117011       1 schedule_one.go:812] "Calculated node's final score for pod" pod="default/yolo-obb-2" node="gpuorin5-desktop" score=477
2026-07-01 18:43:34.417 I0701 09:27:39.420112       1 resource_allocation.go:76] "Listed internal info for allocatable resources, requested resources and score" pod="default/yolo-pos-2" node="gpu-orin2" resourceAllocationScorer="LeastAllocated" allocatableResource=[6000,7885127680] requestedResource=[1000,2097152000] resourceScore=78
2026-07-01 18:43:34.418 I0701 09:27:39.420135       1 resource_allocation.go:76] "Listed internal info for allocatable resources, requested resources and score" pod="default/yolo-pos-2" node="gpu-orin3" resourceAllocationScorer="LeastAllocated" allocatableResource=[6000,7885152256] requestedResource=[1000,2097152000] resourceScore=78
2026-07-01 18:43:34.419 I0701 09:27:39.420168       1 resource_allocation.go:76] "Listed internal info for allocatable resources, requested resources and score" pod="default/yolo-pos-2" node="gpu-orin3" resourceAllocationScorer="NodeResourcesBalancedAllocation" allocatableResource=[6000,7885152256] requestedResource=[100,52428800] resourceScore=99
2026-07-01 18:43:34.420 I0701 09:27:39.420163       1 resource_allocation.go:76] "Listed internal info for allocatable resources, requested resources and score" pod="default/yolo-pos-2" node="gpuorin4-desktop" resourceAllocationScorer="LeastAllocated" allocatableResource=[6000,7885250560] requestedResource=[1000,2097152000] resourceScore=78
2026-07-01 18:43:34.421 I0701 09:27:39.420185       1 resource_allocation.go:76] "Listed internal info for allocatable resources, requested resources and score" pod="default/yolo-pos-2" node="gpu-orin2" resourceAllocationScorer="NodeResourcesBalancedAllocation" allocatableResource=[6000,7885127680] requestedResource=[100,52428800] resourceScore=99
2026-07-01 18:43:34.422 I0701 09:27:39.420216       1 resource_allocation.go:76] "Listed internal info for allocatable resources, requested resources and score" pod="default/yolo-pos-2" node="gpuorin4-desktop" resourceAllocationScorer="NodeResourcesBalancedAllocation" allocatableResource=[6000,7885250560] requestedResource=[100,52428800] resourceScore=99
2026-07-01 18:43:34.422 I0701 09:27:39.420211       1 resource_allocation.go:76] "Listed internal info for allocatable resources, requested resources and score" pod="default/yolo-pos-2" node="gpuorin5-desktop" resourceAllocationScorer="LeastAllocated" allocatableResource=[6000,7885127680] requestedResource=[1000,2097152000] resourceScore=78
2026-07-01 18:43:34.423 I0701 09:27:39.420263       1 resource_allocation.go:76] "Listed internal info for allocatable resources, requested resources and score" pod="default/yolo-pos-2" node="gpuorin5-desktop" resourceAllocationScorer="NodeResourcesBalancedAllocation" allocatableResource=[6000,7885127680] requestedResource=[100,52428800] resourceScore=99
2026-07-01 18:43:34.424 I0701 09:27:39.420414       1 schedule_one.go:745] "Plugin scored node for pod" pod="default/yolo-pos-2" plugin="TaintToleration" node="gpu-orin2" score=300
2026-07-01 18:43:34.425 I0701 09:27:39.420437       1 schedule_one.go:745] "Plugin scored node for pod" pod="default/yolo-pos-2" plugin="NodeAffinity" node="gpu-orin2" score=0
2026-07-01 18:43:34.426 I0701 09:27:39.420451       1 schedule_one.go:745] "Plugin scored node for pod" pod="default/yolo-pos-2" plugin="NodeResourcesFit" node="gpu-orin2" score=78
2026-07-01 18:43:34.427 I0701 09:27:39.420466       1 schedule_one.go:745] "Plugin scored node for pod" pod="default/yolo-pos-2" plugin="VolumeBinding" node="gpu-orin2" score=0
2026-07-01 18:43:34.427 I0701 09:27:39.420480       1 schedule_one.go:745] "Plugin scored node for pod" pod="default/yolo-pos-2" plugin="NodeResourcesBalancedAllocation" node="gpu-orin2" score=99
2026-07-01 18:43:34.428 I0701 09:27:39.420493       1 schedule_one.go:745] "Plugin scored node for pod" pod="default/yolo-pos-2" plugin="ImageLocality" node="gpu-orin2" score=0
2026-07-01 18:43:34.429 I0701 09:27:39.420506       1 schedule_one.go:745] "Plugin scored node for pod" pod="default/yolo-pos-2" plugin="TaintToleration" node="gpuorin4-desktop" score=300
2026-07-01 18:43:34.430 I0701 09:27:39.420517       1 schedule_one.go:745] "Plugin scored node for pod" pod="default/yolo-pos-2" plugin="NodeAffinity" node="gpuorin4-desktop" score=0
2026-07-01 18:43:34.430 I0701 09:27:39.420529       1 schedule_one.go:745] "Plugin scored node for pod" pod="default/yolo-pos-2" plugin="NodeResourcesFit" node="gpuorin4-desktop" score=78
2026-07-01 18:43:34.431 I0701 09:27:39.420540       1 schedule_one.go:745] "Plugin scored node for pod" pod="default/yolo-pos-2" plugin="VolumeBinding" node="gpuorin4-desktop" score=0
2026-07-01 18:43:34.432 I0701 09:27:39.420553       1 schedule_one.go:745] "Plugin scored node for pod" pod="default/yolo-pos-2" plugin="NodeResourcesBalancedAllocation" node="gpuorin4-desktop" score=99
2026-07-01 18:43:34.433 I0701 09:27:39.420563       1 schedule_one.go:745] "Plugin scored node for pod" pod="default/yolo-pos-2" plugin="ImageLocality" node="gpuorin4-desktop" score=0
2026-07-01 18:43:34.433 I0701 09:27:39.420575       1 schedule_one.go:745] "Plugin scored node for pod" pod="default/yolo-pos-2" plugin="TaintToleration" node="gpu-orin3" score=300
2026-07-01 18:43:34.434 I0701 09:27:39.420585       1 schedule_one.go:745] "Plugin scored node for pod" pod="default/yolo-pos-2" plugin="NodeAffinity" node="gpu-orin3" score=0
2026-07-01 18:43:34.435 I0701 09:27:39.420598       1 schedule_one.go:745] "Plugin scored node for pod" pod="default/yolo-pos-2" plugin="NodeResourcesFit" node="gpu-orin3" score=78
2026-07-01 18:43:34.435 I0701 09:27:39.420609       1 schedule_one.go:745] "Plugin scored node for pod" pod="default/yolo-pos-2" plugin="VolumeBinding" node="gpu-orin3" score=0
2026-07-01 18:43:34.436 I0701 09:27:39.420620       1 schedule_one.go:745] "Plugin scored node for pod" pod="default/yolo-pos-2" plugin="NodeResourcesBalancedAllocation" node="gpu-orin3" score=99
2026-07-01 18:43:34.437 I0701 09:27:39.420633       1 schedule_one.go:745] "Plugin scored node for pod" pod="default/yolo-pos-2" plugin="ImageLocality" node="gpu-orin3" score=0
2026-07-01 18:43:34.437 I0701 09:27:39.420644       1 schedule_one.go:745] "Plugin scored node for pod" pod="default/yolo-pos-2" plugin="TaintToleration" node="gpuorin5-desktop" score=300
2026-07-01 18:43:34.438 I0701 09:27:39.420655       1 schedule_one.go:745] "Plugin scored node for pod" pod="default/yolo-pos-2" plugin="NodeAffinity" node="gpuorin5-desktop" score=0
2026-07-01 18:43:34.438 I0701 09:27:39.420666       1 schedule_one.go:745] "Plugin scored node for pod" pod="default/yolo-pos-2" plugin="NodeResourcesFit" node="gpuorin5-desktop" score=78
2026-07-01 18:43:34.439 I0701 09:27:39.420677       1 schedule_one.go:745] "Plugin scored node for pod" pod="default/yolo-pos-2" plugin="VolumeBinding" node="gpuorin5-desktop" score=0
2026-07-01 18:43:34.440 I0701 09:27:39.420690       1 schedule_one.go:745] "Plugin scored node for pod" pod="default/yolo-pos-2" plugin="NodeResourcesBalancedAllocation" node="gpuorin5-desktop" score=99
2026-07-01 18:43:34.441 I0701 09:27:39.420701       1 schedule_one.go:745] "Plugin scored node for pod" pod="default/yolo-pos-2" plugin="ImageLocality" node="gpuorin5-desktop" score=0
2026-07-01 18:43:34.441 I0701 09:27:39.420717       1 schedule_one.go:812] "Calculated node's final score for pod" pod="default/yolo-pos-2" node="gpu-orin2" score=477
2026-07-01 18:43:34.442 I0701 09:27:39.420733       1 schedule_one.go:812] "Calculated node's final score for pod" pod="default/yolo-pos-2" node="gpuorin4-desktop" score=477
2026-07-01 18:43:34.443 I0701 09:27:39.420752       1 schedule_one.go:812] "Calculated node's final score for pod" pod="default/yolo-pos-2" node="gpu-orin3" score=477
2026-07-01 18:43:34.443 I0701 09:27:39.420820       1 schedule_one.go:812] "Calculated node's final score for pod" pod="default/yolo-pos-2" node="gpuorin5-desktop" score=477
2026-07-01 18:43:34.444 I0701 09:30:13.130060       1 resource_allocation.go:76] "Listed internal info for allocatable resources, requested resources and score" pod="default/yolo-cls-1" node="gpu-orin3" resourceAllocationScorer="LeastAllocated" allocatableResource=[6000,7885152256] requestedResource=[700,1468006400] resourceScore=84
2026-07-01 18:43:34.445 I0701 09:30:13.130094       1 resource_allocation.go:76] "Listed internal info for allocatable resources, requested resources and score" pod="default/yolo-cls-1" node="gpu-orin3" resourceAllocationScorer="NodeResourcesBalancedAllocation" allocatableResource=[6000,7885152256] requestedResource=[100,52428800] resourceScore=99
2026-07-01 18:43:34.445 I0701 09:30:13.130127       1 resource_allocation.go:76] "Listed internal info for allocatable resources, requested resources and score" pod="default/yolo-cls-1" node="gpuorin4-desktop" resourceAllocationScorer="LeastAllocated" allocatableResource=[6000,7885250560] requestedResource=[1000,2097152000] resourceScore=78
2026-07-01 18:43:34.446 I0701 09:30:13.130147       1 resource_allocation.go:76] "Listed internal info for allocatable resources, requested resources and score" pod="default/yolo-cls-1" node="gpu-orin2" resourceAllocationScorer="LeastAllocated" allocatableResource=[6000,7885127680] requestedResource=[700,1468006400] resourceScore=84
2026-07-01 18:43:34.447 I0701 09:30:13.130170       1 resource_allocation.go:76] "Listed internal info for allocatable resources, requested resources and score" pod="default/yolo-cls-1" node="gpuorin5-desktop" resourceAllocationScorer="LeastAllocated" allocatableResource=[6000,7885127680] requestedResource=[700,1468006400] resourceScore=84
2026-07-01 18:43:34.448 I0701 09:30:13.130198       1 resource_allocation.go:76] "Listed internal info for allocatable resources, requested resources and score" pod="default/yolo-cls-1" node="gpu-orin2" resourceAllocationScorer="NodeResourcesBalancedAllocation" allocatableResource=[6000,7885127680] requestedResource=[100,52428800] resourceScore=99
2026-07-01 18:43:34.448 I0701 09:30:13.130220       1 resource_allocation.go:76] "Listed internal info for allocatable resources, requested resources and score" pod="default/yolo-cls-1" node="gpuorin5-desktop" resourceAllocationScorer="NodeResourcesBalancedAllocation" allocatableResource=[6000,7885127680] requestedResource=[100,52428800] resourceScore=99
2026-07-01 18:43:34.449 I0701 09:30:13.130160       1 resource_allocation.go:76] "Listed internal info for allocatable resources, requested resources and score" pod="default/yolo-cls-1" node="gpuorin4-desktop" resourceAllocationScorer="NodeResourcesBalancedAllocation" allocatableResource=[6000,7885250560] requestedResource=[100,52428800] resourceScore=99
2026-07-01 18:43:34.450 I0701 09:30:13.130319       1 schedule_one.go:745] "Plugin scored node for pod" pod="default/yolo-cls-1" plugin="TaintToleration" node="gpu-orin3" score=300
2026-07-01 18:43:34.450 I0701 09:30:13.130345       1 schedule_one.go:745] "Plugin scored node for pod" pod="default/yolo-cls-1" plugin="NodeAffinity" node="gpu-orin3" score=0
2026-07-01 18:43:34.451 I0701 09:30:13.130358       1 schedule_one.go:745] "Plugin scored node for pod" pod="default/yolo-cls-1" plugin="NodeResourcesFit" node="gpu-orin3" score=84
2026-07-01 18:43:34.452 I0701 09:30:13.130370       1 schedule_one.go:745] "Plugin scored node for pod" pod="default/yolo-cls-1" plugin="VolumeBinding" node="gpu-orin3" score=0
2026-07-01 18:43:34.452 I0701 09:30:13.130389       1 schedule_one.go:745] "Plugin scored node for pod" pod="default/yolo-cls-1" plugin="NodeResourcesBalancedAllocation" node="gpu-orin3" score=99
2026-07-01 18:43:34.453 I0701 09:30:13.130400       1 schedule_one.go:745] "Plugin scored node for pod" pod="default/yolo-cls-1" plugin="ImageLocality" node="gpu-orin3" score=0
2026-07-01 18:43:34.454 I0701 09:30:13.130412       1 schedule_one.go:745] "Plugin scored node for pod" pod="default/yolo-cls-1" plugin="TaintToleration" node="gpu-orin2" score=300
2026-07-01 18:43:34.455 I0701 09:30:13.130426       1 schedule_one.go:745] "Plugin scored node for pod" pod="default/yolo-cls-1" plugin="NodeAffinity" node="gpu-orin2" score=0
2026-07-01 18:43:34.455 I0701 09:30:13.130439       1 schedule_one.go:745] "Plugin scored node for pod" pod="default/yolo-cls-1" plugin="NodeResourcesFit" node="gpu-orin2" score=84
2026-07-01 18:43:34.456 I0701 09:30:13.130451       1 schedule_one.go:745] "Plugin scored node for pod" pod="default/yolo-cls-1" plugin="VolumeBinding" node="gpu-orin2" score=0
2026-07-01 18:43:34.457 I0701 09:30:13.130462       1 schedule_one.go:745] "Plugin scored node for pod" pod="default/yolo-cls-1" plugin="NodeResourcesBalancedAllocation" node="gpu-orin2" score=99
2026-07-01 18:43:34.457 I0701 09:30:13.130472       1 schedule_one.go:745] "Plugin scored node for pod" pod="default/yolo-cls-1" plugin="ImageLocality" node="gpu-orin2" score=0
2026-07-01 18:43:34.458 I0701 09:30:13.130487       1 schedule_one.go:745] "Plugin scored node for pod" pod="default/yolo-cls-1" plugin="TaintToleration" node="gpuorin5-desktop" score=300
2026-07-01 18:43:34.459 I0701 09:30:13.130498       1 schedule_one.go:745] "Plugin scored node for pod" pod="default/yolo-cls-1" plugin="NodeAffinity" node="gpuorin5-desktop" score=0
2026-07-01 18:43:34.460 I0701 09:30:13.130511       1 schedule_one.go:745] "Plugin scored node for pod" pod="default/yolo-cls-1" plugin="NodeResourcesFit" node="gpuorin5-desktop" score=84
2026-07-01 18:43:34.460 I0701 09:30:13.130522       1 schedule_one.go:745] "Plugin scored node for pod" pod="default/yolo-cls-1" plugin="VolumeBinding" node="gpuorin5-desktop" score=0
2026-07-01 18:43:34.461 I0701 09:30:13.130533       1 schedule_one.go:745] "Plugin scored node for pod" pod="default/yolo-cls-1" plugin="NodeResourcesBalancedAllocation" node="gpuorin5-desktop" score=99
2026-07-01 18:43:34.462 I0701 09:30:13.130543       1 schedule_one.go:745] "Plugin scored node for pod" pod="default/yolo-cls-1" plugin="ImageLocality" node="gpuorin5-desktop" score=0
2026-07-01 18:43:34.463 I0701 09:30:13.130555       1 schedule_one.go:745] "Plugin scored node for pod" pod="default/yolo-cls-1" plugin="TaintToleration" node="gpuorin4-desktop" score=300
2026-07-01 18:43:34.464 I0701 09:30:13.130564       1 schedule_one.go:745] "Plugin scored node for pod" pod="default/yolo-cls-1" plugin="NodeAffinity" node="gpuorin4-desktop" score=0
2026-07-01 18:43:34.464 I0701 09:30:13.130574       1 schedule_one.go:745] "Plugin scored node for pod" pod="default/yolo-cls-1" plugin="NodeResourcesFit" node="gpuorin4-desktop" score=78
2026-07-01 18:43:34.465 I0701 09:30:13.130586       1 schedule_one.go:745] "Plugin scored node for pod" pod="default/yolo-cls-1" plugin="VolumeBinding" node="gpuorin4-desktop" score=0
2026-07-01 18:43:34.466 I0701 09:30:13.130599       1 schedule_one.go:745] "Plugin scored node for pod" pod="default/yolo-cls-1" plugin="NodeResourcesBalancedAllocation" node="gpuorin4-desktop" score=99
2026-07-01 18:43:34.466 I0701 09:30:13.130610       1 schedule_one.go:745] "Plugin scored node for pod" pod="default/yolo-cls-1" plugin="ImageLocality" node="gpuorin4-desktop" score=0
2026-07-01 18:43:34.467 I0701 09:30:13.130623       1 schedule_one.go:812] "Calculated node's final score for pod" pod="default/yolo-cls-1" node="gpu-orin3" score=483
2026-07-01 18:43:34.468 I0701 09:30:13.130635       1 schedule_one.go:812] "Calculated node's final score for pod" pod="default/yolo-cls-1" node="gpu-orin2" score=483
2026-07-01 18:43:34.469 I0701 09:30:13.130647       1 schedule_one.go:812] "Calculated node's final score for pod" pod="default/yolo-cls-1" node="gpuorin5-desktop" score=483
2026-07-01 18:43:34.470 I0701 09:30:13.130661       1 schedule_one.go:812] "Calculated node's final score for pod" pod="default/yolo-cls-1" node="gpuorin4-desktop" score=477
2026-07-01 18:43:34.470 I0701 09:30:17.778226       1 resource_allocation.go:76] "Listed internal info for allocatable resources, requested resources and score" pod="default/yolo-det-1" node="gpu-orin3" resourceAllocationScorer="LeastAllocated" allocatableResource=[6000,7885152256] requestedResource=[700,1468006400] resourceScore=84
2026-07-01 18:43:34.471 I0701 09:30:17.778239       1 resource_allocation.go:76] "Listed internal info for allocatable resources, requested resources and score" pod="default/yolo-det-1" node="gpu-orin2" resourceAllocationScorer="LeastAllocated" allocatableResource=[6000,7885127680] requestedResource=[700,1468006400] resourceScore=84
2026-07-01 18:43:34.472 I0701 09:30:17.778242       1 resource_allocation.go:76] "Listed internal info for allocatable resources, requested resources and score" pod="default/yolo-det-1" node="gpuorin5-desktop" resourceAllocationScorer="LeastAllocated" allocatableResource=[6000,7885127680] requestedResource=[800,1677721600] resourceScore=82
2026-07-01 18:43:34.473 I0701 09:30:17.778241       1 resource_allocation.go:76] "Listed internal info for allocatable resources, requested resources and score" pod="default/yolo-det-1" node="gpuorin4-desktop" resourceAllocationScorer="LeastAllocated" allocatableResource=[6000,7885250560] requestedResource=[1000,2097152000] resourceScore=78
2026-07-01 18:43:34.474 I0701 09:30:17.778253       1 resource_allocation.go:76] "Listed internal info for allocatable resources, requested resources and score" pod="default/yolo-det-1" node="gpu-orin3" resourceAllocationScorer="NodeResourcesBalancedAllocation" allocatableResource=[6000,7885152256] requestedResource=[100,52428800] resourceScore=99
2026-07-01 18:43:34.474 I0701 09:30:17.778275       1 resource_allocation.go:76] "Listed internal info for allocatable resources, requested resources and score" pod="default/yolo-det-1" node="gpu-orin2" resourceAllocationScorer="NodeResourcesBalancedAllocation" allocatableResource=[6000,7885127680] requestedResource=[100,52428800] resourceScore=99
2026-07-01 18:43:34.475 I0701 09:30:17.778296       1 resource_allocation.go:76] "Listed internal info for allocatable resources, requested resources and score" pod="default/yolo-det-1" node="gpuorin5-desktop" resourceAllocationScorer="NodeResourcesBalancedAllocation" allocatableResource=[6000,7885127680] requestedResource=[100,52428800] resourceScore=99
2026-07-01 18:43:34.476 I0701 09:30:17.778306       1 resource_allocation.go:76] "Listed internal info for allocatable resources, requested resources and score" pod="default/yolo-det-1" node="gpuorin4-desktop" resourceAllocationScorer="NodeResourcesBalancedAllocation" allocatableResource=[6000,7885250560] requestedResource=[100,52428800] resourceScore=99
2026-07-01 18:43:34.477 I0701 09:30:17.778449       1 schedule_one.go:745] "Plugin scored node for pod" pod="default/yolo-det-1" plugin="TaintToleration" node="gpuorin5-desktop" score=300
2026-07-01 18:43:34.478 I0701 09:30:17.778477       1 schedule_one.go:745] "Plugin scored node for pod" pod="default/yolo-det-1" plugin="NodeAffinity" node="gpuorin5-desktop" score=0
2026-07-01 18:43:34.478 I0701 09:30:17.778493       1 schedule_one.go:745] "Plugin scored node for pod" pod="default/yolo-det-1" plugin="NodeResourcesFit" node="gpuorin5-desktop" score=82
2026-07-01 18:43:34.479 I0701 09:30:17.778506       1 schedule_one.go:745] "Plugin scored node for pod" pod="default/yolo-det-1" plugin="VolumeBinding" node="gpuorin5-desktop" score=0
2026-07-01 18:43:34.480 I0701 09:30:17.778519       1 schedule_one.go:745] "Plugin scored node for pod" pod="default/yolo-det-1" plugin="NodeResourcesBalancedAllocation" node="gpuorin5-desktop" score=99
2026-07-01 18:43:34.481 I0701 09:30:17.778532       1 schedule_one.go:745] "Plugin scored node for pod" pod="default/yolo-det-1" plugin="ImageLocality" node="gpuorin5-desktop" score=0
2026-07-01 18:43:34.481 I0701 09:30:17.778545       1 schedule_one.go:745] "Plugin scored node for pod" pod="default/yolo-det-1" plugin="TaintToleration" node="gpuorin4-desktop" score=300
2026-07-01 18:43:34.482 I0701 09:30:17.778557       1 schedule_one.go:745] "Plugin scored node for pod" pod="default/yolo-det-1" plugin="NodeAffinity" node="gpuorin4-desktop" score=0
2026-07-01 18:43:34.483 I0701 09:30:17.778569       1 schedule_one.go:745] "Plugin scored node for pod" pod="default/yolo-det-1" plugin="NodeResourcesFit" node="gpuorin4-desktop" score=78
2026-07-01 18:43:34.484 I0701 09:30:17.778598       1 schedule_one.go:745] "Plugin scored node for pod" pod="default/yolo-det-1" plugin="VolumeBinding" node="gpuorin4-desktop" score=0
2026-07-01 18:43:34.484 I0701 09:30:17.778611       1 schedule_one.go:745] "Plugin scored node for pod" pod="default/yolo-det-1" plugin="NodeResourcesBalancedAllocation" node="gpuorin4-desktop" score=99
2026-07-01 18:43:34.485 I0701 09:30:17.778623       1 schedule_one.go:745] "Plugin scored node for pod" pod="default/yolo-det-1" plugin="ImageLocality" node="gpuorin4-desktop" score=0
2026-07-01 18:43:34.486 I0701 09:30:17.778634       1 schedule_one.go:745] "Plugin scored node for pod" pod="default/yolo-det-1" plugin="TaintToleration" node="gpu-orin2" score=300
2026-07-01 18:43:34.487 I0701 09:30:17.778646       1 schedule_one.go:745] "Plugin scored node for pod" pod="default/yolo-det-1" plugin="NodeAffinity" node="gpu-orin2" score=0
2026-07-01 18:43:34.487 I0701 09:30:17.778657       1 schedule_one.go:745] "Plugin scored node for pod" pod="default/yolo-det-1" plugin="NodeResourcesFit" node="gpu-orin2" score=84
2026-07-01 18:43:34.488 I0701 09:30:17.778668       1 schedule_one.go:745] "Plugin scored node for pod" pod="default/yolo-det-1" plugin="VolumeBinding" node="gpu-orin2" score=0
2026-07-01 18:43:34.489 I0701 09:30:17.778679       1 schedule_one.go:745] "Plugin scored node for pod" pod="default/yolo-det-1" plugin="NodeResourcesBalancedAllocation" node="gpu-orin2" score=99
2026-07-01 18:43:34.490 I0701 09:30:17.778690       1 schedule_one.go:745] "Plugin scored node for pod" pod="default/yolo-det-1" plugin="ImageLocality" node="gpu-orin2" score=0
2026-07-01 18:43:34.490 I0701 09:30:17.778702       1 schedule_one.go:745] "Plugin scored node for pod" pod="default/yolo-det-1" plugin="TaintToleration" node="gpu-orin3" score=300
2026-07-01 18:43:34.491 I0701 09:30:17.778714       1 schedule_one.go:745] "Plugin scored node for pod" pod="default/yolo-det-1" plugin="NodeAffinity" node="gpu-orin3" score=0
2026-07-01 18:43:34.492 I0701 09:30:17.778725       1 schedule_one.go:745] "Plugin scored node for pod" pod="default/yolo-det-1" plugin="NodeResourcesFit" node="gpu-orin3" score=84
2026-07-01 18:43:34.493 I0701 09:30:17.778738       1 schedule_one.go:745] "Plugin scored node for pod" pod="default/yolo-det-1" plugin="VolumeBinding" node="gpu-orin3" score=0
2026-07-01 18:43:34.494 I0701 09:30:17.778750       1 schedule_one.go:745] "Plugin scored node for pod" pod="default/yolo-det-1" plugin="NodeResourcesBalancedAllocation" node="gpu-orin3" score=99
2026-07-01 18:43:34.494 I0701 09:30:17.778785       1 schedule_one.go:745] "Plugin scored node for pod" pod="default/yolo-det-1" plugin="ImageLocality" node="gpu-orin3" score=0
2026-07-01 18:43:34.495 I0701 09:30:17.778809       1 schedule_one.go:812] "Calculated node's final score for pod" pod="default/yolo-det-1" node="gpuorin5-desktop" score=481
2026-07-01 18:43:34.496 I0701 09:30:17.778825       1 schedule_one.go:812] "Calculated node's final score for pod" pod="default/yolo-det-1" node="gpuorin4-desktop" score=477
2026-07-01 18:43:34.497 I0701 09:30:17.778839       1 schedule_one.go:812] "Calculated node's final score for pod" pod="default/yolo-det-1" node="gpu-orin2" score=483
2026-07-01 18:43:34.497 I0701 09:30:17.778854       1 schedule_one.go:812] "Calculated node's final score for pod" pod="default/yolo-det-1" node="gpu-orin3" score=483
2026-07-01 18:43:34.498 I0701 09:30:26.003553       1 resource_allocation.go:76] "Listed internal info for allocatable resources, requested resources and score" pod="default/yolo-seg-1" node="gpuorin4-desktop" resourceAllocationScorer="LeastAllocated" allocatableResource=[6000,7885250560] requestedResource=[1000,2097152000] resourceScore=78
2026-07-01 18:43:34.499 I0701 09:30:26.003576       1 resource_allocation.go:76] "Listed internal info for allocatable resources, requested resources and score" pod="default/yolo-seg-1" node="gpuorin4-desktop" resourceAllocationScorer="NodeResourcesBalancedAllocation" allocatableResource=[6000,7885250560] requestedResource=[100,52428800] resourceScore=99
2026-07-01 18:43:34.500 I0701 09:30:26.003596       1 resource_allocation.go:76] "Listed internal info for allocatable resources, requested resources and score" pod="default/yolo-seg-1" node="gpu-orin2" resourceAllocationScorer="LeastAllocated" allocatableResource=[6000,7885127680] requestedResource=[800,1677721600] resourceScore=82
2026-07-01 18:43:34.500 I0701 09:30:26.003614       1 resource_allocation.go:76] "Listed internal info for allocatable resources, requested resources and score" pod="default/yolo-seg-1" node="gpu-orin2" resourceAllocationScorer="NodeResourcesBalancedAllocation" allocatableResource=[6000,7885127680] requestedResource=[100,52428800] resourceScore=99
2026-07-01 18:43:34.501 I0701 09:30:26.003631       1 resource_allocation.go:76] "Listed internal info for allocatable resources, requested resources and score" pod="default/yolo-seg-1" node="gpuorin5-desktop" resourceAllocationScorer="LeastAllocated" allocatableResource=[6000,7885127680] requestedResource=[800,1677721600] resourceScore=82
2026-07-01 18:43:34.502 I0701 09:30:26.003648       1 resource_allocation.go:76] "Listed internal info for allocatable resources, requested resources and score" pod="default/yolo-seg-1" node="gpuorin5-desktop" resourceAllocationScorer="NodeResourcesBalancedAllocation" allocatableResource=[6000,7885127680] requestedResource=[100,52428800] resourceScore=99
2026-07-01 18:43:34.503 I0701 09:30:26.003669       1 resource_allocation.go:76] "Listed internal info for allocatable resources, requested resources and score" pod="default/yolo-seg-1" node="gpu-orin3" resourceAllocationScorer="LeastAllocated" allocatableResource=[6000,7885152256] requestedResource=[700,1468006400] resourceScore=84
2026-07-01 18:43:34.504 I0701 09:30:26.003684       1 resource_allocation.go:76] "Listed internal info for allocatable resources, requested resources and score" pod="default/yolo-seg-1" node="gpu-orin3" resourceAllocationScorer="NodeResourcesBalancedAllocation" allocatableResource=[6000,7885152256] requestedResource=[100,52428800] resourceScore=99
2026-07-01 18:43:34.505 I0701 09:30:26.003738       1 schedule_one.go:745] "Plugin scored node for pod" pod="default/yolo-seg-1" plugin="TaintToleration" node="gpuorin4-desktop" score=300
2026-07-01 18:43:34.505 I0701 09:30:26.003753       1 schedule_one.go:745] "Plugin scored node for pod" pod="default/yolo-seg-1" plugin="NodeAffinity" node="gpuorin4-desktop" score=0
2026-07-01 18:43:34.506 I0701 09:30:26.003762       1 schedule_one.go:745] "Plugin scored node for pod" pod="default/yolo-seg-1" plugin="NodeResourcesFit" node="gpuorin4-desktop" score=78
2026-07-01 18:43:34.507 I0701 09:30:26.003780       1 schedule_one.go:745] "Plugin scored node for pod" pod="default/yolo-seg-1" plugin="VolumeBinding" node="gpuorin4-desktop" score=0
2026-07-01 18:43:34.508 I0701 09:30:26.003810       1 schedule_one.go:745] "Plugin scored node for pod" pod="default/yolo-seg-1" plugin="NodeResourcesBalancedAllocation" node="gpuorin4-desktop" score=99
2026-07-01 18:43:34.509 I0701 09:30:26.003821       1 schedule_one.go:745] "Plugin scored node for pod" pod="default/yolo-seg-1" plugin="ImageLocality" node="gpuorin4-desktop" score=0
2026-07-01 18:43:34.510 I0701 09:30:26.003827       1 schedule_one.go:745] "Plugin scored node for pod" pod="default/yolo-seg-1" plugin="TaintToleration" node="gpu-orin2" score=300
2026-07-01 18:43:34.510 I0701 09:30:26.003835       1 schedule_one.go:745] "Plugin scored node for pod" pod="default/yolo-seg-1" plugin="NodeAffinity" node="gpu-orin2" score=0
2026-07-01 18:43:34.511 I0701 09:30:26.003841       1 schedule_one.go:745] "Plugin scored node for pod" pod="default/yolo-seg-1" plugin="NodeResourcesFit" node="gpu-orin2" score=82
2026-07-01 18:43:34.512 I0701 09:30:26.003851       1 schedule_one.go:745] "Plugin scored node for pod" pod="default/yolo-seg-1" plugin="VolumeBinding" node="gpu-orin2" score=0
2026-07-01 18:43:34.512 I0701 09:30:26.003858       1 schedule_one.go:745] "Plugin scored node for pod" pod="default/yolo-seg-1" plugin="NodeResourcesBalancedAllocation" node="gpu-orin2" score=99
2026-07-01 18:43:34.513 I0701 09:30:26.003864       1 schedule_one.go:745] "Plugin scored node for pod" pod="default/yolo-seg-1" plugin="ImageLocality" node="gpu-orin2" score=0
2026-07-01 18:43:34.514 I0701 09:30:26.003871       1 schedule_one.go:745] "Plugin scored node for pod" pod="default/yolo-seg-1" plugin="TaintToleration" node="gpuorin5-desktop" score=300
2026-07-01 18:43:34.514 I0701 09:30:26.003880       1 schedule_one.go:745] "Plugin scored node for pod" pod="default/yolo-seg-1" plugin="NodeAffinity" node="gpuorin5-desktop" score=0
2026-07-01 18:43:34.515 I0701 09:30:26.003887       1 schedule_one.go:745] "Plugin scored node for pod" pod="default/yolo-seg-1" plugin="NodeResourcesFit" node="gpuorin5-desktop" score=82
2026-07-01 18:43:34.516 I0701 09:30:26.003896       1 schedule_one.go:745] "Plugin scored node for pod" pod="default/yolo-seg-1" plugin="VolumeBinding" node="gpuorin5-desktop" score=0
2026-07-01 18:43:34.517 I0701 09:30:26.003904       1 schedule_one.go:745] "Plugin scored node for pod" pod="default/yolo-seg-1" plugin="NodeResourcesBalancedAllocation" node="gpuorin5-desktop" score=99
2026-07-01 18:43:34.518 I0701 09:30:26.003911       1 schedule_one.go:745] "Plugin scored node for pod" pod="default/yolo-seg-1" plugin="ImageLocality" node="gpuorin5-desktop" score=0
2026-07-01 18:43:34.519 I0701 09:30:26.003918       1 schedule_one.go:745] "Plugin scored node for pod" pod="default/yolo-seg-1" plugin="TaintToleration" node="gpu-orin3" score=300
2026-07-01 18:43:34.520 I0701 09:30:26.003932       1 schedule_one.go:745] "Plugin scored node for pod" pod="default/yolo-seg-1" plugin="NodeAffinity" node="gpu-orin3" score=0
2026-07-01 18:43:34.521 I0701 09:30:26.003938       1 schedule_one.go:745] "Plugin scored node for pod" pod="default/yolo-seg-1" plugin="NodeResourcesFit" node="gpu-orin3" score=84
2026-07-01 18:43:34.521 I0701 09:30:26.003945       1 schedule_one.go:745] "Plugin scored node for pod" pod="default/yolo-seg-1" plugin="VolumeBinding" node="gpu-orin3" score=0
2026-07-01 18:43:34.522 I0701 09:30:26.003952       1 schedule_one.go:745] "Plugin scored node for pod" pod="default/yolo-seg-1" plugin="NodeResourcesBalancedAllocation" node="gpu-orin3" score=99
2026-07-01 18:43:34.523 I0701 09:30:26.003958       1 schedule_one.go:745] "Plugin scored node for pod" pod="default/yolo-seg-1" plugin="ImageLocality" node="gpu-orin3" score=0
2026-07-01 18:43:34.524 I0701 09:30:26.003968       1 schedule_one.go:812] "Calculated node's final score for pod" pod="default/yolo-seg-1" node="gpuorin4-desktop" score=477
2026-07-01 18:43:34.525 I0701 09:30:26.003977       1 schedule_one.go:812] "Calculated node's final score for pod" pod="default/yolo-seg-1" node="gpu-orin2" score=481
2026-07-01 18:43:34.526 I0701 09:30:26.003986       1 schedule_one.go:812] "Calculated node's final score for pod" pod="default/yolo-seg-1" node="gpuorin5-desktop" score=481
2026-07-01 18:43:34.527 I0701 09:30:26.003994       1 schedule_one.go:812] "Calculated node's final score for pod" pod="default/yolo-seg-1" node="gpu-orin3" score=483
2026-07-01 18:43:34.527 I0701 09:30:30.391938       1 resource_allocation.go:76] "Listed internal info for allocatable resources, requested resources and score" pod="default/yolo-obb-1" node="gpu-orin2" resourceAllocationScorer="LeastAllocated" allocatableResource=[6000,7885127680] requestedResource=[800,1677721600] resourceScore=82
2026-07-01 18:43:34.528 I0701 09:30:30.391949       1 resource_allocation.go:76] "Listed internal info for allocatable resources, requested resources and score" pod="default/yolo-obb-1" node="gpu-orin2" resourceAllocationScorer="NodeResourcesBalancedAllocation" allocatableResource=[6000,7885127680] requestedResource=[100,52428800] resourceScore=99
2026-07-01 18:43:34.529 I0701 09:30:30.391960       1 resource_allocation.go:76] "Listed internal info for allocatable resources, requested resources and score" pod="default/yolo-obb-1" node="gpuorin4-desktop" resourceAllocationScorer="LeastAllocated" allocatableResource=[6000,7885250560] requestedResource=[1000,2097152000] resourceScore=78
2026-07-01 18:43:34.530 I0701 09:30:30.391969       1 resource_allocation.go:76] "Listed internal info for allocatable resources, requested resources and score" pod="default/yolo-obb-1" node="gpuorin4-desktop" resourceAllocationScorer="NodeResourcesBalancedAllocation" allocatableResource=[6000,7885250560] requestedResource=[100,52428800] resourceScore=99
2026-07-01 18:43:34.531 I0701 09:30:30.391978       1 resource_allocation.go:76] "Listed internal info for allocatable resources, requested resources and score" pod="default/yolo-obb-1" node="gpu-orin3" resourceAllocationScorer="LeastAllocated" allocatableResource=[6000,7885152256] requestedResource=[800,1677721600] resourceScore=82
2026-07-01 18:43:34.531 I0701 09:30:30.391985       1 resource_allocation.go:76] "Listed internal info for allocatable resources, requested resources and score" pod="default/yolo-obb-1" node="gpu-orin3" resourceAllocationScorer="NodeResourcesBalancedAllocation" allocatableResource=[6000,7885152256] requestedResource=[100,52428800] resourceScore=99
2026-07-01 18:43:34.532 I0701 09:30:30.391993       1 resource_allocation.go:76] "Listed internal info for allocatable resources, requested resources and score" pod="default/yolo-obb-1" node="gpuorin5-desktop" resourceAllocationScorer="LeastAllocated" allocatableResource=[6000,7885127680] requestedResource=[800,1677721600] resourceScore=82
2026-07-01 18:43:34.533 I0701 09:30:30.392000       1 resource_allocation.go:76] "Listed internal info for allocatable resources, requested resources and score" pod="default/yolo-obb-1" node="gpuorin5-desktop" resourceAllocationScorer="NodeResourcesBalancedAllocation" allocatableResource=[6000,7885127680] requestedResource=[100,52428800] resourceScore=99
2026-07-01 18:43:34.534 I0701 09:30:30.392029       1 schedule_one.go:745] "Plugin scored node for pod" pod="default/yolo-obb-1" plugin="TaintToleration" node="gpu-orin2" score=300
2026-07-01 18:43:34.535 I0701 09:30:30.392038       1 schedule_one.go:745] "Plugin scored node for pod" pod="default/yolo-obb-1" plugin="NodeAffinity" node="gpu-orin2" score=0
2026-07-01 18:43:34.536 I0701 09:30:30.392044       1 schedule_one.go:745] "Plugin scored node for pod" pod="default/yolo-obb-1" plugin="NodeResourcesFit" node="gpu-orin2" score=82
2026-07-01 18:43:34.537 I0701 09:30:30.392050       1 schedule_one.go:745] "Plugin scored node for pod" pod="default/yolo-obb-1" plugin="VolumeBinding" node="gpu-orin2" score=0
2026-07-01 18:43:34.538 I0701 09:30:30.392054       1 schedule_one.go:745] "Plugin scored node for pod" pod="default/yolo-obb-1" plugin="NodeResourcesBalancedAllocation" node="gpu-orin2" score=99
2026-07-01 18:43:34.539 I0701 09:30:30.392058       1 schedule_one.go:745] "Plugin scored node for pod" pod="default/yolo-obb-1" plugin="ImageLocality" node="gpu-orin2" score=0
2026-07-01 18:43:34.540 I0701 09:30:30.392062       1 schedule_one.go:745] "Plugin scored node for pod" pod="default/yolo-obb-1" plugin="TaintToleration" node="gpuorin4-desktop" score=300
2026-07-01 18:43:34.540 I0701 09:30:30.392066       1 schedule_one.go:745] "Plugin scored node for pod" pod="default/yolo-obb-1" plugin="NodeAffinity" node="gpuorin4-desktop" score=0
2026-07-01 18:43:34.541 I0701 09:30:30.392070       1 schedule_one.go:745] "Plugin scored node for pod" pod="default/yolo-obb-1" plugin="NodeResourcesFit" node="gpuorin4-desktop" score=78
2026-07-01 18:43:34.542 I0701 09:30:30.392074       1 schedule_one.go:745] "Plugin scored node for pod" pod="default/yolo-obb-1" plugin="VolumeBinding" node="gpuorin4-desktop" score=0
2026-07-01 18:43:34.543 I0701 09:30:30.392078       1 schedule_one.go:745] "Plugin scored node for pod" pod="default/yolo-obb-1" plugin="NodeResourcesBalancedAllocation" node="gpuorin4-desktop" score=99
2026-07-01 18:43:34.544 I0701 09:30:30.392082       1 schedule_one.go:745] "Plugin scored node for pod" pod="default/yolo-obb-1" plugin="ImageLocality" node="gpuorin4-desktop" score=0
2026-07-01 18:43:34.545 I0701 09:30:30.392087       1 schedule_one.go:745] "Plugin scored node for pod" pod="default/yolo-obb-1" plugin="TaintToleration" node="gpu-orin3" score=300
2026-07-01 18:43:34.545 I0701 09:30:30.392091       1 schedule_one.go:745] "Plugin scored node for pod" pod="default/yolo-obb-1" plugin="NodeAffinity" node="gpu-orin3" score=0
2026-07-01 18:43:34.546 I0701 09:30:30.392094       1 schedule_one.go:745] "Plugin scored node for pod" pod="default/yolo-obb-1" plugin="NodeResourcesFit" node="gpu-orin3" score=82
2026-07-01 18:43:34.547 I0701 09:30:30.392099       1 schedule_one.go:745] "Plugin scored node for pod" pod="default/yolo-obb-1" plugin="VolumeBinding" node="gpu-orin3" score=0
2026-07-01 18:43:34.548 I0701 09:30:30.392103       1 schedule_one.go:745] "Plugin scored node for pod" pod="default/yolo-obb-1" plugin="NodeResourcesBalancedAllocation" node="gpu-orin3" score=99
2026-07-01 18:43:34.548 I0701 09:30:30.392107       1 schedule_one.go:745] "Plugin scored node for pod" pod="default/yolo-obb-1" plugin="ImageLocality" node="gpu-orin3" score=0
2026-07-01 18:43:34.549 I0701 09:30:30.392111       1 schedule_one.go:745] "Plugin scored node for pod" pod="default/yolo-obb-1" plugin="TaintToleration" node="gpuorin5-desktop" score=300
2026-07-01 18:43:34.550 I0701 09:30:30.392116       1 schedule_one.go:745] "Plugin scored node for pod" pod="default/yolo-obb-1" plugin="NodeAffinity" node="gpuorin5-desktop" score=0
2026-07-01 18:43:34.550 I0701 09:30:30.392120       1 schedule_one.go:745] "Plugin scored node for pod" pod="default/yolo-obb-1" plugin="NodeResourcesFit" node="gpuorin5-desktop" score=82
2026-07-01 18:43:34.551 I0701 09:30:30.392125       1 schedule_one.go:745] "Plugin scored node for pod" pod="default/yolo-obb-1" plugin="VolumeBinding" node="gpuorin5-desktop" score=0
2026-07-01 18:43:34.552 I0701 09:30:30.392129       1 schedule_one.go:745] "Plugin scored node for pod" pod="default/yolo-obb-1" plugin="NodeResourcesBalancedAllocation" node="gpuorin5-desktop" score=99
2026-07-01 18:43:34.552 I0701 09:30:30.392134       1 schedule_one.go:745] "Plugin scored node for pod" pod="default/yolo-obb-1" plugin="ImageLocality" node="gpuorin5-desktop" score=0
2026-07-01 18:43:34.553 I0701 09:30:30.392139       1 schedule_one.go:812] "Calculated node's final score for pod" pod="default/yolo-obb-1" node="gpu-orin2" score=481
2026-07-01 18:43:34.554 I0701 09:30:30.392146       1 schedule_one.go:812] "Calculated node's final score for pod" pod="default/yolo-obb-1" node="gpuorin4-desktop" score=477
2026-07-01 18:43:34.555 I0701 09:30:30.392151       1 schedule_one.go:812] "Calculated node's final score for pod" pod="default/yolo-obb-1" node="gpu-orin3" score=481
2026-07-01 18:43:34.556 I0701 09:30:30.392157       1 schedule_one.go:812] "Calculated node's final score for pod" pod="default/yolo-obb-1" node="gpuorin5-desktop" score=481
2026-07-01 18:43:34.557 I0701 09:30:35.088380       1 resource_allocation.go:76] "Listed internal info for allocatable resources, requested resources and score" pod="default/yolo-pos-1" node="gpuorin4-desktop" resourceAllocationScorer="LeastAllocated" allocatableResource=[6000,7885250560] requestedResource=[1000,2097152000] resourceScore=78
2026-07-01 18:43:34.557 I0701 09:30:35.088400       1 resource_allocation.go:76] "Listed internal info for allocatable resources, requested resources and score" pod="default/yolo-pos-1" node="gpuorin4-desktop" resourceAllocationScorer="NodeResourcesBalancedAllocation" allocatableResource=[6000,7885250560] requestedResource=[100,52428800] resourceScore=99
2026-07-01 18:43:34.558 I0701 09:30:35.088407       1 resource_allocation.go:76] "Listed internal info for allocatable resources, requested resources and score" pod="default/yolo-pos-1" node="gpuorin5-desktop" resourceAllocationScorer="LeastAllocated" allocatableResource=[6000,7885127680] requestedResource=[800,1677721600] resourceScore=82
2026-07-01 18:43:34.559 I0701 09:30:35.088412       1 resource_allocation.go:76] "Listed internal info for allocatable resources, requested resources and score" pod="default/yolo-pos-1" node="gpu-orin3" resourceAllocationScorer="LeastAllocated" allocatableResource=[6000,7885152256] requestedResource=[800,1677721600] resourceScore=82
2026-07-01 18:43:34.560 I0701 09:30:35.088419       1 resource_allocation.go:76] "Listed internal info for allocatable resources, requested resources and score" pod="default/yolo-pos-1" node="gpu-orin2" resourceAllocationScorer="LeastAllocated" allocatableResource=[6000,7885127680] requestedResource=[900,1887436800] resourceScore=80
2026-07-01 18:43:34.561 I0701 09:30:35.088430       1 resource_allocation.go:76] "Listed internal info for allocatable resources, requested resources and score" pod="default/yolo-pos-1" node="gpuorin5-desktop" resourceAllocationScorer="NodeResourcesBalancedAllocation" allocatableResource=[6000,7885127680] requestedResource=[100,52428800] resourceScore=99
2026-07-01 18:43:34.562 I0701 09:30:35.088441       1 resource_allocation.go:76] "Listed internal info for allocatable resources, requested resources and score" pod="default/yolo-pos-1" node="gpu-orin3" resourceAllocationScorer="NodeResourcesBalancedAllocation" allocatableResource=[6000,7885152256] requestedResource=[100,52428800] resourceScore=99
2026-07-01 18:43:34.563 I0701 09:30:35.088452       1 resource_allocation.go:76] "Listed internal info for allocatable resources, requested resources and score" pod="default/yolo-pos-1" node="gpu-orin2" resourceAllocationScorer="NodeResourcesBalancedAllocation" allocatableResource=[6000,7885127680] requestedResource=[100,52428800] resourceScore=99
2026-07-01 18:43:34.564 I0701 09:30:35.088547       1 schedule_one.go:745] "Plugin scored node for pod" pod="default/yolo-pos-1" plugin="TaintToleration" node="gpuorin4-desktop" score=300
2026-07-01 18:43:34.565 I0701 09:30:35.088563       1 schedule_one.go:745] "Plugin scored node for pod" pod="default/yolo-pos-1" plugin="NodeAffinity" node="gpuorin4-desktop" score=0
2026-07-01 18:43:34.566 I0701 09:30:35.088572       1 schedule_one.go:745] "Plugin scored node for pod" pod="default/yolo-pos-1" plugin="NodeResourcesFit" node="gpuorin4-desktop" score=78
2026-07-01 18:43:34.567 I0701 09:30:35.088580       1 schedule_one.go:745] "Plugin scored node for pod" pod="default/yolo-pos-1" plugin="VolumeBinding" node="gpuorin4-desktop" score=0
2026-07-01 18:43:34.568 I0701 09:30:35.088589       1 schedule_one.go:745] "Plugin scored node for pod" pod="default/yolo-pos-1" plugin="NodeResourcesBalancedAllocation" node="gpuorin4-desktop" score=99
2026-07-01 18:43:34.569 I0701 09:30:35.088596       1 schedule_one.go:745] "Plugin scored node for pod" pod="default/yolo-pos-1" plugin="ImageLocality" node="gpuorin4-desktop" score=0
2026-07-01 18:43:34.570 I0701 09:30:35.088602       1 schedule_one.go:745] "Plugin scored node for pod" pod="default/yolo-pos-1" plugin="TaintToleration" node="gpu-orin3" score=300
2026-07-01 18:43:34.571 I0701 09:30:35.088608       1 schedule_one.go:745] "Plugin scored node for pod" pod="default/yolo-pos-1" plugin="NodeAffinity" node="gpu-orin3" score=0
2026-07-01 18:43:34.572 I0701 09:30:35.088614       1 schedule_one.go:745] "Plugin scored node for pod" pod="default/yolo-pos-1" plugin="NodeResourcesFit" node="gpu-orin3" score=82
2026-07-01 18:43:34.573 I0701 09:30:35.088620       1 schedule_one.go:745] "Plugin scored node for pod" pod="default/yolo-pos-1" plugin="VolumeBinding" node="gpu-orin3" score=0
2026-07-01 18:43:34.574 I0701 09:30:35.088626       1 schedule_one.go:745] "Plugin scored node for pod" pod="default/yolo-pos-1" plugin="NodeResourcesBalancedAllocation" node="gpu-orin3" score=99
2026-07-01 18:43:34.575 I0701 09:30:35.088631       1 schedule_one.go:745] "Plugin scored node for pod" pod="default/yolo-pos-1" plugin="ImageLocality" node="gpu-orin3" score=0
2026-07-01 18:43:34.576 I0701 09:30:35.088638       1 schedule_one.go:745] "Plugin scored node for pod" pod="default/yolo-pos-1" plugin="TaintToleration" node="gpuorin5-desktop" score=300
2026-07-01 18:43:34.578 I0701 09:30:35.088643       1 schedule_one.go:745] "Plugin scored node for pod" pod="default/yolo-pos-1" plugin="NodeAffinity" node="gpuorin5-desktop" score=0
2026-07-01 18:43:34.579 I0701 09:30:35.088650       1 schedule_one.go:745] "Plugin scored node for pod" pod="default/yolo-pos-1" plugin="NodeResourcesFit" node="gpuorin5-desktop" score=82
2026-07-01 18:43:34.581 I0701 09:30:35.088655       1 schedule_one.go:745] "Plugin scored node for pod" pod="default/yolo-pos-1" plugin="VolumeBinding" node="gpuorin5-desktop" score=0
2026-07-01 18:43:34.583 I0701 09:30:35.088661       1 schedule_one.go:745] "Plugin scored node for pod" pod="default/yolo-pos-1" plugin="NodeResourcesBalancedAllocation" node="gpuorin5-desktop" score=99
2026-07-01 18:43:34.584 I0701 09:30:35.088667       1 schedule_one.go:745] "Plugin scored node for pod" pod="default/yolo-pos-1" plugin="ImageLocality" node="gpuorin5-desktop" score=0
2026-07-01 18:43:34.586 I0701 09:30:35.088672       1 schedule_one.go:745] "Plugin scored node for pod" pod="default/yolo-pos-1" plugin="TaintToleration" node="gpu-orin2" score=300
2026-07-01 18:43:34.588 I0701 09:30:35.088684       1 schedule_one.go:745] "Plugin scored node for pod" pod="default/yolo-pos-1" plugin="NodeAffinity" node="gpu-orin2" score=0
2026-07-01 18:43:34.590 I0701 09:30:35.088692       1 schedule_one.go:745] "Plugin scored node for pod" pod="default/yolo-pos-1" plugin="NodeResourcesFit" node="gpu-orin2" score=80
2026-07-01 18:43:34.592 I0701 09:30:35.088697       1 schedule_one.go:745] "Plugin scored node for pod" pod="default/yolo-pos-1" plugin="VolumeBinding" node="gpu-orin2" score=0
2026-07-01 18:43:34.594 I0701 09:30:35.088703       1 schedule_one.go:745] "Plugin scored node for pod" pod="default/yolo-pos-1" plugin="NodeResourcesBalancedAllocation" node="gpu-orin2" score=99
2026-07-01 18:43:34.596 I0701 09:30:35.088709       1 schedule_one.go:745] "Plugin scored node for pod" pod="default/yolo-pos-1" plugin="ImageLocality" node="gpu-orin2" score=0
2026-07-01 18:43:34.598 I0701 09:30:35.088717       1 schedule_one.go:812] "Calculated node's final score for pod" pod="default/yolo-pos-1" node="gpuorin4-desktop" score=477
2026-07-01 18:43:34.600 I0701 09:30:35.088723       1 schedule_one.go:812] "Calculated node's final score for pod" pod="default/yolo-pos-1" node="gpu-orin3" score=481
2026-07-01 18:43:34.603 I0701 09:30:35.088731       1 schedule_one.go:812] "Calculated node's final score for pod" pod="default/yolo-pos-1" node="gpuorin5-desktop" score=481
2026-07-01 18:43:34.605 I0701 09:30:35.088737       1 schedule_one.go:812] "Calculated node's final score for pod" pod="default/yolo-pos-1" node="gpu-orin2" score=479
2026-07-01 18:43:34.608 I0701 09:30:39.877820       1 resource_allocation.go:76] "Listed internal info for allocatable resources, requested resources and score" pod="default/yolo-cls-2" node="gpu-orin2" resourceAllocationScorer="LeastAllocated" allocatableResource=[6000,7885127680] requestedResource=[900,1887436800] resourceScore=80
2026-07-01 18:43:34.611 I0701 09:30:39.877841       1 resource_allocation.go:76] "Listed internal info for allocatable resources, requested resources and score" pod="default/yolo-cls-2" node="gpuorin5-desktop" resourceAllocationScorer="LeastAllocated" allocatableResource=[6000,7885127680] requestedResource=[900,1887436800] resourceScore=80
2026-07-01 18:43:34.614 I0701 09:30:39.877847       1 resource_allocation.go:76] "Listed internal info for allocatable resources, requested resources and score" pod="default/yolo-cls-2" node="gpu-orin3" resourceAllocationScorer="LeastAllocated" allocatableResource=[6000,7885152256] requestedResource=[800,1677721600] resourceScore=82
2026-07-01 18:43:34.617 I0701 09:30:39.877844       1 resource_allocation.go:76] "Listed internal info for allocatable resources, requested resources and score" pod="default/yolo-cls-2" node="gpu-orin2" resourceAllocationScorer="NodeResourcesBalancedAllocation" allocatableResource=[6000,7885127680] requestedResource=[100,52428800] resourceScore=99
2026-07-01 18:43:34.620 I0701 09:30:39.877866       1 resource_allocation.go:76] "Listed internal info for allocatable resources, requested resources and score" pod="default/yolo-cls-2" node="gpu-orin3" resourceAllocationScorer="NodeResourcesBalancedAllocation" allocatableResource=[6000,7885152256] requestedResource=[100,52428800] resourceScore=99
2026-07-01 18:43:34.622 I0701 09:30:39.877869       1 resource_allocation.go:76] "Listed internal info for allocatable resources, requested resources and score" pod="default/yolo-cls-2" node="gpuorin5-desktop" resourceAllocationScorer="NodeResourcesBalancedAllocation" allocatableResource=[6000,7885127680] requestedResource=[100,52428800] resourceScore=99
2026-07-01 18:43:34.625 I0701 09:30:39.877888       1 resource_allocation.go:76] "Listed internal info for allocatable resources, requested resources and score" pod="default/yolo-cls-2" node="gpuorin4-desktop" resourceAllocationScorer="LeastAllocated" allocatableResource=[6000,7885250560] requestedResource=[1000,2097152000] resourceScore=78
2026-07-01 18:43:34.628 I0701 09:30:39.877917       1 resource_allocation.go:76] "Listed internal info for allocatable resources, requested resources and score" pod="default/yolo-cls-2" node="gpuorin4-desktop" resourceAllocationScorer="NodeResourcesBalancedAllocation" allocatableResource=[6000,7885250560] requestedResource=[100,52428800] resourceScore=99
2026-07-01 18:43:34.631 I0701 09:30:39.878050       1 schedule_one.go:745] "Plugin scored node for pod" pod="default/yolo-cls-2" plugin="TaintToleration" node="gpu-orin2" score=300
2026-07-01 18:43:34.634 I0701 09:30:39.878071       1 schedule_one.go:745] "Plugin scored node for pod" pod="default/yolo-cls-2" plugin="NodeAffinity" node="gpu-orin2" score=0
2026-07-01 18:43:34.636 I0701 09:30:39.878080       1 schedule_one.go:745] "Plugin scored node for pod" pod="default/yolo-cls-2" plugin="NodeResourcesFit" node="gpu-orin2" score=80
2026-07-01 18:43:34.639 I0701 09:30:39.878087       1 schedule_one.go:745] "Plugin scored node for pod" pod="default/yolo-cls-2" plugin="VolumeBinding" node="gpu-orin2" score=0
2026-07-01 18:43:34.641 I0701 09:30:39.878093       1 schedule_one.go:745] "Plugin scored node for pod" pod="default/yolo-cls-2" plugin="NodeResourcesBalancedAllocation" node="gpu-orin2" score=99
2026-07-01 18:43:34.643 I0701 09:30:39.878100       1 schedule_one.go:745] "Plugin scored node for pod" pod="default/yolo-cls-2" plugin="ImageLocality" node="gpu-orin2" score=0
2026-07-01 18:43:34.645 I0701 09:30:39.878109       1 schedule_one.go:745] "Plugin scored node for pod" pod="default/yolo-cls-2" plugin="TaintToleration" node="gpuorin5-desktop" score=300
2026-07-01 18:43:34.647 I0701 09:30:39.878115       1 schedule_one.go:745] "Plugin scored node for pod" pod="default/yolo-cls-2" plugin="NodeAffinity" node="gpuorin5-desktop" score=0
2026-07-01 18:43:34.649 I0701 09:30:39.878121       1 schedule_one.go:745] "Plugin scored node for pod" pod="default/yolo-cls-2" plugin="NodeResourcesFit" node="gpuorin5-desktop" score=80
2026-07-01 18:43:34.651 I0701 09:30:39.878129       1 schedule_one.go:745] "Plugin scored node for pod" pod="default/yolo-cls-2" plugin="VolumeBinding" node="gpuorin5-desktop" score=0
2026-07-01 18:43:34.653 I0701 09:30:39.878134       1 schedule_one.go:745] "Plugin scored node for pod" pod="default/yolo-cls-2" plugin="NodeResourcesBalancedAllocation" node="gpuorin5-desktop" score=99
2026-07-01 18:43:34.656 I0701 09:30:39.878140       1 schedule_one.go:745] "Plugin scored node for pod" pod="default/yolo-cls-2" plugin="ImageLocality" node="gpuorin5-desktop" score=0
2026-07-01 18:43:34.658 I0701 09:30:39.878147       1 schedule_one.go:745] "Plugin scored node for pod" pod="default/yolo-cls-2" plugin="TaintToleration" node="gpu-orin3" score=300
2026-07-01 18:43:34.661 I0701 09:30:39.878153       1 schedule_one.go:745] "Plugin scored node for pod" pod="default/yolo-cls-2" plugin="NodeAffinity" node="gpu-orin3" score=0
2026-07-01 18:43:34.664 I0701 09:30:39.878162       1 schedule_one.go:745] "Plugin scored node for pod" pod="default/yolo-cls-2" plugin="NodeResourcesFit" node="gpu-orin3" score=82
2026-07-01 18:43:34.666 I0701 09:30:39.878173       1 schedule_one.go:745] "Plugin scored node for pod" pod="default/yolo-cls-2" plugin="VolumeBinding" node="gpu-orin3" score=0
2026-07-01 18:43:34.669 I0701 09:30:39.878183       1 schedule_one.go:745] "Plugin scored node for pod" pod="default/yolo-cls-2" plugin="NodeResourcesBalancedAllocation" node="gpu-orin3" score=99
2026-07-01 18:43:34.669 I0701 09:30:39.878232       1 schedule_one.go:745] "Plugin scored node for pod" pod="default/yolo-cls-2" plugin="ImageLocality" node="gpu-orin3" score=0
2026-07-01 18:43:34.670 I0701 09:30:39.878273       1 schedule_one.go:745] "Plugin scored node for pod" pod="default/yolo-cls-2" plugin="TaintToleration" node="gpuorin4-desktop" score=300
2026-07-01 18:43:34.670 I0701 09:30:39.878284       1 schedule_one.go:745] "Plugin scored node for pod" pod="default/yolo-cls-2" plugin="NodeAffinity" node="gpuorin4-desktop" score=0
2026-07-01 18:43:34.671 I0701 09:30:39.878293       1 schedule_one.go:745] "Plugin scored node for pod" pod="default/yolo-cls-2" plugin="NodeResourcesFit" node="gpuorin4-desktop" score=78
2026-07-01 18:43:34.672 I0701 09:30:39.878301       1 schedule_one.go:745] "Plugin scored node for pod" pod="default/yolo-cls-2" plugin="VolumeBinding" node="gpuorin4-desktop" score=0
2026-07-01 18:43:34.672 I0701 09:30:39.878310       1 schedule_one.go:745] "Plugin scored node for pod" pod="default/yolo-cls-2" plugin="NodeResourcesBalancedAllocation" node="gpuorin4-desktop" score=99
2026-07-01 18:43:34.673 I0701 09:30:39.878321       1 schedule_one.go:745] "Plugin scored node for pod" pod="default/yolo-cls-2" plugin="ImageLocality" node="gpuorin4-desktop" score=0
2026-07-01 18:43:34.674 I0701 09:30:39.878334       1 schedule_one.go:812] "Calculated node's final score for pod" pod="default/yolo-cls-2" node="gpu-orin2" score=479
2026-07-01 18:43:34.674 I0701 09:30:39.878349       1 schedule_one.go:812] "Calculated node's final score for pod" pod="default/yolo-cls-2" node="gpuorin5-desktop" score=479
2026-07-01 18:43:34.675 I0701 09:30:39.878364       1 schedule_one.go:812] "Calculated node's final score for pod" pod="default/yolo-cls-2" node="gpu-orin3" score=481
2026-07-01 18:43:34.676 I0701 09:30:39.878373       1 schedule_one.go:812] "Calculated node's final score for pod" pod="default/yolo-cls-2" node="gpuorin4-desktop" score=477
2026-07-01 18:43:34.676 I0701 09:30:44.557788       1 resource_allocation.go:76] "Listed internal info for allocatable resources, requested resources and score" pod="default/yolo-det-2" node="gpuorin4-desktop" resourceAllocationScorer="LeastAllocated" allocatableResource=[6000,7885250560] requestedResource=[1000,2097152000] resourceScore=78
2026-07-01 18:43:34.677 I0701 09:30:44.557803       1 resource_allocation.go:76] "Listed internal info for allocatable resources, requested resources and score" pod="default/yolo-det-2" node="gpuorin4-desktop" resourceAllocationScorer="NodeResourcesBalancedAllocation" allocatableResource=[6000,7885250560] requestedResource=[100,52428800] resourceScore=99
2026-07-01 18:43:34.678 I0701 09:30:44.557817       1 resource_allocation.go:76] "Listed internal info for allocatable resources, requested resources and score" pod="default/yolo-det-2" node="gpu-orin3" resourceAllocationScorer="LeastAllocated" allocatableResource=[6000,7885152256] requestedResource=[900,1887436800] resourceScore=80
2026-07-01 18:43:34.679 I0701 09:30:44.557828       1 resource_allocation.go:76] "Listed internal info for allocatable resources, requested resources and score" pod="default/yolo-det-2" node="gpu-orin3" resourceAllocationScorer="NodeResourcesBalancedAllocation" allocatableResource=[6000,7885152256] requestedResource=[100,52428800] resourceScore=99
2026-07-01 18:43:34.679 I0701 09:30:44.557856       1 resource_allocation.go:76] "Listed internal info for allocatable resources, requested resources and score" pod="default/yolo-det-2" node="gpu-orin2" resourceAllocationScorer="LeastAllocated" allocatableResource=[6000,7885127680] requestedResource=[900,1887436800] resourceScore=80
2026-07-01 18:43:34.680 I0701 09:30:44.557880       1 resource_allocation.go:76] "Listed internal info for allocatable resources, requested resources and score" pod="default/yolo-det-2" node="gpu-orin2" resourceAllocationScorer="NodeResourcesBalancedAllocation" allocatableResource=[6000,7885127680] requestedResource=[100,52428800] resourceScore=99
2026-07-01 18:43:34.681 I0701 09:30:44.557878       1 resource_allocation.go:76] "Listed internal info for allocatable resources, requested resources and score" pod="default/yolo-det-2" node="gpuorin5-desktop" resourceAllocationScorer="LeastAllocated" allocatableResource=[6000,7885127680] requestedResource=[900,1887436800] resourceScore=80
2026-07-01 18:43:34.681 I0701 09:30:44.557912       1 resource_allocation.go:76] "Listed internal info for allocatable resources, requested resources and score" pod="default/yolo-det-2" node="gpuorin5-desktop" resourceAllocationScorer="NodeResourcesBalancedAllocation" allocatableResource=[6000,7885127680] requestedResource=[100,52428800] resourceScore=99
2026-07-01 18:43:34.682 I0701 09:30:44.557960       1 schedule_one.go:745] "Plugin scored node for pod" pod="default/yolo-det-2" plugin="TaintToleration" node="gpuorin4-desktop" score=300
2026-07-01 18:43:34.683 I0701 09:30:44.557974       1 schedule_one.go:745] "Plugin scored node for pod" pod="default/yolo-det-2" plugin="NodeAffinity" node="gpuorin4-desktop" score=0
2026-07-01 18:43:34.684 I0701 09:30:44.557983       1 schedule_one.go:745] "Plugin scored node for pod" pod="default/yolo-det-2" plugin="NodeResourcesFit" node="gpuorin4-desktop" score=78
2026-07-01 18:43:34.684 I0701 09:30:44.557992       1 schedule_one.go:745] "Plugin scored node for pod" pod="default/yolo-det-2" plugin="VolumeBinding" node="gpuorin4-desktop" score=0
2026-07-01 18:43:34.685 I0701 09:30:44.557999       1 schedule_one.go:745] "Plugin scored node for pod" pod="default/yolo-det-2" plugin="NodeResourcesBalancedAllocation" node="gpuorin4-desktop" score=99
2026-07-01 18:43:34.686 I0701 09:30:44.558006       1 schedule_one.go:745] "Plugin scored node for pod" pod="default/yolo-det-2" plugin="ImageLocality" node="gpuorin4-desktop" score=0
2026-07-01 18:43:34.686 I0701 09:30:44.558013       1 schedule_one.go:745] "Plugin scored node for pod" pod="default/yolo-det-2" plugin="TaintToleration" node="gpu-orin2" score=300
2026-07-01 18:43:34.687 I0701 09:30:44.558020       1 schedule_one.go:745] "Plugin scored node for pod" pod="default/yolo-det-2" plugin="NodeAffinity" node="gpu-orin2" score=0
2026-07-01 18:43:34.687 I0701 09:30:44.558026       1 schedule_one.go:745] "Plugin scored node for pod" pod="default/yolo-det-2" plugin="NodeResourcesFit" node="gpu-orin2" score=80
2026-07-01 18:43:34.688 I0701 09:30:44.558034       1 schedule_one.go:745] "Plugin scored node for pod" pod="default/yolo-det-2" plugin="VolumeBinding" node="gpu-orin2" score=0
2026-07-01 18:43:34.689 I0701 09:30:44.558041       1 schedule_one.go:745] "Plugin scored node for pod" pod="default/yolo-det-2" plugin="NodeResourcesBalancedAllocation" node="gpu-orin2" score=99
2026-07-01 18:43:34.689 I0701 09:30:44.558048       1 schedule_one.go:745] "Plugin scored node for pod" pod="default/yolo-det-2" plugin="ImageLocality" node="gpu-orin2" score=0
2026-07-01 18:43:34.690 I0701 09:30:44.558054       1 schedule_one.go:745] "Plugin scored node for pod" pod="default/yolo-det-2" plugin="TaintToleration" node="gpu-orin3" score=300
2026-07-01 18:43:34.690 I0701 09:30:44.558060       1 schedule_one.go:745] "Plugin scored node for pod" pod="default/yolo-det-2" plugin="NodeAffinity" node="gpu-orin3" score=0
2026-07-01 18:43:34.691 I0701 09:30:44.558068       1 schedule_one.go:745] "Plugin scored node for pod" pod="default/yolo-det-2" plugin="NodeResourcesFit" node="gpu-orin3" score=80
2026-07-01 18:43:34.692 I0701 09:30:44.558073       1 schedule_one.go:745] "Plugin scored node for pod" pod="default/yolo-det-2" plugin="VolumeBinding" node="gpu-orin3" score=0
2026-07-01 18:43:34.692 I0701 09:30:44.558081       1 schedule_one.go:745] "Plugin scored node for pod" pod="default/yolo-det-2" plugin="NodeResourcesBalancedAllocation" node="gpu-orin3" score=99
2026-07-01 18:43:34.693 I0701 09:30:44.558087       1 schedule_one.go:745] "Plugin scored node for pod" pod="default/yolo-det-2" plugin="ImageLocality" node="gpu-orin3" score=0
2026-07-01 18:43:34.694 I0701 09:30:44.558095       1 schedule_one.go:745] "Plugin scored node for pod" pod="default/yolo-det-2" plugin="TaintToleration" node="gpuorin5-desktop" score=300
2026-07-01 18:43:34.694 I0701 09:30:44.558101       1 schedule_one.go:745] "Plugin scored node for pod" pod="default/yolo-det-2" plugin="NodeAffinity" node="gpuorin5-desktop" score=0
2026-07-01 18:43:34.695 I0701 09:30:44.558107       1 schedule_one.go:745] "Plugin scored node for pod" pod="default/yolo-det-2" plugin="NodeResourcesFit" node="gpuorin5-desktop" score=80
2026-07-01 18:43:34.696 I0701 09:30:44.558115       1 schedule_one.go:745] "Plugin scored node for pod" pod="default/yolo-det-2" plugin="VolumeBinding" node="gpuorin5-desktop" score=0
2026-07-01 18:43:34.696 I0701 09:30:44.558120       1 schedule_one.go:745] "Plugin scored node for pod" pod="default/yolo-det-2" plugin="NodeResourcesBalancedAllocation" node="gpuorin5-desktop" score=99
2026-07-01 18:43:34.697 I0701 09:30:44.558126       1 schedule_one.go:745] "Plugin scored node for pod" pod="default/yolo-det-2" plugin="ImageLocality" node="gpuorin5-desktop" score=0
2026-07-01 18:43:34.698 I0701 09:30:44.558134       1 schedule_one.go:812] "Calculated node's final score for pod" pod="default/yolo-det-2" node="gpuorin4-desktop" score=477
2026-07-01 18:43:34.698 I0701 09:30:44.558142       1 schedule_one.go:812] "Calculated node's final score for pod" pod="default/yolo-det-2" node="gpu-orin2" score=479
2026-07-01 18:43:34.699 I0701 09:30:44.558148       1 schedule_one.go:812] "Calculated node's final score for pod" pod="default/yolo-det-2" node="gpu-orin3" score=479
2026-07-01 18:43:34.699 I0701 09:30:44.558155       1 schedule_one.go:812] "Calculated node's final score for pod" pod="default/yolo-det-2" node="gpuorin5-desktop" score=479
2026-07-01 18:43:34.700 I0701 09:30:49.010296       1 resource_allocation.go:76] "Listed internal info for allocatable resources, requested resources and score" pod="default/yolo-seg-2" node="gpu-orin2" resourceAllocationScorer="LeastAllocated" allocatableResource=[6000,7885127680] requestedResource=[1000,2097152000] resourceScore=78
2026-07-01 18:43:34.701 I0701 09:30:49.010305       1 resource_allocation.go:76] "Listed internal info for allocatable resources, requested resources and score" pod="default/yolo-seg-2" node="gpu-orin3" resourceAllocationScorer="LeastAllocated" allocatableResource=[6000,7885152256] requestedResource=[900,1887436800] resourceScore=80
2026-07-01 18:43:34.701 I0701 09:30:49.010303       1 resource_allocation.go:76] "Listed internal info for allocatable resources, requested resources and score" pod="default/yolo-seg-2" node="gpuorin5-desktop" resourceAllocationScorer="LeastAllocated" allocatableResource=[6000,7885127680] requestedResource=[900,1887436800] resourceScore=80
2026-07-01 18:43:34.702 I0701 09:30:49.010336       1 resource_allocation.go:76] "Listed internal info for allocatable resources, requested resources and score" pod="default/yolo-seg-2" node="gpu-orin2" resourceAllocationScorer="NodeResourcesBalancedAllocation" allocatableResource=[6000,7885127680] requestedResource=[100,52428800] resourceScore=99
2026-07-01 18:43:34.703 I0701 09:30:49.010342       1 resource_allocation.go:76] "Listed internal info for allocatable resources, requested resources and score" pod="default/yolo-seg-2" node="gpuorin5-desktop" resourceAllocationScorer="NodeResourcesBalancedAllocation" allocatableResource=[6000,7885127680] requestedResource=[100,52428800] resourceScore=99
2026-07-01 18:43:34.703 I0701 09:30:49.010347       1 resource_allocation.go:76] "Listed internal info for allocatable resources, requested resources and score" pod="default/yolo-seg-2" node="gpu-orin3" resourceAllocationScorer="NodeResourcesBalancedAllocation" allocatableResource=[6000,7885152256] requestedResource=[100,52428800] resourceScore=99
2026-07-01 18:43:34.704 I0701 09:30:49.010367       1 resource_allocation.go:76] "Listed internal info for allocatable resources, requested resources and score" pod="default/yolo-seg-2" node="gpuorin4-desktop" resourceAllocationScorer="LeastAllocated" allocatableResource=[6000,7885250560] requestedResource=[1000,2097152000] resourceScore=78
2026-07-01 18:43:34.705 I0701 09:30:49.010419       1 resource_allocation.go:76] "Listed internal info for allocatable resources, requested resources and score" pod="default/yolo-seg-2" node="gpuorin4-desktop" resourceAllocationScorer="NodeResourcesBalancedAllocation" allocatableResource=[6000,7885250560] requestedResource=[100,52428800] resourceScore=99
2026-07-01 18:43:34.706 I0701 09:30:49.010588       1 schedule_one.go:745] "Plugin scored node for pod" pod="default/yolo-seg-2" plugin="TaintToleration" node="gpu-orin2" score=300
2026-07-01 18:43:34.706 I0701 09:30:49.010622       1 schedule_one.go:745] "Plugin scored node for pod" pod="default/yolo-seg-2" plugin="NodeAffinity" node="gpu-orin2" score=0
2026-07-01 18:43:34.707 I0701 09:30:49.010638       1 schedule_one.go:745] "Plugin scored node for pod" pod="default/yolo-seg-2" plugin="NodeResourcesFit" node="gpu-orin2" score=78
2026-07-01 18:43:34.707 I0701 09:30:49.010650       1 schedule_one.go:745] "Plugin scored node for pod" pod="default/yolo-seg-2" plugin="VolumeBinding" node="gpu-orin2" score=0
2026-07-01 18:43:34.708 I0701 09:30:49.010663       1 schedule_one.go:745] "Plugin scored node for pod" pod="default/yolo-seg-2" plugin="NodeResourcesBalancedAllocation" node="gpu-orin2" score=99
2026-07-01 18:43:34.709 I0701 09:30:49.010676       1 schedule_one.go:745] "Plugin scored node for pod" pod="default/yolo-seg-2" plugin="ImageLocality" node="gpu-orin2" score=0
2026-07-01 18:43:34.709 I0701 09:30:49.010688       1 schedule_one.go:745] "Plugin scored node for pod" pod="default/yolo-seg-2" plugin="TaintToleration" node="gpu-orin3" score=300
2026-07-01 18:43:34.710 I0701 09:30:49.010700       1 schedule_one.go:745] "Plugin scored node for pod" pod="default/yolo-seg-2" plugin="NodeAffinity" node="gpu-orin3" score=0
2026-07-01 18:43:34.711 I0701 09:30:49.010713       1 schedule_one.go:745] "Plugin scored node for pod" pod="default/yolo-seg-2" plugin="NodeResourcesFit" node="gpu-orin3" score=80
2026-07-01 18:43:34.712 I0701 09:30:49.010729       1 schedule_one.go:745] "Plugin scored node for pod" pod="default/yolo-seg-2" plugin="VolumeBinding" node="gpu-orin3" score=0
2026-07-01 18:43:34.713 I0701 09:30:49.010740       1 schedule_one.go:745] "Plugin scored node for pod" pod="default/yolo-seg-2" plugin="NodeResourcesBalancedAllocation" node="gpu-orin3" score=99
2026-07-01 18:43:34.713 I0701 09:30:49.010751       1 schedule_one.go:745] "Plugin scored node for pod" pod="default/yolo-seg-2" plugin="ImageLocality" node="gpu-orin3" score=0
2026-07-01 18:43:34.714 I0701 09:30:49.010786       1 schedule_one.go:745] "Plugin scored node for pod" pod="default/yolo-seg-2" plugin="TaintToleration" node="gpuorin5-desktop" score=300
2026-07-01 18:43:34.715 I0701 09:30:49.010799       1 schedule_one.go:745] "Plugin scored node for pod" pod="default/yolo-seg-2" plugin="NodeAffinity" node="gpuorin5-desktop" score=0
2026-07-01 18:43:34.716 I0701 09:30:49.010811       1 schedule_one.go:745] "Plugin scored node for pod" pod="default/yolo-seg-2" plugin="NodeResourcesFit" node="gpuorin5-desktop" score=80
2026-07-01 18:43:34.717 I0701 09:30:49.010823       1 schedule_one.go:745] "Plugin scored node for pod" pod="default/yolo-seg-2" plugin="VolumeBinding" node="gpuorin5-desktop" score=0
2026-07-01 18:43:34.718 I0701 09:30:49.010840       1 schedule_one.go:745] "Plugin scored node for pod" pod="default/yolo-seg-2" plugin="NodeResourcesBalancedAllocation" node="gpuorin5-desktop" score=99
2026-07-01 18:43:34.719 I0701 09:30:49.010852       1 schedule_one.go:745] "Plugin scored node for pod" pod="default/yolo-seg-2" plugin="ImageLocality" node="gpuorin5-desktop" score=0
2026-07-01 18:43:34.720 I0701 09:30:49.010864       1 schedule_one.go:745] "Plugin scored node for pod" pod="default/yolo-seg-2" plugin="TaintToleration" node="gpuorin4-desktop" score=300
2026-07-01 18:43:34.720 I0701 09:30:49.010875       1 schedule_one.go:745] "Plugin scored node for pod" pod="default/yolo-seg-2" plugin="NodeAffinity" node="gpuorin4-desktop" score=0
2026-07-01 18:43:34.721 I0701 09:30:49.010887       1 schedule_one.go:745] "Plugin scored node for pod" pod="default/yolo-seg-2" plugin="NodeResourcesFit" node="gpuorin4-desktop" score=78
2026-07-01 18:43:34.722 I0701 09:30:49.010903       1 schedule_one.go:745] "Plugin scored node for pod" pod="default/yolo-seg-2" plugin="VolumeBinding" node="gpuorin4-desktop" score=0
2026-07-01 18:43:34.722 I0701 09:30:49.010920       1 schedule_one.go:745] "Plugin scored node for pod" pod="default/yolo-seg-2" plugin="NodeResourcesBalancedAllocation" node="gpuorin4-desktop" score=99
2026-07-01 18:43:34.723 I0701 09:30:49.010934       1 schedule_one.go:745] "Plugin scored node for pod" pod="default/yolo-seg-2" plugin="ImageLocality" node="gpuorin4-desktop" score=0
2026-07-01 18:43:34.724 I0701 09:30:49.010951       1 schedule_one.go:812] "Calculated node's final score for pod" pod="default/yolo-seg-2" node="gpu-orin2" score=477
2026-07-01 18:43:34.724 I0701 09:30:49.010967       1 schedule_one.go:812] "Calculated node's final score for pod" pod="default/yolo-seg-2" node="gpu-orin3" score=479
2026-07-01 18:43:34.725 I0701 09:30:49.010982       1 schedule_one.go:812] "Calculated node's final score for pod" pod="default/yolo-seg-2" node="gpuorin5-desktop" score=479
2026-07-01 18:43:34.726 I0701 09:30:49.010997       1 schedule_one.go:812] "Calculated node's final score for pod" pod="default/yolo-seg-2" node="gpuorin4-desktop" score=477
2026-07-01 18:43:34.726 I0701 09:30:52.975056       1 resource_allocation.go:76] "Listed internal info for allocatable resources, requested resources and score" pod="default/yolo-obb-2" node="gpu-orin2" resourceAllocationScorer="LeastAllocated" allocatableResource=[6000,7885127680] requestedResource=[1000,2097152000] resourceScore=78
2026-07-01 18:43:34.727 I0701 09:30:52.975090       1 resource_allocation.go:76] "Listed internal info for allocatable resources, requested resources and score" pod="default/yolo-obb-2" node="gpu-orin2" resourceAllocationScorer="NodeResourcesBalancedAllocation" allocatableResource=[6000,7885127680] requestedResource=[100,52428800] resourceScore=99
2026-07-01 18:43:34.728 I0701 09:30:52.975138       1 resource_allocation.go:76] "Listed internal info for allocatable resources, requested resources and score" pod="default/yolo-obb-2" node="gpu-orin3" resourceAllocationScorer="LeastAllocated" allocatableResource=[6000,7885152256] requestedResource=[900,1887436800] resourceScore=80
2026-07-01 18:43:34.728 I0701 09:30:52.975157       1 resource_allocation.go:76] "Listed internal info for allocatable resources, requested resources and score" pod="default/yolo-obb-2" node="gpuorin4-desktop" resourceAllocationScorer="LeastAllocated" allocatableResource=[6000,7885250560] requestedResource=[1000,2097152000] resourceScore=78
2026-07-01 18:43:34.729 I0701 09:30:52.975174       1 resource_allocation.go:76] "Listed internal info for allocatable resources, requested resources and score" pod="default/yolo-obb-2" node="gpuorin5-desktop" resourceAllocationScorer="LeastAllocated" allocatableResource=[6000,7885127680] requestedResource=[1000,2097152000] resourceScore=78
2026-07-01 18:43:34.730 I0701 09:30:52.975200       1 resource_allocation.go:76] "Listed internal info for allocatable resources, requested resources and score" pod="default/yolo-obb-2" node="gpu-orin3" resourceAllocationScorer="NodeResourcesBalancedAllocation" allocatableResource=[6000,7885152256] requestedResource=[100,52428800] resourceScore=99
2026-07-01 18:43:34.730 I0701 09:30:52.975211       1 resource_allocation.go:76] "Listed internal info for allocatable resources, requested resources and score" pod="default/yolo-obb-2" node="gpuorin4-desktop" resourceAllocationScorer="NodeResourcesBalancedAllocation" allocatableResource=[6000,7885250560] requestedResource=[100,52428800] resourceScore=99
2026-07-01 18:43:34.731 I0701 09:30:52.975217       1 resource_allocation.go:76] "Listed internal info for allocatable resources, requested resources and score" pod="default/yolo-obb-2" node="gpuorin5-desktop" resourceAllocationScorer="NodeResourcesBalancedAllocation" allocatableResource=[6000,7885127680] requestedResource=[100,52428800] resourceScore=99
2026-07-01 18:43:34.732 I0701 09:30:52.975417       1 schedule_one.go:745] "Plugin scored node for pod" pod="default/yolo-obb-2" plugin="TaintToleration" node="gpu-orin2" score=300
2026-07-01 18:43:34.732 I0701 09:30:52.975453       1 schedule_one.go:745] "Plugin scored node for pod" pod="default/yolo-obb-2" plugin="NodeAffinity" node="gpu-orin2" score=0
2026-07-01 18:43:34.733 I0701 09:30:52.975469       1 schedule_one.go:745] "Plugin scored node for pod" pod="default/yolo-obb-2" plugin="NodeResourcesFit" node="gpu-orin2" score=78
2026-07-01 18:43:34.733 I0701 09:30:52.975482       1 schedule_one.go:745] "Plugin scored node for pod" pod="default/yolo-obb-2" plugin="VolumeBinding" node="gpu-orin2" score=0
2026-07-01 18:43:34.734 I0701 09:30:52.975493       1 schedule_one.go:745] "Plugin scored node for pod" pod="default/yolo-obb-2" plugin="NodeResourcesBalancedAllocation" node="gpu-orin2" score=99
2026-07-01 18:43:34.735 I0701 09:30:52.975504       1 schedule_one.go:745] "Plugin scored node for pod" pod="default/yolo-obb-2" plugin="ImageLocality" node="gpu-orin2" score=0
2026-07-01 18:43:34.735 I0701 09:30:52.975517       1 schedule_one.go:745] "Plugin scored node for pod" pod="default/yolo-obb-2" plugin="TaintToleration" node="gpu-orin3" score=300
2026-07-01 18:43:34.736 I0701 09:30:52.975531       1 schedule_one.go:745] "Plugin scored node for pod" pod="default/yolo-obb-2" plugin="NodeAffinity" node="gpu-orin3" score=0
2026-07-01 18:43:34.737 I0701 09:30:52.975541       1 schedule_one.go:745] "Plugin scored node for pod" pod="default/yolo-obb-2" plugin="NodeResourcesFit" node="gpu-orin3" score=80
2026-07-01 18:43:34.737 I0701 09:30:52.975552       1 schedule_one.go:745] "Plugin scored node for pod" pod="default/yolo-obb-2" plugin="VolumeBinding" node="gpu-orin3" score=0
2026-07-01 18:43:34.738 I0701 09:30:52.975565       1 schedule_one.go:745] "Plugin scored node for pod" pod="default/yolo-obb-2" plugin="NodeResourcesBalancedAllocation" node="gpu-orin3" score=99
2026-07-01 18:43:34.738 I0701 09:30:52.975575       1 schedule_one.go:745] "Plugin scored node for pod" pod="default/yolo-obb-2" plugin="ImageLocality" node="gpu-orin3" score=0
2026-07-01 18:43:34.739 I0701 09:30:52.975586       1 schedule_one.go:745] "Plugin scored node for pod" pod="default/yolo-obb-2" plugin="TaintToleration" node="gpuorin4-desktop" score=300
2026-07-01 18:43:34.740 I0701 09:30:52.975606       1 schedule_one.go:745] "Plugin scored node for pod" pod="default/yolo-obb-2" plugin="NodeAffinity" node="gpuorin4-desktop" score=0
2026-07-01 18:43:34.740 I0701 09:30:52.975617       1 schedule_one.go:745] "Plugin scored node for pod" pod="default/yolo-obb-2" plugin="NodeResourcesFit" node="gpuorin4-desktop" score=78
2026-07-01 18:43:34.741 I0701 09:30:52.975631       1 schedule_one.go:745] "Plugin scored node for pod" pod="default/yolo-obb-2" plugin="VolumeBinding" node="gpuorin4-desktop" score=0
2026-07-01 18:43:34.742 I0701 09:30:52.975645       1 schedule_one.go:745] "Plugin scored node for pod" pod="default/yolo-obb-2" plugin="NodeResourcesBalancedAllocation" node="gpuorin4-desktop" score=99
2026-07-01 18:43:34.742 I0701 09:30:52.975656       1 schedule_one.go:745] "Plugin scored node for pod" pod="default/yolo-obb-2" plugin="ImageLocality" node="gpuorin4-desktop" score=0
2026-07-01 18:43:34.743 I0701 09:30:52.975667       1 schedule_one.go:745] "Plugin scored node for pod" pod="default/yolo-obb-2" plugin="TaintToleration" node="gpuorin5-desktop" score=300
2026-07-01 18:43:34.744 I0701 09:30:52.975677       1 schedule_one.go:745] "Plugin scored node for pod" pod="default/yolo-obb-2" plugin="NodeAffinity" node="gpuorin5-desktop" score=0
2026-07-01 18:43:34.745 I0701 09:30:52.975690       1 schedule_one.go:745] "Plugin scored node for pod" pod="default/yolo-obb-2" plugin="NodeResourcesFit" node="gpuorin5-desktop" score=78
2026-07-01 18:43:34.746 I0701 09:30:52.975701       1 schedule_one.go:745] "Plugin scored node for pod" pod="default/yolo-obb-2" plugin="VolumeBinding" node="gpuorin5-desktop" score=0
2026-07-01 18:43:34.747 I0701 09:30:52.975712       1 schedule_one.go:745] "Plugin scored node for pod" pod="default/yolo-obb-2" plugin="NodeResourcesBalancedAllocation" node="gpuorin5-desktop" score=99
2026-07-01 18:43:34.748 I0701 09:30:52.975724       1 schedule_one.go:745] "Plugin scored node for pod" pod="default/yolo-obb-2" plugin="ImageLocality" node="gpuorin5-desktop" score=0
2026-07-01 18:43:34.749 I0701 09:30:52.975741       1 schedule_one.go:812] "Calculated node's final score for pod" pod="default/yolo-obb-2" node="gpu-orin2" score=477
2026-07-01 18:43:34.750 I0701 09:30:52.975756       1 schedule_one.go:812] "Calculated node's final score for pod" pod="default/yolo-obb-2" node="gpu-orin3" score=479
2026-07-01 18:43:34.751 I0701 09:30:52.975780       1 schedule_one.go:812] "Calculated node's final score for pod" pod="default/yolo-obb-2" node="gpuorin4-desktop" score=477
2026-07-01 18:43:34.753 I0701 09:30:52.975795       1 schedule_one.go:812] "Calculated node's final score for pod" pod="default/yolo-obb-2" node="gpuorin5-desktop" score=477
2026-07-01 18:43:34.755 I0701 09:30:57.729800       1 resource_allocation.go:76] "Listed internal info for allocatable resources, requested resources and score" pod="default/yolo-pos-2" node="gpu-orin2" resourceAllocationScorer="LeastAllocated" allocatableResource=[6000,7885127680] requestedResource=[1000,2097152000] resourceScore=78
2026-07-01 18:43:34.757 I0701 09:30:57.729818       1 resource_allocation.go:76] "Listed internal info for allocatable resources, requested resources and score" pod="default/yolo-pos-2" node="gpu-orin3" resourceAllocationScorer="LeastAllocated" allocatableResource=[6000,7885152256] requestedResource=[1000,2097152000] resourceScore=78
2026-07-01 18:43:34.759 I0701 09:30:57.729839       1 resource_allocation.go:76] "Listed internal info for allocatable resources, requested resources and score" pod="default/yolo-pos-2" node="gpu-orin2" resourceAllocationScorer="NodeResourcesBalancedAllocation" allocatableResource=[6000,7885127680] requestedResource=[100,52428800] resourceScore=99
2026-07-01 18:43:34.761 I0701 09:30:57.729857       1 resource_allocation.go:76] "Listed internal info for allocatable resources, requested resources and score" pod="default/yolo-pos-2" node="gpu-orin3" resourceAllocationScorer="NodeResourcesBalancedAllocation" allocatableResource=[6000,7885152256] requestedResource=[100,52428800] resourceScore=99
2026-07-01 18:43:34.764 I0701 09:30:57.729879       1 resource_allocation.go:76] "Listed internal info for allocatable resources, requested resources and score" pod="default/yolo-pos-2" node="gpuorin5-desktop" resourceAllocationScorer="LeastAllocated" allocatableResource=[6000,7885127680] requestedResource=[1000,2097152000] resourceScore=78
2026-07-01 18:43:34.766 I0701 09:30:57.729913       1 resource_allocation.go:76] "Listed internal info for allocatable resources, requested resources and score" pod="default/yolo-pos-2" node="gpuorin5-desktop" resourceAllocationScorer="NodeResourcesBalancedAllocation" allocatableResource=[6000,7885127680] requestedResource=[100,52428800] resourceScore=99
2026-07-01 18:43:34.769 I0701 09:30:57.729967       1 resource_allocation.go:76] "Listed internal info for allocatable resources, requested resources and score" pod="default/yolo-pos-2" node="gpuorin4-desktop" resourceAllocationScorer="LeastAllocated" allocatableResource=[6000,7885250560] requestedResource=[1000,2097152000] resourceScore=78
2026-07-01 18:43:34.772 I0701 09:30:57.730026       1 resource_allocation.go:76] "Listed internal info for allocatable resources, requested resources and score" pod="default/yolo-pos-2" node="gpuorin4-desktop" resourceAllocationScorer="NodeResourcesBalancedAllocation" allocatableResource=[6000,7885250560] requestedResource=[100,52428800] resourceScore=99
2026-07-01 18:43:34.774 I0701 09:30:57.730210       1 schedule_one.go:745] "Plugin scored node for pod" pod="default/yolo-pos-2" plugin="TaintToleration" node="gpu-orin2" score=300
2026-07-01 18:43:34.777 I0701 09:30:57.730243       1 schedule_one.go:745] "Plugin scored node for pod" pod="default/yolo-pos-2" plugin="NodeAffinity" node="gpu-orin2" score=0
2026-07-01 18:43:34.779 I0701 09:30:57.730260       1 schedule_one.go:745] "Plugin scored node for pod" pod="default/yolo-pos-2" plugin="NodeResourcesFit" node="gpu-orin2" score=78
2026-07-01 18:43:34.782 I0701 09:30:57.730272       1 schedule_one.go:745] "Plugin scored node for pod" pod="default/yolo-pos-2" plugin="VolumeBinding" node="gpu-orin2" score=0
2026-07-01 18:43:34.784 I0701 09:30:57.730285       1 schedule_one.go:745] "Plugin scored node for pod" pod="default/yolo-pos-2" plugin="NodeResourcesBalancedAllocation" node="gpu-orin2" score=99
2026-07-01 18:43:34.787 I0701 09:30:57.730300       1 schedule_one.go:745] "Plugin scored node for pod" pod="default/yolo-pos-2" plugin="ImageLocality" node="gpu-orin2" score=0
2026-07-01 18:43:34.789 I0701 09:30:57.730311       1 schedule_one.go:745] "Plugin scored node for pod" pod="default/yolo-pos-2" plugin="TaintToleration" node="gpu-orin3" score=300
2026-07-01 18:43:34.792 I0701 09:30:57.730323       1 schedule_one.go:745] "Plugin scored node for pod" pod="default/yolo-pos-2" plugin="NodeAffinity" node="gpu-orin3" score=0
2026-07-01 18:43:34.794 I0701 09:30:57.730338       1 schedule_one.go:745] "Plugin scored node for pod" pod="default/yolo-pos-2" plugin="NodeResourcesFit" node="gpu-orin3" score=78
2026-07-01 18:43:34.797 I0701 09:30:57.730349       1 schedule_one.go:745] "Plugin scored node for pod" pod="default/yolo-pos-2" plugin="VolumeBinding" node="gpu-orin3" score=0
2026-07-01 18:43:34.799 I0701 09:30:57.730360       1 schedule_one.go:745] "Plugin scored node for pod" pod="default/yolo-pos-2" plugin="NodeResourcesBalancedAllocation" node="gpu-orin3" score=99
2026-07-01 18:43:34.801 I0701 09:30:57.730372       1 schedule_one.go:745] "Plugin scored node for pod" pod="default/yolo-pos-2" plugin="ImageLocality" node="gpu-orin3" score=0
2026-07-01 18:43:34.804 I0701 09:30:57.730386       1 schedule_one.go:745] "Plugin scored node for pod" pod="default/yolo-pos-2" plugin="TaintToleration" node="gpuorin4-desktop" score=300
2026-07-01 18:43:34.807 I0701 09:30:57.730396       1 schedule_one.go:745] "Plugin scored node for pod" pod="default/yolo-pos-2" plugin="NodeAffinity" node="gpuorin4-desktop" score=0
2026-07-01 18:43:34.810 I0701 09:30:57.730408       1 schedule_one.go:745] "Plugin scored node for pod" pod="default/yolo-pos-2" plugin="NodeResourcesFit" node="gpuorin4-desktop" score=78
2026-07-01 18:43:34.812 I0701 09:30:57.730422       1 schedule_one.go:745] "Plugin scored node for pod" pod="default/yolo-pos-2" plugin="VolumeBinding" node="gpuorin4-desktop" score=0
2026-07-01 18:43:34.815 I0701 09:30:57.730434       1 schedule_one.go:745] "Plugin scored node for pod" pod="default/yolo-pos-2" plugin="NodeResourcesBalancedAllocation" node="gpuorin4-desktop" score=99
2026-07-01 18:43:34.817 I0701 09:30:57.730447       1 schedule_one.go:745] "Plugin scored node for pod" pod="default/yolo-pos-2" plugin="ImageLocality" node="gpuorin4-desktop" score=0
2026-07-01 18:43:34.820 I0701 09:30:57.730460       1 schedule_one.go:745] "Plugin scored node for pod" pod="default/yolo-pos-2" plugin="TaintToleration" node="gpuorin5-desktop" score=300
2026-07-01 18:43:34.822 I0701 09:30:57.730471       1 schedule_one.go:745] "Plugin scored node for pod" pod="default/yolo-pos-2" plugin="NodeAffinity" node="gpuorin5-desktop" score=0
2026-07-01 18:43:34.825 I0701 09:30:57.730486       1 schedule_one.go:745] "Plugin scored node for pod" pod="default/yolo-pos-2" plugin="NodeResourcesFit" node="gpuorin5-desktop" score=78
2026-07-01 18:43:34.827 I0701 09:30:57.730497       1 schedule_one.go:745] "Plugin scored node for pod" pod="default/yolo-pos-2" plugin="VolumeBinding" node="gpuorin5-desktop" score=0
2026-07-01 18:43:34.830 I0701 09:30:57.730509       1 schedule_one.go:745] "Plugin scored node for pod" pod="default/yolo-pos-2" plugin="NodeResourcesBalancedAllocation" node="gpuorin5-desktop" score=99
2026-07-01 18:43:34.832 I0701 09:30:57.730521       1 schedule_one.go:745] "Plugin scored node for pod" pod="default/yolo-pos-2" plugin="ImageLocality" node="gpuorin5-desktop" score=0
2026-07-01 18:43:34.835 I0701 09:30:57.730539       1 schedule_one.go:812] "Calculated node's final score for pod" pod="default/yolo-pos-2" node="gpu-orin2" score=477
2026-07-01 18:43:34.837 I0701 09:30:57.730556       1 schedule_one.go:812] "Calculated node's final score for pod" pod="default/yolo-pos-2" node="gpu-orin3" score=477
2026-07-01 18:43:34.840 I0701 09:30:57.730569       1 schedule_one.go:812] "Calculated node's final score for pod" pod="default/yolo-pos-2" node="gpuorin4-desktop" score=477
2026-07-01 18:43:34.842 I0701 09:30:57.730588       1 schedule_one.go:812] "Calculated node's final score for pod" pod="default/yolo-pos-2" node="gpuorin5-desktop" score=477
2026-07-01 18:43:34.845 I0701 09:33:42.071094       1 resource_allocation.go:76] "Listed internal info for allocatable resources, requested resources and score" pod="default/yolo-cls-1" node="gpu-orin2" resourceAllocationScorer="LeastAllocated" allocatableResource=[6000,7885127680] requestedResource=[700,1468006400] resourceScore=84
2026-07-01 18:43:34.848 I0701 09:33:42.071109       1 resource_allocation.go:76] "Listed internal info for allocatable resources, requested resources and score" pod="default/yolo-cls-1" node="gpuorin4-desktop" resourceAllocationScorer="LeastAllocated" allocatableResource=[6000,7885250560] requestedResource=[1000,2097152000] resourceScore=78
2026-07-01 18:43:34.850 I0701 09:33:42.071114       1 resource_allocation.go:76] "Listed internal info for allocatable resources, requested resources and score" pod="default/yolo-cls-1" node="gpu-orin3" resourceAllocationScorer="LeastAllocated" allocatableResource=[6000,7885152256] requestedResource=[700,1468006400] resourceScore=84
2026-07-01 18:43:34.853 I0701 09:33:42.071123       1 resource_allocation.go:76] "Listed internal info for allocatable resources, requested resources and score" pod="default/yolo-cls-1" node="gpu-orin2" resourceAllocationScorer="NodeResourcesBalancedAllocation" allocatableResource=[6000,7885127680] requestedResource=[100,52428800] resourceScore=99
2026-07-01 18:43:34.856 I0701 09:33:42.071129       1 resource_allocation.go:76] "Listed internal info for allocatable resources, requested resources and score" pod="default/yolo-cls-1" node="gpuorin4-desktop" resourceAllocationScorer="NodeResourcesBalancedAllocation" allocatableResource=[6000,7885250560] requestedResource=[100,52428800] resourceScore=99
2026-07-01 18:43:34.859 I0701 09:33:42.071132       1 resource_allocation.go:76] "Listed internal info for allocatable resources, requested resources and score" pod="default/yolo-cls-1" node="gpuorin5-desktop" resourceAllocationScorer="LeastAllocated" allocatableResource=[6000,7885127680] requestedResource=[700,1468006400] resourceScore=84
2026-07-01 18:43:34.862 I0701 09:33:42.071142       1 resource_allocation.go:76] "Listed internal info for allocatable resources, requested resources and score" pod="default/yolo-cls-1" node="gpu-orin3" resourceAllocationScorer="NodeResourcesBalancedAllocation" allocatableResource=[6000,7885152256] requestedResource=[100,52428800] resourceScore=99
2026-07-01 18:43:34.865 I0701 09:33:42.071166       1 resource_allocation.go:76] "Listed internal info for allocatable resources, requested resources and score" pod="default/yolo-cls-1" node="gpuorin5-desktop" resourceAllocationScorer="NodeResourcesBalancedAllocation" allocatableResource=[6000,7885127680] requestedResource=[100,52428800] resourceScore=99
2026-07-01 18:43:34.868 I0701 09:33:42.071291       1 schedule_one.go:745] "Plugin scored node for pod" pod="default/yolo-cls-1" plugin="TaintToleration" node="gpu-orin2" score=300
2026-07-01 18:43:34.871 I0701 09:33:42.071319       1 schedule_one.go:745] "Plugin scored node for pod" pod="default/yolo-cls-1" plugin="NodeAffinity" node="gpu-orin2" score=0
2026-07-01 18:43:34.873 I0701 09:33:42.071329       1 schedule_one.go:745] "Plugin scored node for pod" pod="default/yolo-cls-1" plugin="NodeResourcesFit" node="gpu-orin2" score=84
2026-07-01 18:43:34.876 I0701 09:33:42.071337       1 schedule_one.go:745] "Plugin scored node for pod" pod="default/yolo-cls-1" plugin="VolumeBinding" node="gpu-orin2" score=0
2026-07-01 18:43:34.879 I0701 09:33:42.071345       1 schedule_one.go:745] "Plugin scored node for pod" pod="default/yolo-cls-1" plugin="NodeResourcesBalancedAllocation" node="gpu-orin2" score=99
2026-07-01 18:43:34.882 I0701 09:33:42.071354       1 schedule_one.go:745] "Plugin scored node for pod" pod="default/yolo-cls-1" plugin="ImageLocality" node="gpu-orin2" score=0
2026-07-01 18:43:34.885 I0701 09:33:42.071363       1 schedule_one.go:745] "Plugin scored node for pod" pod="default/yolo-cls-1" plugin="TaintToleration" node="gpu-orin3" score=300
2026-07-01 18:43:34.887 I0701 09:33:42.071372       1 schedule_one.go:745] "Plugin scored node for pod" pod="default/yolo-cls-1" plugin="NodeAffinity" node="gpu-orin3" score=0
2026-07-01 18:43:34.890 I0701 09:33:42.071379       1 schedule_one.go:745] "Plugin scored node for pod" pod="default/yolo-cls-1" plugin="NodeResourcesFit" node="gpu-orin3" score=84
2026-07-01 18:43:34.893 I0701 09:33:42.071386       1 schedule_one.go:745] "Plugin scored node for pod" pod="default/yolo-cls-1" plugin="VolumeBinding" node="gpu-orin3" score=0
2026-07-01 18:43:34.896 I0701 09:33:42.071396       1 schedule_one.go:745] "Plugin scored node for pod" pod="default/yolo-cls-1" plugin="NodeResourcesBalancedAllocation" node="gpu-orin3" score=99
2026-07-01 18:43:34.898 I0701 09:33:42.071402       1 schedule_one.go:745] "Plugin scored node for pod" pod="default/yolo-cls-1" plugin="ImageLocality" node="gpu-orin3" score=0
2026-07-01 18:43:34.901 I0701 09:33:42.071410       1 schedule_one.go:745] "Plugin scored node for pod" pod="default/yolo-cls-1" plugin="TaintToleration" node="gpuorin4-desktop" score=300
2026-07-01 18:43:34.904 I0701 09:33:42.071419       1 schedule_one.go:745] "Plugin scored node for pod" pod="default/yolo-cls-1" plugin="NodeAffinity" node="gpuorin4-desktop" score=0
2026-07-01 18:43:34.906 I0701 09:33:42.071427       1 schedule_one.go:745] "Plugin scored node for pod" pod="default/yolo-cls-1" plugin="NodeResourcesFit" node="gpuorin4-desktop" score=78
2026-07-01 18:43:34.909 I0701 09:33:42.071435       1 schedule_one.go:745] "Plugin scored node for pod" pod="default/yolo-cls-1" plugin="VolumeBinding" node="gpuorin4-desktop" score=0
2026-07-01 18:43:34.912 I0701 09:33:42.071443       1 schedule_one.go:745] "Plugin scored node for pod" pod="default/yolo-cls-1" plugin="NodeResourcesBalancedAllocation" node="gpuorin4-desktop" score=99
2026-07-01 18:43:34.915 I0701 09:33:42.071450       1 schedule_one.go:745] "Plugin scored node for pod" pod="default/yolo-cls-1" plugin="ImageLocality" node="gpuorin4-desktop" score=0
2026-07-01 18:43:34.917 I0701 09:33:42.071460       1 schedule_one.go:745] "Plugin scored node for pod" pod="default/yolo-cls-1" plugin="TaintToleration" node="gpuorin5-desktop" score=300
2026-07-01 18:43:34.920 I0701 09:33:42.071467       1 schedule_one.go:745] "Plugin scored node for pod" pod="default/yolo-cls-1" plugin="NodeAffinity" node="gpuorin5-desktop" score=0
2026-07-01 18:43:34.923 I0701 09:33:42.071476       1 schedule_one.go:745] "Plugin scored node for pod" pod="default/yolo-cls-1" plugin="NodeResourcesFit" node="gpuorin5-desktop" score=84
2026-07-01 18:43:34.925 I0701 09:33:42.071485       1 schedule_one.go:745] "Plugin scored node for pod" pod="default/yolo-cls-1" plugin="VolumeBinding" node="gpuorin5-desktop" score=0
2026-07-01 18:43:34.928 I0701 09:33:42.071492       1 schedule_one.go:745] "Plugin scored node for pod" pod="default/yolo-cls-1" plugin="NodeResourcesBalancedAllocation" node="gpuorin5-desktop" score=99
2026-07-01 18:43:34.931 I0701 09:33:42.071502       1 schedule_one.go:745] "Plugin scored node for pod" pod="default/yolo-cls-1" plugin="ImageLocality" node="gpuorin5-desktop" score=0
2026-07-01 18:43:34.933 I0701 09:33:42.071513       1 schedule_one.go:812] "Calculated node's final score for pod" pod="default/yolo-cls-1" node="gpu-orin2" score=483
2026-07-01 18:43:34.936 I0701 09:33:42.071524       1 schedule_one.go:812] "Calculated node's final score for pod" pod="default/yolo-cls-1" node="gpu-orin3" score=483
2026-07-01 18:43:34.939 I0701 09:33:42.071531       1 schedule_one.go:812] "Calculated node's final score for pod" pod="default/yolo-cls-1" node="gpuorin4-desktop" score=477
2026-07-01 18:43:34.941 I0701 09:33:42.071542       1 schedule_one.go:812] "Calculated node's final score for pod" pod="default/yolo-cls-1" node="gpuorin5-desktop" score=483
2026-07-01 18:43:34.943 I0701 09:33:46.056884       1 resource_allocation.go:76] "Listed internal info for allocatable resources, requested resources and score" pod="default/yolo-det-1" node="gpu-orin3" resourceAllocationScorer="LeastAllocated" allocatableResource=[6000,7885152256] requestedResource=[700,1468006400] resourceScore=84
2026-07-01 18:43:34.946 I0701 09:33:46.056899       1 resource_allocation.go:76] "Listed internal info for allocatable resources, requested resources and score" pod="default/yolo-det-1" node="gpu-orin3" resourceAllocationScorer="NodeResourcesBalancedAllocation" allocatableResource=[6000,7885152256] requestedResource=[100,52428800] resourceScore=99
2026-07-01 18:43:34.949 I0701 09:33:46.056911       1 resource_allocation.go:76] "Listed internal info for allocatable resources, requested resources and score" pod="default/yolo-det-1" node="gpuorin5-desktop" resourceAllocationScorer="LeastAllocated" allocatableResource=[6000,7885127680] requestedResource=[700,1468006400] resourceScore=84
2026-07-01 18:43:34.952 I0701 09:33:46.056921       1 resource_allocation.go:76] "Listed internal info for allocatable resources, requested resources and score" pod="default/yolo-det-1" node="gpuorin5-desktop" resourceAllocationScorer="NodeResourcesBalancedAllocation" allocatableResource=[6000,7885127680] requestedResource=[100,52428800] resourceScore=99
2026-07-01 18:43:34.955 I0701 09:33:46.056934       1 resource_allocation.go:76] "Listed internal info for allocatable resources, requested resources and score" pod="default/yolo-det-1" node="gpuorin4-desktop" resourceAllocationScorer="LeastAllocated" allocatableResource=[6000,7885250560] requestedResource=[1000,2097152000] resourceScore=78
2026-07-01 18:43:34.957 I0701 09:33:46.056945       1 resource_allocation.go:76] "Listed internal info for allocatable resources, requested resources and score" pod="default/yolo-det-1" node="gpuorin4-desktop" resourceAllocationScorer="NodeResourcesBalancedAllocation" allocatableResource=[6000,7885250560] requestedResource=[100,52428800] resourceScore=99
2026-07-01 18:43:34.958 I0701 09:33:46.057022       1 resource_allocation.go:76] "Listed internal info for allocatable resources, requested resources and score" pod="default/yolo-det-1" node="gpu-orin2" resourceAllocationScorer="LeastAllocated" allocatableResource=[6000,7885127680] requestedResource=[800,1677721600] resourceScore=82
2026-07-01 18:43:34.960 I0701 09:33:46.057048       1 resource_allocation.go:76] "Listed internal info for allocatable resources, requested resources and score" pod="default/yolo-det-1" node="gpu-orin2" resourceAllocationScorer="NodeResourcesBalancedAllocation" allocatableResource=[6000,7885127680] requestedResource=[100,52428800] resourceScore=99
2026-07-01 18:43:34.962 I0701 09:33:46.057120       1 schedule_one.go:745] "Plugin scored node for pod" pod="default/yolo-det-1" plugin="TaintToleration" node="gpu-orin3" score=300
2026-07-01 18:43:34.964 I0701 09:33:46.057132       1 schedule_one.go:745] "Plugin scored node for pod" pod="default/yolo-det-1" plugin="NodeAffinity" node="gpu-orin3" score=0
2026-07-01 18:43:34.966 I0701 09:33:46.057139       1 schedule_one.go:745] "Plugin scored node for pod" pod="default/yolo-det-1" plugin="NodeResourcesFit" node="gpu-orin3" score=84
2026-07-01 18:43:34.969 I0701 09:33:46.057149       1 schedule_one.go:745] "Plugin scored node for pod" pod="default/yolo-det-1" plugin="VolumeBinding" node="gpu-orin3" score=0
2026-07-01 18:43:34.971 I0701 09:33:46.057158       1 schedule_one.go:745] "Plugin scored node for pod" pod="default/yolo-det-1" plugin="NodeResourcesBalancedAllocation" node="gpu-orin3" score=99
2026-07-01 18:43:34.974 I0701 09:33:46.057167       1 schedule_one.go:745] "Plugin scored node for pod" pod="default/yolo-det-1" plugin="ImageLocality" node="gpu-orin3" score=0
2026-07-01 18:43:34.976 I0701 09:33:46.057174       1 schedule_one.go:745] "Plugin scored node for pod" pod="default/yolo-det-1" plugin="TaintToleration" node="gpuorin5-desktop" score=300
2026-07-01 18:43:34.979 I0701 09:33:46.057181       1 schedule_one.go:745] "Plugin scored node for pod" pod="default/yolo-det-1" plugin="NodeAffinity" node="gpuorin5-desktop" score=0
2026-07-01 18:43:34.981 I0701 09:33:46.057186       1 schedule_one.go:745] "Plugin scored node for pod" pod="default/yolo-det-1" plugin="NodeResourcesFit" node="gpuorin5-desktop" score=84
2026-07-01 18:43:34.984 I0701 09:33:46.057191       1 schedule_one.go:745] "Plugin scored node for pod" pod="default/yolo-det-1" plugin="VolumeBinding" node="gpuorin5-desktop" score=0
2026-07-01 18:43:34.987 I0701 09:33:46.057197       1 schedule_one.go:745] "Plugin scored node for pod" pod="default/yolo-det-1" plugin="NodeResourcesBalancedAllocation" node="gpuorin5-desktop" score=99
2026-07-01 18:43:34.989 I0701 09:33:46.057202       1 schedule_one.go:745] "Plugin scored node for pod" pod="default/yolo-det-1" plugin="ImageLocality" node="gpuorin5-desktop" score=0
2026-07-01 18:43:34.992 I0701 09:33:46.057207       1 schedule_one.go:745] "Plugin scored node for pod" pod="default/yolo-det-1" plugin="TaintToleration" node="gpuorin4-desktop" score=300
2026-07-01 18:43:34.995 I0701 09:33:46.057212       1 schedule_one.go:745] "Plugin scored node for pod" pod="default/yolo-det-1" plugin="NodeAffinity" node="gpuorin4-desktop" score=0
2026-07-01 18:43:34.997 I0701 09:33:46.057217       1 schedule_one.go:745] "Plugin scored node for pod" pod="default/yolo-det-1" plugin="NodeResourcesFit" node="gpuorin4-desktop" score=78
2026-07-01 18:43:34.999 I0701 09:33:46.057222       1 schedule_one.go:745] "Plugin scored node for pod" pod="default/yolo-det-1" plugin="VolumeBinding" node="gpuorin4-desktop" score=0
2026-07-01 18:43:35.001 I0701 09:33:46.057228       1 schedule_one.go:745] "Plugin scored node for pod" pod="default/yolo-det-1" plugin="NodeResourcesBalancedAllocation" node="gpuorin4-desktop" score=99
2026-07-01 18:43:35.004 I0701 09:33:46.057233       1 schedule_one.go:745] "Plugin scored node for pod" pod="default/yolo-det-1" plugin="ImageLocality" node="gpuorin4-desktop" score=0
2026-07-01 18:43:35.007 I0701 09:33:46.057238       1 schedule_one.go:745] "Plugin scored node for pod" pod="default/yolo-det-1" plugin="TaintToleration" node="gpu-orin2" score=300
2026-07-01 18:43:35.010 I0701 09:33:46.057243       1 schedule_one.go:745] "Plugin scored node for pod" pod="default/yolo-det-1" plugin="NodeAffinity" node="gpu-orin2" score=0
2026-07-01 18:43:35.012 I0701 09:33:46.057248       1 schedule_one.go:745] "Plugin scored node for pod" pod="default/yolo-det-1" plugin="NodeResourcesFit" node="gpu-orin2" score=82
2026-07-01 18:43:35.015 I0701 09:33:46.057256       1 schedule_one.go:745] "Plugin scored node for pod" pod="default/yolo-det-1" plugin="VolumeBinding" node="gpu-orin2" score=0
2026-07-01 18:43:35.017 I0701 09:33:46.057264       1 schedule_one.go:745] "Plugin scored node for pod" pod="default/yolo-det-1" plugin="NodeResourcesBalancedAllocation" node="gpu-orin2" score=99
2026-07-01 18:43:35.020 I0701 09:33:46.057272       1 schedule_one.go:745] "Plugin scored node for pod" pod="default/yolo-det-1" plugin="ImageLocality" node="gpu-orin2" score=0
2026-07-01 18:43:35.022 I0701 09:33:46.057282       1 schedule_one.go:812] "Calculated node's final score for pod" pod="default/yolo-det-1" node="gpu-orin3" score=483
2026-07-01 18:43:35.025 I0701 09:33:46.057288       1 schedule_one.go:812] "Calculated node's final score for pod" pod="default/yolo-det-1" node="gpuorin5-desktop" score=483
2026-07-01 18:43:35.027 I0701 09:33:46.057297       1 schedule_one.go:812] "Calculated node's final score for pod" pod="default/yolo-det-1" node="gpuorin4-desktop" score=477
2026-07-01 18:43:35.030 I0701 09:33:46.057309       1 schedule_one.go:812] "Calculated node's final score for pod" pod="default/yolo-det-1" node="gpu-orin2" score=481
2026-07-01 18:43:35.032 I0701 09:33:50.725816       1 resource_allocation.go:76] "Listed internal info for allocatable resources, requested resources and score" pod="default/yolo-seg-1" node="gpu-orin2" resourceAllocationScorer="LeastAllocated" allocatableResource=[6000,7885127680] requestedResource=[800,1677721600] resourceScore=82
2026-07-01 18:43:35.035 I0701 09:33:50.725822       1 resource_allocation.go:76] "Listed internal info for allocatable resources, requested resources and score" pod="default/yolo-seg-1" node="gpu-orin3" resourceAllocationScorer="LeastAllocated" allocatableResource=[6000,7885152256] requestedResource=[800,1677721600] resourceScore=82
2026-07-01 18:43:35.037 I0701 09:33:50.725840       1 resource_allocation.go:76] "Listed internal info for allocatable resources, requested resources and score" pod="default/yolo-seg-1" node="gpuorin5-desktop" resourceAllocationScorer="LeastAllocated" allocatableResource=[6000,7885127680] requestedResource=[700,1468006400] resourceScore=84
2026-07-01 18:43:35.039 I0701 09:33:50.725853       1 resource_allocation.go:76] "Listed internal info for allocatable resources, requested resources and score" pod="default/yolo-seg-1" node="gpuorin4-desktop" resourceAllocationScorer="LeastAllocated" allocatableResource=[6000,7885250560] requestedResource=[1000,2097152000] resourceScore=78
2026-07-01 18:43:35.040 I0701 09:33:50.725854       1 resource_allocation.go:76] "Listed internal info for allocatable resources, requested resources and score" pod="default/yolo-seg-1" node="gpu-orin3" resourceAllocationScorer="NodeResourcesBalancedAllocation" allocatableResource=[6000,7885152256] requestedResource=[100,52428800] resourceScore=99
2026-07-01 18:43:35.041 I0701 09:33:50.725857       1 resource_allocation.go:76] "Listed internal info for allocatable resources, requested resources and score" pod="default/yolo-seg-1" node="gpu-orin2" resourceAllocationScorer="NodeResourcesBalancedAllocation" allocatableResource=[6000,7885127680] requestedResource=[100,52428800] resourceScore=99
2026-07-01 18:43:35.042 I0701 09:33:50.725881       1 resource_allocation.go:76] "Listed internal info for allocatable resources, requested resources and score" pod="default/yolo-seg-1" node="gpuorin5-desktop" resourceAllocationScorer="NodeResourcesBalancedAllocation" allocatableResource=[6000,7885127680] requestedResource=[100,52428800] resourceScore=99
2026-07-01 18:43:35.043 I0701 09:33:50.725893       1 resource_allocation.go:76] "Listed internal info for allocatable resources, requested resources and score" pod="default/yolo-seg-1" node="gpuorin4-desktop" resourceAllocationScorer="NodeResourcesBalancedAllocation" allocatableResource=[6000,7885250560] requestedResource=[100,52428800] resourceScore=99
2026-07-01 18:43:35.044 I0701 09:33:50.726087       1 schedule_one.go:745] "Plugin scored node for pod" pod="default/yolo-seg-1" plugin="TaintToleration" node="gpu-orin2" score=300
2026-07-01 18:43:35.044 I0701 09:33:50.726131       1 schedule_one.go:745] "Plugin scored node for pod" pod="default/yolo-seg-1" plugin="NodeAffinity" node="gpu-orin2" score=0
2026-07-01 18:43:35.045 I0701 09:33:50.726150       1 schedule_one.go:745] "Plugin scored node for pod" pod="default/yolo-seg-1" plugin="NodeResourcesFit" node="gpu-orin2" score=82
2026-07-01 18:43:35.046 I0701 09:33:50.726168       1 schedule_one.go:745] "Plugin scored node for pod" pod="default/yolo-seg-1" plugin="VolumeBinding" node="gpu-orin2" score=0
2026-07-01 18:43:35.046 I0701 09:33:50.726183       1 schedule_one.go:745] "Plugin scored node for pod" pod="default/yolo-seg-1" plugin="NodeResourcesBalancedAllocation" node="gpu-orin2" score=99
2026-07-01 18:43:35.047 I0701 09:33:50.726199       1 schedule_one.go:745] "Plugin scored node for pod" pod="default/yolo-seg-1" plugin="ImageLocality" node="gpu-orin2" score=0
2026-07-01 18:43:35.048 I0701 09:33:50.726219       1 schedule_one.go:745] "Plugin scored node for pod" pod="default/yolo-seg-1" plugin="TaintToleration" node="gpuorin5-desktop" score=300
2026-07-01 18:43:35.048 I0701 09:33:50.726234       1 schedule_one.go:745] "Plugin scored node for pod" pod="default/yolo-seg-1" plugin="NodeAffinity" node="gpuorin5-desktop" score=0
2026-07-01 18:43:35.049 I0701 09:33:50.726249       1 schedule_one.go:745] "Plugin scored node for pod" pod="default/yolo-seg-1" plugin="NodeResourcesFit" node="gpuorin5-desktop" score=84
2026-07-01 18:43:35.050 I0701 09:33:50.726261       1 schedule_one.go:745] "Plugin scored node for pod" pod="default/yolo-seg-1" plugin="VolumeBinding" node="gpuorin5-desktop" score=0
2026-07-01 18:43:35.050 I0701 09:33:50.726281       1 schedule_one.go:745] "Plugin scored node for pod" pod="default/yolo-seg-1" plugin="NodeResourcesBalancedAllocation" node="gpuorin5-desktop" score=99
2026-07-01 18:43:35.051 I0701 09:33:50.726294       1 schedule_one.go:745] "Plugin scored node for pod" pod="default/yolo-seg-1" plugin="ImageLocality" node="gpuorin5-desktop" score=0
2026-07-01 18:43:35.052 I0701 09:33:50.726308       1 schedule_one.go:745] "Plugin scored node for pod" pod="default/yolo-seg-1" plugin="TaintToleration" node="gpu-orin3" score=300
2026-07-01 18:43:35.052 I0701 09:33:50.726320       1 schedule_one.go:745] "Plugin scored node for pod" pod="default/yolo-seg-1" plugin="NodeAffinity" node="gpu-orin3" score=0
2026-07-01 18:43:35.053 I0701 09:33:50.726331       1 schedule_one.go:745] "Plugin scored node for pod" pod="default/yolo-seg-1" plugin="NodeResourcesFit" node="gpu-orin3" score=82
2026-07-01 18:43:35.054 I0701 09:33:50.726344       1 schedule_one.go:745] "Plugin scored node for pod" pod="default/yolo-seg-1" plugin="VolumeBinding" node="gpu-orin3" score=0
2026-07-01 18:43:35.054 I0701 09:33:50.726357       1 schedule_one.go:745] "Plugin scored node for pod" pod="default/yolo-seg-1" plugin="NodeResourcesBalancedAllocation" node="gpu-orin3" score=99
2026-07-01 18:43:35.055 I0701 09:33:50.726371       1 schedule_one.go:745] "Plugin scored node for pod" pod="default/yolo-seg-1" plugin="ImageLocality" node="gpu-orin3" score=0
2026-07-01 18:43:35.055 I0701 09:33:50.726384       1 schedule_one.go:745] "Plugin scored node for pod" pod="default/yolo-seg-1" plugin="TaintToleration" node="gpuorin4-desktop" score=300
2026-07-01 18:43:35.056 I0701 09:33:50.726396       1 schedule_one.go:745] "Plugin scored node for pod" pod="default/yolo-seg-1" plugin="NodeAffinity" node="gpuorin4-desktop" score=0
2026-07-01 18:43:35.057 I0701 09:33:50.726408       1 schedule_one.go:745] "Plugin scored node for pod" pod="default/yolo-seg-1" plugin="NodeResourcesFit" node="gpuorin4-desktop" score=78
2026-07-01 18:43:35.057 I0701 09:33:50.726428       1 schedule_one.go:745] "Plugin scored node for pod" pod="default/yolo-seg-1" plugin="VolumeBinding" node="gpuorin4-desktop" score=0
2026-07-01 18:43:35.058 I0701 09:33:50.726442       1 schedule_one.go:745] "Plugin scored node for pod" pod="default/yolo-seg-1" plugin="NodeResourcesBalancedAllocation" node="gpuorin4-desktop" score=99
2026-07-01 18:43:35.059 I0701 09:33:50.726454       1 schedule_one.go:745] "Plugin scored node for pod" pod="default/yolo-seg-1" plugin="ImageLocality" node="gpuorin4-desktop" score=0
2026-07-01 18:43:35.059 I0701 09:33:50.726472       1 schedule_one.go:812] "Calculated node's final score for pod" pod="default/yolo-seg-1" node="gpu-orin2" score=481
2026-07-01 18:43:35.060 I0701 09:33:50.726490       1 schedule_one.go:812] "Calculated node's final score for pod" pod="default/yolo-seg-1" node="gpuorin5-desktop" score=483
2026-07-01 18:43:35.061 I0701 09:33:50.726504       1 schedule_one.go:812] "Calculated node's final score for pod" pod="default/yolo-seg-1" node="gpu-orin3" score=481
2026-07-01 18:43:35.061 I0701 09:33:50.726518       1 schedule_one.go:812] "Calculated node's final score for pod" pod="default/yolo-seg-1" node="gpuorin4-desktop" score=477
2026-07-01 18:43:35.062 I0701 09:33:54.573650       1 resource_allocation.go:76] "Listed internal info for allocatable resources, requested resources and score" pod="default/yolo-obb-1" node="gpu-orin3" resourceAllocationScorer="LeastAllocated" allocatableResource=[6000,7885152256] requestedResource=[800,1677721600] resourceScore=82
2026-07-01 18:43:35.063 I0701 09:33:54.573651       1 resource_allocation.go:76] "Listed internal info for allocatable resources, requested resources and score" pod="default/yolo-obb-1" node="gpuorin4-desktop" resourceAllocationScorer="LeastAllocated" allocatableResource=[6000,7885250560] requestedResource=[1000,2097152000] resourceScore=78
2026-07-01 18:43:35.063 I0701 09:33:54.573661       1 resource_allocation.go:76] "Listed internal info for allocatable resources, requested resources and score" pod="default/yolo-obb-1" node="gpu-orin3" resourceAllocationScorer="NodeResourcesBalancedAllocation" allocatableResource=[6000,7885152256] requestedResource=[100,52428800] resourceScore=99
2026-07-01 18:43:35.064 I0701 09:33:54.573665       1 resource_allocation.go:76] "Listed internal info for allocatable resources, requested resources and score" pod="default/yolo-obb-1" node="gpuorin4-desktop" resourceAllocationScorer="NodeResourcesBalancedAllocation" allocatableResource=[6000,7885250560] requestedResource=[100,52428800] resourceScore=99
2026-07-01 18:43:35.065 I0701 09:33:54.573666       1 resource_allocation.go:76] "Listed internal info for allocatable resources, requested resources and score" pod="default/yolo-obb-1" node="gpuorin5-desktop" resourceAllocationScorer="LeastAllocated" allocatableResource=[6000,7885127680] requestedResource=[800,1677721600] resourceScore=82
2026-07-01 18:43:35.065 I0701 09:33:54.573667       1 resource_allocation.go:76] "Listed internal info for allocatable resources, requested resources and score" pod="default/yolo-obb-1" node="gpu-orin2" resourceAllocationScorer="LeastAllocated" allocatableResource=[6000,7885127680] requestedResource=[800,1677721600] resourceScore=82
2026-07-01 18:43:35.066 I0701 09:33:54.573684       1 resource_allocation.go:76] "Listed internal info for allocatable resources, requested resources and score" pod="default/yolo-obb-1" node="gpuorin5-desktop" resourceAllocationScorer="NodeResourcesBalancedAllocation" allocatableResource=[6000,7885127680] requestedResource=[100,52428800] resourceScore=99
2026-07-01 18:43:35.067 I0701 09:33:54.573685       1 resource_allocation.go:76] "Listed internal info for allocatable resources, requested resources and score" pod="default/yolo-obb-1" node="gpu-orin2" resourceAllocationScorer="NodeResourcesBalancedAllocation" allocatableResource=[6000,7885127680] requestedResource=[100,52428800] resourceScore=99
2026-07-01 18:43:35.067 I0701 09:33:54.573738       1 schedule_one.go:745] "Plugin scored node for pod" pod="default/yolo-obb-1" plugin="TaintToleration" node="gpuorin4-desktop" score=300
2026-07-01 18:43:35.068 I0701 09:33:54.573744       1 schedule_one.go:745] "Plugin scored node for pod" pod="default/yolo-obb-1" plugin="NodeAffinity" node="gpuorin4-desktop" score=0
2026-07-01 18:43:35.069 I0701 09:33:54.573748       1 schedule_one.go:745] "Plugin scored node for pod" pod="default/yolo-obb-1" plugin="NodeResourcesFit" node="gpuorin4-desktop" score=78
2026-07-01 18:43:35.069 I0701 09:33:54.573754       1 schedule_one.go:745] "Plugin scored node for pod" pod="default/yolo-obb-1" plugin="VolumeBinding" node="gpuorin4-desktop" score=0
2026-07-01 18:43:35.070 I0701 09:33:54.573758       1 schedule_one.go:745] "Plugin scored node for pod" pod="default/yolo-obb-1" plugin="NodeResourcesBalancedAllocation" node="gpuorin4-desktop" score=99
2026-07-01 18:43:35.071 I0701 09:33:54.573761       1 schedule_one.go:745] "Plugin scored node for pod" pod="default/yolo-obb-1" plugin="ImageLocality" node="gpuorin4-desktop" score=0
2026-07-01 18:43:35.071 I0701 09:33:54.573774       1 schedule_one.go:745] "Plugin scored node for pod" pod="default/yolo-obb-1" plugin="TaintToleration" node="gpu-orin3" score=300
2026-07-01 18:43:35.072 I0701 09:33:54.573779       1 schedule_one.go:745] "Plugin scored node for pod" pod="default/yolo-obb-1" plugin="NodeAffinity" node="gpu-orin3" score=0
2026-07-01 18:43:35.073 I0701 09:33:54.573782       1 schedule_one.go:745] "Plugin scored node for pod" pod="default/yolo-obb-1" plugin="NodeResourcesFit" node="gpu-orin3" score=82
2026-07-01 18:43:35.073 I0701 09:33:54.573785       1 schedule_one.go:745] "Plugin scored node for pod" pod="default/yolo-obb-1" plugin="VolumeBinding" node="gpu-orin3" score=0
2026-07-01 18:43:35.074 I0701 09:33:54.573788       1 schedule_one.go:745] "Plugin scored node for pod" pod="default/yolo-obb-1" plugin="NodeResourcesBalancedAllocation" node="gpu-orin3" score=99
2026-07-01 18:43:35.075 I0701 09:33:54.573790       1 schedule_one.go:745] "Plugin scored node for pod" pod="default/yolo-obb-1" plugin="ImageLocality" node="gpu-orin3" score=0
2026-07-01 18:43:35.075 I0701 09:33:54.573793       1 schedule_one.go:745] "Plugin scored node for pod" pod="default/yolo-obb-1" plugin="TaintToleration" node="gpu-orin2" score=300
2026-07-01 18:43:35.076 I0701 09:33:54.573796       1 schedule_one.go:745] "Plugin scored node for pod" pod="default/yolo-obb-1" plugin="NodeAffinity" node="gpu-orin2" score=0
2026-07-01 18:43:35.077 I0701 09:33:54.573799       1 schedule_one.go:745] "Plugin scored node for pod" pod="default/yolo-obb-1" plugin="NodeResourcesFit" node="gpu-orin2" score=82
2026-07-01 18:43:35.077 I0701 09:33:54.573803       1 schedule_one.go:745] "Plugin scored node for pod" pod="default/yolo-obb-1" plugin="VolumeBinding" node="gpu-orin2" score=0
2026-07-01 18:43:35.078 I0701 09:33:54.573805       1 schedule_one.go:745] "Plugin scored node for pod" pod="default/yolo-obb-1" plugin="NodeResourcesBalancedAllocation" node="gpu-orin2" score=99
2026-07-01 18:43:35.079 I0701 09:33:54.573809       1 schedule_one.go:745] "Plugin scored node for pod" pod="default/yolo-obb-1" plugin="ImageLocality" node="gpu-orin2" score=0
2026-07-01 18:43:35.079 I0701 09:33:54.573812       1 schedule_one.go:745] "Plugin scored node for pod" pod="default/yolo-obb-1" plugin="TaintToleration" node="gpuorin5-desktop" score=300
2026-07-01 18:43:35.080 I0701 09:33:54.573815       1 schedule_one.go:745] "Plugin scored node for pod" pod="default/yolo-obb-1" plugin="NodeAffinity" node="gpuorin5-desktop" score=0
2026-07-01 18:43:35.081 I0701 09:33:54.573818       1 schedule_one.go:745] "Plugin scored node for pod" pod="default/yolo-obb-1" plugin="NodeResourcesFit" node="gpuorin5-desktop" score=82
2026-07-01 18:43:35.082 I0701 09:33:54.573821       1 schedule_one.go:745] "Plugin scored node for pod" pod="default/yolo-obb-1" plugin="VolumeBinding" node="gpuorin5-desktop" score=0
2026-07-01 18:43:35.083 I0701 09:33:54.573824       1 schedule_one.go:745] "Plugin scored node for pod" pod="default/yolo-obb-1" plugin="NodeResourcesBalancedAllocation" node="gpuorin5-desktop" score=99
2026-07-01 18:43:35.084 I0701 09:33:54.573828       1 schedule_one.go:745] "Plugin scored node for pod" pod="default/yolo-obb-1" plugin="ImageLocality" node="gpuorin5-desktop" score=0
2026-07-01 18:43:35.085 I0701 09:33:54.573832       1 schedule_one.go:812] "Calculated node's final score for pod" pod="default/yolo-obb-1" node="gpuorin4-desktop" score=477
2026-07-01 18:43:35.086 I0701 09:33:54.573837       1 schedule_one.go:812] "Calculated node's final score for pod" pod="default/yolo-obb-1" node="gpu-orin3" score=481
2026-07-01 18:43:35.087 I0701 09:33:54.573841       1 schedule_one.go:812] "Calculated node's final score for pod" pod="default/yolo-obb-1" node="gpu-orin2" score=481
2026-07-01 18:43:35.088 I0701 09:33:54.573845       1 schedule_one.go:812] "Calculated node's final score for pod" pod="default/yolo-obb-1" node="gpuorin5-desktop" score=481
2026-07-01 18:43:35.089 I0701 09:33:58.239810       1 resource_allocation.go:76] "Listed internal info for allocatable resources, requested resources and score" pod="default/yolo-pos-1" node="gpuorin4-desktop" resourceAllocationScorer="LeastAllocated" allocatableResource=[6000,7885250560] requestedResource=[1000,2097152000] resourceScore=78
2026-07-01 18:43:35.090 I0701 09:33:58.239846       1 resource_allocation.go:76] "Listed internal info for allocatable resources, requested resources and score" pod="default/yolo-pos-1" node="gpu-orin3" resourceAllocationScorer="LeastAllocated" allocatableResource=[6000,7885152256] requestedResource=[800,1677721600] resourceScore=82
2026-07-01 18:43:35.091 I0701 09:33:58.239847       1 resource_allocation.go:76] "Listed internal info for allocatable resources, requested resources and score" pod="default/yolo-pos-1" node="gpuorin5-desktop" resourceAllocationScorer="LeastAllocated" allocatableResource=[6000,7885127680] requestedResource=[800,1677721600] resourceScore=82
2026-07-01 18:43:35.092 I0701 09:33:58.239859       1 resource_allocation.go:76] "Listed internal info for allocatable resources, requested resources and score" pod="default/yolo-pos-1" node="gpu-orin2" resourceAllocationScorer="LeastAllocated" allocatableResource=[6000,7885127680] requestedResource=[900,1887436800] resourceScore=80
2026-07-01 18:43:35.093 I0701 09:33:58.239884       1 resource_allocation.go:76] "Listed internal info for allocatable resources, requested resources and score" pod="default/yolo-pos-1" node="gpu-orin3" resourceAllocationScorer="NodeResourcesBalancedAllocation" allocatableResource=[6000,7885152256] requestedResource=[100,52428800] resourceScore=99
2026-07-01 18:43:35.093 I0701 09:33:58.239894       1 resource_allocation.go:76] "Listed internal info for allocatable resources, requested resources and score" pod="default/yolo-pos-1" node="gpuorin5-desktop" resourceAllocationScorer="NodeResourcesBalancedAllocation" allocatableResource=[6000,7885127680] requestedResource=[100,52428800] resourceScore=99
2026-07-01 18:43:35.094 I0701 09:33:58.239907       1 resource_allocation.go:76] "Listed internal info for allocatable resources, requested resources and score" pod="default/yolo-pos-1" node="gpu-orin2" resourceAllocationScorer="NodeResourcesBalancedAllocation" allocatableResource=[6000,7885127680] requestedResource=[100,52428800] resourceScore=99
2026-07-01 18:43:35.095 I0701 09:33:58.239847       1 resource_allocation.go:76] "Listed internal info for allocatable resources, requested resources and score" pod="default/yolo-pos-1" node="gpuorin4-desktop" resourceAllocationScorer="NodeResourcesBalancedAllocation" allocatableResource=[6000,7885250560] requestedResource=[100,52428800] resourceScore=99
2026-07-01 18:43:35.095 I0701 09:33:58.240052       1 schedule_one.go:745] "Plugin scored node for pod" pod="default/yolo-pos-1" plugin="TaintToleration" node="gpuorin4-desktop" score=300
2026-07-01 18:43:35.096 I0701 09:33:58.240078       1 schedule_one.go:745] "Plugin scored node for pod" pod="default/yolo-pos-1" plugin="NodeAffinity" node="gpuorin4-desktop" score=0
2026-07-01 18:43:35.097 I0701 09:33:58.240091       1 schedule_one.go:745] "Plugin scored node for pod" pod="default/yolo-pos-1" plugin="NodeResourcesFit" node="gpuorin4-desktop" score=78
2026-07-01 18:43:35.097 I0701 09:33:58.240105       1 schedule_one.go:745] "Plugin scored node for pod" pod="default/yolo-pos-1" plugin="VolumeBinding" node="gpuorin4-desktop" score=0
2026-07-01 18:43:35.098 I0701 09:33:58.240121       1 schedule_one.go:745] "Plugin scored node for pod" pod="default/yolo-pos-1" plugin="NodeResourcesBalancedAllocation" node="gpuorin4-desktop" score=99
2026-07-01 18:43:35.098 I0701 09:33:58.240139       1 schedule_one.go:745] "Plugin scored node for pod" pod="default/yolo-pos-1" plugin="ImageLocality" node="gpuorin4-desktop" score=0
2026-07-01 18:43:35.099 I0701 09:33:58.240154       1 schedule_one.go:745] "Plugin scored node for pod" pod="default/yolo-pos-1" plugin="TaintToleration" node="gpuorin5-desktop" score=300
2026-07-01 18:43:35.100 I0701 09:33:58.240165       1 schedule_one.go:745] "Plugin scored node for pod" pod="default/yolo-pos-1" plugin="NodeAffinity" node="gpuorin5-desktop" score=0
2026-07-01 18:43:35.100 I0701 09:33:58.240175       1 schedule_one.go:745] "Plugin scored node for pod" pod="default/yolo-pos-1" plugin="NodeResourcesFit" node="gpuorin5-desktop" score=82
2026-07-01 18:43:35.101 I0701 09:33:58.240186       1 schedule_one.go:745] "Plugin scored node for pod" pod="default/yolo-pos-1" plugin="VolumeBinding" node="gpuorin5-desktop" score=0
2026-07-01 18:43:35.102 I0701 09:33:58.240196       1 schedule_one.go:745] "Plugin scored node for pod" pod="default/yolo-pos-1" plugin="NodeResourcesBalancedAllocation" node="gpuorin5-desktop" score=99
2026-07-01 18:43:35.102 I0701 09:33:58.240207       1 schedule_one.go:745] "Plugin scored node for pod" pod="default/yolo-pos-1" plugin="ImageLocality" node="gpuorin5-desktop" score=0
2026-07-01 18:43:35.103 I0701 09:33:58.240218       1 schedule_one.go:745] "Plugin scored node for pod" pod="default/yolo-pos-1" plugin="TaintToleration" node="gpu-orin3" score=300
2026-07-01 18:43:35.103 I0701 09:33:58.240230       1 schedule_one.go:745] "Plugin scored node for pod" pod="default/yolo-pos-1" plugin="NodeAffinity" node="gpu-orin3" score=0
2026-07-01 18:43:35.104 I0701 09:33:58.240240       1 schedule_one.go:745] "Plugin scored node for pod" pod="default/yolo-pos-1" plugin="NodeResourcesFit" node="gpu-orin3" score=82
2026-07-01 18:43:35.105 I0701 09:33:58.240252       1 schedule_one.go:745] "Plugin scored node for pod" pod="default/yolo-pos-1" plugin="VolumeBinding" node="gpu-orin3" score=0
2026-07-01 18:43:35.105 I0701 09:33:58.240269       1 schedule_one.go:745] "Plugin scored node for pod" pod="default/yolo-pos-1" plugin="NodeResourcesBalancedAllocation" node="gpu-orin3" score=99
2026-07-01 18:43:35.106 I0701 09:33:58.240279       1 schedule_one.go:745] "Plugin scored node for pod" pod="default/yolo-pos-1" plugin="ImageLocality" node="gpu-orin3" score=0
2026-07-01 18:43:35.106 I0701 09:33:58.240289       1 schedule_one.go:745] "Plugin scored node for pod" pod="default/yolo-pos-1" plugin="TaintToleration" node="gpu-orin2" score=300
2026-07-01 18:43:35.107 I0701 09:33:58.240303       1 schedule_one.go:745] "Plugin scored node for pod" pod="default/yolo-pos-1" plugin="NodeAffinity" node="gpu-orin2" score=0
2026-07-01 18:43:35.108 I0701 09:33:58.240313       1 schedule_one.go:745] "Plugin scored node for pod" pod="default/yolo-pos-1" plugin="NodeResourcesFit" node="gpu-orin2" score=80
2026-07-01 18:43:35.108 I0701 09:33:58.240323       1 schedule_one.go:745] "Plugin scored node for pod" pod="default/yolo-pos-1" plugin="VolumeBinding" node="gpu-orin2" score=0
2026-07-01 18:43:35.109 I0701 09:33:58.240334       1 schedule_one.go:745] "Plugin scored node for pod" pod="default/yolo-pos-1" plugin="NodeResourcesBalancedAllocation" node="gpu-orin2" score=99
2026-07-01 18:43:35.110 I0701 09:33:58.240345       1 schedule_one.go:745] "Plugin scored node for pod" pod="default/yolo-pos-1" plugin="ImageLocality" node="gpu-orin2" score=0
2026-07-01 18:43:35.110 I0701 09:33:58.240367       1 schedule_one.go:812] "Calculated node's final score for pod" pod="default/yolo-pos-1" node="gpuorin4-desktop" score=477
2026-07-01 18:43:35.111 I0701 09:33:58.240386       1 schedule_one.go:812] "Calculated node's final score for pod" pod="default/yolo-pos-1" node="gpuorin5-desktop" score=481
2026-07-01 18:43:35.112 I0701 09:33:58.240401       1 schedule_one.go:812] "Calculated node's final score for pod" pod="default/yolo-pos-1" node="gpu-orin3" score=481
2026-07-01 18:43:35.112 I0701 09:33:58.240412       1 schedule_one.go:812] "Calculated node's final score for pod" pod="default/yolo-pos-1" node="gpu-orin2" score=479
2026-07-01 18:43:35.113 I0701 09:34:02.632345       1 resource_allocation.go:76] "Listed internal info for allocatable resources, requested resources and score" pod="default/yolo-cls-2" node="gpu-orin3" resourceAllocationScorer="LeastAllocated" allocatableResource=[6000,7885152256] requestedResource=[800,1677721600] resourceScore=82
2026-07-01 18:43:35.114 I0701 09:34:02.632345       1 resource_allocation.go:76] "Listed internal info for allocatable resources, requested resources and score" pod="default/yolo-cls-2" node="gpuorin5-desktop" resourceAllocationScorer="LeastAllocated" allocatableResource=[6000,7885127680] requestedResource=[900,1887436800] resourceScore=80
2026-07-01 18:43:35.114 I0701 09:34:02.632357       1 resource_allocation.go:76] "Listed internal info for allocatable resources, requested resources and score" pod="default/yolo-cls-2" node="gpu-orin3" resourceAllocationScorer="NodeResourcesBalancedAllocation" allocatableResource=[6000,7885152256] requestedResource=[100,52428800] resourceScore=99
2026-07-01 18:43:35.115 I0701 09:34:02.632358       1 resource_allocation.go:76] "Listed internal info for allocatable resources, requested resources and score" pod="default/yolo-cls-2" node="gpuorin5-desktop" resourceAllocationScorer="NodeResourcesBalancedAllocation" allocatableResource=[6000,7885127680] requestedResource=[100,52428800] resourceScore=99
2026-07-01 18:43:35.116 I0701 09:34:02.632357       1 resource_allocation.go:76] "Listed internal info for allocatable resources, requested resources and score" pod="default/yolo-cls-2" node="gpuorin4-desktop" resourceAllocationScorer="LeastAllocated" allocatableResource=[6000,7885250560] requestedResource=[1000,2097152000] resourceScore=78
2026-07-01 18:43:35.117 I0701 09:34:02.632373       1 resource_allocation.go:76] "Listed internal info for allocatable resources, requested resources and score" pod="default/yolo-cls-2" node="gpuorin4-desktop" resourceAllocationScorer="NodeResourcesBalancedAllocation" allocatableResource=[6000,7885250560] requestedResource=[100,52428800] resourceScore=99
2026-07-01 18:43:35.118 I0701 09:34:02.632371       1 resource_allocation.go:76] "Listed internal info for allocatable resources, requested resources and score" pod="default/yolo-cls-2" node="gpu-orin2" resourceAllocationScorer="LeastAllocated" allocatableResource=[6000,7885127680] requestedResource=[900,1887436800] resourceScore=80
2026-07-01 18:43:35.119 I0701 09:34:02.632389       1 resource_allocation.go:76] "Listed internal info for allocatable resources, requested resources and score" pod="default/yolo-cls-2" node="gpu-orin2" resourceAllocationScorer="NodeResourcesBalancedAllocation" allocatableResource=[6000,7885127680] requestedResource=[100,52428800] resourceScore=99
2026-07-01 18:43:35.120 I0701 09:34:02.632443       1 schedule_one.go:745] "Plugin scored node for pod" pod="default/yolo-cls-2" plugin="TaintToleration" node="gpu-orin3" score=300
2026-07-01 18:43:35.122 I0701 09:34:02.632452       1 schedule_one.go:745] "Plugin scored node for pod" pod="default/yolo-cls-2" plugin="NodeAffinity" node="gpu-orin3" score=0
2026-07-01 18:43:35.123 I0701 09:34:02.632456       1 schedule_one.go:745] "Plugin scored node for pod" pod="default/yolo-cls-2" plugin="NodeResourcesFit" node="gpu-orin3" score=82
2026-07-01 18:43:35.124 I0701 09:34:02.632460       1 schedule_one.go:745] "Plugin scored node for pod" pod="default/yolo-cls-2" plugin="VolumeBinding" node="gpu-orin3" score=0
2026-07-01 18:43:35.126 I0701 09:34:02.632463       1 schedule_one.go:745] "Plugin scored node for pod" pod="default/yolo-cls-2" plugin="NodeResourcesBalancedAllocation" node="gpu-orin3" score=99
2026-07-01 18:43:35.128 I0701 09:34:02.632467       1 schedule_one.go:745] "Plugin scored node for pod" pod="default/yolo-cls-2" plugin="ImageLocality" node="gpu-orin3" score=0
2026-07-01 18:43:35.130 I0701 09:34:02.632475       1 schedule_one.go:745] "Plugin scored node for pod" pod="default/yolo-cls-2" plugin="TaintToleration" node="gpuorin5-desktop" score=300
2026-07-01 18:43:35.132 I0701 09:34:02.632479       1 schedule_one.go:745] "Plugin scored node for pod" pod="default/yolo-cls-2" plugin="NodeAffinity" node="gpuorin5-desktop" score=0
2026-07-01 18:43:35.134 I0701 09:34:02.632483       1 schedule_one.go:745] "Plugin scored node for pod" pod="default/yolo-cls-2" plugin="NodeResourcesFit" node="gpuorin5-desktop" score=80
2026-07-01 18:43:35.137 I0701 09:34:02.632486       1 schedule_one.go:745] "Plugin scored node for pod" pod="default/yolo-cls-2" plugin="VolumeBinding" node="gpuorin5-desktop" score=0
2026-07-01 18:43:35.139 I0701 09:34:02.632490       1 schedule_one.go:745] "Plugin scored node for pod" pod="default/yolo-cls-2" plugin="NodeResourcesBalancedAllocation" node="gpuorin5-desktop" score=99
2026-07-01 18:43:35.142 I0701 09:34:02.632493       1 schedule_one.go:745] "Plugin scored node for pod" pod="default/yolo-cls-2" plugin="ImageLocality" node="gpuorin5-desktop" score=0
2026-07-01 18:43:35.145 I0701 09:34:02.632497       1 schedule_one.go:745] "Plugin scored node for pod" pod="default/yolo-cls-2" plugin="TaintToleration" node="gpuorin4-desktop" score=300
2026-07-01 18:43:35.147 I0701 09:34:02.632500       1 schedule_one.go:745] "Plugin scored node for pod" pod="default/yolo-cls-2" plugin="NodeAffinity" node="gpuorin4-desktop" score=0
2026-07-01 18:43:35.149 I0701 09:34:02.632504       1 schedule_one.go:745] "Plugin scored node for pod" pod="default/yolo-cls-2" plugin="NodeResourcesFit" node="gpuorin4-desktop" score=78
2026-07-01 18:43:35.152 I0701 09:34:02.632508       1 schedule_one.go:745] "Plugin scored node for pod" pod="default/yolo-cls-2" plugin="VolumeBinding" node="gpuorin4-desktop" score=0
2026-07-01 18:43:35.154 I0701 09:34:02.632513       1 schedule_one.go:745] "Plugin scored node for pod" pod="default/yolo-cls-2" plugin="NodeResourcesBalancedAllocation" node="gpuorin4-desktop" score=99
2026-07-01 18:43:35.156 I0701 09:34:02.632517       1 schedule_one.go:745] "Plugin scored node for pod" pod="default/yolo-cls-2" plugin="ImageLocality" node="gpuorin4-desktop" score=0
2026-07-01 18:43:35.159 I0701 09:34:02.632521       1 schedule_one.go:745] "Plugin scored node for pod" pod="default/yolo-cls-2" plugin="TaintToleration" node="gpu-orin2" score=300
2026-07-01 18:43:35.161 I0701 09:34:02.632524       1 schedule_one.go:745] "Plugin scored node for pod" pod="default/yolo-cls-2" plugin="NodeAffinity" node="gpu-orin2" score=0
2026-07-01 18:43:35.164 I0701 09:34:02.632528       1 schedule_one.go:745] "Plugin scored node for pod" pod="default/yolo-cls-2" plugin="NodeResourcesFit" node="gpu-orin2" score=80
2026-07-01 18:43:35.166 I0701 09:34:02.632531       1 schedule_one.go:745] "Plugin scored node for pod" pod="default/yolo-cls-2" plugin="VolumeBinding" node="gpu-orin2" score=0
2026-07-01 18:43:35.168 I0701 09:34:02.632535       1 schedule_one.go:745] "Plugin scored node for pod" pod="default/yolo-cls-2" plugin="NodeResourcesBalancedAllocation" node="gpu-orin2" score=99
2026-07-01 18:43:35.171 I0701 09:34:02.632539       1 schedule_one.go:745] "Plugin scored node for pod" pod="default/yolo-cls-2" plugin="ImageLocality" node="gpu-orin2" score=0
2026-07-01 18:43:35.174 I0701 09:34:02.632544       1 schedule_one.go:812] "Calculated node's final score for pod" pod="default/yolo-cls-2" node="gpu-orin3" score=481
2026-07-01 18:43:35.176 I0701 09:34:02.632548       1 schedule_one.go:812] "Calculated node's final score for pod" pod="default/yolo-cls-2" node="gpuorin5-desktop" score=479
2026-07-01 18:43:35.179 I0701 09:34:02.632552       1 schedule_one.go:812] "Calculated node's final score for pod" pod="default/yolo-cls-2" node="gpuorin4-desktop" score=477
2026-07-01 18:43:35.182 I0701 09:34:02.632557       1 schedule_one.go:812] "Calculated node's final score for pod" pod="default/yolo-cls-2" node="gpu-orin2" score=479
2026-07-01 18:43:35.184 I0701 09:34:06.797532       1 resource_allocation.go:76] "Listed internal info for allocatable resources, requested resources and score" pod="default/yolo-det-2" node="gpu-orin3" resourceAllocationScorer="LeastAllocated" allocatableResource=[6000,7885152256] requestedResource=[900,1887436800] resourceScore=80
2026-07-01 18:43:35.187 I0701 09:34:06.797577       1 resource_allocation.go:76] "Listed internal info for allocatable resources, requested resources and score" pod="default/yolo-det-2" node="gpu-orin3" resourceAllocationScorer="NodeResourcesBalancedAllocation" allocatableResource=[6000,7885152256] requestedResource=[100,52428800] resourceScore=99
2026-07-01 18:43:35.190 I0701 09:34:06.797566       1 resource_allocation.go:76] "Listed internal info for allocatable resources, requested resources and score" pod="default/yolo-det-2" node="gpuorin4-desktop" resourceAllocationScorer="LeastAllocated" allocatableResource=[6000,7885250560] requestedResource=[1000,2097152000] resourceScore=78
2026-07-01 18:43:35.193 I0701 09:34:06.797601       1 resource_allocation.go:76] "Listed internal info for allocatable resources, requested resources and score" pod="default/yolo-det-2" node="gpu-orin2" resourceAllocationScorer="LeastAllocated" allocatableResource=[6000,7885127680] requestedResource=[900,1887436800] resourceScore=80
2026-07-01 18:43:35.196 I0701 09:34:06.797601       1 resource_allocation.go:76] "Listed internal info for allocatable resources, requested resources and score" pod="default/yolo-det-2" node="gpuorin5-desktop" resourceAllocationScorer="LeastAllocated" allocatableResource=[6000,7885127680] requestedResource=[900,1887436800] resourceScore=80
2026-07-01 18:43:35.198 I0701 09:34:06.797627       1 resource_allocation.go:76] "Listed internal info for allocatable resources, requested resources and score" pod="default/yolo-det-2" node="gpuorin4-desktop" resourceAllocationScorer="NodeResourcesBalancedAllocation" allocatableResource=[6000,7885250560] requestedResource=[100,52428800] resourceScore=99
2026-07-01 18:43:35.201 I0701 09:34:06.797650       1 resource_allocation.go:76] "Listed internal info for allocatable resources, requested resources and score" pod="default/yolo-det-2" node="gpu-orin2" resourceAllocationScorer="NodeResourcesBalancedAllocation" allocatableResource=[6000,7885127680] requestedResource=[100,52428800] resourceScore=99
2026-07-01 18:43:35.204 I0701 09:34:06.797654       1 resource_allocation.go:76] "Listed internal info for allocatable resources, requested resources and score" pod="default/yolo-det-2" node="gpuorin5-desktop" resourceAllocationScorer="NodeResourcesBalancedAllocation" allocatableResource=[6000,7885127680] requestedResource=[100,52428800] resourceScore=99
2026-07-01 18:43:35.206 I0701 09:34:06.797762       1 schedule_one.go:745] "Plugin scored node for pod" pod="default/yolo-det-2" plugin="TaintToleration" node="gpu-orin3" score=300
2026-07-01 18:43:35.209 I0701 09:34:06.797808       1 schedule_one.go:745] "Plugin scored node for pod" pod="default/yolo-det-2" plugin="NodeAffinity" node="gpu-orin3" score=0
2026-07-01 18:43:35.212 I0701 09:34:06.797819       1 schedule_one.go:745] "Plugin scored node for pod" pod="default/yolo-det-2" plugin="NodeResourcesFit" node="gpu-orin3" score=80
2026-07-01 18:43:35.215 I0701 09:34:06.797829       1 schedule_one.go:745] "Plugin scored node for pod" pod="default/yolo-det-2" plugin="VolumeBinding" node="gpu-orin3" score=0
2026-07-01 18:43:35.217 I0701 09:34:06.797841       1 schedule_one.go:745] "Plugin scored node for pod" pod="default/yolo-det-2" plugin="NodeResourcesBalancedAllocation" node="gpu-orin3" score=99
2026-07-01 18:43:35.220 I0701 09:34:06.797849       1 schedule_one.go:745] "Plugin scored node for pod" pod="default/yolo-det-2" plugin="ImageLocality" node="gpu-orin3" score=0
2026-07-01 18:43:35.222 I0701 09:34:06.797857       1 schedule_one.go:745] "Plugin scored node for pod" pod="default/yolo-det-2" plugin="TaintToleration" node="gpuorin4-desktop" score=300
2026-07-01 18:43:35.225 I0701 09:34:06.797865       1 schedule_one.go:745] "Plugin scored node for pod" pod="default/yolo-det-2" plugin="NodeAffinity" node="gpuorin4-desktop" score=0
2026-07-01 18:43:35.228 I0701 09:34:06.797874       1 schedule_one.go:745] "Plugin scored node for pod" pod="default/yolo-det-2" plugin="NodeResourcesFit" node="gpuorin4-desktop" score=78
2026-07-01 18:43:35.230 I0701 09:34:06.797885       1 schedule_one.go:745] "Plugin scored node for pod" pod="default/yolo-det-2" plugin="VolumeBinding" node="gpuorin4-desktop" score=0
2026-07-01 18:43:35.232 I0701 09:34:06.797904       1 schedule_one.go:745] "Plugin scored node for pod" pod="default/yolo-det-2" plugin="NodeResourcesBalancedAllocation" node="gpuorin4-desktop" score=99
2026-07-01 18:43:35.235 I0701 09:34:06.797914       1 schedule_one.go:745] "Plugin scored node for pod" pod="default/yolo-det-2" plugin="ImageLocality" node="gpuorin4-desktop" score=0
2026-07-01 18:43:35.238 I0701 09:34:06.797922       1 schedule_one.go:745] "Plugin scored node for pod" pod="default/yolo-det-2" plugin="TaintToleration" node="gpu-orin2" score=300
2026-07-01 18:43:35.240 I0701 09:34:06.797930       1 schedule_one.go:745] "Plugin scored node for pod" pod="default/yolo-det-2" plugin="NodeAffinity" node="gpu-orin2" score=0
2026-07-01 18:43:35.243 I0701 09:34:06.797938       1 schedule_one.go:745] "Plugin scored node for pod" pod="default/yolo-det-2" plugin="NodeResourcesFit" node="gpu-orin2" score=80
2026-07-01 18:43:35.246 I0701 09:34:06.797945       1 schedule_one.go:745] "Plugin scored node for pod" pod="default/yolo-det-2" plugin="VolumeBinding" node="gpu-orin2" score=0
2026-07-01 18:43:35.248 I0701 09:34:06.797953       1 schedule_one.go:745] "Plugin scored node for pod" pod="default/yolo-det-2" plugin="NodeResourcesBalancedAllocation" node="gpu-orin2" score=99
2026-07-01 18:43:35.251 I0701 09:34:06.797961       1 schedule_one.go:745] "Plugin scored node for pod" pod="default/yolo-det-2" plugin="ImageLocality" node="gpu-orin2" score=0
2026-07-01 18:43:35.254 I0701 09:34:06.797969       1 schedule_one.go:745] "Plugin scored node for pod" pod="default/yolo-det-2" plugin="TaintToleration" node="gpuorin5-desktop" score=300
2026-07-01 18:43:35.257 I0701 09:34:06.797977       1 schedule_one.go:745] "Plugin scored node for pod" pod="default/yolo-det-2" plugin="NodeAffinity" node="gpuorin5-desktop" score=0
2026-07-01 18:43:35.259 I0701 09:34:06.797984       1 schedule_one.go:745] "Plugin scored node for pod" pod="default/yolo-det-2" plugin="NodeResourcesFit" node="gpuorin5-desktop" score=80
2026-07-01 18:43:35.262 I0701 09:34:06.797992       1 schedule_one.go:745] "Plugin scored node for pod" pod="default/yolo-det-2" plugin="VolumeBinding" node="gpuorin5-desktop" score=0
2026-07-01 18:43:35.264 I0701 09:34:06.797999       1 schedule_one.go:745] "Plugin scored node for pod" pod="default/yolo-det-2" plugin="NodeResourcesBalancedAllocation" node="gpuorin5-desktop" score=99
2026-07-01 18:43:35.267 I0701 09:34:06.798007       1 schedule_one.go:745] "Plugin scored node for pod" pod="default/yolo-det-2" plugin="ImageLocality" node="gpuorin5-desktop" score=0
2026-07-01 18:43:35.269 I0701 09:34:06.798044       1 schedule_one.go:812] "Calculated node's final score for pod" pod="default/yolo-det-2" node="gpu-orin3" score=479
2026-07-01 18:43:35.272 I0701 09:34:06.798056       1 schedule_one.go:812] "Calculated node's final score for pod" pod="default/yolo-det-2" node="gpuorin4-desktop" score=477
2026-07-01 18:43:35.275 I0701 09:34:06.798065       1 schedule_one.go:812] "Calculated node's final score for pod" pod="default/yolo-det-2" node="gpu-orin2" score=479
2026-07-01 18:43:35.277 I0701 09:34:06.798077       1 schedule_one.go:812] "Calculated node's final score for pod" pod="default/yolo-det-2" node="gpuorin5-desktop" score=479
2026-07-01 18:43:35.280 I0701 09:34:11.250610       1 resource_allocation.go:76] "Listed internal info for allocatable resources, requested resources and score" pod="default/yolo-seg-2" node="gpu-orin3" resourceAllocationScorer="LeastAllocated" allocatableResource=[6000,7885152256] requestedResource=[900,1887436800] resourceScore=80
2026-07-01 18:43:35.283 I0701 09:34:11.250627       1 resource_allocation.go:76] "Listed internal info for allocatable resources, requested resources and score" pod="default/yolo-seg-2" node="gpuorin4-desktop" resourceAllocationScorer="LeastAllocated" allocatableResource=[6000,7885250560] requestedResource=[1000,2097152000] resourceScore=78
2026-07-01 18:43:35.286 I0701 09:34:11.250650       1 resource_allocation.go:76] "Listed internal info for allocatable resources, requested resources and score" pod="default/yolo-seg-2" node="gpu-orin3" resourceAllocationScorer="NodeResourcesBalancedAllocation" allocatableResource=[6000,7885152256] requestedResource=[100,52428800] resourceScore=99
2026-07-01 18:43:35.288 I0701 09:34:11.250672       1 resource_allocation.go:76] "Listed internal info for allocatable resources, requested resources and score" pod="default/yolo-seg-2" node="gpuorin4-desktop" resourceAllocationScorer="NodeResourcesBalancedAllocation" allocatableResource=[6000,7885250560] requestedResource=[100,52428800] resourceScore=99
2026-07-01 18:43:35.291 I0701 09:34:11.250728       1 resource_allocation.go:76] "Listed internal info for allocatable resources, requested resources and score" pod="default/yolo-seg-2" node="gpuorin5-desktop" resourceAllocationScorer="LeastAllocated" allocatableResource=[6000,7885127680] requestedResource=[900,1887436800] resourceScore=80
2026-07-01 18:43:35.294 I0701 09:34:11.250728       1 resource_allocation.go:76] "Listed internal info for allocatable resources, requested resources and score" pod="default/yolo-seg-2" node="gpu-orin2" resourceAllocationScorer="LeastAllocated" allocatableResource=[6000,7885127680] requestedResource=[1000,2097152000] resourceScore=78
2026-07-01 18:43:35.297 I0701 09:34:11.250806       1 resource_allocation.go:76] "Listed internal info for allocatable resources, requested resources and score" pod="default/yolo-seg-2" node="gpu-orin2" resourceAllocationScorer="NodeResourcesBalancedAllocation" allocatableResource=[6000,7885127680] requestedResource=[100,52428800] resourceScore=99
2026-07-01 18:43:35.299 I0701 09:34:11.250824       1 resource_allocation.go:76] "Listed internal info for allocatable resources, requested resources and score" pod="default/yolo-seg-2" node="gpuorin5-desktop" resourceAllocationScorer="NodeResourcesBalancedAllocation" allocatableResource=[6000,7885127680] requestedResource=[100,52428800] resourceScore=99
2026-07-01 18:43:35.302 I0701 09:34:11.250967       1 schedule_one.go:745] "Plugin scored node for pod" pod="default/yolo-seg-2" plugin="TaintToleration" node="gpu-orin3" score=300
2026-07-01 18:43:35.304 I0701 09:34:11.250987       1 schedule_one.go:745] "Plugin scored node for pod" pod="default/yolo-seg-2" plugin="NodeAffinity" node="gpu-orin3" score=0
2026-07-01 18:43:35.307 I0701 09:34:11.250997       1 schedule_one.go:745] "Plugin scored node for pod" pod="default/yolo-seg-2" plugin="NodeResourcesFit" node="gpu-orin3" score=80
2026-07-01 18:43:35.310 I0701 09:34:11.251006       1 schedule_one.go:745] "Plugin scored node for pod" pod="default/yolo-seg-2" plugin="VolumeBinding" node="gpu-orin3" score=0
2026-07-01 18:43:35.313 I0701 09:34:11.251015       1 schedule_one.go:745] "Plugin scored node for pod" pod="default/yolo-seg-2" plugin="NodeResourcesBalancedAllocation" node="gpu-orin3" score=99
2026-07-01 18:43:35.315 I0701 09:34:11.251023       1 schedule_one.go:745] "Plugin scored node for pod" pod="default/yolo-seg-2" plugin="ImageLocality" node="gpu-orin3" score=0
2026-07-01 18:43:35.318 I0701 09:34:11.251032       1 schedule_one.go:745] "Plugin scored node for pod" pod="default/yolo-seg-2" plugin="TaintToleration" node="gpuorin4-desktop" score=300
2026-07-01 18:43:35.321 I0701 09:34:11.251040       1 schedule_one.go:745] "Plugin scored node for pod" pod="default/yolo-seg-2" plugin="NodeAffinity" node="gpuorin4-desktop" score=0
2026-07-01 18:43:35.323 I0701 09:34:11.251048       1 schedule_one.go:745] "Plugin scored node for pod" pod="default/yolo-seg-2" plugin="NodeResourcesFit" node="gpuorin4-desktop" score=78
2026-07-01 18:43:35.326 I0701 09:34:11.251059       1 schedule_one.go:745] "Plugin scored node for pod" pod="default/yolo-seg-2" plugin="VolumeBinding" node="gpuorin4-desktop" score=0
2026-07-01 18:43:35.329 I0701 09:34:11.251067       1 schedule_one.go:745] "Plugin scored node for pod" pod="default/yolo-seg-2" plugin="NodeResourcesBalancedAllocation" node="gpuorin4-desktop" score=99
2026-07-01 18:43:35.331 I0701 09:34:11.251075       1 schedule_one.go:745] "Plugin scored node for pod" pod="default/yolo-seg-2" plugin="ImageLocality" node="gpuorin4-desktop" score=0
2026-07-01 18:43:35.334 I0701 09:34:11.251084       1 schedule_one.go:745] "Plugin scored node for pod" pod="default/yolo-seg-2" plugin="TaintToleration" node="gpuorin5-desktop" score=300
2026-07-01 18:43:35.336 I0701 09:34:11.251092       1 schedule_one.go:745] "Plugin scored node for pod" pod="default/yolo-seg-2" plugin="NodeAffinity" node="gpuorin5-desktop" score=0
2026-07-01 18:43:35.339 I0701 09:34:11.251106       1 schedule_one.go:745] "Plugin scored node for pod" pod="default/yolo-seg-2" plugin="NodeResourcesFit" node="gpuorin5-desktop" score=80
2026-07-01 18:43:35.342 I0701 09:34:11.251115       1 schedule_one.go:745] "Plugin scored node for pod" pod="default/yolo-seg-2" plugin="VolumeBinding" node="gpuorin5-desktop" score=0
2026-07-01 18:43:35.345 I0701 09:34:11.251123       1 schedule_one.go:745] "Plugin scored node for pod" pod="default/yolo-seg-2" plugin="NodeResourcesBalancedAllocation" node="gpuorin5-desktop" score=99
2026-07-01 18:43:35.347 I0701 09:34:11.251132       1 schedule_one.go:745] "Plugin scored node for pod" pod="default/yolo-seg-2" plugin="ImageLocality" node="gpuorin5-desktop" score=0
2026-07-01 18:43:35.349 I0701 09:34:11.251140       1 schedule_one.go:745] "Plugin scored node for pod" pod="default/yolo-seg-2" plugin="TaintToleration" node="gpu-orin2" score=300
2026-07-01 18:43:35.352 I0701 09:34:11.251149       1 schedule_one.go:745] "Plugin scored node for pod" pod="default/yolo-seg-2" plugin="NodeAffinity" node="gpu-orin2" score=0
2026-07-01 18:43:35.355 I0701 09:34:11.251157       1 schedule_one.go:745] "Plugin scored node for pod" pod="default/yolo-seg-2" plugin="NodeResourcesFit" node="gpu-orin2" score=78
2026-07-01 18:43:35.357 I0701 09:34:11.251165       1 schedule_one.go:745] "Plugin scored node for pod" pod="default/yolo-seg-2" plugin="VolumeBinding" node="gpu-orin2" score=0
2026-07-01 18:43:35.360 I0701 09:34:11.251173       1 schedule_one.go:745] "Plugin scored node for pod" pod="default/yolo-seg-2" plugin="NodeResourcesBalancedAllocation" node="gpu-orin2" score=99
2026-07-01 18:43:35.363 I0701 09:34:11.251180       1 schedule_one.go:745] "Plugin scored node for pod" pod="default/yolo-seg-2" plugin="ImageLocality" node="gpu-orin2" score=0
2026-07-01 18:43:35.365 I0701 09:34:11.251192       1 schedule_one.go:812] "Calculated node's final score for pod" pod="default/yolo-seg-2" node="gpu-orin3" score=479
2026-07-01 18:43:35.368 I0701 09:34:11.251211       1 schedule_one.go:812] "Calculated node's final score for pod" pod="default/yolo-seg-2" node="gpuorin4-desktop" score=477
2026-07-01 18:43:35.371 I0701 09:34:11.251224       1 schedule_one.go:812] "Calculated node's final score for pod" pod="default/yolo-seg-2" node="gpuorin5-desktop" score=479
2026-07-01 18:43:35.374 I0701 09:34:11.251236       1 schedule_one.go:812] "Calculated node's final score for pod" pod="default/yolo-seg-2" node="gpu-orin2" score=477
2026-07-01 18:43:35.377 I0701 09:34:15.748891       1 resource_allocation.go:76] "Listed internal info for allocatable resources, requested resources and score" pod="default/yolo-obb-2" node="gpu-orin2" resourceAllocationScorer="LeastAllocated" allocatableResource=[6000,7885127680] requestedResource=[1000,2097152000] resourceScore=78
2026-07-01 18:43:35.380 I0701 09:34:15.748925       1 resource_allocation.go:76] "Listed internal info for allocatable resources, requested resources and score" pod="default/yolo-obb-2" node="gpu-orin2" resourceAllocationScorer="NodeResourcesBalancedAllocation" allocatableResource=[6000,7885127680] requestedResource=[100,52428800] resourceScore=99
2026-07-01 18:43:35.382 I0701 09:34:15.748956       1 resource_allocation.go:76] "Listed internal info for allocatable resources, requested resources and score" pod="default/yolo-obb-2" node="gpuorin5-desktop" resourceAllocationScorer="LeastAllocated" allocatableResource=[6000,7885127680] requestedResource=[1000,2097152000] resourceScore=78
2026-07-01 18:43:35.385 I0701 09:34:15.748974       1 resource_allocation.go:76] "Listed internal info for allocatable resources, requested resources and score" pod="default/yolo-obb-2" node="gpuorin4-desktop" resourceAllocationScorer="LeastAllocated" allocatableResource=[6000,7885250560] requestedResource=[1000,2097152000] resourceScore=78
2026-07-01 18:43:35.388 I0701 09:34:15.749003       1 resource_allocation.go:76] "Listed internal info for allocatable resources, requested resources and score" pod="default/yolo-obb-2" node="gpuorin5-desktop" resourceAllocationScorer="NodeResourcesBalancedAllocation" allocatableResource=[6000,7885127680] requestedResource=[100,52428800] resourceScore=99
2026-07-01 18:43:35.391 I0701 09:34:15.748956       1 resource_allocation.go:76] "Listed internal info for allocatable resources, requested resources and score" pod="default/yolo-obb-2" node="gpu-orin3" resourceAllocationScorer="LeastAllocated" allocatableResource=[6000,7885152256] requestedResource=[900,1887436800] resourceScore=80
2026-07-01 18:43:35.393 I0701 09:34:15.749024       1 resource_allocation.go:76] "Listed internal info for allocatable resources, requested resources and score" pod="default/yolo-obb-2" node="gpuorin4-desktop" resourceAllocationScorer="NodeResourcesBalancedAllocation" allocatableResource=[6000,7885250560] requestedResource=[100,52428800] resourceScore=99
2026-07-01 18:43:35.396 I0701 09:34:15.749063       1 resource_allocation.go:76] "Listed internal info for allocatable resources, requested resources and score" pod="default/yolo-obb-2" node="gpu-orin3" resourceAllocationScorer="NodeResourcesBalancedAllocation" allocatableResource=[6000,7885152256] requestedResource=[100,52428800] resourceScore=99
2026-07-01 18:43:35.398 I0701 09:34:15.749196       1 schedule_one.go:745] "Plugin scored node for pod" pod="default/yolo-obb-2" plugin="TaintToleration" node="gpu-orin2" score=300
2026-07-01 18:43:35.401 I0701 09:34:15.749220       1 schedule_one.go:745] "Plugin scored node for pod" pod="default/yolo-obb-2" plugin="NodeAffinity" node="gpu-orin2" score=0
2026-07-01 18:43:35.403 I0701 09:34:15.749235       1 schedule_one.go:745] "Plugin scored node for pod" pod="default/yolo-obb-2" plugin="NodeResourcesFit" node="gpu-orin2" score=78
2026-07-01 18:43:35.406 I0701 09:34:15.749247       1 schedule_one.go:745] "Plugin scored node for pod" pod="default/yolo-obb-2" plugin="VolumeBinding" node="gpu-orin2" score=0
2026-07-01 18:43:35.409 I0701 09:34:15.749259       1 schedule_one.go:745] "Plugin scored node for pod" pod="default/yolo-obb-2" plugin="NodeResourcesBalancedAllocation" node="gpu-orin2" score=99
2026-07-01 18:43:35.411 I0701 09:34:15.749272       1 schedule_one.go:745] "Plugin scored node for pod" pod="default/yolo-obb-2" plugin="ImageLocality" node="gpu-orin2" score=0
2026-07-01 18:43:35.414 I0701 09:34:15.749285       1 schedule_one.go:745] "Plugin scored node for pod" pod="default/yolo-obb-2" plugin="TaintToleration" node="gpuorin4-desktop" score=300
2026-07-01 18:43:35.417 I0701 09:34:15.749297       1 schedule_one.go:745] "Plugin scored node for pod" pod="default/yolo-obb-2" plugin="NodeAffinity" node="gpuorin4-desktop" score=0
2026-07-01 18:43:35.419 I0701 09:34:15.749309       1 schedule_one.go:745] "Plugin scored node for pod" pod="default/yolo-obb-2" plugin="NodeResourcesFit" node="gpuorin4-desktop" score=78
2026-07-01 18:43:35.422 I0701 09:34:15.749326       1 schedule_one.go:745] "Plugin scored node for pod" pod="default/yolo-obb-2" plugin="VolumeBinding" node="gpuorin4-desktop" score=0
2026-07-01 18:43:35.424 I0701 09:34:15.749337       1 schedule_one.go:745] "Plugin scored node for pod" pod="default/yolo-obb-2" plugin="NodeResourcesBalancedAllocation" node="gpuorin4-desktop" score=99
2026-07-01 18:43:35.426 I0701 09:34:15.749349       1 schedule_one.go:745] "Plugin scored node for pod" pod="default/yolo-obb-2" plugin="ImageLocality" node="gpuorin4-desktop" score=0
2026-07-01 18:43:35.428 I0701 09:34:15.749360       1 schedule_one.go:745] "Plugin scored node for pod" pod="default/yolo-obb-2" plugin="TaintToleration" node="gpu-orin3" score=300
2026-07-01 18:43:35.429 I0701 09:34:15.749372       1 schedule_one.go:745] "Plugin scored node for pod" pod="default/yolo-obb-2" plugin="NodeAffinity" node="gpu-orin3" score=0
2026-07-01 18:43:35.430 I0701 09:34:15.749383       1 schedule_one.go:745] "Plugin scored node for pod" pod="default/yolo-obb-2" plugin="NodeResourcesFit" node="gpu-orin3" score=80
2026-07-01 18:43:35.431 I0701 09:34:15.749398       1 schedule_one.go:745] "Plugin scored node for pod" pod="default/yolo-obb-2" plugin="VolumeBinding" node="gpu-orin3" score=0
2026-07-01 18:43:35.432 I0701 09:34:15.749410       1 schedule_one.go:745] "Plugin scored node for pod" pod="default/yolo-obb-2" plugin="NodeResourcesBalancedAllocation" node="gpu-orin3" score=99
2026-07-01 18:43:35.433 I0701 09:34:15.749424       1 schedule_one.go:745] "Plugin scored node for pod" pod="default/yolo-obb-2" plugin="ImageLocality" node="gpu-orin3" score=0
2026-07-01 18:43:35.433 I0701 09:34:15.749436       1 schedule_one.go:745] "Plugin scored node for pod" pod="default/yolo-obb-2" plugin="TaintToleration" node="gpuorin5-desktop" score=300
2026-07-01 18:43:35.434 I0701 09:34:15.749450       1 schedule_one.go:745] "Plugin scored node for pod" pod="default/yolo-obb-2" plugin="NodeAffinity" node="gpuorin5-desktop" score=0
2026-07-01 18:43:35.435 I0701 09:34:15.749462       1 schedule_one.go:745] "Plugin scored node for pod" pod="default/yolo-obb-2" plugin="NodeResourcesFit" node="gpuorin5-desktop" score=78
2026-07-01 18:43:35.435 I0701 09:34:15.749476       1 schedule_one.go:745] "Plugin scored node for pod" pod="default/yolo-obb-2" plugin="VolumeBinding" node="gpuorin5-desktop" score=0
2026-07-01 18:43:35.436 I0701 09:34:15.749488       1 schedule_one.go:745] "Plugin scored node for pod" pod="default/yolo-obb-2" plugin="NodeResourcesBalancedAllocation" node="gpuorin5-desktop" score=99
2026-07-01 18:43:35.437 I0701 09:34:15.749500       1 schedule_one.go:745] "Plugin scored node for pod" pod="default/yolo-obb-2" plugin="ImageLocality" node="gpuorin5-desktop" score=0
2026-07-01 18:43:35.437 I0701 09:34:15.749516       1 schedule_one.go:812] "Calculated node's final score for pod" pod="default/yolo-obb-2" node="gpu-orin2" score=477
2026-07-01 18:43:35.438 I0701 09:34:15.749534       1 schedule_one.go:812] "Calculated node's final score for pod" pod="default/yolo-obb-2" node="gpuorin4-desktop" score=477
2026-07-01 18:43:35.439 I0701 09:34:15.749552       1 schedule_one.go:812] "Calculated node's final score for pod" pod="default/yolo-obb-2" node="gpu-orin3" score=479
2026-07-01 18:43:35.439 I0701 09:34:15.749569       1 schedule_one.go:812] "Calculated node's final score for pod" pod="default/yolo-obb-2" node="gpuorin5-desktop" score=477
2026-07-01 18:43:35.440 I0701 09:34:20.708203       1 resource_allocation.go:76] "Listed internal info for allocatable resources, requested resources and score" pod="default/yolo-pos-2" node="gpuorin4-desktop" resourceAllocationScorer="LeastAllocated" allocatableResource=[6000,7885250560] requestedResource=[1000,2097152000] resourceScore=78
2026-07-01 18:43:35.441 I0701 09:34:20.708206       1 resource_allocation.go:76] "Listed internal info for allocatable resources, requested resources and score" pod="default/yolo-pos-2" node="gpu-orin3" resourceAllocationScorer="LeastAllocated" allocatableResource=[6000,7885152256] requestedResource=[1000,2097152000] resourceScore=78
2026-07-01 18:43:35.441 I0701 09:34:20.708231       1 resource_allocation.go:76] "Listed internal info for allocatable resources, requested resources and score" pod="default/yolo-pos-2" node="gpuorin4-desktop" resourceAllocationScorer="NodeResourcesBalancedAllocation" allocatableResource=[6000,7885250560] requestedResource=[100,52428800] resourceScore=99
2026-07-01 18:43:35.442 I0701 09:34:20.708250       1 resource_allocation.go:76] "Listed internal info for allocatable resources, requested resources and score" pod="default/yolo-pos-2" node="gpu-orin3" resourceAllocationScorer="NodeResourcesBalancedAllocation" allocatableResource=[6000,7885152256] requestedResource=[100,52428800] resourceScore=99
2026-07-01 18:43:35.443 I0701 09:34:20.708269       1 resource_allocation.go:76] "Listed internal info for allocatable resources, requested resources and score" pod="default/yolo-pos-2" node="gpu-orin2" resourceAllocationScorer="LeastAllocated" allocatableResource=[6000,7885127680] requestedResource=[1000,2097152000] resourceScore=78
2026-07-01 18:43:35.444 I0701 09:34:20.708280       1 resource_allocation.go:76] "Listed internal info for allocatable resources, requested resources and score" pod="default/yolo-pos-2" node="gpuorin5-desktop" resourceAllocationScorer="LeastAllocated" allocatableResource=[6000,7885127680] requestedResource=[1000,2097152000] resourceScore=78
2026-07-01 18:43:35.444 I0701 09:34:20.708300       1 resource_allocation.go:76] "Listed internal info for allocatable resources, requested resources and score" pod="default/yolo-pos-2" node="gpu-orin2" resourceAllocationScorer="NodeResourcesBalancedAllocation" allocatableResource=[6000,7885127680] requestedResource=[100,52428800] resourceScore=99
2026-07-01 18:43:35.445 I0701 09:34:20.708307       1 resource_allocation.go:76] "Listed internal info for allocatable resources, requested resources and score" pod="default/yolo-pos-2" node="gpuorin5-desktop" resourceAllocationScorer="NodeResourcesBalancedAllocation" allocatableResource=[6000,7885127680] requestedResource=[100,52428800] resourceScore=99
2026-07-01 18:43:35.446 I0701 09:34:20.708394       1 schedule_one.go:745] "Plugin scored node for pod" pod="default/yolo-pos-2" plugin="TaintToleration" node="gpu-orin3" score=300
2026-07-01 18:43:35.446 I0701 09:34:20.708405       1 schedule_one.go:745] "Plugin scored node for pod" pod="default/yolo-pos-2" plugin="NodeAffinity" node="gpu-orin3" score=0
2026-07-01 18:43:35.447 I0701 09:34:20.708413       1 schedule_one.go:745] "Plugin scored node for pod" pod="default/yolo-pos-2" plugin="NodeResourcesFit" node="gpu-orin3" score=78
2026-07-01 18:43:35.448 I0701 09:34:20.708418       1 schedule_one.go:745] "Plugin scored node for pod" pod="default/yolo-pos-2" plugin="VolumeBinding" node="gpu-orin3" score=0
2026-07-01 18:43:35.448 I0701 09:34:20.708423       1 schedule_one.go:745] "Plugin scored node for pod" pod="default/yolo-pos-2" plugin="NodeResourcesBalancedAllocation" node="gpu-orin3" score=99
2026-07-01 18:43:35.449 I0701 09:34:20.708428       1 schedule_one.go:745] "Plugin scored node for pod" pod="default/yolo-pos-2" plugin="ImageLocality" node="gpu-orin3" score=0
2026-07-01 18:43:35.450 I0701 09:34:20.708433       1 schedule_one.go:745] "Plugin scored node for pod" pod="default/yolo-pos-2" plugin="TaintToleration" node="gpuorin4-desktop" score=300
2026-07-01 18:43:35.450 I0701 09:34:20.708438       1 schedule_one.go:745] "Plugin scored node for pod" pod="default/yolo-pos-2" plugin="NodeAffinity" node="gpuorin4-desktop" score=0
2026-07-01 18:43:35.451 I0701 09:34:20.708443       1 schedule_one.go:745] "Plugin scored node for pod" pod="default/yolo-pos-2" plugin="NodeResourcesFit" node="gpuorin4-desktop" score=78
2026-07-01 18:43:35.452 I0701 09:34:20.708448       1 schedule_one.go:745] "Plugin scored node for pod" pod="default/yolo-pos-2" plugin="VolumeBinding" node="gpuorin4-desktop" score=0
2026-07-01 18:43:35.452 I0701 09:34:20.708453       1 schedule_one.go:745] "Plugin scored node for pod" pod="default/yolo-pos-2" plugin="NodeResourcesBalancedAllocation" node="gpuorin4-desktop" score=99
2026-07-01 18:43:35.453 I0701 09:34:20.708458       1 schedule_one.go:745] "Plugin scored node for pod" pod="default/yolo-pos-2" plugin="ImageLocality" node="gpuorin4-desktop" score=0
2026-07-01 18:43:35.454 I0701 09:34:20.708463       1 schedule_one.go:745] "Plugin scored node for pod" pod="default/yolo-pos-2" plugin="TaintToleration" node="gpu-orin2" score=300
2026-07-01 18:43:35.454 I0701 09:34:20.708468       1 schedule_one.go:745] "Plugin scored node for pod" pod="default/yolo-pos-2" plugin="NodeAffinity" node="gpu-orin2" score=0
2026-07-01 18:43:35.455 I0701 09:34:20.708473       1 schedule_one.go:745] "Plugin scored node for pod" pod="default/yolo-pos-2" plugin="NodeResourcesFit" node="gpu-orin2" score=78
2026-07-01 18:43:35.455 I0701 09:34:20.708478       1 schedule_one.go:745] "Plugin scored node for pod" pod="default/yolo-pos-2" plugin="VolumeBinding" node="gpu-orin2" score=0
2026-07-01 18:43:35.456 I0701 09:34:20.708483       1 schedule_one.go:745] "Plugin scored node for pod" pod="default/yolo-pos-2" plugin="NodeResourcesBalancedAllocation" node="gpu-orin2" score=99
2026-07-01 18:43:35.456 I0701 09:34:20.708487       1 schedule_one.go:745] "Plugin scored node for pod" pod="default/yolo-pos-2" plugin="ImageLocality" node="gpu-orin2" score=0
2026-07-01 18:43:35.457 I0701 09:34:20.708492       1 schedule_one.go:745] "Plugin scored node for pod" pod="default/yolo-pos-2" plugin="TaintToleration" node="gpuorin5-desktop" score=300
2026-07-01 18:43:35.458 I0701 09:34:20.708497       1 schedule_one.go:745] "Plugin scored node for pod" pod="default/yolo-pos-2" plugin="NodeAffinity" node="gpuorin5-desktop" score=0
2026-07-01 18:43:35.458 I0701 09:34:20.708501       1 schedule_one.go:745] "Plugin scored node for pod" pod="default/yolo-pos-2" plugin="NodeResourcesFit" node="gpuorin5-desktop" score=78
2026-07-01 18:43:35.459 I0701 09:34:20.708506       1 schedule_one.go:745] "Plugin scored node for pod" pod="default/yolo-pos-2" plugin="VolumeBinding" node="gpuorin5-desktop" score=0
2026-07-01 18:43:35.460 I0701 09:34:20.708511       1 schedule_one.go:745] "Plugin scored node for pod" pod="default/yolo-pos-2" plugin="NodeResourcesBalancedAllocation" node="gpuorin5-desktop" score=99
2026-07-01 18:43:35.460 I0701 09:34:20.708516       1 schedule_one.go:745] "Plugin scored node for pod" pod="default/yolo-pos-2" plugin="ImageLocality" node="gpuorin5-desktop" score=0
2026-07-01 18:43:35.461 I0701 09:34:20.708523       1 schedule_one.go:812] "Calculated node's final score for pod" pod="default/yolo-pos-2" node="gpu-orin3" score=477
2026-07-01 18:43:35.462 I0701 09:34:20.708531       1 schedule_one.go:812] "Calculated node's final score for pod" pod="default/yolo-pos-2" node="gpuorin4-desktop" score=477
2026-07-01 18:43:35.462 I0701 09:34:20.708537       1 schedule_one.go:812] "Calculated node's final score for pod" pod="default/yolo-pos-2" node="gpu-orin2" score=477
2026-07-01 18:43:35.463 I0701 09:34:20.708542       1 schedule_one.go:812] "Calculated node's final score for pod" pod="default/yolo-pos-2" node="gpuorin5-desktop" score=477
2026-07-01 18:43:35.464 I0701 09:37:02.885565       1 resource_allocation.go:76] "Listed internal info for allocatable resources, requested resources and score" pod="default/yolo-cls-1" node="gpuorin5-desktop" resourceAllocationScorer="LeastAllocated" allocatableResource=[6000,7885127680] requestedResource=[700,1468006400] resourceScore=84
2026-07-01 18:43:35.464 I0701 09:37:02.885599       1 resource_allocation.go:76] "Listed internal info for allocatable resources, requested resources and score" pod="default/yolo-cls-1" node="gpuorin5-desktop" resourceAllocationScorer="NodeResourcesBalancedAllocation" allocatableResource=[6000,7885127680] requestedResource=[100,52428800] resourceScore=99
2026-07-01 18:43:35.465 I0701 09:37:02.885601       1 resource_allocation.go:76] "Listed internal info for allocatable resources, requested resources and score" pod="default/yolo-cls-1" node="gpu-orin3" resourceAllocationScorer="LeastAllocated" allocatableResource=[6000,7885152256] requestedResource=[700,1468006400] resourceScore=84
2026-07-01 18:43:35.466 I0701 09:37:02.885610       1 resource_allocation.go:76] "Listed internal info for allocatable resources, requested resources and score" pod="default/yolo-cls-1" node="gpu-orin2" resourceAllocationScorer="LeastAllocated" allocatableResource=[6000,7885127680] requestedResource=[700,1468006400] resourceScore=84
2026-07-01 18:43:35.466 I0701 09:37:02.885645       1 resource_allocation.go:76] "Listed internal info for allocatable resources, requested resources and score" pod="default/yolo-cls-1" node="gpu-orin3" resourceAllocationScorer="NodeResourcesBalancedAllocation" allocatableResource=[6000,7885152256] requestedResource=[100,52428800] resourceScore=99
2026-07-01 18:43:35.467 I0701 09:37:02.885642       1 resource_allocation.go:76] "Listed internal info for allocatable resources, requested resources and score" pod="default/yolo-cls-1" node="gpuorin4-desktop" resourceAllocationScorer="LeastAllocated" allocatableResource=[6000,7885250560] requestedResource=[1000,2097152000] resourceScore=78
2026-07-01 18:43:35.468 I0701 09:37:02.885666       1 resource_allocation.go:76] "Listed internal info for allocatable resources, requested resources and score" pod="default/yolo-cls-1" node="gpu-orin2" resourceAllocationScorer="NodeResourcesBalancedAllocation" allocatableResource=[6000,7885127680] requestedResource=[100,52428800] resourceScore=99
2026-07-01 18:43:35.468 I0701 09:37:02.885692       1 resource_allocation.go:76] "Listed internal info for allocatable resources, requested resources and score" pod="default/yolo-cls-1" node="gpuorin4-desktop" resourceAllocationScorer="NodeResourcesBalancedAllocation" allocatableResource=[6000,7885250560] requestedResource=[100,52428800] resourceScore=99
2026-07-01 18:43:35.469 I0701 09:37:02.885922       1 schedule_one.go:745] "Plugin scored node for pod" pod="default/yolo-cls-1" plugin="TaintToleration" node="gpuorin5-desktop" score=300
2026-07-01 18:43:35.470 I0701 09:37:02.885971       1 schedule_one.go:745] "Plugin scored node for pod" pod="default/yolo-cls-1" plugin="NodeAffinity" node="gpuorin5-desktop" score=0
2026-07-01 18:43:35.470 I0701 09:37:02.885989       1 schedule_one.go:745] "Plugin scored node for pod" pod="default/yolo-cls-1" plugin="NodeResourcesFit" node="gpuorin5-desktop" score=84
2026-07-01 18:43:35.471 I0701 09:37:02.886002       1 schedule_one.go:745] "Plugin scored node for pod" pod="default/yolo-cls-1" plugin="VolumeBinding" node="gpuorin5-desktop" score=0
2026-07-01 18:43:35.472 I0701 09:37:02.886015       1 schedule_one.go:745] "Plugin scored node for pod" pod="default/yolo-cls-1" plugin="NodeResourcesBalancedAllocation" node="gpuorin5-desktop" score=99
2026-07-01 18:43:35.472 I0701 09:37:02.886027       1 schedule_one.go:745] "Plugin scored node for pod" pod="default/yolo-cls-1" plugin="ImageLocality" node="gpuorin5-desktop" score=0
2026-07-01 18:43:35.473 I0701 09:37:02.886041       1 schedule_one.go:745] "Plugin scored node for pod" pod="default/yolo-cls-1" plugin="TaintToleration" node="gpu-orin3" score=300
2026-07-01 18:43:35.474 I0701 09:37:02.886055       1 schedule_one.go:745] "Plugin scored node for pod" pod="default/yolo-cls-1" plugin="NodeAffinity" node="gpu-orin3" score=0
2026-07-01 18:43:35.475 I0701 09:37:02.886067       1 schedule_one.go:745] "Plugin scored node for pod" pod="default/yolo-cls-1" plugin="NodeResourcesFit" node="gpu-orin3" score=84
2026-07-01 18:43:35.476 I0701 09:37:02.886082       1 schedule_one.go:745] "Plugin scored node for pod" pod="default/yolo-cls-1" plugin="VolumeBinding" node="gpu-orin3" score=0
2026-07-01 18:43:35.477 I0701 09:37:02.886096       1 schedule_one.go:745] "Plugin scored node for pod" pod="default/yolo-cls-1" plugin="NodeResourcesBalancedAllocation" node="gpu-orin3" score=99
2026-07-01 18:43:35.478 I0701 09:37:02.886108       1 schedule_one.go:745] "Plugin scored node for pod" pod="default/yolo-cls-1" plugin="ImageLocality" node="gpu-orin3" score=0
2026-07-01 18:43:35.478 I0701 09:37:02.886120       1 schedule_one.go:745] "Plugin scored node for pod" pod="default/yolo-cls-1" plugin="TaintToleration" node="gpuorin4-desktop" score=300
2026-07-01 18:43:35.479 I0701 09:37:02.886135       1 schedule_one.go:745] "Plugin scored node for pod" pod="default/yolo-cls-1" plugin="NodeAffinity" node="gpuorin4-desktop" score=0
2026-07-01 18:43:35.480 I0701 09:37:02.886147       1 schedule_one.go:745] "Plugin scored node for pod" pod="default/yolo-cls-1" plugin="NodeResourcesFit" node="gpuorin4-desktop" score=78
2026-07-01 18:43:35.481 I0701 09:37:02.886160       1 schedule_one.go:745] "Plugin scored node for pod" pod="default/yolo-cls-1" plugin="VolumeBinding" node="gpuorin4-desktop" score=0
2026-07-01 18:43:35.481 I0701 09:37:02.886173       1 schedule_one.go:745] "Plugin scored node for pod" pod="default/yolo-cls-1" plugin="NodeResourcesBalancedAllocation" node="gpuorin4-desktop" score=99
2026-07-01 18:43:35.482 I0701 09:37:02.886185       1 schedule_one.go:745] "Plugin scored node for pod" pod="default/yolo-cls-1" plugin="ImageLocality" node="gpuorin4-desktop" score=0
2026-07-01 18:43:35.482 I0701 09:37:02.886197       1 schedule_one.go:745] "Plugin scored node for pod" pod="default/yolo-cls-1" plugin="TaintToleration" node="gpu-orin2" score=300
2026-07-01 18:43:35.483 I0701 09:37:02.886209       1 schedule_one.go:745] "Plugin scored node for pod" pod="default/yolo-cls-1" plugin="NodeAffinity" node="gpu-orin2" score=0
2026-07-01 18:43:35.484 I0701 09:37:02.886226       1 schedule_one.go:745] "Plugin scored node for pod" pod="default/yolo-cls-1" plugin="NodeResourcesFit" node="gpu-orin2" score=84
2026-07-01 18:43:35.484 I0701 09:37:02.886239       1 schedule_one.go:745] "Plugin scored node for pod" pod="default/yolo-cls-1" plugin="VolumeBinding" node="gpu-orin2" score=0
2026-07-01 18:43:35.485 I0701 09:37:02.886253       1 schedule_one.go:745] "Plugin scored node for pod" pod="default/yolo-cls-1" plugin="NodeResourcesBalancedAllocation" node="gpu-orin2" score=99
2026-07-01 18:43:35.486 I0701 09:37:02.886266       1 schedule_one.go:745] "Plugin scored node for pod" pod="default/yolo-cls-1" plugin="ImageLocality" node="gpu-orin2" score=0
2026-07-01 18:43:35.486 I0701 09:37:02.886284       1 schedule_one.go:812] "Calculated node's final score for pod" pod="default/yolo-cls-1" node="gpuorin5-desktop" score=483
2026-07-01 18:43:35.487 I0701 09:37:02.886302       1 schedule_one.go:812] "Calculated node's final score for pod" pod="default/yolo-cls-1" node="gpu-orin3" score=483
2026-07-01 18:43:35.488 I0701 09:37:02.886316       1 schedule_one.go:812] "Calculated node's final score for pod" pod="default/yolo-cls-1" node="gpuorin4-desktop" score=477
2026-07-01 18:43:35.488 I0701 09:37:02.886329       1 schedule_one.go:812] "Calculated node's final score for pod" pod="default/yolo-cls-1" node="gpu-orin2" score=483
2026-07-01 18:43:35.489 I0701 09:37:07.868398       1 resource_allocation.go:76] "Listed internal info for allocatable resources, requested resources and score" pod="default/yolo-det-1" node="gpuorin4-desktop" resourceAllocationScorer="LeastAllocated" allocatableResource=[6000,7885250560] requestedResource=[1000,2097152000] resourceScore=78
2026-07-01 18:43:35.490 I0701 09:37:07.868438       1 resource_allocation.go:76] "Listed internal info for allocatable resources, requested resources and score" pod="default/yolo-det-1" node="gpuorin4-desktop" resourceAllocationScorer="NodeResourcesBalancedAllocation" allocatableResource=[6000,7885250560] requestedResource=[100,52428800] resourceScore=99
2026-07-01 18:43:35.490 I0701 09:37:07.868435       1 resource_allocation.go:76] "Listed internal info for allocatable resources, requested resources and score" pod="default/yolo-det-1" node="gpuorin5-desktop" resourceAllocationScorer="LeastAllocated" allocatableResource=[6000,7885127680] requestedResource=[700,1468006400] resourceScore=84
2026-07-01 18:43:35.491 I0701 09:37:07.868438       1 resource_allocation.go:76] "Listed internal info for allocatable resources, requested resources and score" pod="default/yolo-det-1" node="gpu-orin2" resourceAllocationScorer="LeastAllocated" allocatableResource=[6000,7885127680] requestedResource=[700,1468006400] resourceScore=84
2026-07-01 18:43:35.491 I0701 09:37:07.868475       1 resource_allocation.go:76] "Listed internal info for allocatable resources, requested resources and score" pod="default/yolo-det-1" node="gpuorin5-desktop" resourceAllocationScorer="NodeResourcesBalancedAllocation" allocatableResource=[6000,7885127680] requestedResource=[100,52428800] resourceScore=99
2026-07-01 18:43:35.492 I0701 09:37:07.868492       1 resource_allocation.go:76] "Listed internal info for allocatable resources, requested resources and score" pod="default/yolo-det-1" node="gpu-orin2" resourceAllocationScorer="NodeResourcesBalancedAllocation" allocatableResource=[6000,7885127680] requestedResource=[100,52428800] resourceScore=99
2026-07-01 18:43:35.493 I0701 09:37:07.868497       1 resource_allocation.go:76] "Listed internal info for allocatable resources, requested resources and score" pod="default/yolo-det-1" node="gpu-orin3" resourceAllocationScorer="LeastAllocated" allocatableResource=[6000,7885152256] requestedResource=[800,1677721600] resourceScore=82
2026-07-01 18:43:35.494 I0701 09:37:07.868546       1 resource_allocation.go:76] "Listed internal info for allocatable resources, requested resources and score" pod="default/yolo-det-1" node="gpu-orin3" resourceAllocationScorer="NodeResourcesBalancedAllocation" allocatableResource=[6000,7885152256] requestedResource=[100,52428800] resourceScore=99
2026-07-01 18:43:35.494 I0701 09:37:07.868723       1 schedule_one.go:745] "Plugin scored node for pod" pod="default/yolo-det-1" plugin="TaintToleration" node="gpuorin4-desktop" score=300
2026-07-01 18:43:35.495 I0701 09:37:07.868742       1 schedule_one.go:745] "Plugin scored node for pod" pod="default/yolo-det-1" plugin="NodeAffinity" node="gpuorin4-desktop" score=0
2026-07-01 18:43:35.495 I0701 09:37:07.868752       1 schedule_one.go:745] "Plugin scored node for pod" pod="default/yolo-det-1" plugin="NodeResourcesFit" node="gpuorin4-desktop" score=78
2026-07-01 18:43:35.496 I0701 09:37:07.868761       1 schedule_one.go:745] "Plugin scored node for pod" pod="default/yolo-det-1" plugin="VolumeBinding" node="gpuorin4-desktop" score=0
2026-07-01 18:43:35.497 I0701 09:37:07.868782       1 schedule_one.go:745] "Plugin scored node for pod" pod="default/yolo-det-1" plugin="NodeResourcesBalancedAllocation" node="gpuorin4-desktop" score=99
2026-07-01 18:43:35.497 I0701 09:37:07.868790       1 schedule_one.go:745] "Plugin scored node for pod" pod="default/yolo-det-1" plugin="ImageLocality" node="gpuorin4-desktop" score=0
2026-07-01 18:43:35.498 I0701 09:37:07.868797       1 schedule_one.go:745] "Plugin scored node for pod" pod="default/yolo-det-1" plugin="TaintToleration" node="gpuorin5-desktop" score=300
2026-07-01 18:43:35.499 I0701 09:37:07.868806       1 schedule_one.go:745] "Plugin scored node for pod" pod="default/yolo-det-1" plugin="NodeAffinity" node="gpuorin5-desktop" score=0
2026-07-01 18:43:35.499 I0701 09:37:07.868813       1 schedule_one.go:745] "Plugin scored node for pod" pod="default/yolo-det-1" plugin="NodeResourcesFit" node="gpuorin5-desktop" score=84
2026-07-01 18:43:35.500 I0701 09:37:07.868821       1 schedule_one.go:745] "Plugin scored node for pod" pod="default/yolo-det-1" plugin="VolumeBinding" node="gpuorin5-desktop" score=0
2026-07-01 18:43:35.501 I0701 09:37:07.868832       1 schedule_one.go:745] "Plugin scored node for pod" pod="default/yolo-det-1" plugin="NodeResourcesBalancedAllocation" node="gpuorin5-desktop" score=99
2026-07-01 18:43:35.501 I0701 09:37:07.868840       1 schedule_one.go:745] "Plugin scored node for pod" pod="default/yolo-det-1" plugin="ImageLocality" node="gpuorin5-desktop" score=0
2026-07-01 18:43:35.502 I0701 09:37:07.868848       1 schedule_one.go:745] "Plugin scored node for pod" pod="default/yolo-det-1" plugin="TaintToleration" node="gpu-orin2" score=300
2026-07-01 18:43:35.503 I0701 09:37:07.868856       1 schedule_one.go:745] "Plugin scored node for pod" pod="default/yolo-det-1" plugin="NodeAffinity" node="gpu-orin2" score=0
2026-07-01 18:43:35.503 I0701 09:37:07.868864       1 schedule_one.go:745] "Plugin scored node for pod" pod="default/yolo-det-1" plugin="NodeResourcesFit" node="gpu-orin2" score=84
2026-07-01 18:43:35.504 I0701 09:37:07.868873       1 schedule_one.go:745] "Plugin scored node for pod" pod="default/yolo-det-1" plugin="VolumeBinding" node="gpu-orin2" score=0
2026-07-01 18:43:35.505 I0701 09:37:07.868880       1 schedule_one.go:745] "Plugin scored node for pod" pod="default/yolo-det-1" plugin="NodeResourcesBalancedAllocation" node="gpu-orin2" score=99
2026-07-01 18:43:35.505 I0701 09:37:07.868888       1 schedule_one.go:745] "Plugin scored node for pod" pod="default/yolo-det-1" plugin="ImageLocality" node="gpu-orin2" score=0
2026-07-01 18:43:35.506 I0701 09:37:07.868896       1 schedule_one.go:745] "Plugin scored node for pod" pod="default/yolo-det-1" plugin="TaintToleration" node="gpu-orin3" score=300
2026-07-01 18:43:35.507 I0701 09:37:07.868906       1 schedule_one.go:745] "Plugin scored node for pod" pod="default/yolo-det-1" plugin="NodeAffinity" node="gpu-orin3" score=0
2026-07-01 18:43:35.508 I0701 09:37:07.868914       1 schedule_one.go:745] "Plugin scored node for pod" pod="default/yolo-det-1" plugin="NodeResourcesFit" node="gpu-orin3" score=82
2026-07-01 18:43:35.510 I0701 09:37:07.868922       1 schedule_one.go:745] "Plugin scored node for pod" pod="default/yolo-det-1" plugin="VolumeBinding" node="gpu-orin3" score=0
2026-07-01 18:43:35.511 I0701 09:37:07.868930       1 schedule_one.go:745] "Plugin scored node for pod" pod="default/yolo-det-1" plugin="NodeResourcesBalancedAllocation" node="gpu-orin3" score=99
2026-07-01 18:43:35.512 I0701 09:37:07.868938       1 schedule_one.go:745] "Plugin scored node for pod" pod="default/yolo-det-1" plugin="ImageLocality" node="gpu-orin3" score=0
2026-07-01 18:43:35.513 I0701 09:37:07.868951       1 schedule_one.go:812] "Calculated node's final score for pod" pod="default/yolo-det-1" node="gpuorin4-desktop" score=477
2026-07-01 18:43:35.514 I0701 09:37:07.868974       1 schedule_one.go:812] "Calculated node's final score for pod" pod="default/yolo-det-1" node="gpuorin5-desktop" score=483
2026-07-01 18:43:35.515 I0701 09:37:07.868984       1 schedule_one.go:812] "Calculated node's final score for pod" pod="default/yolo-det-1" node="gpu-orin2" score=483
2026-07-01 18:43:35.516 I0701 09:37:07.868994       1 schedule_one.go:812] "Calculated node's final score for pod" pod="default/yolo-det-1" node="gpu-orin3" score=481
2026-07-01 18:43:35.516 I0701 09:37:12.268350       1 resource_allocation.go:76] "Listed internal info for allocatable resources, requested resources and score" pod="default/yolo-seg-1" node="gpu-orin2" resourceAllocationScorer="LeastAllocated" allocatableResource=[6000,7885127680] requestedResource=[700,1468006400] resourceScore=84
2026-07-01 18:43:35.517 I0701 09:37:12.268389       1 resource_allocation.go:76] "Listed internal info for allocatable resources, requested resources and score" pod="default/yolo-seg-1" node="gpu-orin2" resourceAllocationScorer="NodeResourcesBalancedAllocation" allocatableResource=[6000,7885127680] requestedResource=[100,52428800] resourceScore=99
2026-07-01 18:43:35.518 I0701 09:37:12.268400       1 resource_allocation.go:76] "Listed internal info for allocatable resources, requested resources and score" pod="default/yolo-seg-1" node="gpuorin5-desktop" resourceAllocationScorer="LeastAllocated" allocatableResource=[6000,7885127680] requestedResource=[800,1677721600] resourceScore=82
2026-07-01 18:43:35.519 I0701 09:37:12.268443       1 resource_allocation.go:76] "Listed internal info for allocatable resources, requested resources and score" pod="default/yolo-seg-1" node="gpuorin5-desktop" resourceAllocationScorer="NodeResourcesBalancedAllocation" allocatableResource=[6000,7885127680] requestedResource=[100,52428800] resourceScore=99
2026-07-01 18:43:35.519 I0701 09:37:12.268451       1 resource_allocation.go:76] "Listed internal info for allocatable resources, requested resources and score" pod="default/yolo-seg-1" node="gpu-orin3" resourceAllocationScorer="LeastAllocated" allocatableResource=[6000,7885152256] requestedResource=[800,1677721600] resourceScore=82
2026-07-01 18:43:35.520 I0701 09:37:12.268476       1 resource_allocation.go:76] "Listed internal info for allocatable resources, requested resources and score" pod="default/yolo-seg-1" node="gpuorin4-desktop" resourceAllocationScorer="LeastAllocated" allocatableResource=[6000,7885250560] requestedResource=[1000,2097152000] resourceScore=78
2026-07-01 18:43:35.521 I0701 09:37:12.268500       1 resource_allocation.go:76] "Listed internal info for allocatable resources, requested resources and score" pod="default/yolo-seg-1" node="gpu-orin3" resourceAllocationScorer="NodeResourcesBalancedAllocation" allocatableResource=[6000,7885152256] requestedResource=[100,52428800] resourceScore=99
2026-07-01 18:43:35.521 I0701 09:37:12.268532       1 resource_allocation.go:76] "Listed internal info for allocatable resources, requested resources and score" pod="default/yolo-seg-1" node="gpuorin4-desktop" resourceAllocationScorer="NodeResourcesBalancedAllocation" allocatableResource=[6000,7885250560] requestedResource=[100,52428800] resourceScore=99
2026-07-01 18:43:35.522 I0701 09:37:12.268681       1 schedule_one.go:745] "Plugin scored node for pod" pod="default/yolo-seg-1" plugin="TaintToleration" node="gpu-orin2" score=300
2026-07-01 18:43:35.522 I0701 09:37:12.268711       1 schedule_one.go:745] "Plugin scored node for pod" pod="default/yolo-seg-1" plugin="NodeAffinity" node="gpu-orin2" score=0
2026-07-01 18:43:35.523 I0701 09:37:12.268726       1 schedule_one.go:745] "Plugin scored node for pod" pod="default/yolo-seg-1" plugin="NodeResourcesFit" node="gpu-orin2" score=84
2026-07-01 18:43:35.524 I0701 09:37:12.268738       1 schedule_one.go:745] "Plugin scored node for pod" pod="default/yolo-seg-1" plugin="VolumeBinding" node="gpu-orin2" score=0
2026-07-01 18:43:35.524 I0701 09:37:12.268754       1 schedule_one.go:745] "Plugin scored node for pod" pod="default/yolo-seg-1" plugin="NodeResourcesBalancedAllocation" node="gpu-orin2" score=99
2026-07-01 18:43:35.525 I0701 09:37:12.268784       1 schedule_one.go:745] "Plugin scored node for pod" pod="default/yolo-seg-1" plugin="ImageLocality" node="gpu-orin2" score=0
2026-07-01 18:43:35.526 I0701 09:37:12.268797       1 schedule_one.go:745] "Plugin scored node for pod" pod="default/yolo-seg-1" plugin="TaintToleration" node="gpuorin5-desktop" score=300
2026-07-01 18:43:35.526 I0701 09:37:12.268808       1 schedule_one.go:745] "Plugin scored node for pod" pod="default/yolo-seg-1" plugin="NodeAffinity" node="gpuorin5-desktop" score=0
2026-07-01 18:43:35.527 I0701 09:37:12.268819       1 schedule_one.go:745] "Plugin scored node for pod" pod="default/yolo-seg-1" plugin="NodeResourcesFit" node="gpuorin5-desktop" score=82
2026-07-01 18:43:35.528 I0701 09:37:12.268834       1 schedule_one.go:745] "Plugin scored node for pod" pod="default/yolo-seg-1" plugin="VolumeBinding" node="gpuorin5-desktop" score=0
2026-07-01 18:43:35.528 I0701 09:37:12.268845       1 schedule_one.go:745] "Plugin scored node for pod" pod="default/yolo-seg-1" plugin="NodeResourcesBalancedAllocation" node="gpuorin5-desktop" score=99
2026-07-01 18:43:35.529 I0701 09:37:12.268858       1 schedule_one.go:745] "Plugin scored node for pod" pod="default/yolo-seg-1" plugin="ImageLocality" node="gpuorin5-desktop" score=0
2026-07-01 18:43:35.530 I0701 09:37:12.268869       1 schedule_one.go:745] "Plugin scored node for pod" pod="default/yolo-seg-1" plugin="TaintToleration" node="gpu-orin3" score=300
2026-07-01 18:43:35.530 I0701 09:37:12.268879       1 schedule_one.go:745] "Plugin scored node for pod" pod="default/yolo-seg-1" plugin="NodeAffinity" node="gpu-orin3" score=0
2026-07-01 18:43:35.531 I0701 09:37:12.268890       1 schedule_one.go:745] "Plugin scored node for pod" pod="default/yolo-seg-1" plugin="NodeResourcesFit" node="gpu-orin3" score=82
2026-07-01 18:43:35.532 I0701 09:37:12.268900       1 schedule_one.go:745] "Plugin scored node for pod" pod="default/yolo-seg-1" plugin="VolumeBinding" node="gpu-orin3" score=0
2026-07-01 18:43:35.533 I0701 09:37:12.268914       1 schedule_one.go:745] "Plugin scored node for pod" pod="default/yolo-seg-1" plugin="NodeResourcesBalancedAllocation" node="gpu-orin3" score=99
2026-07-01 18:43:35.533 I0701 09:37:12.268926       1 schedule_one.go:745] "Plugin scored node for pod" pod="default/yolo-seg-1" plugin="ImageLocality" node="gpu-orin3" score=0
2026-07-01 18:43:35.534 I0701 09:37:12.268939       1 schedule_one.go:745] "Plugin scored node for pod" pod="default/yolo-seg-1" plugin="TaintToleration" node="gpuorin4-desktop" score=300
2026-07-01 18:43:35.535 I0701 09:37:12.268950       1 schedule_one.go:745] "Plugin scored node for pod" pod="default/yolo-seg-1" plugin="NodeAffinity" node="gpuorin4-desktop" score=0
2026-07-01 18:43:35.535 I0701 09:37:12.268960       1 schedule_one.go:745] "Plugin scored node for pod" pod="default/yolo-seg-1" plugin="NodeResourcesFit" node="gpuorin4-desktop" score=78
2026-07-01 18:43:35.536 I0701 09:37:12.268971       1 schedule_one.go:745] "Plugin scored node for pod" pod="default/yolo-seg-1" plugin="VolumeBinding" node="gpuorin4-desktop" score=0
2026-07-01 18:43:35.537 I0701 09:37:12.268982       1 schedule_one.go:745] "Plugin scored node for pod" pod="default/yolo-seg-1" plugin="NodeResourcesBalancedAllocation" node="gpuorin4-desktop" score=99
2026-07-01 18:43:35.538 I0701 09:37:12.268994       1 schedule_one.go:745] "Plugin scored node for pod" pod="default/yolo-seg-1" plugin="ImageLocality" node="gpuorin4-desktop" score=0
2026-07-01 18:43:35.538 I0701 09:37:12.269016       1 schedule_one.go:812] "Calculated node's final score for pod" pod="default/yolo-seg-1" node="gpu-orin2" score=483
2026-07-01 18:43:35.539 I0701 09:37:12.269036       1 schedule_one.go:812] "Calculated node's final score for pod" pod="default/yolo-seg-1" node="gpuorin5-desktop" score=481
2026-07-01 18:43:35.540 I0701 09:37:12.269048       1 schedule_one.go:812] "Calculated node's final score for pod" pod="default/yolo-seg-1" node="gpu-orin3" score=481
2026-07-01 18:43:35.541 I0701 09:37:12.269059       1 schedule_one.go:812] "Calculated node's final score for pod" pod="default/yolo-seg-1" node="gpuorin4-desktop" score=477
2026-07-01 18:43:35.542 I0701 09:37:17.077248       1 resource_allocation.go:76] "Listed internal info for allocatable resources, requested resources and score" pod="default/yolo-obb-1" node="gpu-orin3" resourceAllocationScorer="LeastAllocated" allocatableResource=[6000,7885152256] requestedResource=[800,1677721600] resourceScore=82
2026-07-01 18:43:35.543 I0701 09:37:17.077262       1 resource_allocation.go:76] "Listed internal info for allocatable resources, requested resources and score" pod="default/yolo-obb-1" node="gpu-orin3" resourceAllocationScorer="NodeResourcesBalancedAllocation" allocatableResource=[6000,7885152256] requestedResource=[100,52428800] resourceScore=99
2026-07-01 18:43:35.544 I0701 09:37:17.077276       1 resource_allocation.go:76] "Listed internal info for allocatable resources, requested resources and score" pod="default/yolo-obb-1" node="gpuorin5-desktop" resourceAllocationScorer="LeastAllocated" allocatableResource=[6000,7885127680] requestedResource=[800,1677721600] resourceScore=82
2026-07-01 18:43:35.545 I0701 09:37:17.077288       1 resource_allocation.go:76] "Listed internal info for allocatable resources, requested resources and score" pod="default/yolo-obb-1" node="gpuorin5-desktop" resourceAllocationScorer="NodeResourcesBalancedAllocation" allocatableResource=[6000,7885127680] requestedResource=[100,52428800] resourceScore=99
2026-07-01 18:43:35.546 I0701 09:37:17.077286       1 resource_allocation.go:76] "Listed internal info for allocatable resources, requested resources and score" pod="default/yolo-obb-1" node="gpu-orin2" resourceAllocationScorer="LeastAllocated" allocatableResource=[6000,7885127680] requestedResource=[800,1677721600] resourceScore=82
2026-07-01 18:43:35.547 I0701 09:37:17.077314       1 resource_allocation.go:76] "Listed internal info for allocatable resources, requested resources and score" pod="default/yolo-obb-1" node="gpu-orin2" resourceAllocationScorer="NodeResourcesBalancedAllocation" allocatableResource=[6000,7885127680] requestedResource=[100,52428800] resourceScore=99
2026-07-01 18:43:35.549 I0701 09:37:17.077286       1 resource_allocation.go:76] "Listed internal info for allocatable resources, requested resources and score" pod="default/yolo-obb-1" node="gpuorin4-desktop" resourceAllocationScorer="LeastAllocated" allocatableResource=[6000,7885250560] requestedResource=[1000,2097152000] resourceScore=78
2026-07-01 18:43:35.550 I0701 09:37:17.077345       1 resource_allocation.go:76] "Listed internal info for allocatable resources, requested resources and score" pod="default/yolo-obb-1" node="gpuorin4-desktop" resourceAllocationScorer="NodeResourcesBalancedAllocation" allocatableResource=[6000,7885250560] requestedResource=[100,52428800] resourceScore=99
2026-07-01 18:43:35.552 I0701 09:37:17.077406       1 schedule_one.go:745] "Plugin scored node for pod" pod="default/yolo-obb-1" plugin="TaintToleration" node="gpu-orin3" score=300
2026-07-01 18:43:35.553 I0701 09:37:17.077414       1 schedule_one.go:745] "Plugin scored node for pod" pod="default/yolo-obb-1" plugin="NodeAffinity" node="gpu-orin3" score=0
2026-07-01 18:43:35.555 I0701 09:37:17.077419       1 schedule_one.go:745] "Plugin scored node for pod" pod="default/yolo-obb-1" plugin="NodeResourcesFit" node="gpu-orin3" score=82
2026-07-01 18:43:35.557 I0701 09:37:17.077423       1 schedule_one.go:745] "Plugin scored node for pod" pod="default/yolo-obb-1" plugin="VolumeBinding" node="gpu-orin3" score=0
2026-07-01 18:43:35.560 I0701 09:37:17.077428       1 schedule_one.go:745] "Plugin scored node for pod" pod="default/yolo-obb-1" plugin="NodeResourcesBalancedAllocation" node="gpu-orin3" score=99
2026-07-01 18:43:35.562 I0701 09:37:17.077432       1 schedule_one.go:745] "Plugin scored node for pod" pod="default/yolo-obb-1" plugin="ImageLocality" node="gpu-orin3" score=0
2026-07-01 18:43:35.565 I0701 09:37:17.077436       1 schedule_one.go:745] "Plugin scored node for pod" pod="default/yolo-obb-1" plugin="TaintToleration" node="gpuorin4-desktop" score=300
2026-07-01 18:43:35.568 I0701 09:37:17.077442       1 schedule_one.go:745] "Plugin scored node for pod" pod="default/yolo-obb-1" plugin="NodeAffinity" node="gpuorin4-desktop" score=0
2026-07-01 18:43:35.570 I0701 09:37:17.077446       1 schedule_one.go:745] "Plugin scored node for pod" pod="default/yolo-obb-1" plugin="NodeResourcesFit" node="gpuorin4-desktop" score=78
2026-07-01 18:43:35.573 I0701 09:37:17.077450       1 schedule_one.go:745] "Plugin scored node for pod" pod="default/yolo-obb-1" plugin="VolumeBinding" node="gpuorin4-desktop" score=0
2026-07-01 18:43:35.576 I0701 09:37:17.077454       1 schedule_one.go:745] "Plugin scored node for pod" pod="default/yolo-obb-1" plugin="NodeResourcesBalancedAllocation" node="gpuorin4-desktop" score=99
2026-07-01 18:43:35.579 I0701 09:37:17.077457       1 schedule_one.go:745] "Plugin scored node for pod" pod="default/yolo-obb-1" plugin="ImageLocality" node="gpuorin4-desktop" score=0
2026-07-01 18:43:35.581 I0701 09:37:17.077463       1 schedule_one.go:745] "Plugin scored node for pod" pod="default/yolo-obb-1" plugin="TaintToleration" node="gpu-orin2" score=300
2026-07-01 18:43:35.584 I0701 09:37:17.077467       1 schedule_one.go:745] "Plugin scored node for pod" pod="default/yolo-obb-1" plugin="NodeAffinity" node="gpu-orin2" score=0
2026-07-01 18:43:35.587 I0701 09:37:17.077471       1 schedule_one.go:745] "Plugin scored node for pod" pod="default/yolo-obb-1" plugin="NodeResourcesFit" node="gpu-orin2" score=82
2026-07-01 18:43:35.589 I0701 09:37:17.077477       1 schedule_one.go:745] "Plugin scored node for pod" pod="default/yolo-obb-1" plugin="VolumeBinding" node="gpu-orin2" score=0
2026-07-01 18:43:35.592 I0701 09:37:17.077481       1 schedule_one.go:745] "Plugin scored node for pod" pod="default/yolo-obb-1" plugin="NodeResourcesBalancedAllocation" node="gpu-orin2" score=99
2026-07-01 18:43:35.595 I0701 09:37:17.077486       1 schedule_one.go:745] "Plugin scored node for pod" pod="default/yolo-obb-1" plugin="ImageLocality" node="gpu-orin2" score=0
2026-07-01 18:43:35.597 I0701 09:37:17.077490       1 schedule_one.go:745] "Plugin scored node for pod" pod="default/yolo-obb-1" plugin="TaintToleration" node="gpuorin5-desktop" score=300
2026-07-01 18:43:35.600 I0701 09:37:17.077495       1 schedule_one.go:745] "Plugin scored node for pod" pod="default/yolo-obb-1" plugin="NodeAffinity" node="gpuorin5-desktop" score=0
2026-07-01 18:43:35.602 I0701 09:37:17.077499       1 schedule_one.go:745] "Plugin scored node for pod" pod="default/yolo-obb-1" plugin="NodeResourcesFit" node="gpuorin5-desktop" score=82
2026-07-01 18:43:35.605 I0701 09:37:17.077503       1 schedule_one.go:745] "Plugin scored node for pod" pod="default/yolo-obb-1" plugin="VolumeBinding" node="gpuorin5-desktop" score=0
2026-07-01 18:43:35.608 I0701 09:37:17.077508       1 schedule_one.go:745] "Plugin scored node for pod" pod="default/yolo-obb-1" plugin="NodeResourcesBalancedAllocation" node="gpuorin5-desktop" score=99
2026-07-01 18:43:35.610 I0701 09:37:17.077512       1 schedule_one.go:745] "Plugin scored node for pod" pod="default/yolo-obb-1" plugin="ImageLocality" node="gpuorin5-desktop" score=0
2026-07-01 18:43:35.613 I0701 09:37:17.077518       1 schedule_one.go:812] "Calculated node's final score for pod" pod="default/yolo-obb-1" node="gpu-orin3" score=481
2026-07-01 18:43:35.615 I0701 09:37:17.077524       1 schedule_one.go:812] "Calculated node's final score for pod" pod="default/yolo-obb-1" node="gpuorin4-desktop" score=477
2026-07-01 18:43:35.618 I0701 09:37:17.077531       1 schedule_one.go:812] "Calculated node's final score for pod" pod="default/yolo-obb-1" node="gpu-orin2" score=481
2026-07-01 18:43:35.620 I0701 09:37:17.077537       1 schedule_one.go:812] "Calculated node's final score for pod" pod="default/yolo-obb-1" node="gpuorin5-desktop" score=481
2026-07-01 18:43:35.623 I0701 09:37:21.029497       1 resource_allocation.go:76] "Listed internal info for allocatable resources, requested resources and score" pod="default/yolo-pos-1" node="gpu-orin2" resourceAllocationScorer="LeastAllocated" allocatableResource=[6000,7885127680] requestedResource=[900,1887436800] resourceScore=80
2026-07-01 18:43:35.626 I0701 09:37:21.029533       1 resource_allocation.go:76] "Listed internal info for allocatable resources, requested resources and score" pod="default/yolo-pos-1" node="gpu-orin2" resourceAllocationScorer="NodeResourcesBalancedAllocation" allocatableResource=[6000,7885127680] requestedResource=[100,52428800] resourceScore=99
2026-07-01 18:43:35.628 I0701 09:37:21.029554       1 resource_allocation.go:76] "Listed internal info for allocatable resources, requested resources and score" pod="default/yolo-pos-1" node="gpuorin4-desktop" resourceAllocationScorer="LeastAllocated" allocatableResource=[6000,7885250560] requestedResource=[1000,2097152000] resourceScore=78
2026-07-01 18:43:35.631 I0701 09:37:21.029572       1 resource_allocation.go:76] "Listed internal info for allocatable resources, requested resources and score" pod="default/yolo-pos-1" node="gpu-orin3" resourceAllocationScorer="LeastAllocated" allocatableResource=[6000,7885152256] requestedResource=[800,1677721600] resourceScore=82
2026-07-01 18:43:35.633 I0701 09:37:21.029590       1 resource_allocation.go:76] "Listed internal info for allocatable resources, requested resources and score" pod="default/yolo-pos-1" node="gpuorin4-desktop" resourceAllocationScorer="NodeResourcesBalancedAllocation" allocatableResource=[6000,7885250560] requestedResource=[100,52428800] resourceScore=99
2026-07-01 18:43:35.636 I0701 09:37:21.029616       1 resource_allocation.go:76] "Listed internal info for allocatable resources, requested resources and score" pod="default/yolo-pos-1" node="gpu-orin3" resourceAllocationScorer="NodeResourcesBalancedAllocation" allocatableResource=[6000,7885152256] requestedResource=[100,52428800] resourceScore=99
2026-07-01 18:43:35.639 I0701 09:37:21.029623       1 resource_allocation.go:76] "Listed internal info for allocatable resources, requested resources and score" pod="default/yolo-pos-1" node="gpuorin5-desktop" resourceAllocationScorer="LeastAllocated" allocatableResource=[6000,7885127680] requestedResource=[800,1677721600] resourceScore=82
2026-07-01 18:43:35.642 I0701 09:37:21.029680       1 resource_allocation.go:76] "Listed internal info for allocatable resources, requested resources and score" pod="default/yolo-pos-1" node="gpuorin5-desktop" resourceAllocationScorer="NodeResourcesBalancedAllocation" allocatableResource=[6000,7885127680] requestedResource=[100,52428800] resourceScore=99
2026-07-01 18:43:35.644 I0701 09:37:21.029967       1 schedule_one.go:745] "Plugin scored node for pod" pod="default/yolo-pos-1" plugin="TaintToleration" node="gpu-orin2" score=300
2026-07-01 18:43:35.647 I0701 09:37:21.030008       1 schedule_one.go:745] "Plugin scored node for pod" pod="default/yolo-pos-1" plugin="NodeAffinity" node="gpu-orin2" score=0
2026-07-01 18:43:35.649 I0701 09:37:21.030025       1 schedule_one.go:745] "Plugin scored node for pod" pod="default/yolo-pos-1" plugin="NodeResourcesFit" node="gpu-orin2" score=80
2026-07-01 18:43:35.652 I0701 09:37:21.030037       1 schedule_one.go:745] "Plugin scored node for pod" pod="default/yolo-pos-1" plugin="VolumeBinding" node="gpu-orin2" score=0
2026-07-01 18:43:35.654 I0701 09:37:21.030050       1 schedule_one.go:745] "Plugin scored node for pod" pod="default/yolo-pos-1" plugin="NodeResourcesBalancedAllocation" node="gpu-orin2" score=99
2026-07-01 18:43:35.657 I0701 09:37:21.030062       1 schedule_one.go:745] "Plugin scored node for pod" pod="default/yolo-pos-1" plugin="ImageLocality" node="gpu-orin2" score=0
2026-07-01 18:43:35.659 I0701 09:37:21.030074       1 schedule_one.go:745] "Plugin scored node for pod" pod="default/yolo-pos-1" plugin="TaintToleration" node="gpu-orin3" score=300
2026-07-01 18:43:35.662 I0701 09:37:21.030087       1 schedule_one.go:745] "Plugin scored node for pod" pod="default/yolo-pos-1" plugin="NodeAffinity" node="gpu-orin3" score=0
2026-07-01 18:43:35.664 I0701 09:37:21.030099       1 schedule_one.go:745] "Plugin scored node for pod" pod="default/yolo-pos-1" plugin="NodeResourcesFit" node="gpu-orin3" score=82
2026-07-01 18:43:35.667 I0701 09:37:21.030111       1 schedule_one.go:745] "Plugin scored node for pod" pod="default/yolo-pos-1" plugin="VolumeBinding" node="gpu-orin3" score=0
2026-07-01 18:43:35.669 I0701 09:37:21.030124       1 schedule_one.go:745] "Plugin scored node for pod" pod="default/yolo-pos-1" plugin="NodeResourcesBalancedAllocation" node="gpu-orin3" score=99
2026-07-01 18:43:35.672 I0701 09:37:21.030135       1 schedule_one.go:745] "Plugin scored node for pod" pod="default/yolo-pos-1" plugin="ImageLocality" node="gpu-orin3" score=0
2026-07-01 18:43:35.674 I0701 09:37:21.030148       1 schedule_one.go:745] "Plugin scored node for pod" pod="default/yolo-pos-1" plugin="TaintToleration" node="gpuorin4-desktop" score=300
2026-07-01 18:43:35.677 I0701 09:37:21.030160       1 schedule_one.go:745] "Plugin scored node for pod" pod="default/yolo-pos-1" plugin="NodeAffinity" node="gpuorin4-desktop" score=0
2026-07-01 18:43:35.680 I0701 09:37:21.030174       1 schedule_one.go:745] "Plugin scored node for pod" pod="default/yolo-pos-1" plugin="NodeResourcesFit" node="gpuorin4-desktop" score=78
2026-07-01 18:43:35.682 I0701 09:37:21.030185       1 schedule_one.go:745] "Plugin scored node for pod" pod="default/yolo-pos-1" plugin="VolumeBinding" node="gpuorin4-desktop" score=0
2026-07-01 18:43:35.685 I0701 09:37:21.030198       1 schedule_one.go:745] "Plugin scored node for pod" pod="default/yolo-pos-1" plugin="NodeResourcesBalancedAllocation" node="gpuorin4-desktop" score=99
2026-07-01 18:43:35.688 I0701 09:37:21.030212       1 schedule_one.go:745] "Plugin scored node for pod" pod="default/yolo-pos-1" plugin="ImageLocality" node="gpuorin4-desktop" score=0
2026-07-01 18:43:35.690 I0701 09:37:21.030224       1 schedule_one.go:745] "Plugin scored node for pod" pod="default/yolo-pos-1" plugin="TaintToleration" node="gpuorin5-desktop" score=300
2026-07-01 18:43:35.693 I0701 09:37:21.030236       1 schedule_one.go:745] "Plugin scored node for pod" pod="default/yolo-pos-1" plugin="NodeAffinity" node="gpuorin5-desktop" score=0
2026-07-01 18:43:35.695 I0701 09:37:21.030249       1 schedule_one.go:745] "Plugin scored node for pod" pod="default/yolo-pos-1" plugin="NodeResourcesFit" node="gpuorin5-desktop" score=82
2026-07-01 18:43:35.698 I0701 09:37:21.030261       1 schedule_one.go:745] "Plugin scored node for pod" pod="default/yolo-pos-1" plugin="VolumeBinding" node="gpuorin5-desktop" score=0
2026-07-01 18:43:35.701 I0701 09:37:21.030273       1 schedule_one.go:745] "Plugin scored node for pod" pod="default/yolo-pos-1" plugin="NodeResourcesBalancedAllocation" node="gpuorin5-desktop" score=99
2026-07-01 18:43:35.704 I0701 09:37:21.030287       1 schedule_one.go:745] "Plugin scored node for pod" pod="default/yolo-pos-1" plugin="ImageLocality" node="gpuorin5-desktop" score=0
2026-07-01 18:43:35.706 I0701 09:37:21.030304       1 schedule_one.go:812] "Calculated node's final score for pod" pod="default/yolo-pos-1" node="gpu-orin2" score=479
2026-07-01 18:43:35.709 I0701 09:37:21.030321       1 schedule_one.go:812] "Calculated node's final score for pod" pod="default/yolo-pos-1" node="gpu-orin3" score=481
2026-07-01 18:43:35.712 I0701 09:37:21.030335       1 schedule_one.go:812] "Calculated node's final score for pod" pod="default/yolo-pos-1" node="gpuorin4-desktop" score=477
2026-07-01 18:43:35.715 I0701 09:37:21.030357       1 schedule_one.go:812] "Calculated node's final score for pod" pod="default/yolo-pos-1" node="gpuorin5-desktop" score=481
2026-07-01 18:43:35.717 I0701 09:37:25.931847       1 resource_allocation.go:76] "Listed internal info for allocatable resources, requested resources and score" pod="default/yolo-cls-2" node="gpu-orin2" resourceAllocationScorer="LeastAllocated" allocatableResource=[6000,7885127680] requestedResource=[900,1887436800] resourceScore=80
2026-07-01 18:43:35.720 I0701 09:37:25.931862       1 resource_allocation.go:76] "Listed internal info for allocatable resources, requested resources and score" pod="default/yolo-cls-2" node="gpu-orin2" resourceAllocationScorer="NodeResourcesBalancedAllocation" allocatableResource=[6000,7885127680] requestedResource=[100,52428800] resourceScore=99
2026-07-01 18:43:35.723 I0701 09:37:25.931869       1 resource_allocation.go:76] "Listed internal info for allocatable resources, requested resources and score" pod="default/yolo-cls-2" node="gpuorin5-desktop" resourceAllocationScorer="LeastAllocated" allocatableResource=[6000,7885127680] requestedResource=[800,1677721600] resourceScore=82
2026-07-01 18:43:35.726 I0701 09:37:25.931870       1 resource_allocation.go:76] "Listed internal info for allocatable resources, requested resources and score" pod="default/yolo-cls-2" node="gpuorin4-desktop" resourceAllocationScorer="LeastAllocated" allocatableResource=[6000,7885250560] requestedResource=[1000,2097152000] resourceScore=78
2026-07-01 18:43:35.728 I0701 09:37:25.931885       1 resource_allocation.go:76] "Listed internal info for allocatable resources, requested resources and score" pod="default/yolo-cls-2" node="gpuorin5-desktop" resourceAllocationScorer="NodeResourcesBalancedAllocation" allocatableResource=[6000,7885127680] requestedResource=[100,52428800] resourceScore=99
2026-07-01 18:43:35.731 I0701 09:37:25.931892       1 resource_allocation.go:76] "Listed internal info for allocatable resources, requested resources and score" pod="default/yolo-cls-2" node="gpuorin4-desktop" resourceAllocationScorer="NodeResourcesBalancedAllocation" allocatableResource=[6000,7885250560] requestedResource=[100,52428800] resourceScore=99
2026-07-01 18:43:35.734 I0701 09:37:25.931916       1 resource_allocation.go:76] "Listed internal info for allocatable resources, requested resources and score" pod="default/yolo-cls-2" node="gpu-orin3" resourceAllocationScorer="LeastAllocated" allocatableResource=[6000,7885152256] requestedResource=[900,1887436800] resourceScore=80
2026-07-01 18:43:35.737 I0701 09:37:25.931946       1 resource_allocation.go:76] "Listed internal info for allocatable resources, requested resources and score" pod="default/yolo-cls-2" node="gpu-orin3" resourceAllocationScorer="NodeResourcesBalancedAllocation" allocatableResource=[6000,7885152256] requestedResource=[100,52428800] resourceScore=99
2026-07-01 18:43:35.739 I0701 09:37:25.932017       1 schedule_one.go:745] "Plugin scored node for pod" pod="default/yolo-cls-2" plugin="TaintToleration" node="gpu-orin2" score=300
2026-07-01 18:43:35.742 I0701 09:37:25.932031       1 schedule_one.go:745] "Plugin scored node for pod" pod="default/yolo-cls-2" plugin="NodeAffinity" node="gpu-orin2" score=0
2026-07-01 18:43:35.744 I0701 09:37:25.932039       1 schedule_one.go:745] "Plugin scored node for pod" pod="default/yolo-cls-2" plugin="NodeResourcesFit" node="gpu-orin2" score=80
2026-07-01 18:43:35.747 I0701 09:37:25.932046       1 schedule_one.go:745] "Plugin scored node for pod" pod="default/yolo-cls-2" plugin="VolumeBinding" node="gpu-orin2" score=0
2026-07-01 18:43:35.749 I0701 09:37:25.932052       1 schedule_one.go:745] "Plugin scored node for pod" pod="default/yolo-cls-2" plugin="NodeResourcesBalancedAllocation" node="gpu-orin2" score=99
2026-07-01 18:43:35.752 I0701 09:37:25.932059       1 schedule_one.go:745] "Plugin scored node for pod" pod="default/yolo-cls-2" plugin="ImageLocality" node="gpu-orin2" score=0
2026-07-01 18:43:35.754 I0701 09:37:25.932066       1 schedule_one.go:745] "Plugin scored node for pod" pod="default/yolo-cls-2" plugin="TaintToleration" node="gpuorin4-desktop" score=300
2026-07-01 18:43:35.757 I0701 09:37:25.932071       1 schedule_one.go:745] "Plugin scored node for pod" pod="default/yolo-cls-2" plugin="NodeAffinity" node="gpuorin4-desktop" score=0
2026-07-01 18:43:35.760 I0701 09:37:25.932077       1 schedule_one.go:745] "Plugin scored node for pod" pod="default/yolo-cls-2" plugin="NodeResourcesFit" node="gpuorin4-desktop" score=78
2026-07-01 18:43:35.762 I0701 09:37:25.932083       1 schedule_one.go:745] "Plugin scored node for pod" pod="default/yolo-cls-2" plugin="VolumeBinding" node="gpuorin4-desktop" score=0
2026-07-01 18:43:35.765 I0701 09:37:25.932090       1 schedule_one.go:745] "Plugin scored node for pod" pod="default/yolo-cls-2" plugin="NodeResourcesBalancedAllocation" node="gpuorin4-desktop" score=99
2026-07-01 18:43:35.768 I0701 09:37:25.932096       1 schedule_one.go:745] "Plugin scored node for pod" pod="default/yolo-cls-2" plugin="ImageLocality" node="gpuorin4-desktop" score=0
2026-07-01 18:43:35.770 I0701 09:37:25.932102       1 schedule_one.go:745] "Plugin scored node for pod" pod="default/yolo-cls-2" plugin="TaintToleration" node="gpuorin5-desktop" score=300
2026-07-01 18:43:35.773 I0701 09:37:25.932108       1 schedule_one.go:745] "Plugin scored node for pod" pod="default/yolo-cls-2" plugin="NodeAffinity" node="gpuorin5-desktop" score=0
2026-07-01 18:43:35.776 I0701 09:37:25.932115       1 schedule_one.go:745] "Plugin scored node for pod" pod="default/yolo-cls-2" plugin="NodeResourcesFit" node="gpuorin5-desktop" score=82
2026-07-01 18:43:35.778 I0701 09:37:25.932121       1 schedule_one.go:745] "Plugin scored node for pod" pod="default/yolo-cls-2" plugin="VolumeBinding" node="gpuorin5-desktop" score=0
2026-07-01 18:43:35.781 I0701 09:37:25.932128       1 schedule_one.go:745] "Plugin scored node for pod" pod="default/yolo-cls-2" plugin="NodeResourcesBalancedAllocation" node="gpuorin5-desktop" score=99
2026-07-01 18:43:35.784 I0701 09:37:25.932134       1 schedule_one.go:745] "Plugin scored node for pod" pod="default/yolo-cls-2" plugin="ImageLocality" node="gpuorin5-desktop" score=0
2026-07-01 18:43:35.786 I0701 09:37:25.932140       1 schedule_one.go:745] "Plugin scored node for pod" pod="default/yolo-cls-2" plugin="TaintToleration" node="gpu-orin3" score=300
2026-07-01 18:43:35.789 I0701 09:37:25.932146       1 schedule_one.go:745] "Plugin scored node for pod" pod="default/yolo-cls-2" plugin="NodeAffinity" node="gpu-orin3" score=0
2026-07-01 18:43:35.792 I0701 09:37:25.932152       1 schedule_one.go:745] "Plugin scored node for pod" pod="default/yolo-cls-2" plugin="NodeResourcesFit" node="gpu-orin3" score=80
2026-07-01 18:43:35.795 I0701 09:37:25.932159       1 schedule_one.go:745] "Plugin scored node for pod" pod="default/yolo-cls-2" plugin="VolumeBinding" node="gpu-orin3" score=0
2026-07-01 18:43:35.797 I0701 09:37:25.932166       1 schedule_one.go:745] "Plugin scored node for pod" pod="default/yolo-cls-2" plugin="NodeResourcesBalancedAllocation" node="gpu-orin3" score=99
2026-07-01 18:43:35.800 I0701 09:37:25.932172       1 schedule_one.go:745] "Plugin scored node for pod" pod="default/yolo-cls-2" plugin="ImageLocality" node="gpu-orin3" score=0
2026-07-01 18:43:35.803 I0701 09:37:25.932184       1 schedule_one.go:812] "Calculated node's final score for pod" pod="default/yolo-cls-2" node="gpu-orin2" score=479
2026-07-01 18:43:35.805 I0701 09:37:25.932192       1 schedule_one.go:812] "Calculated node's final score for pod" pod="default/yolo-cls-2" node="gpuorin4-desktop" score=477
2026-07-01 18:43:35.808 I0701 09:37:25.932203       1 schedule_one.go:812] "Calculated node's final score for pod" pod="default/yolo-cls-2" node="gpuorin5-desktop" score=481
2026-07-01 18:43:35.811 I0701 09:37:25.932211       1 schedule_one.go:812] "Calculated node's final score for pod" pod="default/yolo-cls-2" node="gpu-orin3" score=479
2026-07-01 18:43:35.814 I0701 09:37:30.330541       1 resource_allocation.go:76] "Listed internal info for allocatable resources, requested resources and score" pod="default/yolo-det-2" node="gpu-orin2" resourceAllocationScorer="LeastAllocated" allocatableResource=[6000,7885127680] requestedResource=[900,1887436800] resourceScore=80
2026-07-01 18:43:35.817 I0701 09:37:30.330565       1 resource_allocation.go:76] "Listed internal info for allocatable resources, requested resources and score" pod="default/yolo-det-2" node="gpu-orin2" resourceAllocationScorer="NodeResourcesBalancedAllocation" allocatableResource=[6000,7885127680] requestedResource=[100,52428800] resourceScore=99
2026-07-01 18:43:35.819 I0701 09:37:30.330601       1 resource_allocation.go:76] "Listed internal info for allocatable resources, requested resources and score" pod="default/yolo-det-2" node="gpuorin4-desktop" resourceAllocationScorer="LeastAllocated" allocatableResource=[6000,7885250560] requestedResource=[1000,2097152000] resourceScore=78
2026-07-01 18:43:35.822 I0701 09:37:30.330611       1 resource_allocation.go:76] "Listed internal info for allocatable resources, requested resources and score" pod="default/yolo-det-2" node="gpu-orin3" resourceAllocationScorer="LeastAllocated" allocatableResource=[6000,7885152256] requestedResource=[900,1887436800] resourceScore=80
2026-07-01 18:43:35.825 I0701 09:37:30.330658       1 resource_allocation.go:76] "Listed internal info for allocatable resources, requested resources and score" pod="default/yolo-det-2" node="gpu-orin3" resourceAllocationScorer="NodeResourcesBalancedAllocation" allocatableResource=[6000,7885152256] requestedResource=[100,52428800] resourceScore=99
2026-07-01 18:43:35.828 I0701 09:37:30.330662       1 resource_allocation.go:76] "Listed internal info for allocatable resources, requested resources and score" pod="default/yolo-det-2" node="gpuorin4-desktop" resourceAllocationScorer="NodeResourcesBalancedAllocation" allocatableResource=[6000,7885250560] requestedResource=[100,52428800] resourceScore=99
2026-07-01 18:43:35.831 I0701 09:37:30.330657       1 resource_allocation.go:76] "Listed internal info for allocatable resources, requested resources and score" pod="default/yolo-det-2" node="gpuorin5-desktop" resourceAllocationScorer="LeastAllocated" allocatableResource=[6000,7885127680] requestedResource=[900,1887436800] resourceScore=80
2026-07-01 18:43:35.834 I0701 09:37:30.330711       1 resource_allocation.go:76] "Listed internal info for allocatable resources, requested resources and score" pod="default/yolo-det-2" node="gpuorin5-desktop" resourceAllocationScorer="NodeResourcesBalancedAllocation" allocatableResource=[6000,7885127680] requestedResource=[100,52428800] resourceScore=99
2026-07-01 18:43:35.837 I0701 09:37:30.330896       1 schedule_one.go:745] "Plugin scored node for pod" pod="default/yolo-det-2" plugin="TaintToleration" node="gpu-orin2" score=300
2026-07-01 18:43:35.839 I0701 09:37:30.330922       1 schedule_one.go:745] "Plugin scored node for pod" pod="default/yolo-det-2" plugin="NodeAffinity" node="gpu-orin2" score=0
2026-07-01 18:43:35.842 I0701 09:37:30.330937       1 schedule_one.go:745] "Plugin scored node for pod" pod="default/yolo-det-2" plugin="NodeResourcesFit" node="gpu-orin2" score=80
2026-07-01 18:43:35.845 I0701 09:37:30.330950       1 schedule_one.go:745] "Plugin scored node for pod" pod="default/yolo-det-2" plugin="VolumeBinding" node="gpu-orin2" score=0
2026-07-01 18:43:35.847 I0701 09:37:30.330963       1 schedule_one.go:745] "Plugin scored node for pod" pod="default/yolo-det-2" plugin="NodeResourcesBalancedAllocation" node="gpu-orin2" score=99
2026-07-01 18:43:35.849 I0701 09:37:30.330975       1 schedule_one.go:745] "Plugin scored node for pod" pod="default/yolo-det-2" plugin="ImageLocality" node="gpu-orin2" score=0
2026-07-01 18:43:35.851 I0701 09:37:30.330987       1 schedule_one.go:745] "Plugin scored node for pod" pod="default/yolo-det-2" plugin="TaintToleration" node="gpuorin4-desktop" score=300
2026-07-01 18:43:35.852 I0701 09:37:30.330999       1 schedule_one.go:745] "Plugin scored node for pod" pod="default/yolo-det-2" plugin="NodeAffinity" node="gpuorin4-desktop" score=0
2026-07-01 18:43:35.853 I0701 09:37:30.331018       1 schedule_one.go:745] "Plugin scored node for pod" pod="default/yolo-det-2" plugin="NodeResourcesFit" node="gpuorin4-desktop" score=78
2026-07-01 18:43:35.854 I0701 09:37:30.331030       1 schedule_one.go:745] "Plugin scored node for pod" pod="default/yolo-det-2" plugin="VolumeBinding" node="gpuorin4-desktop" score=0
2026-07-01 18:43:35.855 I0701 09:37:30.331042       1 schedule_one.go:745] "Plugin scored node for pod" pod="default/yolo-det-2" plugin="NodeResourcesBalancedAllocation" node="gpuorin4-desktop" score=99
2026-07-01 18:43:35.856 I0701 09:37:30.331053       1 schedule_one.go:745] "Plugin scored node for pod" pod="default/yolo-det-2" plugin="ImageLocality" node="gpuorin4-desktop" score=0
2026-07-01 18:43:35.856 I0701 09:37:30.331065       1 schedule_one.go:745] "Plugin scored node for pod" pod="default/yolo-det-2" plugin="TaintToleration" node="gpu-orin3" score=300
2026-07-01 18:43:35.857 I0701 09:37:30.331076       1 schedule_one.go:745] "Plugin scored node for pod" pod="default/yolo-det-2" plugin="NodeAffinity" node="gpu-orin3" score=0
2026-07-01 18:43:35.858 I0701 09:37:30.331093       1 schedule_one.go:745] "Plugin scored node for pod" pod="default/yolo-det-2" plugin="NodeResourcesFit" node="gpu-orin3" score=80
2026-07-01 18:43:35.858 I0701 09:37:30.331104       1 schedule_one.go:745] "Plugin scored node for pod" pod="default/yolo-det-2" plugin="VolumeBinding" node="gpu-orin3" score=0
2026-07-01 18:43:35.859 I0701 09:37:30.331119       1 schedule_one.go:745] "Plugin scored node for pod" pod="default/yolo-det-2" plugin="NodeResourcesBalancedAllocation" node="gpu-orin3" score=99
2026-07-01 18:43:35.860 I0701 09:37:30.331131       1 schedule_one.go:745] "Plugin scored node for pod" pod="default/yolo-det-2" plugin="ImageLocality" node="gpu-orin3" score=0
2026-07-01 18:43:35.860 I0701 09:37:30.331144       1 schedule_one.go:745] "Plugin scored node for pod" pod="default/yolo-det-2" plugin="TaintToleration" node="gpuorin5-desktop" score=300
2026-07-01 18:43:35.861 I0701 09:37:30.331156       1 schedule_one.go:745] "Plugin scored node for pod" pod="default/yolo-det-2" plugin="NodeAffinity" node="gpuorin5-desktop" score=0
2026-07-01 18:43:35.862 I0701 09:37:30.331167       1 schedule_one.go:745] "Plugin scored node for pod" pod="default/yolo-det-2" plugin="NodeResourcesFit" node="gpuorin5-desktop" score=80
2026-07-01 18:43:35.862 I0701 09:37:30.331178       1 schedule_one.go:745] "Plugin scored node for pod" pod="default/yolo-det-2" plugin="VolumeBinding" node="gpuorin5-desktop" score=0
2026-07-01 18:43:35.863 I0701 09:37:30.331202       1 schedule_one.go:745] "Plugin scored node for pod" pod="default/yolo-det-2" plugin="NodeResourcesBalancedAllocation" node="gpuorin5-desktop" score=99
2026-07-01 18:43:35.863 I0701 09:37:30.331216       1 schedule_one.go:745] "Plugin scored node for pod" pod="default/yolo-det-2" plugin="ImageLocality" node="gpuorin5-desktop" score=0
2026-07-01 18:43:35.864 I0701 09:37:30.331233       1 schedule_one.go:812] "Calculated node's final score for pod" pod="default/yolo-det-2" node="gpu-orin2" score=479
2026-07-01 18:43:35.865 I0701 09:37:30.331248       1 schedule_one.go:812] "Calculated node's final score for pod" pod="default/yolo-det-2" node="gpuorin4-desktop" score=477
2026-07-01 18:43:35.865 I0701 09:37:30.331261       1 schedule_one.go:812] "Calculated node's final score for pod" pod="default/yolo-det-2" node="gpu-orin3" score=479
2026-07-01 18:43:35.866 I0701 09:37:30.331277       1 schedule_one.go:812] "Calculated node's final score for pod" pod="default/yolo-det-2" node="gpuorin5-desktop" score=479
2026-07-01 18:43:35.867 I0701 09:37:34.252620       1 resource_allocation.go:76] "Listed internal info for allocatable resources, requested resources and score" pod="default/yolo-seg-2" node="gpu-orin3" resourceAllocationScorer="LeastAllocated" allocatableResource=[6000,7885152256] requestedResource=[900,1887436800] resourceScore=80
2026-07-01 18:43:35.868 I0701 09:37:34.252638       1 resource_allocation.go:76] "Listed internal info for allocatable resources, requested resources and score" pod="default/yolo-seg-2" node="gpu-orin3" resourceAllocationScorer="NodeResourcesBalancedAllocation" allocatableResource=[6000,7885152256] requestedResource=[100,52428800] resourceScore=99
2026-07-01 18:43:35.868 I0701 09:37:34.252662       1 resource_allocation.go:76] "Listed internal info for allocatable resources, requested resources and score" pod="default/yolo-seg-2" node="gpu-orin2" resourceAllocationScorer="LeastAllocated" allocatableResource=[6000,7885127680] requestedResource=[900,1887436800] resourceScore=80
2026-07-01 18:43:35.869 I0701 09:37:34.252672       1 resource_allocation.go:76] "Listed internal info for allocatable resources, requested resources and score" pod="default/yolo-seg-2" node="gpuorin5-desktop" resourceAllocationScorer="LeastAllocated" allocatableResource=[6000,7885127680] requestedResource=[1000,2097152000] resourceScore=78
2026-07-01 18:43:35.869 I0701 09:37:34.252689       1 resource_allocation.go:76] "Listed internal info for allocatable resources, requested resources and score" pod="default/yolo-seg-2" node="gpu-orin2" resourceAllocationScorer="NodeResourcesBalancedAllocation" allocatableResource=[6000,7885127680] requestedResource=[100,52428800] resourceScore=99
2026-07-01 18:43:35.870 I0701 09:37:34.252677       1 resource_allocation.go:76] "Listed internal info for allocatable resources, requested resources and score" pod="default/yolo-seg-2" node="gpuorin4-desktop" resourceAllocationScorer="LeastAllocated" allocatableResource=[6000,7885250560] requestedResource=[1000,2097152000] resourceScore=78
2026-07-01 18:43:35.871 I0701 09:37:34.252715       1 resource_allocation.go:76] "Listed internal info for allocatable resources, requested resources and score" pod="default/yolo-seg-2" node="gpuorin5-desktop" resourceAllocationScorer="NodeResourcesBalancedAllocation" allocatableResource=[6000,7885127680] requestedResource=[100,52428800] resourceScore=99
2026-07-01 18:43:35.872 I0701 09:37:34.252734       1 resource_allocation.go:76] "Listed internal info for allocatable resources, requested resources and score" pod="default/yolo-seg-2" node="gpuorin4-desktop" resourceAllocationScorer="NodeResourcesBalancedAllocation" allocatableResource=[6000,7885250560] requestedResource=[100,52428800] resourceScore=99
2026-07-01 18:43:35.872 I0701 09:37:34.252836       1 schedule_one.go:745] "Plugin scored node for pod" pod="default/yolo-seg-2" plugin="TaintToleration" node="gpu-orin3" score=300
2026-07-01 18:43:35.873 I0701 09:37:34.252857       1 schedule_one.go:745] "Plugin scored node for pod" pod="default/yolo-seg-2" plugin="NodeAffinity" node="gpu-orin3" score=0
2026-07-01 18:43:35.873 I0701 09:37:34.252867       1 schedule_one.go:745] "Plugin scored node for pod" pod="default/yolo-seg-2" plugin="NodeResourcesFit" node="gpu-orin3" score=80
2026-07-01 18:43:35.874 I0701 09:37:34.252880       1 schedule_one.go:745] "Plugin scored node for pod" pod="default/yolo-seg-2" plugin="VolumeBinding" node="gpu-orin3" score=0
2026-07-01 18:43:35.875 I0701 09:37:34.252892       1 schedule_one.go:745] "Plugin scored node for pod" pod="default/yolo-seg-2" plugin="NodeResourcesBalancedAllocation" node="gpu-orin3" score=99
2026-07-01 18:43:35.875 I0701 09:37:34.252902       1 schedule_one.go:745] "Plugin scored node for pod" pod="default/yolo-seg-2" plugin="ImageLocality" node="gpu-orin3" score=0
2026-07-01 18:43:35.876 I0701 09:37:34.252910       1 schedule_one.go:745] "Plugin scored node for pod" pod="default/yolo-seg-2" plugin="TaintToleration" node="gpuorin5-desktop" score=300
2026-07-01 18:43:35.877 I0701 09:37:34.252921       1 schedule_one.go:745] "Plugin scored node for pod" pod="default/yolo-seg-2" plugin="NodeAffinity" node="gpuorin5-desktop" score=0
2026-07-01 18:43:35.877 I0701 09:37:34.252932       1 schedule_one.go:745] "Plugin scored node for pod" pod="default/yolo-seg-2" plugin="NodeResourcesFit" node="gpuorin5-desktop" score=78
2026-07-01 18:43:35.878 I0701 09:37:34.252941       1 schedule_one.go:745] "Plugin scored node for pod" pod="default/yolo-seg-2" plugin="VolumeBinding" node="gpuorin5-desktop" score=0
2026-07-01 18:43:35.879 I0701 09:37:34.252950       1 schedule_one.go:745] "Plugin scored node for pod" pod="default/yolo-seg-2" plugin="NodeResourcesBalancedAllocation" node="gpuorin5-desktop" score=99
2026-07-01 18:43:35.879 I0701 09:37:34.252959       1 schedule_one.go:745] "Plugin scored node for pod" pod="default/yolo-seg-2" plugin="ImageLocality" node="gpuorin5-desktop" score=0
2026-07-01 18:43:35.880 I0701 09:37:34.252968       1 schedule_one.go:745] "Plugin scored node for pod" pod="default/yolo-seg-2" plugin="TaintToleration" node="gpu-orin2" score=300
2026-07-01 18:43:35.880 I0701 09:37:34.252977       1 schedule_one.go:745] "Plugin scored node for pod" pod="default/yolo-seg-2" plugin="NodeAffinity" node="gpu-orin2" score=0
2026-07-01 18:43:35.881 I0701 09:37:34.252985       1 schedule_one.go:745] "Plugin scored node for pod" pod="default/yolo-seg-2" plugin="NodeResourcesFit" node="gpu-orin2" score=80
2026-07-01 18:43:35.882 I0701 09:37:34.252993       1 schedule_one.go:745] "Plugin scored node for pod" pod="default/yolo-seg-2" plugin="VolumeBinding" node="gpu-orin2" score=0
2026-07-01 18:43:35.882 I0701 09:37:34.253003       1 schedule_one.go:745] "Plugin scored node for pod" pod="default/yolo-seg-2" plugin="NodeResourcesBalancedAllocation" node="gpu-orin2" score=99
2026-07-01 18:43:35.883 I0701 09:37:34.253011       1 schedule_one.go:745] "Plugin scored node for pod" pod="default/yolo-seg-2" plugin="ImageLocality" node="gpu-orin2" score=0
2026-07-01 18:43:35.884 I0701 09:37:34.253019       1 schedule_one.go:745] "Plugin scored node for pod" pod="default/yolo-seg-2" plugin="TaintToleration" node="gpuorin4-desktop" score=300
2026-07-01 18:43:35.884 I0701 09:37:34.253027       1 schedule_one.go:745] "Plugin scored node for pod" pod="default/yolo-seg-2" plugin="NodeAffinity" node="gpuorin4-desktop" score=0
2026-07-01 18:43:35.885 I0701 09:37:34.253037       1 schedule_one.go:745] "Plugin scored node for pod" pod="default/yolo-seg-2" plugin="NodeResourcesFit" node="gpuorin4-desktop" score=78
2026-07-01 18:43:35.886 I0701 09:37:34.253046       1 schedule_one.go:745] "Plugin scored node for pod" pod="default/yolo-seg-2" plugin="VolumeBinding" node="gpuorin4-desktop" score=0
2026-07-01 18:43:35.886 I0701 09:37:34.253054       1 schedule_one.go:745] "Plugin scored node for pod" pod="default/yolo-seg-2" plugin="NodeResourcesBalancedAllocation" node="gpuorin4-desktop" score=99
2026-07-01 18:43:35.887 I0701 09:37:34.253063       1 schedule_one.go:745] "Plugin scored node for pod" pod="default/yolo-seg-2" plugin="ImageLocality" node="gpuorin4-desktop" score=0
2026-07-01 18:43:35.888 I0701 09:37:34.253074       1 schedule_one.go:812] "Calculated node's final score for pod" pod="default/yolo-seg-2" node="gpu-orin3" score=479
2026-07-01 18:43:35.888 I0701 09:37:34.253085       1 schedule_one.go:812] "Calculated node's final score for pod" pod="default/yolo-seg-2" node="gpuorin5-desktop" score=477
2026-07-01 18:43:35.889 I0701 09:37:34.253095       1 schedule_one.go:812] "Calculated node's final score for pod" pod="default/yolo-seg-2" node="gpu-orin2" score=479
2026-07-01 18:43:35.889 I0701 09:37:34.253106       1 schedule_one.go:812] "Calculated node's final score for pod" pod="default/yolo-seg-2" node="gpuorin4-desktop" score=477
2026-07-01 18:43:35.890 I0701 09:37:39.009150       1 resource_allocation.go:76] "Listed internal info for allocatable resources, requested resources and score" pod="default/yolo-obb-2" node="gpuorin4-desktop" resourceAllocationScorer="LeastAllocated" allocatableResource=[6000,7885250560] requestedResource=[1000,2097152000] resourceScore=78
2026-07-01 18:43:35.891 I0701 09:37:39.009157       1 resource_allocation.go:76] "Listed internal info for allocatable resources, requested resources and score" pod="default/yolo-obb-2" node="gpuorin4-desktop" resourceAllocationScorer="NodeResourcesBalancedAllocation" allocatableResource=[6000,7885250560] requestedResource=[100,52428800] resourceScore=99
2026-07-01 18:43:35.891 I0701 09:37:39.009162       1 resource_allocation.go:76] "Listed internal info for allocatable resources, requested resources and score" pod="default/yolo-obb-2" node="gpu-orin2" resourceAllocationScorer="LeastAllocated" allocatableResource=[6000,7885127680] requestedResource=[1000,2097152000] resourceScore=78
2026-07-01 18:43:35.892 I0701 09:37:39.009164       1 resource_allocation.go:76] "Listed internal info for allocatable resources, requested resources and score" pod="default/yolo-obb-2" node="gpuorin5-desktop" resourceAllocationScorer="LeastAllocated" allocatableResource=[6000,7885127680] requestedResource=[1000,2097152000] resourceScore=78
2026-07-01 18:43:35.893 I0701 09:37:39.009169       1 resource_allocation.go:76] "Listed internal info for allocatable resources, requested resources and score" pod="default/yolo-obb-2" node="gpu-orin2" resourceAllocationScorer="NodeResourcesBalancedAllocation" allocatableResource=[6000,7885127680] requestedResource=[100,52428800] resourceScore=99
2026-07-01 18:43:35.894 I0701 09:37:39.009171       1 resource_allocation.go:76] "Listed internal info for allocatable resources, requested resources and score" pod="default/yolo-obb-2" node="gpu-orin3" resourceAllocationScorer="LeastAllocated" allocatableResource=[6000,7885152256] requestedResource=[900,1887436800] resourceScore=80
2026-07-01 18:43:35.894 I0701 09:37:39.009181       1 resource_allocation.go:76] "Listed internal info for allocatable resources, requested resources and score" pod="default/yolo-obb-2" node="gpuorin5-desktop" resourceAllocationScorer="NodeResourcesBalancedAllocation" allocatableResource=[6000,7885127680] requestedResource=[100,52428800] resourceScore=99
2026-07-01 18:43:35.895 I0701 09:37:39.009186       1 resource_allocation.go:76] "Listed internal info for allocatable resources, requested resources and score" pod="default/yolo-obb-2" node="gpu-orin3" resourceAllocationScorer="NodeResourcesBalancedAllocation" allocatableResource=[6000,7885152256] requestedResource=[100,52428800] resourceScore=99
2026-07-01 18:43:35.897 I0701 09:37:39.009231       1 schedule_one.go:745] "Plugin scored node for pod" pod="default/yolo-obb-2" plugin="TaintToleration" node="gpuorin4-desktop" score=300
2026-07-01 18:43:35.898 I0701 09:37:39.009236       1 schedule_one.go:745] "Plugin scored node for pod" pod="default/yolo-obb-2" plugin="NodeAffinity" node="gpuorin4-desktop" score=0
2026-07-01 18:43:35.899 I0701 09:37:39.009241       1 schedule_one.go:745] "Plugin scored node for pod" pod="default/yolo-obb-2" plugin="NodeResourcesFit" node="gpuorin4-desktop" score=78
2026-07-01 18:43:35.900 I0701 09:37:39.009244       1 schedule_one.go:745] "Plugin scored node for pod" pod="default/yolo-obb-2" plugin="VolumeBinding" node="gpuorin4-desktop" score=0
2026-07-01 18:43:35.901 I0701 09:37:39.009246       1 schedule_one.go:745] "Plugin scored node for pod" pod="default/yolo-obb-2" plugin="NodeResourcesBalancedAllocation" node="gpuorin4-desktop" score=99
2026-07-01 18:43:35.902 I0701 09:37:39.009249       1 schedule_one.go:745] "Plugin scored node for pod" pod="default/yolo-obb-2" plugin="ImageLocality" node="gpuorin4-desktop" score=0
2026-07-01 18:43:35.903 I0701 09:37:39.009252       1 schedule_one.go:745] "Plugin scored node for pod" pod="default/yolo-obb-2" plugin="TaintToleration" node="gpuorin5-desktop" score=300
2026-07-01 18:43:35.904 I0701 09:37:39.009255       1 schedule_one.go:745] "Plugin scored node for pod" pod="default/yolo-obb-2" plugin="NodeAffinity" node="gpuorin5-desktop" score=0
2026-07-01 18:43:35.905 I0701 09:37:39.009258       1 schedule_one.go:745] "Plugin scored node for pod" pod="default/yolo-obb-2" plugin="NodeResourcesFit" node="gpuorin5-desktop" score=78
2026-07-01 18:43:35.906 I0701 09:37:39.009260       1 schedule_one.go:745] "Plugin scored node for pod" pod="default/yolo-obb-2" plugin="VolumeBinding" node="gpuorin5-desktop" score=0
2026-07-01 18:43:35.907 I0701 09:37:39.009262       1 schedule_one.go:745] "Plugin scored node for pod" pod="default/yolo-obb-2" plugin="NodeResourcesBalancedAllocation" node="gpuorin5-desktop" score=99
2026-07-01 18:43:35.907 I0701 09:37:39.009264       1 schedule_one.go:745] "Plugin scored node for pod" pod="default/yolo-obb-2" plugin="ImageLocality" node="gpuorin5-desktop" score=0
2026-07-01 18:43:35.908 I0701 09:37:39.009266       1 schedule_one.go:745] "Plugin scored node for pod" pod="default/yolo-obb-2" plugin="TaintToleration" node="gpu-orin3" score=300
2026-07-01 18:43:35.909 I0701 09:37:39.009270       1 schedule_one.go:745] "Plugin scored node for pod" pod="default/yolo-obb-2" plugin="NodeAffinity" node="gpu-orin3" score=0
2026-07-01 18:43:35.909 I0701 09:37:39.009272       1 schedule_one.go:745] "Plugin scored node for pod" pod="default/yolo-obb-2" plugin="NodeResourcesFit" node="gpu-orin3" score=80
2026-07-01 18:43:35.910 I0701 09:37:39.009274       1 schedule_one.go:745] "Plugin scored node for pod" pod="default/yolo-obb-2" plugin="VolumeBinding" node="gpu-orin3" score=0
2026-07-01 18:43:35.911 I0701 09:37:39.009277       1 schedule_one.go:745] "Plugin scored node for pod" pod="default/yolo-obb-2" plugin="NodeResourcesBalancedAllocation" node="gpu-orin3" score=99
2026-07-01 18:43:35.911 I0701 09:37:39.009279       1 schedule_one.go:745] "Plugin scored node for pod" pod="default/yolo-obb-2" plugin="ImageLocality" node="gpu-orin3" score=0
2026-07-01 18:43:35.912 I0701 09:37:39.009282       1 schedule_one.go:745] "Plugin scored node for pod" pod="default/yolo-obb-2" plugin="TaintToleration" node="gpu-orin2" score=300
2026-07-01 18:43:35.913 I0701 09:37:39.009284       1 schedule_one.go:745] "Plugin scored node for pod" pod="default/yolo-obb-2" plugin="NodeAffinity" node="gpu-orin2" score=0
2026-07-01 18:43:35.913 I0701 09:37:39.009287       1 schedule_one.go:745] "Plugin scored node for pod" pod="default/yolo-obb-2" plugin="NodeResourcesFit" node="gpu-orin2" score=78
2026-07-01 18:43:35.914 I0701 09:37:39.009290       1 schedule_one.go:745] "Plugin scored node for pod" pod="default/yolo-obb-2" plugin="VolumeBinding" node="gpu-orin2" score=0
2026-07-01 18:43:35.915 I0701 09:37:39.009294       1 schedule_one.go:745] "Plugin scored node for pod" pod="default/yolo-obb-2" plugin="NodeResourcesBalancedAllocation" node="gpu-orin2" score=99
2026-07-01 18:43:35.915 I0701 09:37:39.009296       1 schedule_one.go:745] "Plugin scored node for pod" pod="default/yolo-obb-2" plugin="ImageLocality" node="gpu-orin2" score=0
2026-07-01 18:43:35.916 I0701 09:37:39.009300       1 schedule_one.go:812] "Calculated node's final score for pod" pod="default/yolo-obb-2" node="gpuorin4-desktop" score=477
2026-07-01 18:43:35.917 I0701 09:37:39.009303       1 schedule_one.go:812] "Calculated node's final score for pod" pod="default/yolo-obb-2" node="gpuorin5-desktop" score=477
2026-07-01 18:43:35.917 I0701 09:37:39.009306       1 schedule_one.go:812] "Calculated node's final score for pod" pod="default/yolo-obb-2" node="gpu-orin3" score=479
2026-07-01 18:43:35.918 I0701 09:37:39.009309       1 schedule_one.go:812] "Calculated node's final score for pod" pod="default/yolo-obb-2" node="gpu-orin2" score=477
2026-07-01 18:43:35.919 I0701 09:37:42.907537       1 resource_allocation.go:76] "Listed internal info for allocatable resources, requested resources and score" pod="default/yolo-pos-2" node="gpuorin5-desktop" resourceAllocationScorer="LeastAllocated" allocatableResource=[6000,7885127680] requestedResource=[1000,2097152000] resourceScore=78
2026-07-01 18:43:35.919 I0701 09:37:42.907575       1 resource_allocation.go:76] "Listed internal info for allocatable resources, requested resources and score" pod="default/yolo-pos-2" node="gpuorin5-desktop" resourceAllocationScorer="NodeResourcesBalancedAllocation" allocatableResource=[6000,7885127680] requestedResource=[100,52428800] resourceScore=99
2026-07-01 18:43:35.920 I0701 09:37:42.907607       1 resource_allocation.go:76] "Listed internal info for allocatable resources, requested resources and score" pod="default/yolo-pos-2" node="gpu-orin3" resourceAllocationScorer="LeastAllocated" allocatableResource=[6000,7885152256] requestedResource=[1000,2097152000] resourceScore=78
2026-07-01 18:43:35.921 I0701 09:37:42.907619       1 resource_allocation.go:76] "Listed internal info for allocatable resources, requested resources and score" pod="default/yolo-pos-2" node="gpu-orin2" resourceAllocationScorer="LeastAllocated" allocatableResource=[6000,7885127680] requestedResource=[1000,2097152000] resourceScore=78
2026-07-01 18:43:35.921 I0701 09:37:42.907657       1 resource_allocation.go:76] "Listed internal info for allocatable resources, requested resources and score" pod="default/yolo-pos-2" node="gpu-orin3" resourceAllocationScorer="NodeResourcesBalancedAllocation" allocatableResource=[6000,7885152256] requestedResource=[100,52428800] resourceScore=99
2026-07-01 18:43:35.922 I0701 09:37:42.907680       1 resource_allocation.go:76] "Listed internal info for allocatable resources, requested resources and score" pod="default/yolo-pos-2" node="gpu-orin2" resourceAllocationScorer="NodeResourcesBalancedAllocation" allocatableResource=[6000,7885127680] requestedResource=[100,52428800] resourceScore=99
2026-07-01 18:43:35.923 I0701 09:37:42.907616       1 resource_allocation.go:76] "Listed internal info for allocatable resources, requested resources and score" pod="default/yolo-pos-2" node="gpuorin4-desktop" resourceAllocationScorer="LeastAllocated" allocatableResource=[6000,7885250560] requestedResource=[1000,2097152000] resourceScore=78
2026-07-01 18:43:35.923 I0701 09:37:42.907736       1 resource_allocation.go:76] "Listed internal info for allocatable resources, requested resources and score" pod="default/yolo-pos-2" node="gpuorin4-desktop" resourceAllocationScorer="NodeResourcesBalancedAllocation" allocatableResource=[6000,7885250560] requestedResource=[100,52428800] resourceScore=99
2026-07-01 18:43:35.924 I0701 09:37:42.907882       1 schedule_one.go:745] "Plugin scored node for pod" pod="default/yolo-pos-2" plugin="TaintToleration" node="gpuorin5-desktop" score=300
2026-07-01 18:43:35.925 I0701 09:37:42.907911       1 schedule_one.go:745] "Plugin scored node for pod" pod="default/yolo-pos-2" plugin="NodeAffinity" node="gpuorin5-desktop" score=0
2026-07-01 18:43:35.925 I0701 09:37:42.907926       1 schedule_one.go:745] "Plugin scored node for pod" pod="default/yolo-pos-2" plugin="NodeResourcesFit" node="gpuorin5-desktop" score=78
2026-07-01 18:43:35.926 I0701 09:37:42.907938       1 schedule_one.go:745] "Plugin scored node for pod" pod="default/yolo-pos-2" plugin="VolumeBinding" node="gpuorin5-desktop" score=0
2026-07-01 18:43:35.927 I0701 09:37:42.907956       1 schedule_one.go:745] "Plugin scored node for pod" pod="default/yolo-pos-2" plugin="NodeResourcesBalancedAllocation" node="gpuorin5-desktop" score=99
2026-07-01 18:43:35.927 I0701 09:37:42.907969       1 schedule_one.go:745] "Plugin scored node for pod" pod="default/yolo-pos-2" plugin="ImageLocality" node="gpuorin5-desktop" score=0
2026-07-01 18:43:35.928 I0701 09:37:42.907981       1 schedule_one.go:745] "Plugin scored node for pod" pod="default/yolo-pos-2" plugin="TaintToleration" node="gpu-orin3" score=300
2026-07-01 18:43:35.929 I0701 09:37:42.907994       1 schedule_one.go:745] "Plugin scored node for pod" pod="default/yolo-pos-2" plugin="NodeAffinity" node="gpu-orin3" score=0
2026-07-01 18:43:35.929 I0701 09:37:42.908005       1 schedule_one.go:745] "Plugin scored node for pod" pod="default/yolo-pos-2" plugin="NodeResourcesFit" node="gpu-orin3" score=78
2026-07-01 18:43:35.930 I0701 09:37:42.908016       1 schedule_one.go:745] "Plugin scored node for pod" pod="default/yolo-pos-2" plugin="VolumeBinding" node="gpu-orin3" score=0
2026-07-01 18:43:35.931 I0701 09:37:42.908029       1 schedule_one.go:745] "Plugin scored node for pod" pod="default/yolo-pos-2" plugin="NodeResourcesBalancedAllocation" node="gpu-orin3" score=99
2026-07-01 18:43:35.932 I0701 09:37:42.908047       1 schedule_one.go:745] "Plugin scored node for pod" pod="default/yolo-pos-2" plugin="ImageLocality" node="gpu-orin3" score=0
2026-07-01 18:43:35.933 I0701 09:37:42.908058       1 schedule_one.go:745] "Plugin scored node for pod" pod="default/yolo-pos-2" plugin="TaintToleration" node="gpu-orin2" score=300
2026-07-01 18:43:35.934 I0701 09:37:42.908070       1 schedule_one.go:745] "Plugin scored node for pod" pod="default/yolo-pos-2" plugin="NodeAffinity" node="gpu-orin2" score=0
2026-07-01 18:43:35.935 I0701 09:37:42.908087       1 schedule_one.go:745] "Plugin scored node for pod" pod="default/yolo-pos-2" plugin="NodeResourcesFit" node="gpu-orin2" score=78
2026-07-01 18:43:35.937 I0701 09:37:42.908100       1 schedule_one.go:745] "Plugin scored node for pod" pod="default/yolo-pos-2" plugin="VolumeBinding" node="gpu-orin2" score=0
2026-07-01 18:43:35.938 I0701 09:37:42.908112       1 schedule_one.go:745] "Plugin scored node for pod" pod="default/yolo-pos-2" plugin="NodeResourcesBalancedAllocation" node="gpu-orin2" score=99
2026-07-01 18:43:35.940 I0701 09:37:42.908125       1 schedule_one.go:745] "Plugin scored node for pod" pod="default/yolo-pos-2" plugin="ImageLocality" node="gpu-orin2" score=0
2026-07-01 18:43:35.942 I0701 09:37:42.908137       1 schedule_one.go:745] "Plugin scored node for pod" pod="default/yolo-pos-2" plugin="TaintToleration" node="gpuorin4-desktop" score=300
2026-07-01 18:43:35.945 I0701 09:37:42.908155       1 schedule_one.go:745] "Plugin scored node for pod" pod="default/yolo-pos-2" plugin="NodeAffinity" node="gpuorin4-desktop" score=0
2026-07-01 18:43:35.947 I0701 09:37:42.908167       1 schedule_one.go:745] "Plugin scored node for pod" pod="default/yolo-pos-2" plugin="NodeResourcesFit" node="gpuorin4-desktop" score=78
2026-07-01 18:43:35.950 I0701 09:37:42.908178       1 schedule_one.go:745] "Plugin scored node for pod" pod="default/yolo-pos-2" plugin="VolumeBinding" node="gpuorin4-desktop" score=0
2026-07-01 18:43:35.953 I0701 09:37:42.908190       1 schedule_one.go:745] "Plugin scored node for pod" pod="default/yolo-pos-2" plugin="NodeResourcesBalancedAllocation" node="gpuorin4-desktop" score=99
2026-07-01 18:43:35.955 I0701 09:37:42.908202       1 schedule_one.go:745] "Plugin scored node for pod" pod="default/yolo-pos-2" plugin="ImageLocality" node="gpuorin4-desktop" score=0
2026-07-01 18:43:35.958 I0701 09:37:42.908217       1 schedule_one.go:812] "Calculated node's final score for pod" pod="default/yolo-pos-2" node="gpuorin5-desktop" score=477
2026-07-01 18:43:35.961 I0701 09:37:42.908232       1 schedule_one.go:812] "Calculated node's final score for pod" pod="default/yolo-pos-2" node="gpu-orin3" score=477
2026-07-01 18:43:35.963 I0701 09:37:42.908254       1 schedule_one.go:812] "Calculated node's final score for pod" pod="default/yolo-pos-2" node="gpu-orin2" score=477
2026-07-01 18:43:35.966 I0701 09:37:42.908269       1 schedule_one.go:812] "Calculated node's final score for pod" pod="default/yolo-pos-2" node="gpuorin4-desktop" score=477
2026-07-01 18:43:35.969 I0701 09:40:27.867525       1 resource_allocation.go:76] "Listed internal info for allocatable resources, requested resources and score" pod="default/yolo-cls-1" node="gpu-orin3" resourceAllocationScorer="LeastAllocated" allocatableResource=[6000,7885152256] requestedResource=[700,1468006400] resourceScore=84
2026-07-01 18:43:35.972 I0701 09:40:27.867572       1 resource_allocation.go:76] "Listed internal info for allocatable resources, requested resources and score" pod="default/yolo-cls-1" node="gpu-orin3" resourceAllocationScorer="NodeResourcesBalancedAllocation" allocatableResource=[6000,7885152256] requestedResource=[100,52428800] resourceScore=99
2026-07-01 18:43:35.975 I0701 09:40:27.867607       1 resource_allocation.go:76] "Listed internal info for allocatable resources, requested resources and score" pod="default/yolo-cls-1" node="gpu-orin2" resourceAllocationScorer="LeastAllocated" allocatableResource=[6000,7885127680] requestedResource=[700,1468006400] resourceScore=84
2026-07-01 18:43:35.978 I0701 09:40:27.867634       1 resource_allocation.go:76] "Listed internal info for allocatable resources, requested resources and score" pod="default/yolo-cls-1" node="gpu-orin2" resourceAllocationScorer="NodeResourcesBalancedAllocation" allocatableResource=[6000,7885127680] requestedResource=[100,52428800] resourceScore=99
2026-07-01 18:43:35.981 I0701 09:40:27.867666       1 resource_allocation.go:76] "Listed internal info for allocatable resources, requested resources and score" pod="default/yolo-cls-1" node="gpuorin5-desktop" resourceAllocationScorer="LeastAllocated" allocatableResource=[6000,7885127680] requestedResource=[700,1468006400] resourceScore=84
2026-07-01 18:43:35.984 I0701 09:40:27.867693       1 resource_allocation.go:76] "Listed internal info for allocatable resources, requested resources and score" pod="default/yolo-cls-1" node="gpuorin5-desktop" resourceAllocationScorer="NodeResourcesBalancedAllocation" allocatableResource=[6000,7885127680] requestedResource=[100,52428800] resourceScore=99
2026-07-01 18:43:35.987 I0701 09:40:27.867732       1 resource_allocation.go:76] "Listed internal info for allocatable resources, requested resources and score" pod="default/yolo-cls-1" node="gpuorin4-desktop" resourceAllocationScorer="LeastAllocated" allocatableResource=[6000,7885250560] requestedResource=[1000,2097152000] resourceScore=78
2026-07-01 18:43:35.990 I0701 09:40:27.867758       1 resource_allocation.go:76] "Listed internal info for allocatable resources, requested resources and score" pod="default/yolo-cls-1" node="gpuorin4-desktop" resourceAllocationScorer="NodeResourcesBalancedAllocation" allocatableResource=[6000,7885250560] requestedResource=[100,52428800] resourceScore=99
2026-07-01 18:43:35.993 I0701 09:40:27.867854       1 schedule_one.go:745] "Plugin scored node for pod" pod="default/yolo-cls-1" plugin="TaintToleration" node="gpu-orin3" score=300
2026-07-01 18:43:35.996 I0701 09:40:27.867876       1 schedule_one.go:745] "Plugin scored node for pod" pod="default/yolo-cls-1" plugin="NodeAffinity" node="gpu-orin3" score=0
2026-07-01 18:43:35.999 I0701 09:40:27.867894       1 schedule_one.go:745] "Plugin scored node for pod" pod="default/yolo-cls-1" plugin="NodeResourcesFit" node="gpu-orin3" score=84
2026-07-01 18:43:36.001 I0701 09:40:27.867913       1 schedule_one.go:745] "Plugin scored node for pod" pod="default/yolo-cls-1" plugin="VolumeBinding" node="gpu-orin3" score=0
2026-07-01 18:43:36.004 I0701 09:40:27.867927       1 schedule_one.go:745] "Plugin scored node for pod" pod="default/yolo-cls-1" plugin="NodeResourcesBalancedAllocation" node="gpu-orin3" score=99
2026-07-01 18:43:36.006 I0701 09:40:27.867942       1 schedule_one.go:745] "Plugin scored node for pod" pod="default/yolo-cls-1" plugin="ImageLocality" node="gpu-orin3" score=0
2026-07-01 18:43:36.009 I0701 09:40:27.867955       1 schedule_one.go:745] "Plugin scored node for pod" pod="default/yolo-cls-1" plugin="TaintToleration" node="gpu-orin2" score=300
2026-07-01 18:43:36.012 I0701 09:40:27.867968       1 schedule_one.go:745] "Plugin scored node for pod" pod="default/yolo-cls-1" plugin="NodeAffinity" node="gpu-orin2" score=0
2026-07-01 18:43:36.014 I0701 09:40:27.867981       1 schedule_one.go:745] "Plugin scored node for pod" pod="default/yolo-cls-1" plugin="NodeResourcesFit" node="gpu-orin2" score=84
2026-07-01 18:43:36.017 I0701 09:40:27.867994       1 schedule_one.go:745] "Plugin scored node for pod" pod="default/yolo-cls-1" plugin="VolumeBinding" node="gpu-orin2" score=0
2026-07-01 18:43:36.020 I0701 09:40:27.868006       1 schedule_one.go:745] "Plugin scored node for pod" pod="default/yolo-cls-1" plugin="NodeResourcesBalancedAllocation" node="gpu-orin2" score=99
2026-07-01 18:43:36.023 I0701 09:40:27.868018       1 schedule_one.go:745] "Plugin scored node for pod" pod="default/yolo-cls-1" plugin="ImageLocality" node="gpu-orin2" score=0
2026-07-01 18:43:36.025 I0701 09:40:27.868034       1 schedule_one.go:745] "Plugin scored node for pod" pod="default/yolo-cls-1" plugin="TaintToleration" node="gpuorin5-desktop" score=300
2026-07-01 18:43:36.028 I0701 09:40:27.868049       1 schedule_one.go:745] "Plugin scored node for pod" pod="default/yolo-cls-1" plugin="NodeAffinity" node="gpuorin5-desktop" score=0
2026-07-01 18:43:36.030 I0701 09:40:27.868062       1 schedule_one.go:745] "Plugin scored node for pod" pod="default/yolo-cls-1" plugin="NodeResourcesFit" node="gpuorin5-desktop" score=84
2026-07-01 18:43:36.033 I0701 09:40:27.868074       1 schedule_one.go:745] "Plugin scored node for pod" pod="default/yolo-cls-1" plugin="VolumeBinding" node="gpuorin5-desktop" score=0
2026-07-01 18:43:36.036 I0701 09:40:27.868087       1 schedule_one.go:745] "Plugin scored node for pod" pod="default/yolo-cls-1" plugin="NodeResourcesBalancedAllocation" node="gpuorin5-desktop" score=99
2026-07-01 18:43:36.038 I0701 09:40:27.868099       1 schedule_one.go:745] "Plugin scored node for pod" pod="default/yolo-cls-1" plugin="ImageLocality" node="gpuorin5-desktop" score=0
2026-07-01 18:43:36.041 I0701 09:40:27.868116       1 schedule_one.go:745] "Plugin scored node for pod" pod="default/yolo-cls-1" plugin="TaintToleration" node="gpuorin4-desktop" score=300
2026-07-01 18:43:36.044 I0701 09:40:27.868128       1 schedule_one.go:745] "Plugin scored node for pod" pod="default/yolo-cls-1" plugin="NodeAffinity" node="gpuorin4-desktop" score=0
2026-07-01 18:43:36.046 I0701 09:40:27.868140       1 schedule_one.go:745] "Plugin scored node for pod" pod="default/yolo-cls-1" plugin="NodeResourcesFit" node="gpuorin4-desktop" score=78
2026-07-01 18:43:36.049 I0701 09:40:27.868151       1 schedule_one.go:745] "Plugin scored node for pod" pod="default/yolo-cls-1" plugin="VolumeBinding" node="gpuorin4-desktop" score=0
2026-07-01 18:43:36.052 I0701 09:40:27.868165       1 schedule_one.go:745] "Plugin scored node for pod" pod="default/yolo-cls-1" plugin="NodeResourcesBalancedAllocation" node="gpuorin4-desktop" score=99
2026-07-01 18:43:36.055 I0701 09:40:27.868177       1 schedule_one.go:745] "Plugin scored node for pod" pod="default/yolo-cls-1" plugin="ImageLocality" node="gpuorin4-desktop" score=0
2026-07-01 18:43:36.057 I0701 09:40:27.868195       1 schedule_one.go:812] "Calculated node's final score for pod" pod="default/yolo-cls-1" node="gpu-orin3" score=483
2026-07-01 18:43:36.060 I0701 09:40:27.868209       1 schedule_one.go:812] "Calculated node's final score for pod" pod="default/yolo-cls-1" node="gpu-orin2" score=483
2026-07-01 18:43:36.062 I0701 09:40:27.868225       1 schedule_one.go:812] "Calculated node's final score for pod" pod="default/yolo-cls-1" node="gpuorin5-desktop" score=483
2026-07-01 18:43:36.065 I0701 09:40:27.868239       1 schedule_one.go:812] "Calculated node's final score for pod" pod="default/yolo-cls-1" node="gpuorin4-desktop" score=477
2026-07-01 18:43:36.068 I0701 09:40:32.076540       1 resource_allocation.go:76] "Listed internal info for allocatable resources, requested resources and score" pod="default/yolo-det-1" node="gpuorin4-desktop" resourceAllocationScorer="LeastAllocated" allocatableResource=[6000,7885250560] requestedResource=[1000,2097152000] resourceScore=78
2026-07-01 18:43:36.071 I0701 09:40:32.076541       1 resource_allocation.go:76] "Listed internal info for allocatable resources, requested resources and score" pod="default/yolo-det-1" node="gpu-orin2" resourceAllocationScorer="LeastAllocated" allocatableResource=[6000,7885127680] requestedResource=[700,1468006400] resourceScore=84
2026-07-01 18:43:36.074 I0701 09:40:32.076550       1 resource_allocation.go:76] "Listed internal info for allocatable resources, requested resources and score" pod="default/yolo-det-1" node="gpuorin4-desktop" resourceAllocationScorer="NodeResourcesBalancedAllocation" allocatableResource=[6000,7885250560] requestedResource=[100,52428800] resourceScore=99
2026-07-01 18:43:36.076 I0701 09:40:32.076545       1 resource_allocation.go:76] "Listed internal info for allocatable resources, requested resources and score" pod="default/yolo-det-1" node="gpuorin5-desktop" resourceAllocationScorer="LeastAllocated" allocatableResource=[6000,7885127680] requestedResource=[700,1468006400] resourceScore=84
2026-07-01 18:43:36.079 I0701 09:40:32.076555       1 resource_allocation.go:76] "Listed internal info for allocatable resources, requested resources and score" pod="default/yolo-det-1" node="gpu-orin2" resourceAllocationScorer="NodeResourcesBalancedAllocation" allocatableResource=[6000,7885127680] requestedResource=[100,52428800] resourceScore=99
2026-07-01 18:43:36.082 I0701 09:40:32.076541       1 resource_allocation.go:76] "Listed internal info for allocatable resources, requested resources and score" pod="default/yolo-det-1" node="gpu-orin3" resourceAllocationScorer="LeastAllocated" allocatableResource=[6000,7885152256] requestedResource=[800,1677721600] resourceScore=82
2026-07-01 18:43:36.085 I0701 09:40:32.076562       1 resource_allocation.go:76] "Listed internal info for allocatable resources, requested resources and score" pod="default/yolo-det-1" node="gpuorin5-desktop" resourceAllocationScorer="NodeResourcesBalancedAllocation" allocatableResource=[6000,7885127680] requestedResource=[100,52428800] resourceScore=99
2026-07-01 18:43:36.088 I0701 09:40:32.076571       1 resource_allocation.go:76] "Listed internal info for allocatable resources, requested resources and score" pod="default/yolo-det-1" node="gpu-orin3" resourceAllocationScorer="NodeResourcesBalancedAllocation" allocatableResource=[6000,7885152256] requestedResource=[100,52428800] resourceScore=99
2026-07-01 18:43:36.090 I0701 09:40:32.076599       1 schedule_one.go:745] "Plugin scored node for pod" pod="default/yolo-det-1" plugin="TaintToleration" node="gpu-orin2" score=300
2026-07-01 18:43:36.093 I0701 09:40:32.076606       1 schedule_one.go:745] "Plugin scored node for pod" pod="default/yolo-det-1" plugin="NodeAffinity" node="gpu-orin2" score=0
2026-07-01 18:43:36.096 I0701 09:40:32.076611       1 schedule_one.go:745] "Plugin scored node for pod" pod="default/yolo-det-1" plugin="NodeResourcesFit" node="gpu-orin2" score=84
2026-07-01 18:43:36.098 I0701 09:40:32.076615       1 schedule_one.go:745] "Plugin scored node for pod" pod="default/yolo-det-1" plugin="VolumeBinding" node="gpu-orin2" score=0
2026-07-01 18:43:36.099 I0701 09:40:32.076619       1 schedule_one.go:745] "Plugin scored node for pod" pod="default/yolo-det-1" plugin="NodeResourcesBalancedAllocation" node="gpu-orin2" score=99
2026-07-01 18:43:36.101 I0701 09:40:32.076622       1 schedule_one.go:745] "Plugin scored node for pod" pod="default/yolo-det-1" plugin="ImageLocality" node="gpu-orin2" score=0
2026-07-01 18:43:36.102 I0701 09:40:32.076626       1 schedule_one.go:745] "Plugin scored node for pod" pod="default/yolo-det-1" plugin="TaintToleration" node="gpu-orin3" score=300
2026-07-01 18:43:36.104 I0701 09:40:32.076630       1 schedule_one.go:745] "Plugin scored node for pod" pod="default/yolo-det-1" plugin="NodeAffinity" node="gpu-orin3" score=0
2026-07-01 18:43:36.105 I0701 09:40:32.076633       1 schedule_one.go:745] "Plugin scored node for pod" pod="default/yolo-det-1" plugin="NodeResourcesFit" node="gpu-orin3" score=82
2026-07-01 18:43:36.107 I0701 09:40:32.076636       1 schedule_one.go:745] "Plugin scored node for pod" pod="default/yolo-det-1" plugin="VolumeBinding" node="gpu-orin3" score=0
2026-07-01 18:43:36.109 I0701 09:40:32.076640       1 schedule_one.go:745] "Plugin scored node for pod" pod="default/yolo-det-1" plugin="NodeResourcesBalancedAllocation" node="gpu-orin3" score=99
2026-07-01 18:43:36.111 I0701 09:40:32.076644       1 schedule_one.go:745] "Plugin scored node for pod" pod="default/yolo-det-1" plugin="ImageLocality" node="gpu-orin3" score=0
2026-07-01 18:43:36.114 I0701 09:40:32.076648       1 schedule_one.go:745] "Plugin scored node for pod" pod="default/yolo-det-1" plugin="TaintToleration" node="gpuorin4-desktop" score=300
2026-07-01 18:43:36.117 I0701 09:40:32.076651       1 schedule_one.go:745] "Plugin scored node for pod" pod="default/yolo-det-1" plugin="NodeAffinity" node="gpuorin4-desktop" score=0
2026-07-01 18:43:36.120 I0701 09:40:32.076655       1 schedule_one.go:745] "Plugin scored node for pod" pod="default/yolo-det-1" plugin="NodeResourcesFit" node="gpuorin4-desktop" score=78
2026-07-01 18:43:36.123 I0701 09:40:32.076659       1 schedule_one.go:745] "Plugin scored node for pod" pod="default/yolo-det-1" plugin="VolumeBinding" node="gpuorin4-desktop" score=0
2026-07-01 18:43:36.126 I0701 09:40:32.076663       1 schedule_one.go:745] "Plugin scored node for pod" pod="default/yolo-det-1" plugin="NodeResourcesBalancedAllocation" node="gpuorin4-desktop" score=99
2026-07-01 18:43:36.128 I0701 09:40:32.076666       1 schedule_one.go:745] "Plugin scored node for pod" pod="default/yolo-det-1" plugin="ImageLocality" node="gpuorin4-desktop" score=0
2026-07-01 18:43:36.130 I0701 09:40:32.076670       1 schedule_one.go:745] "Plugin scored node for pod" pod="default/yolo-det-1" plugin="TaintToleration" node="gpuorin5-desktop" score=300
2026-07-01 18:43:36.133 I0701 09:40:32.076673       1 schedule_one.go:745] "Plugin scored node for pod" pod="default/yolo-det-1" plugin="NodeAffinity" node="gpuorin5-desktop" score=0
2026-07-01 18:43:36.136 I0701 09:40:32.076677       1 schedule_one.go:745] "Plugin scored node for pod" pod="default/yolo-det-1" plugin="NodeResourcesFit" node="gpuorin5-desktop" score=84
2026-07-01 18:43:36.138 I0701 09:40:32.076684       1 schedule_one.go:745] "Plugin scored node for pod" pod="default/yolo-det-1" plugin="VolumeBinding" node="gpuorin5-desktop" score=0
2026-07-01 18:43:36.141 I0701 09:40:32.076688       1 schedule_one.go:745] "Plugin scored node for pod" pod="default/yolo-det-1" plugin="NodeResourcesBalancedAllocation" node="gpuorin5-desktop" score=99
2026-07-01 18:43:36.144 I0701 09:40:32.076692       1 schedule_one.go:745] "Plugin scored node for pod" pod="default/yolo-det-1" plugin="ImageLocality" node="gpuorin5-desktop" score=0
2026-07-01 18:43:36.146 I0701 09:40:32.076697       1 schedule_one.go:812] "Calculated node's final score for pod" pod="default/yolo-det-1" node="gpu-orin2" score=483
2026-07-01 18:43:36.149 I0701 09:40:32.076702       1 schedule_one.go:812] "Calculated node's final score for pod" pod="default/yolo-det-1" node="gpu-orin3" score=481
2026-07-01 18:43:36.152 I0701 09:40:32.076706       1 schedule_one.go:812] "Calculated node's final score for pod" pod="default/yolo-det-1" node="gpuorin4-desktop" score=477
2026-07-01 18:43:36.154 I0701 09:40:32.076711       1 schedule_one.go:812] "Calculated node's final score for pod" pod="default/yolo-det-1" node="gpuorin5-desktop" score=483
2026-07-01 18:43:36.157 I0701 09:40:36.791880       1 resource_allocation.go:76] "Listed internal info for allocatable resources, requested resources and score" pod="default/yolo-seg-1" node="gpu-orin2" resourceAllocationScorer="LeastAllocated" allocatableResource=[6000,7885127680] requestedResource=[800,1677721600] resourceScore=82
2026-07-01 18:43:36.160 I0701 09:40:36.791900       1 resource_allocation.go:76] "Listed internal info for allocatable resources, requested resources and score" pod="default/yolo-seg-1" node="gpu-orin3" resourceAllocationScorer="LeastAllocated" allocatableResource=[6000,7885152256] requestedResource=[800,1677721600] resourceScore=82
2026-07-01 18:43:36.163 I0701 09:40:36.791938       1 resource_allocation.go:76] "Listed internal info for allocatable resources, requested resources and score" pod="default/yolo-seg-1" node="gpu-orin3" resourceAllocationScorer="NodeResourcesBalancedAllocation" allocatableResource=[6000,7885152256] requestedResource=[100,52428800] resourceScore=99
2026-07-01 18:43:36.165 I0701 09:40:36.791940       1 resource_allocation.go:76] "Listed internal info for allocatable resources, requested resources and score" pod="default/yolo-seg-1" node="gpuorin4-desktop" resourceAllocationScorer="LeastAllocated" allocatableResource=[6000,7885250560] requestedResource=[1000,2097152000] resourceScore=78
2026-07-01 18:43:36.168 I0701 09:40:36.791972       1 resource_allocation.go:76] "Listed internal info for allocatable resources, requested resources and score" pod="default/yolo-seg-1" node="gpuorin4-desktop" resourceAllocationScorer="NodeResourcesBalancedAllocation" allocatableResource=[6000,7885250560] requestedResource=[100,52428800] resourceScore=99
2026-07-01 18:43:36.171 I0701 09:40:36.792004       1 resource_allocation.go:76] "Listed internal info for allocatable resources, requested resources and score" pod="default/yolo-seg-1" node="gpuorin5-desktop" resourceAllocationScorer="LeastAllocated" allocatableResource=[6000,7885127680] requestedResource=[700,1468006400] resourceScore=84
2026-07-01 18:43:36.174 I0701 09:40:36.792058       1 resource_allocation.go:76] "Listed internal info for allocatable resources, requested resources and score" pod="default/yolo-seg-1" node="gpuorin5-desktop" resourceAllocationScorer="NodeResourcesBalancedAllocation" allocatableResource=[6000,7885127680] requestedResource=[100,52428800] resourceScore=99
2026-07-01 18:43:36.176 I0701 09:40:36.792064       1 resource_allocation.go:76] "Listed internal info for allocatable resources, requested resources and score" pod="default/yolo-seg-1" node="gpu-orin2" resourceAllocationScorer="NodeResourcesBalancedAllocation" allocatableResource=[6000,7885127680] requestedResource=[100,52428800] resourceScore=99
2026-07-01 18:43:36.179 I0701 09:40:36.792215       1 schedule_one.go:745] "Plugin scored node for pod" pod="default/yolo-seg-1" plugin="TaintToleration" node="gpu-orin2" score=300
2026-07-01 18:43:36.181 I0701 09:40:36.792244       1 schedule_one.go:745] "Plugin scored node for pod" pod="default/yolo-seg-1" plugin="NodeAffinity" node="gpu-orin2" score=0
2026-07-01 18:43:36.184 I0701 09:40:36.792258       1 schedule_one.go:745] "Plugin scored node for pod" pod="default/yolo-seg-1" plugin="NodeResourcesFit" node="gpu-orin2" score=82
2026-07-01 18:43:36.187 I0701 09:40:36.792272       1 schedule_one.go:745] "Plugin scored node for pod" pod="default/yolo-seg-1" plugin="VolumeBinding" node="gpu-orin2" score=0
2026-07-01 18:43:36.189 I0701 09:40:36.792282       1 schedule_one.go:745] "Plugin scored node for pod" pod="default/yolo-seg-1" plugin="NodeResourcesBalancedAllocation" node="gpu-orin2" score=99
2026-07-01 18:43:36.192 I0701 09:40:36.792292       1 schedule_one.go:745] "Plugin scored node for pod" pod="default/yolo-seg-1" plugin="ImageLocality" node="gpu-orin2" score=0
2026-07-01 18:43:36.194 I0701 09:40:36.792303       1 schedule_one.go:745] "Plugin scored node for pod" pod="default/yolo-seg-1" plugin="TaintToleration" node="gpu-orin3" score=300
2026-07-01 18:43:36.196 I0701 09:40:36.792312       1 schedule_one.go:745] "Plugin scored node for pod" pod="default/yolo-seg-1" plugin="NodeAffinity" node="gpu-orin3" score=0
2026-07-01 18:43:36.199 I0701 09:40:36.792325       1 schedule_one.go:745] "Plugin scored node for pod" pod="default/yolo-seg-1" plugin="NodeResourcesFit" node="gpu-orin3" score=82
2026-07-01 18:43:36.202 I0701 09:40:36.792334       1 schedule_one.go:745] "Plugin scored node for pod" pod="default/yolo-seg-1" plugin="VolumeBinding" node="gpu-orin3" score=0
2026-07-01 18:43:36.205 I0701 09:40:36.792344       1 schedule_one.go:745] "Plugin scored node for pod" pod="default/yolo-seg-1" plugin="NodeResourcesBalancedAllocation" node="gpu-orin3" score=99
2026-07-01 18:43:36.207 I0701 09:40:36.792353       1 schedule_one.go:745] "Plugin scored node for pod" pod="default/yolo-seg-1" plugin="ImageLocality" node="gpu-orin3" score=0
2026-07-01 18:43:36.210 I0701 09:40:36.792363       1 schedule_one.go:745] "Plugin scored node for pod" pod="default/yolo-seg-1" plugin="TaintToleration" node="gpuorin5-desktop" score=300
2026-07-01 18:43:36.213 I0701 09:40:36.792372       1 schedule_one.go:745] "Plugin scored node for pod" pod="default/yolo-seg-1" plugin="NodeAffinity" node="gpuorin5-desktop" score=0
2026-07-01 18:43:36.216 I0701 09:40:36.792382       1 schedule_one.go:745] "Plugin scored node for pod" pod="default/yolo-seg-1" plugin="NodeResourcesFit" node="gpuorin5-desktop" score=84
2026-07-01 18:43:36.218 I0701 09:40:36.792393       1 schedule_one.go:745] "Plugin scored node for pod" pod="default/yolo-seg-1" plugin="VolumeBinding" node="gpuorin5-desktop" score=0
2026-07-01 18:43:36.221 I0701 09:40:36.792402       1 schedule_one.go:745] "Plugin scored node for pod" pod="default/yolo-seg-1" plugin="NodeResourcesBalancedAllocation" node="gpuorin5-desktop" score=99
2026-07-01 18:43:36.223 I0701 09:40:36.792411       1 schedule_one.go:745] "Plugin scored node for pod" pod="default/yolo-seg-1" plugin="ImageLocality" node="gpuorin5-desktop" score=0
2026-07-01 18:43:36.226 I0701 09:40:36.792421       1 schedule_one.go:745] "Plugin scored node for pod" pod="default/yolo-seg-1" plugin="TaintToleration" node="gpuorin4-desktop" score=300
2026-07-01 18:43:36.228 I0701 09:40:36.792431       1 schedule_one.go:745] "Plugin scored node for pod" pod="default/yolo-seg-1" plugin="NodeAffinity" node="gpuorin4-desktop" score=0
2026-07-01 18:43:36.231 I0701 09:40:36.792440       1 schedule_one.go:745] "Plugin scored node for pod" pod="default/yolo-seg-1" plugin="NodeResourcesFit" node="gpuorin4-desktop" score=78
2026-07-01 18:43:36.234 I0701 09:40:36.792449       1 schedule_one.go:745] "Plugin scored node for pod" pod="default/yolo-seg-1" plugin="VolumeBinding" node="gpuorin4-desktop" score=0
2026-07-01 18:43:36.237 I0701 09:40:36.792458       1 schedule_one.go:745] "Plugin scored node for pod" pod="default/yolo-seg-1" plugin="NodeResourcesBalancedAllocation" node="gpuorin4-desktop" score=99
2026-07-01 18:43:36.239 I0701 09:40:36.792469       1 schedule_one.go:745] "Plugin scored node for pod" pod="default/yolo-seg-1" plugin="ImageLocality" node="gpuorin4-desktop" score=0
2026-07-01 18:43:36.242 I0701 09:40:36.792483       1 schedule_one.go:812] "Calculated node's final score for pod" pod="default/yolo-seg-1" node="gpu-orin2" score=481
2026-07-01 18:43:36.245 I0701 09:40:36.792496       1 schedule_one.go:812] "Calculated node's final score for pod" pod="default/yolo-seg-1" node="gpu-orin3" score=481
2026-07-01 18:43:36.247 I0701 09:40:36.792507       1 schedule_one.go:812] "Calculated node's final score for pod" pod="default/yolo-seg-1" node="gpuorin5-desktop" score=483
2026-07-01 18:43:36.250 I0701 09:40:36.792518       1 schedule_one.go:812] "Calculated node's final score for pod" pod="default/yolo-seg-1" node="gpuorin4-desktop" score=477
2026-07-01 18:43:36.253 I0701 09:40:41.021323       1 resource_allocation.go:76] "Listed internal info for allocatable resources, requested resources and score" pod="default/yolo-obb-1" node="gpu-orin2" resourceAllocationScorer="LeastAllocated" allocatableResource=[6000,7885127680] requestedResource=[800,1677721600] resourceScore=82
2026-07-01 18:43:36.255 I0701 09:40:41.021344       1 resource_allocation.go:76] "Listed internal info for allocatable resources, requested resources and score" pod="default/yolo-obb-1" node="gpu-orin3" resourceAllocationScorer="LeastAllocated" allocatableResource=[6000,7885152256] requestedResource=[800,1677721600] resourceScore=82
2026-07-01 18:43:36.258 I0701 09:40:41.021351       1 resource_allocation.go:76] "Listed internal info for allocatable resources, requested resources and score" pod="default/yolo-obb-1" node="gpu-orin2" resourceAllocationScorer="NodeResourcesBalancedAllocation" allocatableResource=[6000,7885127680] requestedResource=[100,52428800] resourceScore=99
2026-07-01 18:43:36.260 I0701 09:40:41.021367       1 resource_allocation.go:76] "Listed internal info for allocatable resources, requested resources and score" pod="default/yolo-obb-1" node="gpuorin4-desktop" resourceAllocationScorer="LeastAllocated" allocatableResource=[6000,7885250560] requestedResource=[1000,2097152000] resourceScore=78
2026-07-01 18:43:36.261 I0701 09:40:41.021375       1 resource_allocation.go:76] "Listed internal info for allocatable resources, requested resources and score" pod="default/yolo-obb-1" node="gpu-orin3" resourceAllocationScorer="NodeResourcesBalancedAllocation" allocatableResource=[6000,7885152256] requestedResource=[100,52428800] resourceScore=99
2026-07-01 18:43:36.263 I0701 09:40:41.021388       1 resource_allocation.go:76] "Listed internal info for allocatable resources, requested resources and score" pod="default/yolo-obb-1" node="gpuorin5-desktop" resourceAllocationScorer="LeastAllocated" allocatableResource=[6000,7885127680] requestedResource=[800,1677721600] resourceScore=82
2026-07-01 18:43:36.264 I0701 09:40:41.021402       1 resource_allocation.go:76] "Listed internal info for allocatable resources, requested resources and score" pod="default/yolo-obb-1" node="gpuorin4-desktop" resourceAllocationScorer="NodeResourcesBalancedAllocation" allocatableResource=[6000,7885250560] requestedResource=[100,52428800] resourceScore=99
2026-07-01 18:43:36.265 I0701 09:40:41.021424       1 resource_allocation.go:76] "Listed internal info for allocatable resources, requested resources and score" pod="default/yolo-obb-1" node="gpuorin5-desktop" resourceAllocationScorer="NodeResourcesBalancedAllocation" allocatableResource=[6000,7885127680] requestedResource=[100,52428800] resourceScore=99
2026-07-01 18:43:36.266 I0701 09:40:41.021540       1 schedule_one.go:745] "Plugin scored node for pod" pod="default/yolo-obb-1" plugin="TaintToleration" node="gpu-orin2" score=300
2026-07-01 18:43:36.266 I0701 09:40:41.021561       1 schedule_one.go:745] "Plugin scored node for pod" pod="default/yolo-obb-1" plugin="NodeAffinity" node="gpu-orin2" score=0
2026-07-01 18:43:36.267 I0701 09:40:41.021573       1 schedule_one.go:745] "Plugin scored node for pod" pod="default/yolo-obb-1" plugin="NodeResourcesFit" node="gpu-orin2" score=82
2026-07-01 18:43:36.268 I0701 09:40:41.021584       1 schedule_one.go:745] "Plugin scored node for pod" pod="default/yolo-obb-1" plugin="VolumeBinding" node="gpu-orin2" score=0
2026-07-01 18:43:36.268 I0701 09:40:41.021596       1 schedule_one.go:745] "Plugin scored node for pod" pod="default/yolo-obb-1" plugin="NodeResourcesBalancedAllocation" node="gpu-orin2" score=99
2026-07-01 18:43:36.269 I0701 09:40:41.021604       1 schedule_one.go:745] "Plugin scored node for pod" pod="default/yolo-obb-1" plugin="ImageLocality" node="gpu-orin2" score=0
2026-07-01 18:43:36.270 I0701 09:40:41.021613       1 schedule_one.go:745] "Plugin scored node for pod" pod="default/yolo-obb-1" plugin="TaintToleration" node="gpu-orin3" score=300
2026-07-01 18:43:36.270 I0701 09:40:41.021622       1 schedule_one.go:745] "Plugin scored node for pod" pod="default/yolo-obb-1" plugin="NodeAffinity" node="gpu-orin3" score=0
2026-07-01 18:43:36.271 I0701 09:40:41.021630       1 schedule_one.go:745] "Plugin scored node for pod" pod="default/yolo-obb-1" plugin="NodeResourcesFit" node="gpu-orin3" score=82
2026-07-01 18:43:36.272 I0701 09:40:41.021640       1 schedule_one.go:745] "Plugin scored node for pod" pod="default/yolo-obb-1" plugin="VolumeBinding" node="gpu-orin3" score=0
2026-07-01 18:43:36.272 I0701 09:40:41.021648       1 schedule_one.go:745] "Plugin scored node for pod" pod="default/yolo-obb-1" plugin="NodeResourcesBalancedAllocation" node="gpu-orin3" score=99
2026-07-01 18:43:36.273 I0701 09:40:41.021657       1 schedule_one.go:745] "Plugin scored node for pod" pod="default/yolo-obb-1" plugin="ImageLocality" node="gpu-orin3" score=0
2026-07-01 18:43:36.274 I0701 09:40:41.021665       1 schedule_one.go:745] "Plugin scored node for pod" pod="default/yolo-obb-1" plugin="TaintToleration" node="gpuorin4-desktop" score=300
2026-07-01 18:43:36.274 I0701 09:40:41.021673       1 schedule_one.go:745] "Plugin scored node for pod" pod="default/yolo-obb-1" plugin="NodeAffinity" node="gpuorin4-desktop" score=0
2026-07-01 18:43:36.275 I0701 09:40:41.021689       1 schedule_one.go:745] "Plugin scored node for pod" pod="default/yolo-obb-1" plugin="NodeResourcesFit" node="gpuorin4-desktop" score=78
2026-07-01 18:43:36.276 I0701 09:40:41.021701       1 schedule_one.go:745] "Plugin scored node for pod" pod="default/yolo-obb-1" plugin="VolumeBinding" node="gpuorin4-desktop" score=0
2026-07-01 18:43:36.276 I0701 09:40:41.021709       1 schedule_one.go:745] "Plugin scored node for pod" pod="default/yolo-obb-1" plugin="NodeResourcesBalancedAllocation" node="gpuorin4-desktop" score=99
2026-07-01 18:43:36.277 I0701 09:40:41.021717       1 schedule_one.go:745] "Plugin scored node for pod" pod="default/yolo-obb-1" plugin="ImageLocality" node="gpuorin4-desktop" score=0
2026-07-01 18:43:36.278 I0701 09:40:41.021725       1 schedule_one.go:745] "Plugin scored node for pod" pod="default/yolo-obb-1" plugin="TaintToleration" node="gpuorin5-desktop" score=300
2026-07-01 18:43:36.278 I0701 09:40:41.021735       1 schedule_one.go:745] "Plugin scored node for pod" pod="default/yolo-obb-1" plugin="NodeAffinity" node="gpuorin5-desktop" score=0
2026-07-01 18:43:36.279 I0701 09:40:41.021743       1 schedule_one.go:745] "Plugin scored node for pod" pod="default/yolo-obb-1" plugin="NodeResourcesFit" node="gpuorin5-desktop" score=82
2026-07-01 18:43:36.280 I0701 09:40:41.021751       1 schedule_one.go:745] "Plugin scored node for pod" pod="default/yolo-obb-1" plugin="VolumeBinding" node="gpuorin5-desktop" score=0
2026-07-01 18:43:36.280 I0701 09:40:41.021776       1 schedule_one.go:745] "Plugin scored node for pod" pod="default/yolo-obb-1" plugin="NodeResourcesBalancedAllocation" node="gpuorin5-desktop" score=99
2026-07-01 18:43:36.281 I0701 09:40:41.021786       1 schedule_one.go:745] "Plugin scored node for pod" pod="default/yolo-obb-1" plugin="ImageLocality" node="gpuorin5-desktop" score=0
2026-07-01 18:43:36.282 I0701 09:40:41.021800       1 schedule_one.go:812] "Calculated node's final score for pod" pod="default/yolo-obb-1" node="gpu-orin2" score=481
2026-07-01 18:43:36.282 I0701 09:40:41.021809       1 schedule_one.go:812] "Calculated node's final score for pod" pod="default/yolo-obb-1" node="gpu-orin3" score=481
2026-07-01 18:43:36.283 I0701 09:40:41.021821       1 schedule_one.go:812] "Calculated node's final score for pod" pod="default/yolo-obb-1" node="gpuorin4-desktop" score=477
2026-07-01 18:43:36.284 I0701 09:40:41.021830       1 schedule_one.go:812] "Calculated node's final score for pod" pod="default/yolo-obb-1" node="gpuorin5-desktop" score=481
2026-07-01 18:43:36.284 I0701 09:40:45.170810       1 resource_allocation.go:76] "Listed internal info for allocatable resources, requested resources and score" pod="default/yolo-pos-1" node="gpu-orin2" resourceAllocationScorer="LeastAllocated" allocatableResource=[6000,7885127680] requestedResource=[800,1677721600] resourceScore=82
2026-07-01 18:43:36.285 I0701 09:40:45.170814       1 resource_allocation.go:76] "Listed internal info for allocatable resources, requested resources and score" pod="default/yolo-pos-1" node="gpu-orin3" resourceAllocationScorer="LeastAllocated" allocatableResource=[6000,7885152256] requestedResource=[800,1677721600] resourceScore=82
2026-07-01 18:43:36.286 I0701 09:40:45.170827       1 resource_allocation.go:76] "Listed internal info for allocatable resources, requested resources and score" pod="default/yolo-pos-1" node="gpuorin5-desktop" resourceAllocationScorer="LeastAllocated" allocatableResource=[6000,7885127680] requestedResource=[900,1887436800] resourceScore=80
2026-07-01 18:43:36.287 I0701 09:40:45.170834       1 resource_allocation.go:76] "Listed internal info for allocatable resources, requested resources and score" pod="default/yolo-pos-1" node="gpu-orin3" resourceAllocationScorer="NodeResourcesBalancedAllocation" allocatableResource=[6000,7885152256] requestedResource=[100,52428800] resourceScore=99
2026-07-01 18:43:36.287 I0701 09:40:45.170837       1 resource_allocation.go:76] "Listed internal info for allocatable resources, requested resources and score" pod="default/yolo-pos-1" node="gpu-orin2" resourceAllocationScorer="NodeResourcesBalancedAllocation" allocatableResource=[6000,7885127680] requestedResource=[100,52428800] resourceScore=99
2026-07-01 18:43:36.288 I0701 09:40:45.170857       1 resource_allocation.go:76] "Listed internal info for allocatable resources, requested resources and score" pod="default/yolo-pos-1" node="gpuorin5-desktop" resourceAllocationScorer="NodeResourcesBalancedAllocation" allocatableResource=[6000,7885127680] requestedResource=[100,52428800] resourceScore=99
2026-07-01 18:43:36.288 I0701 09:40:45.170893       1 resource_allocation.go:76] "Listed internal info for allocatable resources, requested resources and score" pod="default/yolo-pos-1" node="gpuorin4-desktop" resourceAllocationScorer="LeastAllocated" allocatableResource=[6000,7885250560] requestedResource=[1000,2097152000] resourceScore=78
2026-07-01 18:43:36.289 I0701 09:40:45.170911       1 resource_allocation.go:76] "Listed internal info for allocatable resources, requested resources and score" pod="default/yolo-pos-1" node="gpuorin4-desktop" resourceAllocationScorer="NodeResourcesBalancedAllocation" allocatableResource=[6000,7885250560] requestedResource=[100,52428800] resourceScore=99
2026-07-01 18:43:36.290 I0701 09:40:45.170954       1 schedule_one.go:745] "Plugin scored node for pod" pod="default/yolo-pos-1" plugin="TaintToleration" node="gpu-orin2" score=300
2026-07-01 18:43:36.290 I0701 09:40:45.170962       1 schedule_one.go:745] "Plugin scored node for pod" pod="default/yolo-pos-1" plugin="NodeAffinity" node="gpu-orin2" score=0
2026-07-01 18:43:36.291 I0701 09:40:45.170974       1 schedule_one.go:745] "Plugin scored node for pod" pod="default/yolo-pos-1" plugin="NodeResourcesFit" node="gpu-orin2" score=82
2026-07-01 18:43:36.291 I0701 09:40:45.170981       1 schedule_one.go:745] "Plugin scored node for pod" pod="default/yolo-pos-1" plugin="VolumeBinding" node="gpu-orin2" score=0
2026-07-01 18:43:36.292 I0701 09:40:45.170986       1 schedule_one.go:745] "Plugin scored node for pod" pod="default/yolo-pos-1" plugin="NodeResourcesBalancedAllocation" node="gpu-orin2" score=99
2026-07-01 18:43:36.293 I0701 09:40:45.170991       1 schedule_one.go:745] "Plugin scored node for pod" pod="default/yolo-pos-1" plugin="ImageLocality" node="gpu-orin2" score=0
2026-07-01 18:43:36.293 I0701 09:40:45.170996       1 schedule_one.go:745] "Plugin scored node for pod" pod="default/yolo-pos-1" plugin="TaintToleration" node="gpuorin5-desktop" score=300
2026-07-01 18:43:36.294 I0701 09:40:45.171001       1 schedule_one.go:745] "Plugin scored node for pod" pod="default/yolo-pos-1" plugin="NodeAffinity" node="gpuorin5-desktop" score=0
2026-07-01 18:43:36.295 I0701 09:40:45.171005       1 schedule_one.go:745] "Plugin scored node for pod" pod="default/yolo-pos-1" plugin="NodeResourcesFit" node="gpuorin5-desktop" score=80
2026-07-01 18:43:36.295 I0701 09:40:45.171009       1 schedule_one.go:745] "Plugin scored node for pod" pod="default/yolo-pos-1" plugin="VolumeBinding" node="gpuorin5-desktop" score=0
2026-07-01 18:43:36.296 I0701 09:40:45.171014       1 schedule_one.go:745] "Plugin scored node for pod" pod="default/yolo-pos-1" plugin="NodeResourcesBalancedAllocation" node="gpuorin5-desktop" score=99
2026-07-01 18:43:36.297 I0701 09:40:45.171018       1 schedule_one.go:745] "Plugin scored node for pod" pod="default/yolo-pos-1" plugin="ImageLocality" node="gpuorin5-desktop" score=0
2026-07-01 18:43:36.297 I0701 09:40:45.171022       1 schedule_one.go:745] "Plugin scored node for pod" pod="default/yolo-pos-1" plugin="TaintToleration" node="gpuorin4-desktop" score=300
2026-07-01 18:43:36.298 I0701 09:40:45.171026       1 schedule_one.go:745] "Plugin scored node for pod" pod="default/yolo-pos-1" plugin="NodeAffinity" node="gpuorin4-desktop" score=0
2026-07-01 18:43:36.299 I0701 09:40:45.171030       1 schedule_one.go:745] "Plugin scored node for pod" pod="default/yolo-pos-1" plugin="NodeResourcesFit" node="gpuorin4-desktop" score=78
2026-07-01 18:43:36.299 I0701 09:40:45.171034       1 schedule_one.go:745] "Plugin scored node for pod" pod="default/yolo-pos-1" plugin="VolumeBinding" node="gpuorin4-desktop" score=0
2026-07-01 18:43:36.300 I0701 09:40:45.171038       1 schedule_one.go:745] "Plugin scored node for pod" pod="default/yolo-pos-1" plugin="NodeResourcesBalancedAllocation" node="gpuorin4-desktop" score=99
2026-07-01 18:43:36.301 I0701 09:40:45.171044       1 schedule_one.go:745] "Plugin scored node for pod" pod="default/yolo-pos-1" plugin="ImageLocality" node="gpuorin4-desktop" score=0
2026-07-01 18:43:36.301 I0701 09:40:45.171049       1 schedule_one.go:745] "Plugin scored node for pod" pod="default/yolo-pos-1" plugin="TaintToleration" node="gpu-orin3" score=300
2026-07-01 18:43:36.302 I0701 09:40:45.171054       1 schedule_one.go:745] "Plugin scored node for pod" pod="default/yolo-pos-1" plugin="NodeAffinity" node="gpu-orin3" score=0
2026-07-01 18:43:36.303 I0701 09:40:45.171060       1 schedule_one.go:745] "Plugin scored node for pod" pod="default/yolo-pos-1" plugin="NodeResourcesFit" node="gpu-orin3" score=82
2026-07-01 18:43:36.303 I0701 09:40:45.171064       1 schedule_one.go:745] "Plugin scored node for pod" pod="default/yolo-pos-1" plugin="VolumeBinding" node="gpu-orin3" score=0
2026-07-01 18:43:36.304 I0701 09:40:45.171070       1 schedule_one.go:745] "Plugin scored node for pod" pod="default/yolo-pos-1" plugin="NodeResourcesBalancedAllocation" node="gpu-orin3" score=99
2026-07-01 18:43:36.305 I0701 09:40:45.171074       1 schedule_one.go:745] "Plugin scored node for pod" pod="default/yolo-pos-1" plugin="ImageLocality" node="gpu-orin3" score=0
2026-07-01 18:43:36.306 I0701 09:40:45.171080       1 schedule_one.go:812] "Calculated node's final score for pod" pod="default/yolo-pos-1" node="gpu-orin2" score=481
2026-07-01 18:43:36.307 I0701 09:40:45.171087       1 schedule_one.go:812] "Calculated node's final score for pod" pod="default/yolo-pos-1" node="gpuorin5-desktop" score=479
2026-07-01 18:43:36.308 I0701 09:40:45.171093       1 schedule_one.go:812] "Calculated node's final score for pod" pod="default/yolo-pos-1" node="gpuorin4-desktop" score=477
2026-07-01 18:43:36.310 I0701 09:40:45.171099       1 schedule_one.go:812] "Calculated node's final score for pod" pod="default/yolo-pos-1" node="gpu-orin3" score=481
2026-07-01 18:43:36.311 I0701 09:40:49.809272       1 resource_allocation.go:76] "Listed internal info for allocatable resources, requested resources and score" pod="default/yolo-cls-2" node="gpu-orin2" resourceAllocationScorer="LeastAllocated" allocatableResource=[6000,7885127680] requestedResource=[900,1887436800] resourceScore=80
2026-07-01 18:43:36.312 I0701 09:40:49.809310       1 resource_allocation.go:76] "Listed internal info for allocatable resources, requested resources and score" pod="default/yolo-cls-2" node="gpu-orin2" resourceAllocationScorer="NodeResourcesBalancedAllocation" allocatableResource=[6000,7885127680] requestedResource=[100,52428800] resourceScore=99
2026-07-01 18:43:36.313 I0701 09:40:49.809389       1 resource_allocation.go:76] "Listed internal info for allocatable resources, requested resources and score" pod="default/yolo-cls-2" node="gpu-orin3" resourceAllocationScorer="LeastAllocated" allocatableResource=[6000,7885152256] requestedResource=[800,1677721600] resourceScore=82
2026-07-01 18:43:36.313 I0701 09:40:49.809390       1 resource_allocation.go:76] "Listed internal info for allocatable resources, requested resources and score" pod="default/yolo-cls-2" node="gpuorin4-desktop" resourceAllocationScorer="LeastAllocated" allocatableResource=[6000,7885250560] requestedResource=[1000,2097152000] resourceScore=78
2026-07-01 18:43:36.314 I0701 09:40:49.809426       1 resource_allocation.go:76] "Listed internal info for allocatable resources, requested resources and score" pod="default/yolo-cls-2" node="gpuorin5-desktop" resourceAllocationScorer="LeastAllocated" allocatableResource=[6000,7885127680] requestedResource=[900,1887436800] resourceScore=80
2026-07-01 18:43:36.315 I0701 09:40:49.809434       1 resource_allocation.go:76] "Listed internal info for allocatable resources, requested resources and score" pod="default/yolo-cls-2" node="gpu-orin3" resourceAllocationScorer="NodeResourcesBalancedAllocation" allocatableResource=[6000,7885152256] requestedResource=[100,52428800] resourceScore=99
2026-07-01 18:43:36.315 I0701 09:40:49.809453       1 resource_allocation.go:76] "Listed internal info for allocatable resources, requested resources and score" pod="default/yolo-cls-2" node="gpuorin4-desktop" resourceAllocationScorer="NodeResourcesBalancedAllocation" allocatableResource=[6000,7885250560] requestedResource=[100,52428800] resourceScore=99
2026-07-01 18:43:36.316 I0701 09:40:49.809467       1 resource_allocation.go:76] "Listed internal info for allocatable resources, requested resources and score" pod="default/yolo-cls-2" node="gpuorin5-desktop" resourceAllocationScorer="NodeResourcesBalancedAllocation" allocatableResource=[6000,7885127680] requestedResource=[100,52428800] resourceScore=99
2026-07-01 18:43:36.317 I0701 09:40:49.809667       1 schedule_one.go:745] "Plugin scored node for pod" pod="default/yolo-cls-2" plugin="TaintToleration" node="gpu-orin2" score=300
2026-07-01 18:43:36.317 I0701 09:40:49.809705       1 schedule_one.go:745] "Plugin scored node for pod" pod="default/yolo-cls-2" plugin="NodeAffinity" node="gpu-orin2" score=0
2026-07-01 18:43:36.318 I0701 09:40:49.809728       1 schedule_one.go:745] "Plugin scored node for pod" pod="default/yolo-cls-2" plugin="NodeResourcesFit" node="gpu-orin2" score=80
2026-07-01 18:43:36.319 I0701 09:40:49.809742       1 schedule_one.go:745] "Plugin scored node for pod" pod="default/yolo-cls-2" plugin="VolumeBinding" node="gpu-orin2" score=0
2026-07-01 18:43:36.319 I0701 09:40:49.809756       1 schedule_one.go:745] "Plugin scored node for pod" pod="default/yolo-cls-2" plugin="NodeResourcesBalancedAllocation" node="gpu-orin2" score=99
2026-07-01 18:43:36.320 I0701 09:40:49.809786       1 schedule_one.go:745] "Plugin scored node for pod" pod="default/yolo-cls-2" plugin="ImageLocality" node="gpu-orin2" score=0
2026-07-01 18:43:36.321 I0701 09:40:49.809801       1 schedule_one.go:745] "Plugin scored node for pod" pod="default/yolo-cls-2" plugin="TaintToleration" node="gpuorin4-desktop" score=300
2026-07-01 18:43:36.321 I0701 09:40:49.809815       1 schedule_one.go:745] "Plugin scored node for pod" pod="default/yolo-cls-2" plugin="NodeAffinity" node="gpuorin4-desktop" score=0
2026-07-01 18:43:36.322 I0701 09:40:49.809827       1 schedule_one.go:745] "Plugin scored node for pod" pod="default/yolo-cls-2" plugin="NodeResourcesFit" node="gpuorin4-desktop" score=78
2026-07-01 18:43:36.323 I0701 09:40:49.809839       1 schedule_one.go:745] "Plugin scored node for pod" pod="default/yolo-cls-2" plugin="VolumeBinding" node="gpuorin4-desktop" score=0
2026-07-01 18:43:36.323 I0701 09:40:49.809857       1 schedule_one.go:745] "Plugin scored node for pod" pod="default/yolo-cls-2" plugin="NodeResourcesBalancedAllocation" node="gpuorin4-desktop" score=99
2026-07-01 18:43:36.324 I0701 09:40:49.809869       1 schedule_one.go:745] "Plugin scored node for pod" pod="default/yolo-cls-2" plugin="ImageLocality" node="gpuorin4-desktop" score=0
2026-07-01 18:43:36.325 I0701 09:40:49.809882       1 schedule_one.go:745] "Plugin scored node for pod" pod="default/yolo-cls-2" plugin="TaintToleration" node="gpu-orin3" score=300
2026-07-01 18:43:36.325 I0701 09:40:49.809894       1 schedule_one.go:745] "Plugin scored node for pod" pod="default/yolo-cls-2" plugin="NodeAffinity" node="gpu-orin3" score=0
2026-07-01 18:43:36.326 I0701 09:40:49.809916       1 schedule_one.go:745] "Plugin scored node for pod" pod="default/yolo-cls-2" plugin="NodeResourcesFit" node="gpu-orin3" score=82
2026-07-01 18:43:36.326 I0701 09:40:49.809930       1 schedule_one.go:745] "Plugin scored node for pod" pod="default/yolo-cls-2" plugin="VolumeBinding" node="gpu-orin3" score=0
2026-07-01 18:43:36.327 I0701 09:40:49.809942       1 schedule_one.go:745] "Plugin scored node for pod" pod="default/yolo-cls-2" plugin="NodeResourcesBalancedAllocation" node="gpu-orin3" score=99
2026-07-01 18:43:36.328 I0701 09:40:49.809955       1 schedule_one.go:745] "Plugin scored node for pod" pod="default/yolo-cls-2" plugin="ImageLocality" node="gpu-orin3" score=0
2026-07-01 18:43:36.328 I0701 09:40:49.809967       1 schedule_one.go:745] "Plugin scored node for pod" pod="default/yolo-cls-2" plugin="TaintToleration" node="gpuorin5-desktop" score=300
2026-07-01 18:43:36.329 I0701 09:40:49.809988       1 schedule_one.go:745] "Plugin scored node for pod" pod="default/yolo-cls-2" plugin="NodeAffinity" node="gpuorin5-desktop" score=0
2026-07-01 18:43:36.330 I0701 09:40:49.810001       1 schedule_one.go:745] "Plugin scored node for pod" pod="default/yolo-cls-2" plugin="NodeResourcesFit" node="gpuorin5-desktop" score=80
2026-07-01 18:43:36.330 I0701 09:40:49.810016       1 schedule_one.go:745] "Plugin scored node for pod" pod="default/yolo-cls-2" plugin="VolumeBinding" node="gpuorin5-desktop" score=0
2026-07-01 18:43:36.331 I0701 09:40:49.810028       1 schedule_one.go:745] "Plugin scored node for pod" pod="default/yolo-cls-2" plugin="NodeResourcesBalancedAllocation" node="gpuorin5-desktop" score=99
2026-07-01 18:43:36.332 I0701 09:40:49.810041       1 schedule_one.go:745] "Plugin scored node for pod" pod="default/yolo-cls-2" plugin="ImageLocality" node="gpuorin5-desktop" score=0
2026-07-01 18:43:36.332 I0701 09:40:49.810058       1 schedule_one.go:812] "Calculated node's final score for pod" pod="default/yolo-cls-2" node="gpu-orin2" score=479
2026-07-01 18:43:36.333 I0701 09:40:49.810074       1 schedule_one.go:812] "Calculated node's final score for pod" pod="default/yolo-cls-2" node="gpuorin4-desktop" score=477
2026-07-01 18:43:36.334 I0701 09:40:49.810087       1 schedule_one.go:812] "Calculated node's final score for pod" pod="default/yolo-cls-2" node="gpu-orin3" score=481
2026-07-01 18:43:36.334 I0701 09:40:49.810102       1 schedule_one.go:812] "Calculated node's final score for pod" pod="default/yolo-cls-2" node="gpuorin5-desktop" score=479
2026-07-01 18:43:36.335 I0701 09:40:54.201775       1 resource_allocation.go:76] "Listed internal info for allocatable resources, requested resources and score" pod="default/yolo-det-2" node="gpu-orin3" resourceAllocationScorer="LeastAllocated" allocatableResource=[6000,7885152256] requestedResource=[900,1887436800] resourceScore=80
2026-07-01 18:43:36.336 I0701 09:40:54.201777       1 resource_allocation.go:76] "Listed internal info for allocatable resources, requested resources and score" pod="default/yolo-det-2" node="gpuorin4-desktop" resourceAllocationScorer="LeastAllocated" allocatableResource=[6000,7885250560] requestedResource=[1000,2097152000] resourceScore=78
2026-07-01 18:43:36.337 I0701 09:40:54.201775       1 resource_allocation.go:76] "Listed internal info for allocatable resources, requested resources and score" pod="default/yolo-det-2" node="gpuorin5-desktop" resourceAllocationScorer="LeastAllocated" allocatableResource=[6000,7885127680] requestedResource=[900,1887436800] resourceScore=80
2026-07-01 18:43:36.338 I0701 09:40:54.201785       1 resource_allocation.go:76] "Listed internal info for allocatable resources, requested resources and score" pod="default/yolo-det-2" node="gpu-orin3" resourceAllocationScorer="NodeResourcesBalancedAllocation" allocatableResource=[6000,7885152256] requestedResource=[100,52428800] resourceScore=99
2026-07-01 18:43:36.339 I0701 09:40:54.201787       1 resource_allocation.go:76] "Listed internal info for allocatable resources, requested resources and score" pod="default/yolo-det-2" node="gpuorin4-desktop" resourceAllocationScorer="NodeResourcesBalancedAllocation" allocatableResource=[6000,7885250560] requestedResource=[100,52428800] resourceScore=99
2026-07-01 18:43:36.340 I0701 09:40:54.201787       1 resource_allocation.go:76] "Listed internal info for allocatable resources, requested resources and score" pod="default/yolo-det-2" node="gpu-orin2" resourceAllocationScorer="LeastAllocated" allocatableResource=[6000,7885127680] requestedResource=[900,1887436800] resourceScore=80
2026-07-01 18:43:36.341 I0701 09:40:54.201791       1 resource_allocation.go:76] "Listed internal info for allocatable resources, requested resources and score" pod="default/yolo-det-2" node="gpuorin5-desktop" resourceAllocationScorer="NodeResourcesBalancedAllocation" allocatableResource=[6000,7885127680] requestedResource=[100,52428800] resourceScore=99
2026-07-01 18:43:36.342 I0701 09:40:54.201799       1 resource_allocation.go:76] "Listed internal info for allocatable resources, requested resources and score" pod="default/yolo-det-2" node="gpu-orin2" resourceAllocationScorer="NodeResourcesBalancedAllocation" allocatableResource=[6000,7885127680] requestedResource=[100,52428800] resourceScore=99
2026-07-01 18:43:36.343 I0701 09:40:54.201841       1 schedule_one.go:745] "Plugin scored node for pod" pod="default/yolo-det-2" plugin="TaintToleration" node="gpu-orin3" score=300
2026-07-01 18:43:36.345 I0701 09:40:54.201848       1 schedule_one.go:745] "Plugin scored node for pod" pod="default/yolo-det-2" plugin="NodeAffinity" node="gpu-orin3" score=0
2026-07-01 18:43:36.347 I0701 09:40:54.201853       1 schedule_one.go:745] "Plugin scored node for pod" pod="default/yolo-det-2" plugin="NodeResourcesFit" node="gpu-orin3" score=80
2026-07-01 18:43:36.349 I0701 09:40:54.201856       1 schedule_one.go:745] "Plugin scored node for pod" pod="default/yolo-det-2" plugin="VolumeBinding" node="gpu-orin3" score=0
2026-07-01 18:43:36.351 I0701 09:40:54.201860       1 schedule_one.go:745] "Plugin scored node for pod" pod="default/yolo-det-2" plugin="NodeResourcesBalancedAllocation" node="gpu-orin3" score=99
2026-07-01 18:43:36.354 I0701 09:40:54.201865       1 schedule_one.go:745] "Plugin scored node for pod" pod="default/yolo-det-2" plugin="ImageLocality" node="gpu-orin3" score=0
2026-07-01 18:43:36.356 I0701 09:40:54.201869       1 schedule_one.go:745] "Plugin scored node for pod" pod="default/yolo-det-2" plugin="TaintToleration" node="gpuorin5-desktop" score=300
2026-07-01 18:43:36.359 I0701 09:40:54.201872       1 schedule_one.go:745] "Plugin scored node for pod" pod="default/yolo-det-2" plugin="NodeAffinity" node="gpuorin5-desktop" score=0
2026-07-01 18:43:36.362 I0701 09:40:54.201875       1 schedule_one.go:745] "Plugin scored node for pod" pod="default/yolo-det-2" plugin="NodeResourcesFit" node="gpuorin5-desktop" score=80
2026-07-01 18:43:36.365 I0701 09:40:54.201881       1 schedule_one.go:745] "Plugin scored node for pod" pod="default/yolo-det-2" plugin="VolumeBinding" node="gpuorin5-desktop" score=0
2026-07-01 18:43:36.367 I0701 09:40:54.201885       1 schedule_one.go:745] "Plugin scored node for pod" pod="default/yolo-det-2" plugin="NodeResourcesBalancedAllocation" node="gpuorin5-desktop" score=99
2026-07-01 18:43:36.370 I0701 09:40:54.201888       1 schedule_one.go:745] "Plugin scored node for pod" pod="default/yolo-det-2" plugin="ImageLocality" node="gpuorin5-desktop" score=0
2026-07-01 18:43:36.373 I0701 09:40:54.201892       1 schedule_one.go:745] "Plugin scored node for pod" pod="default/yolo-det-2" plugin="TaintToleration" node="gpuorin4-desktop" score=300
2026-07-01 18:43:36.376 I0701 09:40:54.201895       1 schedule_one.go:745] "Plugin scored node for pod" pod="default/yolo-det-2" plugin="NodeAffinity" node="gpuorin4-desktop" score=0
2026-07-01 18:43:36.378 I0701 09:40:54.201898       1 schedule_one.go:745] "Plugin scored node for pod" pod="default/yolo-det-2" plugin="NodeResourcesFit" node="gpuorin4-desktop" score=78
2026-07-01 18:43:36.381 I0701 09:40:54.201901       1 schedule_one.go:745] "Plugin scored node for pod" pod="default/yolo-det-2" plugin="VolumeBinding" node="gpuorin4-desktop" score=0
2026-07-01 18:43:36.384 I0701 09:40:54.201904       1 schedule_one.go:745] "Plugin scored node for pod" pod="default/yolo-det-2" plugin="NodeResourcesBalancedAllocation" node="gpuorin4-desktop" score=99
2026-07-01 18:43:36.387 I0701 09:40:54.201907       1 schedule_one.go:745] "Plugin scored node for pod" pod="default/yolo-det-2" plugin="ImageLocality" node="gpuorin4-desktop" score=0
2026-07-01 18:43:36.389 I0701 09:40:54.201910       1 schedule_one.go:745] "Plugin scored node for pod" pod="default/yolo-det-2" plugin="TaintToleration" node="gpu-orin2" score=300
2026-07-01 18:43:36.392 I0701 09:40:54.201913       1 schedule_one.go:745] "Plugin scored node for pod" pod="default/yolo-det-2" plugin="NodeAffinity" node="gpu-orin2" score=0
2026-07-01 18:43:36.395 I0701 09:40:54.201916       1 schedule_one.go:745] "Plugin scored node for pod" pod="default/yolo-det-2" plugin="NodeResourcesFit" node="gpu-orin2" score=80
2026-07-01 18:43:36.398 I0701 09:40:54.201919       1 schedule_one.go:745] "Plugin scored node for pod" pod="default/yolo-det-2" plugin="VolumeBinding" node="gpu-orin2" score=0
2026-07-01 18:43:36.400 I0701 09:40:54.201923       1 schedule_one.go:745] "Plugin scored node for pod" pod="default/yolo-det-2" plugin="NodeResourcesBalancedAllocation" node="gpu-orin2" score=99
2026-07-01 18:43:36.403 I0701 09:40:54.201926       1 schedule_one.go:745] "Plugin scored node for pod" pod="default/yolo-det-2" plugin="ImageLocality" node="gpu-orin2" score=0
2026-07-01 18:43:36.406 I0701 09:40:54.201930       1 schedule_one.go:812] "Calculated node's final score for pod" pod="default/yolo-det-2" node="gpu-orin3" score=479
2026-07-01 18:43:36.408 I0701 09:40:54.201933       1 schedule_one.go:812] "Calculated node's final score for pod" pod="default/yolo-det-2" node="gpuorin5-desktop" score=479
2026-07-01 18:43:36.411 I0701 09:40:54.201938       1 schedule_one.go:812] "Calculated node's final score for pod" pod="default/yolo-det-2" node="gpuorin4-desktop" score=477
2026-07-01 18:43:36.414 I0701 09:40:54.201943       1 schedule_one.go:812] "Calculated node's final score for pod" pod="default/yolo-det-2" node="gpu-orin2" score=479
2026-07-01 18:43:36.417 I0701 09:40:59.095761       1 resource_allocation.go:76] "Listed internal info for allocatable resources, requested resources and score" pod="default/yolo-seg-2" node="gpu-orin2" resourceAllocationScorer="LeastAllocated" allocatableResource=[6000,7885127680] requestedResource=[900,1887436800] resourceScore=80
2026-07-01 18:43:36.419 I0701 09:40:59.095789       1 resource_allocation.go:76] "Listed internal info for allocatable resources, requested resources and score" pod="default/yolo-seg-2" node="gpu-orin3" resourceAllocationScorer="LeastAllocated" allocatableResource=[6000,7885152256] requestedResource=[1000,2097152000] resourceScore=78
2026-07-01 18:43:36.422 I0701 09:40:59.095806       1 resource_allocation.go:76] "Listed internal info for allocatable resources, requested resources and score" pod="default/yolo-seg-2" node="gpu-orin2" resourceAllocationScorer="NodeResourcesBalancedAllocation" allocatableResource=[6000,7885127680] requestedResource=[100,52428800] resourceScore=99
2026-07-01 18:43:36.425 I0701 09:40:59.095812       1 resource_allocation.go:76] "Listed internal info for allocatable resources, requested resources and score" pod="default/yolo-seg-2" node="gpuorin4-desktop" resourceAllocationScorer="LeastAllocated" allocatableResource=[6000,7885250560] requestedResource=[1000,2097152000] resourceScore=78
2026-07-01 18:43:36.427 I0701 09:40:59.095826       1 resource_allocation.go:76] "Listed internal info for allocatable resources, requested resources and score" pod="default/yolo-seg-2" node="gpu-orin3" resourceAllocationScorer="NodeResourcesBalancedAllocation" allocatableResource=[6000,7885152256] requestedResource=[100,52428800] resourceScore=99
2026-07-01 18:43:36.430 I0701 09:40:59.095838       1 resource_allocation.go:76] "Listed internal info for allocatable resources, requested resources and score" pod="default/yolo-seg-2" node="gpuorin4-desktop" resourceAllocationScorer="NodeResourcesBalancedAllocation" allocatableResource=[6000,7885250560] requestedResource=[100,52428800] resourceScore=99
2026-07-01 18:43:36.433 I0701 09:40:59.095847       1 resource_allocation.go:76] "Listed internal info for allocatable resources, requested resources and score" pod="default/yolo-seg-2" node="gpuorin5-desktop" resourceAllocationScorer="LeastAllocated" allocatableResource=[6000,7885127680] requestedResource=[900,1887436800] resourceScore=80
2026-07-01 18:43:36.436 I0701 09:40:59.095884       1 resource_allocation.go:76] "Listed internal info for allocatable resources, requested resources and score" pod="default/yolo-seg-2" node="gpuorin5-desktop" resourceAllocationScorer="NodeResourcesBalancedAllocation" allocatableResource=[6000,7885127680] requestedResource=[100,52428800] resourceScore=99
2026-07-01 18:43:36.439 I0701 09:40:59.095972       1 schedule_one.go:745] "Plugin scored node for pod" pod="default/yolo-seg-2" plugin="TaintToleration" node="gpu-orin2" score=300
2026-07-01 18:43:36.441 I0701 09:40:59.095982       1 schedule_one.go:745] "Plugin scored node for pod" pod="default/yolo-seg-2" plugin="NodeAffinity" node="gpu-orin2" score=0
2026-07-01 18:43:36.444 I0701 09:40:59.095989       1 schedule_one.go:745] "Plugin scored node for pod" pod="default/yolo-seg-2" plugin="NodeResourcesFit" node="gpu-orin2" score=80
2026-07-01 18:43:36.447 I0701 09:40:59.095994       1 schedule_one.go:745] "Plugin scored node for pod" pod="default/yolo-seg-2" plugin="VolumeBinding" node="gpu-orin2" score=0
2026-07-01 18:43:36.449 I0701 09:40:59.095999       1 schedule_one.go:745] "Plugin scored node for pod" pod="default/yolo-seg-2" plugin="NodeResourcesBalancedAllocation" node="gpu-orin2" score=99
2026-07-01 18:43:36.452 I0701 09:40:59.096004       1 schedule_one.go:745] "Plugin scored node for pod" pod="default/yolo-seg-2" plugin="ImageLocality" node="gpu-orin2" score=0
2026-07-01 18:43:36.455 I0701 09:40:59.096009       1 schedule_one.go:745] "Plugin scored node for pod" pod="default/yolo-seg-2" plugin="TaintToleration" node="gpu-orin3" score=300
2026-07-01 18:43:36.458 I0701 09:40:59.096014       1 schedule_one.go:745] "Plugin scored node for pod" pod="default/yolo-seg-2" plugin="NodeAffinity" node="gpu-orin3" score=0
2026-07-01 18:43:36.460 I0701 09:40:59.096020       1 schedule_one.go:745] "Plugin scored node for pod" pod="default/yolo-seg-2" plugin="NodeResourcesFit" node="gpu-orin3" score=78
2026-07-01 18:43:36.463 I0701 09:40:59.096027       1 schedule_one.go:745] "Plugin scored node for pod" pod="default/yolo-seg-2" plugin="VolumeBinding" node="gpu-orin3" score=0
2026-07-01 18:43:36.466 I0701 09:40:59.096032       1 schedule_one.go:745] "Plugin scored node for pod" pod="default/yolo-seg-2" plugin="NodeResourcesBalancedAllocation" node="gpu-orin3" score=99
2026-07-01 18:43:36.469 I0701 09:40:59.096036       1 schedule_one.go:745] "Plugin scored node for pod" pod="default/yolo-seg-2" plugin="ImageLocality" node="gpu-orin3" score=0
2026-07-01 18:43:36.471 I0701 09:40:59.096041       1 schedule_one.go:745] "Plugin scored node for pod" pod="default/yolo-seg-2" plugin="TaintToleration" node="gpuorin4-desktop" score=300
2026-07-01 18:43:36.474 I0701 09:40:59.096046       1 schedule_one.go:745] "Plugin scored node for pod" pod="default/yolo-seg-2" plugin="NodeAffinity" node="gpuorin4-desktop" score=0
2026-07-01 18:43:36.477 I0701 09:40:59.096051       1 schedule_one.go:745] "Plugin scored node for pod" pod="default/yolo-seg-2" plugin="NodeResourcesFit" node="gpuorin4-desktop" score=78
2026-07-01 18:43:36.480 I0701 09:40:59.096058       1 schedule_one.go:745] "Plugin scored node for pod" pod="default/yolo-seg-2" plugin="VolumeBinding" node="gpuorin4-desktop" score=0
2026-07-01 18:43:36.483 I0701 09:40:59.096065       1 schedule_one.go:745] "Plugin scored node for pod" pod="default/yolo-seg-2" plugin="NodeResourcesBalancedAllocation" node="gpuorin4-desktop" score=99
2026-07-01 18:43:36.485 I0701 09:40:59.096070       1 schedule_one.go:745] "Plugin scored node for pod" pod="default/yolo-seg-2" plugin="ImageLocality" node="gpuorin4-desktop" score=0
2026-07-01 18:43:36.488 I0701 09:40:59.096075       1 schedule_one.go:745] "Plugin scored node for pod" pod="default/yolo-seg-2" plugin="TaintToleration" node="gpuorin5-desktop" score=300
2026-07-01 18:43:36.491 I0701 09:40:59.096080       1 schedule_one.go:745] "Plugin scored node for pod" pod="default/yolo-seg-2" plugin="NodeAffinity" node="gpuorin5-desktop" score=0
2026-07-01 18:43:36.493 I0701 09:40:59.096085       1 schedule_one.go:745] "Plugin scored node for pod" pod="default/yolo-seg-2" plugin="NodeResourcesFit" node="gpuorin5-desktop" score=80
2026-07-01 18:43:36.496 I0701 09:40:59.096090       1 schedule_one.go:745] "Plugin scored node for pod" pod="default/yolo-seg-2" plugin="VolumeBinding" node="gpuorin5-desktop" score=0
2026-07-01 18:43:36.498 I0701 09:40:59.096094       1 schedule_one.go:745] "Plugin scored node for pod" pod="default/yolo-seg-2" plugin="NodeResourcesBalancedAllocation" node="gpuorin5-desktop" score=99
2026-07-01 18:43:36.501 I0701 09:40:59.096099       1 schedule_one.go:745] "Plugin scored node for pod" pod="default/yolo-seg-2" plugin="ImageLocality" node="gpuorin5-desktop" score=0
2026-07-01 18:43:36.504 I0701 09:40:59.096106       1 schedule_one.go:812] "Calculated node's final score for pod" pod="default/yolo-seg-2" node="gpu-orin2" score=479
2026-07-01 18:43:36.506 I0701 09:40:59.096113       1 schedule_one.go:812] "Calculated node's final score for pod" pod="default/yolo-seg-2" node="gpu-orin3" score=477
2026-07-01 18:43:36.509 I0701 09:40:59.096119       1 schedule_one.go:812] "Calculated node's final score for pod" pod="default/yolo-seg-2" node="gpuorin4-desktop" score=477
2026-07-01 18:43:36.512 I0701 09:40:59.096126       1 schedule_one.go:812] "Calculated node's final score for pod" pod="default/yolo-seg-2" node="gpuorin5-desktop" score=479
2026-07-01 18:43:36.515 I0701 09:41:03.700327       1 resource_allocation.go:76] "Listed internal info for allocatable resources, requested resources and score" pod="default/yolo-obb-2" node="gpu-orin2" resourceAllocationScorer="LeastAllocated" allocatableResource=[6000,7885127680] requestedResource=[1000,2097152000] resourceScore=78
2026-07-01 18:43:36.518 I0701 09:41:03.700335       1 resource_allocation.go:76] "Listed internal info for allocatable resources, requested resources and score" pod="default/yolo-obb-2" node="gpuorin4-desktop" resourceAllocationScorer="LeastAllocated" allocatableResource=[6000,7885250560] requestedResource=[1000,2097152000] resourceScore=78
2026-07-01 18:43:36.521 I0701 09:41:03.700357       1 resource_allocation.go:76] "Listed internal info for allocatable resources, requested resources and score" pod="default/yolo-obb-2" node="gpu-orin2" resourceAllocationScorer="NodeResourcesBalancedAllocation" allocatableResource=[6000,7885127680] requestedResource=[100,52428800] resourceScore=99
2026-07-01 18:43:36.524 I0701 09:41:03.700369       1 resource_allocation.go:76] "Listed internal info for allocatable resources, requested resources and score" pod="default/yolo-obb-2" node="gpuorin4-desktop" resourceAllocationScorer="NodeResourcesBalancedAllocation" allocatableResource=[6000,7885250560] requestedResource=[100,52428800] resourceScore=99
2026-07-01 18:43:36.527 I0701 09:41:03.700383       1 resource_allocation.go:76] "Listed internal info for allocatable resources, requested resources and score" pod="default/yolo-obb-2" node="gpu-orin3" resourceAllocationScorer="LeastAllocated" allocatableResource=[6000,7885152256] requestedResource=[1000,2097152000] resourceScore=78
2026-07-01 18:43:36.530 I0701 09:41:03.700401       1 resource_allocation.go:76] "Listed internal info for allocatable resources, requested resources and score" pod="default/yolo-obb-2" node="gpu-orin3" resourceAllocationScorer="NodeResourcesBalancedAllocation" allocatableResource=[6000,7885152256] requestedResource=[100,52428800] resourceScore=99
2026-07-01 18:43:36.533 I0701 09:41:03.700415       1 resource_allocation.go:76] "Listed internal info for allocatable resources, requested resources and score" pod="default/yolo-obb-2" node="gpuorin5-desktop" resourceAllocationScorer="LeastAllocated" allocatableResource=[6000,7885127680] requestedResource=[900,1887436800] resourceScore=80
2026-07-01 18:43:36.536 I0701 09:41:03.700451       1 resource_allocation.go:76] "Listed internal info for allocatable resources, requested resources and score" pod="default/yolo-obb-2" node="gpuorin5-desktop" resourceAllocationScorer="NodeResourcesBalancedAllocation" allocatableResource=[6000,7885127680] requestedResource=[100,52428800] resourceScore=99
2026-07-01 18:43:36.539 I0701 09:41:03.700537       1 schedule_one.go:745] "Plugin scored node for pod" pod="default/yolo-obb-2" plugin="TaintToleration" node="gpu-orin2" score=300
2026-07-01 18:43:36.542 I0701 09:41:03.700549       1 schedule_one.go:745] "Plugin scored node for pod" pod="default/yolo-obb-2" plugin="NodeAffinity" node="gpu-orin2" score=0
2026-07-01 18:43:36.545 I0701 09:41:03.700557       1 schedule_one.go:745] "Plugin scored node for pod" pod="default/yolo-obb-2" plugin="NodeResourcesFit" node="gpu-orin2" score=78
2026-07-01 18:43:36.547 I0701 09:41:03.700563       1 schedule_one.go:745] "Plugin scored node for pod" pod="default/yolo-obb-2" plugin="VolumeBinding" node="gpu-orin2" score=0
2026-07-01 18:43:36.550 I0701 09:41:03.700568       1 schedule_one.go:745] "Plugin scored node for pod" pod="default/yolo-obb-2" plugin="NodeResourcesBalancedAllocation" node="gpu-orin2" score=99
2026-07-01 18:43:36.553 I0701 09:41:03.700574       1 schedule_one.go:745] "Plugin scored node for pod" pod="default/yolo-obb-2" plugin="ImageLocality" node="gpu-orin2" score=0
2026-07-01 18:43:36.555 I0701 09:41:03.700579       1 schedule_one.go:745] "Plugin scored node for pod" pod="default/yolo-obb-2" plugin="TaintToleration" node="gpuorin4-desktop" score=300
2026-07-01 18:43:36.558 I0701 09:41:03.700585       1 schedule_one.go:745] "Plugin scored node for pod" pod="default/yolo-obb-2" plugin="NodeAffinity" node="gpuorin4-desktop" score=0
2026-07-01 18:43:36.561 I0701 09:41:03.700590       1 schedule_one.go:745] "Plugin scored node for pod" pod="default/yolo-obb-2" plugin="NodeResourcesFit" node="gpuorin4-desktop" score=78
2026-07-01 18:43:36.564 I0701 09:41:03.700595       1 schedule_one.go:745] "Plugin scored node for pod" pod="default/yolo-obb-2" plugin="VolumeBinding" node="gpuorin4-desktop" score=0
2026-07-01 18:43:36.566 I0701 09:41:03.700601       1 schedule_one.go:745] "Plugin scored node for pod" pod="default/yolo-obb-2" plugin="NodeResourcesBalancedAllocation" node="gpuorin4-desktop" score=99
2026-07-01 18:43:36.569 I0701 09:41:03.700606       1 schedule_one.go:745] "Plugin scored node for pod" pod="default/yolo-obb-2" plugin="ImageLocality" node="gpuorin4-desktop" score=0
2026-07-01 18:43:36.572 I0701 09:41:03.700611       1 schedule_one.go:745] "Plugin scored node for pod" pod="default/yolo-obb-2" plugin="TaintToleration" node="gpuorin5-desktop" score=300
2026-07-01 18:43:36.575 I0701 09:41:03.700617       1 schedule_one.go:745] "Plugin scored node for pod" pod="default/yolo-obb-2" plugin="NodeAffinity" node="gpuorin5-desktop" score=0
2026-07-01 18:43:36.577 I0701 09:41:03.700623       1 schedule_one.go:745] "Plugin scored node for pod" pod="default/yolo-obb-2" plugin="NodeResourcesFit" node="gpuorin5-desktop" score=80
2026-07-01 18:43:36.580 I0701 09:41:03.700630       1 schedule_one.go:745] "Plugin scored node for pod" pod="default/yolo-obb-2" plugin="VolumeBinding" node="gpuorin5-desktop" score=0
2026-07-01 18:43:36.583 I0701 09:41:03.700637       1 schedule_one.go:745] "Plugin scored node for pod" pod="default/yolo-obb-2" plugin="NodeResourcesBalancedAllocation" node="gpuorin5-desktop" score=99
2026-07-01 18:43:36.586 I0701 09:41:03.700643       1 schedule_one.go:745] "Plugin scored node for pod" pod="default/yolo-obb-2" plugin="ImageLocality" node="gpuorin5-desktop" score=0
2026-07-01 18:43:36.588 I0701 09:41:03.700649       1 schedule_one.go:745] "Plugin scored node for pod" pod="default/yolo-obb-2" plugin="TaintToleration" node="gpu-orin3" score=300
2026-07-01 18:43:36.591 I0701 09:41:03.700655       1 schedule_one.go:745] "Plugin scored node for pod" pod="default/yolo-obb-2" plugin="NodeAffinity" node="gpu-orin3" score=0
2026-07-01 18:43:36.593 I0701 09:41:03.700661       1 schedule_one.go:745] "Plugin scored node for pod" pod="default/yolo-obb-2" plugin="NodeResourcesFit" node="gpu-orin3" score=78
2026-07-01 18:43:36.596 I0701 09:41:03.700675       1 schedule_one.go:745] "Plugin scored node for pod" pod="default/yolo-obb-2" plugin="VolumeBinding" node="gpu-orin3" score=0
2026-07-01 18:43:36.599 I0701 09:41:03.700681       1 schedule_one.go:745] "Plugin scored node for pod" pod="default/yolo-obb-2" plugin="NodeResourcesBalancedAllocation" node="gpu-orin3" score=99
2026-07-01 18:43:36.601 I0701 09:41:03.700688       1 schedule_one.go:745] "Plugin scored node for pod" pod="default/yolo-obb-2" plugin="ImageLocality" node="gpu-orin3" score=0
2026-07-01 18:43:36.604 I0701 09:41:03.700697       1 schedule_one.go:812] "Calculated node's final score for pod" pod="default/yolo-obb-2" node="gpu-orin2" score=477
2026-07-01 18:43:36.607 I0701 09:41:03.700705       1 schedule_one.go:812] "Calculated node's final score for pod" pod="default/yolo-obb-2" node="gpuorin4-desktop" score=477
2026-07-01 18:43:36.609 I0701 09:41:03.700712       1 schedule_one.go:812] "Calculated node's final score for pod" pod="default/yolo-obb-2" node="gpuorin5-desktop" score=479
2026-07-01 18:43:36.611 I0701 09:41:03.700720       1 schedule_one.go:812] "Calculated node's final score for pod" pod="default/yolo-obb-2" node="gpu-orin3" score=477
2026-07-01 18:43:36.614 I0701 09:41:08.075976       1 resource_allocation.go:76] "Listed internal info for allocatable resources, requested resources and score" pod="default/yolo-pos-2" node="gpu-orin2" resourceAllocationScorer="LeastAllocated" allocatableResource=[6000,7885127680] requestedResource=[1000,2097152000] resourceScore=78
2026-07-01 18:43:36.616 I0701 09:41:08.075985       1 resource_allocation.go:76] "Listed internal info for allocatable resources, requested resources and score" pod="default/yolo-pos-2" node="gpuorin4-desktop" resourceAllocationScorer="LeastAllocated" allocatableResource=[6000,7885250560] requestedResource=[1000,2097152000] resourceScore=78
2026-07-01 18:43:36.619 I0701 09:41:08.075989       1 resource_allocation.go:76] "Listed internal info for allocatable resources, requested resources and score" pod="default/yolo-pos-2" node="gpu-orin3" resourceAllocationScorer="LeastAllocated" allocatableResource=[6000,7885152256] requestedResource=[1000,2097152000] resourceScore=78
2026-07-01 18:43:36.622 I0701 09:41:08.076002       1 resource_allocation.go:76] "Listed internal info for allocatable resources, requested resources and score" pod="default/yolo-pos-2" node="gpu-orin2" resourceAllocationScorer="NodeResourcesBalancedAllocation" allocatableResource=[6000,7885127680] requestedResource=[100,52428800] resourceScore=99
2026-07-01 18:43:36.625 I0701 09:41:08.076005       1 resource_allocation.go:76] "Listed internal info for allocatable resources, requested resources and score" pod="default/yolo-pos-2" node="gpuorin4-desktop" resourceAllocationScorer="NodeResourcesBalancedAllocation" allocatableResource=[6000,7885250560] requestedResource=[100,52428800] resourceScore=99
2026-07-01 18:43:36.628 I0701 09:41:08.076010       1 resource_allocation.go:76] "Listed internal info for allocatable resources, requested resources and score" pod="default/yolo-pos-2" node="gpu-orin3" resourceAllocationScorer="NodeResourcesBalancedAllocation" allocatableResource=[6000,7885152256] requestedResource=[100,52428800] resourceScore=99
2026-07-01 18:43:36.631 I0701 09:41:08.076011       1 resource_allocation.go:76] "Listed internal info for allocatable resources, requested resources and score" pod="default/yolo-pos-2" node="gpuorin5-desktop" resourceAllocationScorer="LeastAllocated" allocatableResource=[6000,7885127680] requestedResource=[1000,2097152000] resourceScore=78
2026-07-01 18:43:36.634 I0701 09:41:08.076033       1 resource_allocation.go:76] "Listed internal info for allocatable resources, requested resources and score" pod="default/yolo-pos-2" node="gpuorin5-desktop" resourceAllocationScorer="NodeResourcesBalancedAllocation" allocatableResource=[6000,7885127680] requestedResource=[100,52428800] resourceScore=99
2026-07-01 18:43:36.637 I0701 09:41:08.076099       1 schedule_one.go:745] "Plugin scored node for pod" pod="default/yolo-pos-2" plugin="TaintToleration" node="gpu-orin2" score=300
2026-07-01 18:43:36.639 I0701 09:41:08.076108       1 schedule_one.go:745] "Plugin scored node for pod" pod="default/yolo-pos-2" plugin="NodeAffinity" node="gpu-orin2" score=0
2026-07-01 18:43:36.641 I0701 09:41:08.076115       1 schedule_one.go:745] "Plugin scored node for pod" pod="default/yolo-pos-2" plugin="NodeResourcesFit" node="gpu-orin2" score=78
2026-07-01 18:43:36.644 I0701 09:41:08.076121       1 schedule_one.go:745] "Plugin scored node for pod" pod="default/yolo-pos-2" plugin="VolumeBinding" node="gpu-orin2" score=0
2026-07-01 18:43:36.646 I0701 09:41:08.076127       1 schedule_one.go:745] "Plugin scored node for pod" pod="default/yolo-pos-2" plugin="NodeResourcesBalancedAllocation" node="gpu-orin2" score=99
2026-07-01 18:43:36.649 I0701 09:41:08.076136       1 schedule_one.go:745] "Plugin scored node for pod" pod="default/yolo-pos-2" plugin="ImageLocality" node="gpu-orin2" score=0
2026-07-01 18:43:36.651 I0701 09:41:08.076142       1 schedule_one.go:745] "Plugin scored node for pod" pod="default/yolo-pos-2" plugin="TaintToleration" node="gpuorin4-desktop" score=300
2026-07-01 18:43:36.654 I0701 09:41:08.076147       1 schedule_one.go:745] "Plugin scored node for pod" pod="default/yolo-pos-2" plugin="NodeAffinity" node="gpuorin4-desktop" score=0
2026-07-01 18:43:36.656 I0701 09:41:08.076154       1 schedule_one.go:745] "Plugin scored node for pod" pod="default/yolo-pos-2" plugin="NodeResourcesFit" node="gpuorin4-desktop" score=78
2026-07-01 18:43:36.659 I0701 09:41:08.076160       1 schedule_one.go:745] "Plugin scored node for pod" pod="default/yolo-pos-2" plugin="VolumeBinding" node="gpuorin4-desktop" score=0
2026-07-01 18:43:36.662 I0701 09:41:08.076165       1 schedule_one.go:745] "Plugin scored node for pod" pod="default/yolo-pos-2" plugin="NodeResourcesBalancedAllocation" node="gpuorin4-desktop" score=99
2026-07-01 18:43:36.664 I0701 09:41:08.076172       1 schedule_one.go:745] "Plugin scored node for pod" pod="default/yolo-pos-2" plugin="ImageLocality" node="gpuorin4-desktop" score=0
2026-07-01 18:43:36.667 I0701 09:41:08.076178       1 schedule_one.go:745] "Plugin scored node for pod" pod="default/yolo-pos-2" plugin="TaintToleration" node="gpu-orin3" score=300
2026-07-01 18:43:36.670 I0701 09:41:08.076188       1 schedule_one.go:745] "Plugin scored node for pod" pod="default/yolo-pos-2" plugin="NodeAffinity" node="gpu-orin3" score=0
2026-07-01 18:43:36.672 I0701 09:41:08.076193       1 schedule_one.go:745] "Plugin scored node for pod" pod="default/yolo-pos-2" plugin="NodeResourcesFit" node="gpu-orin3" score=78
2026-07-01 18:43:36.674 I0701 09:41:08.076198       1 schedule_one.go:745] "Plugin scored node for pod" pod="default/yolo-pos-2" plugin="VolumeBinding" node="gpu-orin3" score=0
2026-07-01 18:43:36.676 I0701 09:41:08.076204       1 schedule_one.go:745] "Plugin scored node for pod" pod="default/yolo-pos-2" plugin="NodeResourcesBalancedAllocation" node="gpu-orin3" score=99
2026-07-01 18:43:36.679 I0701 09:41:08.076213       1 schedule_one.go:745] "Plugin scored node for pod" pod="default/yolo-pos-2" plugin="ImageLocality" node="gpu-orin3" score=0
2026-07-01 18:43:36.681 I0701 09:41:08.076219       1 schedule_one.go:745] "Plugin scored node for pod" pod="default/yolo-pos-2" plugin="TaintToleration" node="gpuorin5-desktop" score=300
2026-07-01 18:43:36.684 I0701 09:41:08.076224       1 schedule_one.go:745] "Plugin scored node for pod" pod="default/yolo-pos-2" plugin="NodeAffinity" node="gpuorin5-desktop" score=0
2026-07-01 18:43:36.686 I0701 09:41:08.076229       1 schedule_one.go:745] "Plugin scored node for pod" pod="default/yolo-pos-2" plugin="NodeResourcesFit" node="gpuorin5-desktop" score=78
2026-07-01 18:43:36.688 I0701 09:41:08.076235       1 schedule_one.go:745] "Plugin scored node for pod" pod="default/yolo-pos-2" plugin="VolumeBinding" node="gpuorin5-desktop" score=0
2026-07-01 18:43:36.690 I0701 09:41:08.076240       1 schedule_one.go:745] "Plugin scored node for pod" pod="default/yolo-pos-2" plugin="NodeResourcesBalancedAllocation" node="gpuorin5-desktop" score=99
2026-07-01 18:43:36.691 I0701 09:41:08.076246       1 schedule_one.go:745] "Plugin scored node for pod" pod="default/yolo-pos-2" plugin="ImageLocality" node="gpuorin5-desktop" score=0
2026-07-01 18:43:36.692 I0701 09:41:08.076253       1 schedule_one.go:812] "Calculated node's final score for pod" pod="default/yolo-pos-2" node="gpu-orin2" score=477
2026-07-01 18:43:36.693 I0701 09:41:08.076261       1 schedule_one.go:812] "Calculated node's final score for pod" pod="default/yolo-pos-2" node="gpuorin4-desktop" score=477
2026-07-01 18:43:36.694 I0701 09:41:08.076269       1 schedule_one.go:812] "Calculated node's final score for pod" pod="default/yolo-pos-2" node="gpu-orin3" score=477
2026-07-01 18:43:36.695 I0701 09:41:08.076279       1 schedule_one.go:812] "Calculated node's final score for pod" pod="default/yolo-pos-2" node="gpuorin5-desktop" score=477
2026-07-01 18:43:50.414 I0701 09:43:50.412636       1 resource_allocation.go:76] "Listed internal info for allocatable resources, requested resources and score" pod="default/yolo-cls-1" node="gpu-orin3" resourceAllocationScorer="LeastAllocated" allocatableResource=[6000,7885152256] requestedResource=[700,1468006400] resourceScore=84
2026-07-01 18:43:50.416 I0701 09:43:50.412642       1 resource_allocation.go:76] "Listed internal info for allocatable resources, requested resources and score" pod="default/yolo-cls-1" node="gpuorin5-desktop" resourceAllocationScorer="LeastAllocated" allocatableResource=[6000,7885127680] requestedResource=[700,1468006400] resourceScore=84
2026-07-01 18:43:50.417 I0701 09:43:50.412646       1 resource_allocation.go:76] "Listed internal info for allocatable resources, requested resources and score" pod="default/yolo-cls-1" node="gpuorin4-desktop" resourceAllocationScorer="LeastAllocated" allocatableResource=[6000,7885250560] requestedResource=[1000,2097152000] resourceScore=78
2026-07-01 18:43:50.419 I0701 09:43:50.412655       1 resource_allocation.go:76] "Listed internal info for allocatable resources, requested resources and score" pod="default/yolo-cls-1" node="gpu-orin3" resourceAllocationScorer="NodeResourcesBalancedAllocation" allocatableResource=[6000,7885152256] requestedResource=[100,52428800] resourceScore=99
2026-07-01 18:43:50.421 I0701 09:43:50.412661       1 resource_allocation.go:76] "Listed internal info for allocatable resources, requested resources and score" pod="default/yolo-cls-1" node="gpuorin5-desktop" resourceAllocationScorer="NodeResourcesBalancedAllocation" allocatableResource=[6000,7885127680] requestedResource=[100,52428800] resourceScore=99
2026-07-01 18:43:50.422 I0701 09:43:50.412668       1 resource_allocation.go:76] "Listed internal info for allocatable resources, requested resources and score" pod="default/yolo-cls-1" node="gpuorin4-desktop" resourceAllocationScorer="NodeResourcesBalancedAllocation" allocatableResource=[6000,7885250560] requestedResource=[100,52428800] resourceScore=99
2026-07-01 18:43:50.424 I0701 09:43:50.412663       1 resource_allocation.go:76] "Listed internal info for allocatable resources, requested resources and score" pod="default/yolo-cls-1" node="gpu-orin2" resourceAllocationScorer="LeastAllocated" allocatableResource=[6000,7885127680] requestedResource=[700,1468006400] resourceScore=84
2026-07-01 18:43:50.425 I0701 09:43:50.412700       1 resource_allocation.go:76] "Listed internal info for allocatable resources, requested resources and score" pod="default/yolo-cls-1" node="gpu-orin2" resourceAllocationScorer="NodeResourcesBalancedAllocation" allocatableResource=[6000,7885127680] requestedResource=[100,52428800] resourceScore=99
2026-07-01 18:43:50.426 I0701 09:43:50.412778       1 schedule_one.go:745] "Plugin scored node for pod" pod="default/yolo-cls-1" plugin="TaintToleration" node="gpu-orin2" score=300
2026-07-01 18:43:50.427 I0701 09:43:50.412788       1 schedule_one.go:745] "Plugin scored node for pod" pod="default/yolo-cls-1" plugin="NodeAffinity" node="gpu-orin2" score=0
2026-07-01 18:43:50.430 I0701 09:43:50.412794       1 schedule_one.go:745] "Plugin scored node for pod" pod="default/yolo-cls-1" plugin="NodeResourcesFit" node="gpu-orin2" score=84
2026-07-01 18:43:50.432 I0701 09:43:50.412799       1 schedule_one.go:745] "Plugin scored node for pod" pod="default/yolo-cls-1" plugin="VolumeBinding" node="gpu-orin2" score=0
2026-07-01 18:43:50.433 I0701 09:43:50.412802       1 schedule_one.go:745] "Plugin scored node for pod" pod="default/yolo-cls-1" plugin="NodeResourcesBalancedAllocation" node="gpu-orin2" score=99
2026-07-01 18:43:50.435 I0701 09:43:50.412806       1 schedule_one.go:745] "Plugin scored node for pod" pod="default/yolo-cls-1" plugin="ImageLocality" node="gpu-orin2" score=0
2026-07-01 18:43:50.437 I0701 09:43:50.412810       1 schedule_one.go:745] "Plugin scored node for pod" pod="default/yolo-cls-1" plugin="TaintToleration" node="gpu-orin3" score=300
2026-07-01 18:43:50.438 I0701 09:43:50.412814       1 schedule_one.go:745] "Plugin scored node for pod" pod="default/yolo-cls-1" plugin="NodeAffinity" node="gpu-orin3" score=0
2026-07-01 18:43:50.440 I0701 09:43:50.412819       1 schedule_one.go:745] "Plugin scored node for pod" pod="default/yolo-cls-1" plugin="NodeResourcesFit" node="gpu-orin3" score=84
2026-07-01 18:43:50.441 I0701 09:43:50.412822       1 schedule_one.go:745] "Plugin scored node for pod" pod="default/yolo-cls-1" plugin="VolumeBinding" node="gpu-orin3" score=0
2026-07-01 18:43:50.442 I0701 09:43:50.412828       1 schedule_one.go:745] "Plugin scored node for pod" pod="default/yolo-cls-1" plugin="NodeResourcesBalancedAllocation" node="gpu-orin3" score=99
2026-07-01 18:43:50.443 I0701 09:43:50.412832       1 schedule_one.go:745] "Plugin scored node for pod" pod="default/yolo-cls-1" plugin="ImageLocality" node="gpu-orin3" score=0
2026-07-01 18:43:50.444 I0701 09:43:50.412836       1 schedule_one.go:745] "Plugin scored node for pod" pod="default/yolo-cls-1" plugin="TaintToleration" node="gpuorin5-desktop" score=300
2026-07-01 18:43:50.445 I0701 09:43:50.412840       1 schedule_one.go:745] "Plugin scored node for pod" pod="default/yolo-cls-1" plugin="NodeAffinity" node="gpuorin5-desktop" score=0
2026-07-01 18:43:50.446 I0701 09:43:50.412845       1 schedule_one.go:745] "Plugin scored node for pod" pod="default/yolo-cls-1" plugin="NodeResourcesFit" node="gpuorin5-desktop" score=84
2026-07-01 18:43:50.447 I0701 09:43:50.412849       1 schedule_one.go:745] "Plugin scored node for pod" pod="default/yolo-cls-1" plugin="VolumeBinding" node="gpuorin5-desktop" score=0
2026-07-01 18:43:50.448 I0701 09:43:50.412853       1 schedule_one.go:745] "Plugin scored node for pod" pod="default/yolo-cls-1" plugin="NodeResourcesBalancedAllocation" node="gpuorin5-desktop" score=99
2026-07-01 18:43:50.448 I0701 09:43:50.412856       1 schedule_one.go:745] "Plugin scored node for pod" pod="default/yolo-cls-1" plugin="ImageLocality" node="gpuorin5-desktop" score=0
2026-07-01 18:43:50.449 I0701 09:43:50.412861       1 schedule_one.go:745] "Plugin scored node for pod" pod="default/yolo-cls-1" plugin="TaintToleration" node="gpuorin4-desktop" score=300
2026-07-01 18:43:50.450 I0701 09:43:50.412864       1 schedule_one.go:745] "Plugin scored node for pod" pod="default/yolo-cls-1" plugin="NodeAffinity" node="gpuorin4-desktop" score=0
2026-07-01 18:43:50.450 I0701 09:43:50.412868       1 schedule_one.go:745] "Plugin scored node for pod" pod="default/yolo-cls-1" plugin="NodeResourcesFit" node="gpuorin4-desktop" score=78
2026-07-01 18:43:50.451 I0701 09:43:50.412871       1 schedule_one.go:745] "Plugin scored node for pod" pod="default/yolo-cls-1" plugin="VolumeBinding" node="gpuorin4-desktop" score=0
2026-07-01 18:43:50.452 I0701 09:43:50.412874       1 schedule_one.go:745] "Plugin scored node for pod" pod="default/yolo-cls-1" plugin="NodeResourcesBalancedAllocation" node="gpuorin4-desktop" score=99
2026-07-01 18:43:50.453 I0701 09:43:50.412878       1 schedule_one.go:745] "Plugin scored node for pod" pod="default/yolo-cls-1" plugin="ImageLocality" node="gpuorin4-desktop" score=0
2026-07-01 18:43:50.453 I0701 09:43:50.412885       1 schedule_one.go:812] "Calculated node's final score for pod" pod="default/yolo-cls-1" node="gpu-orin2" score=483
2026-07-01 18:43:50.454 I0701 09:43:50.412890       1 schedule_one.go:812] "Calculated node's final score for pod" pod="default/yolo-cls-1" node="gpu-orin3" score=483
2026-07-01 18:43:50.455 I0701 09:43:50.412895       1 schedule_one.go:812] "Calculated node's final score for pod" pod="default/yolo-cls-1" node="gpuorin5-desktop" score=483
2026-07-01 18:43:50.455 I0701 09:43:50.412900       1 schedule_one.go:812] "Calculated node's final score for pod" pod="default/yolo-cls-1" node="gpuorin4-desktop" score=477
2026-07-01 18:43:55.405 I0701 09:43:55.401104       1 resource_allocation.go:76] "Listed internal info for allocatable resources, requested resources and score" pod="default/yolo-det-1" node="gpu-orin3" resourceAllocationScorer="LeastAllocated" allocatableResource=[6000,7885152256] requestedResource=[800,1677721600] resourceScore=82
2026-07-01 18:43:55.408 I0701 09:43:55.401127       1 resource_allocation.go:76] "Listed internal info for allocatable resources, requested resources and score" pod="default/yolo-det-1" node="gpu-orin2" resourceAllocationScorer="LeastAllocated" allocatableResource=[6000,7885127680] requestedResource=[700,1468006400] resourceScore=84
2026-07-01 18:43:55.411 I0701 09:43:55.401144       1 resource_allocation.go:76] "Listed internal info for allocatable resources, requested resources and score" pod="default/yolo-det-1" node="gpu-orin3" resourceAllocationScorer="NodeResourcesBalancedAllocation" allocatableResource=[6000,7885152256] requestedResource=[100,52428800] resourceScore=99
2026-07-01 18:43:55.414 I0701 09:43:55.401166       1 resource_allocation.go:76] "Listed internal info for allocatable resources, requested resources and score" pod="default/yolo-det-1" node="gpu-orin2" resourceAllocationScorer="NodeResourcesBalancedAllocation" allocatableResource=[6000,7885127680] requestedResource=[100,52428800] resourceScore=99
2026-07-01 18:43:55.417 I0701 09:43:55.401164       1 resource_allocation.go:76] "Listed internal info for allocatable resources, requested resources and score" pod="default/yolo-det-1" node="gpuorin5-desktop" resourceAllocationScorer="LeastAllocated" allocatableResource=[6000,7885127680] requestedResource=[700,1468006400] resourceScore=84
2026-07-01 18:43:55.421 I0701 09:43:55.401219       1 resource_allocation.go:76] "Listed internal info for allocatable resources, requested resources and score" pod="default/yolo-det-1" node="gpuorin5-desktop" resourceAllocationScorer="NodeResourcesBalancedAllocation" allocatableResource=[6000,7885127680] requestedResource=[100,52428800] resourceScore=99
2026-07-01 18:43:55.424 I0701 09:43:55.401217       1 resource_allocation.go:76] "Listed internal info for allocatable resources, requested resources and score" pod="default/yolo-det-1" node="gpuorin4-desktop" resourceAllocationScorer="LeastAllocated" allocatableResource=[6000,7885250560] requestedResource=[1000,2097152000] resourceScore=78
2026-07-01 18:43:55.427 I0701 09:43:55.401268       1 resource_allocation.go:76] "Listed internal info for allocatable resources, requested resources and score" pod="default/yolo-det-1" node="gpuorin4-desktop" resourceAllocationScorer="NodeResourcesBalancedAllocation" allocatableResource=[6000,7885250560] requestedResource=[100,52428800] resourceScore=99
2026-07-01 18:43:55.430 I0701 09:43:55.401424       1 schedule_one.go:745] "Plugin scored node for pod" pod="default/yolo-det-1" plugin="TaintToleration" node="gpu-orin3" score=300
2026-07-01 18:43:55.433 I0701 09:43:55.401445       1 schedule_one.go:745] "Plugin scored node for pod" pod="default/yolo-det-1" plugin="NodeAffinity" node="gpu-orin3" score=0
2026-07-01 18:43:55.436 I0701 09:43:55.401459       1 schedule_one.go:745] "Plugin scored node for pod" pod="default/yolo-det-1" plugin="NodeResourcesFit" node="gpu-orin3" score=82
2026-07-01 18:43:55.438 I0701 09:43:55.401471       1 schedule_one.go:745] "Plugin scored node for pod" pod="default/yolo-det-1" plugin="VolumeBinding" node="gpu-orin3" score=0
2026-07-01 18:43:55.441 I0701 09:43:55.401483       1 schedule_one.go:745] "Plugin scored node for pod" pod="default/yolo-det-1" plugin="NodeResourcesBalancedAllocation" node="gpu-orin3" score=99
2026-07-01 18:43:55.443 I0701 09:43:55.401502       1 schedule_one.go:745] "Plugin scored node for pod" pod="default/yolo-det-1" plugin="ImageLocality" node="gpu-orin3" score=0
2026-07-01 18:43:55.444 I0701 09:43:55.401513       1 schedule_one.go:745] "Plugin scored node for pod" pod="default/yolo-det-1" plugin="TaintToleration" node="gpu-orin2" score=300
2026-07-01 18:43:55.446 I0701 09:43:55.401524       1 schedule_one.go:745] "Plugin scored node for pod" pod="default/yolo-det-1" plugin="NodeAffinity" node="gpu-orin2" score=0
2026-07-01 18:43:55.447 I0701 09:43:55.401535       1 schedule_one.go:745] "Plugin scored node for pod" pod="default/yolo-det-1" plugin="NodeResourcesFit" node="gpu-orin2" score=84
2026-07-01 18:43:55.448 I0701 09:43:55.401546       1 schedule_one.go:745] "Plugin scored node for pod" pod="default/yolo-det-1" plugin="VolumeBinding" node="gpu-orin2" score=0
2026-07-01 18:43:55.449 I0701 09:43:55.401558       1 schedule_one.go:745] "Plugin scored node for pod" pod="default/yolo-det-1" plugin="NodeResourcesBalancedAllocation" node="gpu-orin2" score=99
2026-07-01 18:43:55.449 I0701 09:43:55.401571       1 schedule_one.go:745] "Plugin scored node for pod" pod="default/yolo-det-1" plugin="ImageLocality" node="gpu-orin2" score=0
2026-07-01 18:43:55.450 I0701 09:43:55.401583       1 schedule_one.go:745] "Plugin scored node for pod" pod="default/yolo-det-1" plugin="TaintToleration" node="gpuorin5-desktop" score=300
2026-07-01 18:43:55.451 I0701 09:43:55.401596       1 schedule_one.go:745] "Plugin scored node for pod" pod="default/yolo-det-1" plugin="NodeAffinity" node="gpuorin5-desktop" score=0
2026-07-01 18:43:55.452 I0701 09:43:55.401608       1 schedule_one.go:745] "Plugin scored node for pod" pod="default/yolo-det-1" plugin="NodeResourcesFit" node="gpuorin5-desktop" score=84
2026-07-01 18:43:55.453 I0701 09:43:55.401623       1 schedule_one.go:745] "Plugin scored node for pod" pod="default/yolo-det-1" plugin="VolumeBinding" node="gpuorin5-desktop" score=0
2026-07-01 18:43:55.455 I0701 09:43:55.401635       1 schedule_one.go:745] "Plugin scored node for pod" pod="default/yolo-det-1" plugin="NodeResourcesBalancedAllocation" node="gpuorin5-desktop" score=99
2026-07-01 18:43:55.456 I0701 09:43:55.401647       1 schedule_one.go:745] "Plugin scored node for pod" pod="default/yolo-det-1" plugin="ImageLocality" node="gpuorin5-desktop" score=0
2026-07-01 18:43:55.457 I0701 09:43:55.401661       1 schedule_one.go:745] "Plugin scored node for pod" pod="default/yolo-det-1" plugin="TaintToleration" node="gpuorin4-desktop" score=300
2026-07-01 18:43:55.458 I0701 09:43:55.401673       1 schedule_one.go:745] "Plugin scored node for pod" pod="default/yolo-det-1" plugin="NodeAffinity" node="gpuorin4-desktop" score=0
2026-07-01 18:43:55.459 I0701 09:43:55.401685       1 schedule_one.go:745] "Plugin scored node for pod" pod="default/yolo-det-1" plugin="NodeResourcesFit" node="gpuorin4-desktop" score=78
2026-07-01 18:43:55.460 I0701 09:43:55.401696       1 schedule_one.go:745] "Plugin scored node for pod" pod="default/yolo-det-1" plugin="VolumeBinding" node="gpuorin4-desktop" score=0
2026-07-01 18:43:55.461 I0701 09:43:55.401709       1 schedule_one.go:745] "Plugin scored node for pod" pod="default/yolo-det-1" plugin="NodeResourcesBalancedAllocation" node="gpuorin4-desktop" score=99
2026-07-01 18:43:55.461 I0701 09:43:55.401723       1 schedule_one.go:745] "Plugin scored node for pod" pod="default/yolo-det-1" plugin="ImageLocality" node="gpuorin4-desktop" score=0
2026-07-01 18:43:55.462 I0701 09:43:55.401740       1 schedule_one.go:812] "Calculated node's final score for pod" pod="default/yolo-det-1" node="gpu-orin3" score=481
2026-07-01 18:43:55.463 I0701 09:43:55.401757       1 schedule_one.go:812] "Calculated node's final score for pod" pod="default/yolo-det-1" node="gpu-orin2" score=483
2026-07-01 18:43:55.464 I0701 09:43:55.401788       1 schedule_one.go:812] "Calculated node's final score for pod" pod="default/yolo-det-1" node="gpuorin5-desktop" score=483
2026-07-01 18:43:55.464 I0701 09:43:55.401805       1 schedule_one.go:812] "Calculated node's final score for pod" pod="default/yolo-det-1" node="gpuorin4-desktop" score=477
2026-07-01 18:43:59.634 I0701 09:43:59.631095       1 resource_allocation.go:76] "Listed internal info for allocatable resources, requested resources and score" pod="default/yolo-seg-1" node="gpu-orin2" resourceAllocationScorer="LeastAllocated" allocatableResource=[6000,7885127680] requestedResource=[700,1468006400] resourceScore=84
2026-07-01 18:43:59.637 I0701 09:43:59.631123       1 resource_allocation.go:76] "Listed internal info for allocatable resources, requested resources and score" pod="default/yolo-seg-1" node="gpu-orin2" resourceAllocationScorer="NodeResourcesBalancedAllocation" allocatableResource=[6000,7885127680] requestedResource=[100,52428800] resourceScore=99
2026-07-01 18:43:59.640 I0701 09:43:59.631127       1 resource_allocation.go:76] "Listed internal info for allocatable resources, requested resources and score" pod="default/yolo-seg-1" node="gpu-orin3" resourceAllocationScorer="LeastAllocated" allocatableResource=[6000,7885152256] requestedResource=[800,1677721600] resourceScore=82
2026-07-01 18:43:59.644 I0701 09:43:59.631134       1 resource_allocation.go:76] "Listed internal info for allocatable resources, requested resources and score" pod="default/yolo-seg-1" node="gpuorin4-desktop" resourceAllocationScorer="LeastAllocated" allocatableResource=[6000,7885250560] requestedResource=[1000,2097152000] resourceScore=78
2026-07-01 18:43:59.647 I0701 09:43:59.631160       1 resource_allocation.go:76] "Listed internal info for allocatable resources, requested resources and score" pod="default/yolo-seg-1" node="gpuorin5-desktop" resourceAllocationScorer="LeastAllocated" allocatableResource=[6000,7885127680] requestedResource=[800,1677721600] resourceScore=82
2026-07-01 18:43:59.650 I0701 09:43:59.631177       1 resource_allocation.go:76] "Listed internal info for allocatable resources, requested resources and score" pod="default/yolo-seg-1" node="gpuorin4-desktop" resourceAllocationScorer="NodeResourcesBalancedAllocation" allocatableResource=[6000,7885250560] requestedResource=[100,52428800] resourceScore=99
2026-07-01 18:43:59.653 I0701 09:43:59.631210       1 resource_allocation.go:76] "Listed internal info for allocatable resources, requested resources and score" pod="default/yolo-seg-1" node="gpuorin5-desktop" resourceAllocationScorer="NodeResourcesBalancedAllocation" allocatableResource=[6000,7885127680] requestedResource=[100,52428800] resourceScore=99
2026-07-01 18:43:59.656 I0701 09:43:59.631169       1 resource_allocation.go:76] "Listed internal info for allocatable resources, requested resources and score" pod="default/yolo-seg-1" node="gpu-orin3" resourceAllocationScorer="NodeResourcesBalancedAllocation" allocatableResource=[6000,7885152256] requestedResource=[100,52428800] resourceScore=99
2026-07-01 18:43:59.659 I0701 09:43:59.631353       1 schedule_one.go:745] "Plugin scored node for pod" pod="default/yolo-seg-1" plugin="TaintToleration" node="gpu-orin2" score=300
2026-07-01 18:43:59.661 I0701 09:43:59.631390       1 schedule_one.go:745] "Plugin scored node for pod" pod="default/yolo-seg-1" plugin="NodeAffinity" node="gpu-orin2" score=0
2026-07-01 18:43:59.663 I0701 09:43:59.631408       1 schedule_one.go:745] "Plugin scored node for pod" pod="default/yolo-seg-1" plugin="NodeResourcesFit" node="gpu-orin2" score=84
2026-07-01 18:43:59.664 I0701 09:43:59.631421       1 schedule_one.go:745] "Plugin scored node for pod" pod="default/yolo-seg-1" plugin="VolumeBinding" node="gpu-orin2" score=0
2026-07-01 18:43:59.665 I0701 09:43:59.631434       1 schedule_one.go:745] "Plugin scored node for pod" pod="default/yolo-seg-1" plugin="NodeResourcesBalancedAllocation" node="gpu-orin2" score=99
2026-07-01 18:43:59.667 I0701 09:43:59.631445       1 schedule_one.go:745] "Plugin scored node for pod" pod="default/yolo-seg-1" plugin="ImageLocality" node="gpu-orin2" score=0
2026-07-01 18:43:59.668 I0701 09:43:59.631456       1 schedule_one.go:745] "Plugin scored node for pod" pod="default/yolo-seg-1" plugin="TaintToleration" node="gpu-orin3" score=300
2026-07-01 18:43:59.669 I0701 09:43:59.631471       1 schedule_one.go:745] "Plugin scored node for pod" pod="default/yolo-seg-1" plugin="NodeAffinity" node="gpu-orin3" score=0
2026-07-01 18:43:59.670 I0701 09:43:59.631482       1 schedule_one.go:745] "Plugin scored node for pod" pod="default/yolo-seg-1" plugin="NodeResourcesFit" node="gpu-orin3" score=82
2026-07-01 18:43:59.670 I0701 09:43:59.631493       1 schedule_one.go:745] "Plugin scored node for pod" pod="default/yolo-seg-1" plugin="VolumeBinding" node="gpu-orin3" score=0
2026-07-01 18:43:59.671 I0701 09:43:59.631504       1 schedule_one.go:745] "Plugin scored node for pod" pod="default/yolo-seg-1" plugin="NodeResourcesBalancedAllocation" node="gpu-orin3" score=99
2026-07-01 18:43:59.672 I0701 09:43:59.631517       1 schedule_one.go:745] "Plugin scored node for pod" pod="default/yolo-seg-1" plugin="ImageLocality" node="gpu-orin3" score=0
2026-07-01 18:43:59.672 I0701 09:43:59.631528       1 schedule_one.go:745] "Plugin scored node for pod" pod="default/yolo-seg-1" plugin="TaintToleration" node="gpuorin4-desktop" score=300
2026-07-01 18:43:59.673 I0701 09:43:59.631540       1 schedule_one.go:745] "Plugin scored node for pod" pod="default/yolo-seg-1" plugin="NodeAffinity" node="gpuorin4-desktop" score=0
2026-07-01 18:43:59.674 I0701 09:43:59.631552       1 schedule_one.go:745] "Plugin scored node for pod" pod="default/yolo-seg-1" plugin="NodeResourcesFit" node="gpuorin4-desktop" score=78
2026-07-01 18:43:59.674 I0701 09:43:59.631562       1 schedule_one.go:745] "Plugin scored node for pod" pod="default/yolo-seg-1" plugin="VolumeBinding" node="gpuorin4-desktop" score=0
2026-07-01 18:43:59.675 I0701 09:43:59.631573       1 schedule_one.go:745] "Plugin scored node for pod" pod="default/yolo-seg-1" plugin="NodeResourcesBalancedAllocation" node="gpuorin4-desktop" score=99
2026-07-01 18:43:59.676 I0701 09:43:59.631584       1 schedule_one.go:745] "Plugin scored node for pod" pod="default/yolo-seg-1" plugin="ImageLocality" node="gpuorin4-desktop" score=0
2026-07-01 18:43:59.676 I0701 09:43:59.631604       1 schedule_one.go:745] "Plugin scored node for pod" pod="default/yolo-seg-1" plugin="TaintToleration" node="gpuorin5-desktop" score=300
2026-07-01 18:43:59.677 I0701 09:43:59.631616       1 schedule_one.go:745] "Plugin scored node for pod" pod="default/yolo-seg-1" plugin="NodeAffinity" node="gpuorin5-desktop" score=0
2026-07-01 18:43:59.678 I0701 09:43:59.631628       1 schedule_one.go:745] "Plugin scored node for pod" pod="default/yolo-seg-1" plugin="NodeResourcesFit" node="gpuorin5-desktop" score=82
2026-07-01 18:43:59.678 I0701 09:43:59.631641       1 schedule_one.go:745] "Plugin scored node for pod" pod="default/yolo-seg-1" plugin="VolumeBinding" node="gpuorin5-desktop" score=0
2026-07-01 18:43:59.679 I0701 09:43:59.631654       1 schedule_one.go:745] "Plugin scored node for pod" pod="default/yolo-seg-1" plugin="NodeResourcesBalancedAllocation" node="gpuorin5-desktop" score=99
2026-07-01 18:43:59.680 I0701 09:43:59.631665       1 schedule_one.go:745] "Plugin scored node for pod" pod="default/yolo-seg-1" plugin="ImageLocality" node="gpuorin5-desktop" score=0
2026-07-01 18:43:59.681 I0701 09:43:59.631684       1 schedule_one.go:812] "Calculated node's final score for pod" pod="default/yolo-seg-1" node="gpu-orin2" score=483
2026-07-01 18:43:59.681 I0701 09:43:59.631698       1 schedule_one.go:812] "Calculated node's final score for pod" pod="default/yolo-seg-1" node="gpu-orin3" score=481
2026-07-01 18:43:59.682 I0701 09:43:59.631709       1 schedule_one.go:812] "Calculated node's final score for pod" pod="default/yolo-seg-1" node="gpuorin4-desktop" score=477
2026-07-01 18:43:59.683 I0701 09:43:59.631723       1 schedule_one.go:812] "Calculated node's final score for pod" pod="default/yolo-seg-1" node="gpuorin5-desktop" score=481
2026-07-01 18:44:03.548 I0701 09:44:03.544613       1 resource_allocation.go:76] "Listed internal info for allocatable resources, requested resources and score" pod="default/yolo-obb-1" node="gpu-orin3" resourceAllocationScorer="LeastAllocated" allocatableResource=[6000,7885152256] requestedResource=[800,1677721600] resourceScore=82
2026-07-01 18:44:03.551 I0701 09:44:03.544640       1 resource_allocation.go:76] "Listed internal info for allocatable resources, requested resources and score" pod="default/yolo-obb-1" node="gpu-orin3" resourceAllocationScorer="NodeResourcesBalancedAllocation" allocatableResource=[6000,7885152256] requestedResource=[100,52428800] resourceScore=99
2026-07-01 18:44:03.554 I0701 09:44:03.544659       1 resource_allocation.go:76] "Listed internal info for allocatable resources, requested resources and score" pod="default/yolo-obb-1" node="gpuorin4-desktop" resourceAllocationScorer="LeastAllocated" allocatableResource=[6000,7885250560] requestedResource=[1000,2097152000] resourceScore=78
2026-07-01 18:44:03.557 I0701 09:44:03.544692       1 resource_allocation.go:76] "Listed internal info for allocatable resources, requested resources and score" pod="default/yolo-obb-1" node="gpuorin4-desktop" resourceAllocationScorer="NodeResourcesBalancedAllocation" allocatableResource=[6000,7885250560] requestedResource=[100,52428800] resourceScore=99
2026-07-01 18:44:03.560 I0701 09:44:03.544724       1 resource_allocation.go:76] "Listed internal info for allocatable resources, requested resources and score" pod="default/yolo-obb-1" node="gpu-orin2" resourceAllocationScorer="LeastAllocated" allocatableResource=[6000,7885127680] requestedResource=[800,1677721600] resourceScore=82
2026-07-01 18:44:03.562 I0701 09:44:03.544798       1 resource_allocation.go:76] "Listed internal info for allocatable resources, requested resources and score" pod="default/yolo-obb-1" node="gpu-orin2" resourceAllocationScorer="NodeResourcesBalancedAllocation" allocatableResource=[6000,7885127680] requestedResource=[100,52428800] resourceScore=99
2026-07-01 18:44:03.566 I0701 09:44:03.544814       1 resource_allocation.go:76] "Listed internal info for allocatable resources, requested resources and score" pod="default/yolo-obb-1" node="gpuorin5-desktop" resourceAllocationScorer="LeastAllocated" allocatableResource=[6000,7885127680] requestedResource=[800,1677721600] resourceScore=82
2026-07-01 18:44:03.569 I0701 09:44:03.544866       1 resource_allocation.go:76] "Listed internal info for allocatable resources, requested resources and score" pod="default/yolo-obb-1" node="gpuorin5-desktop" resourceAllocationScorer="NodeResourcesBalancedAllocation" allocatableResource=[6000,7885127680] requestedResource=[100,52428800] resourceScore=99
2026-07-01 18:44:03.572 I0701 09:44:03.545138       1 schedule_one.go:745] "Plugin scored node for pod" pod="default/yolo-obb-1" plugin="TaintToleration" node="gpu-orin3" score=300
2026-07-01 18:44:03.575 I0701 09:44:03.545163       1 schedule_one.go:745] "Plugin scored node for pod" pod="default/yolo-obb-1" plugin="NodeAffinity" node="gpu-orin3" score=0
2026-07-01 18:44:03.577 I0701 09:44:03.545172       1 schedule_one.go:745] "Plugin scored node for pod" pod="default/yolo-obb-1" plugin="NodeResourcesFit" node="gpu-orin3" score=82
2026-07-01 18:44:03.579 I0701 09:44:03.545179       1 schedule_one.go:745] "Plugin scored node for pod" pod="default/yolo-obb-1" plugin="VolumeBinding" node="gpu-orin3" score=0
2026-07-01 18:44:03.581 I0701 09:44:03.545186       1 schedule_one.go:745] "Plugin scored node for pod" pod="default/yolo-obb-1" plugin="NodeResourcesBalancedAllocation" node="gpu-orin3" score=99
2026-07-01 18:44:03.582 I0701 09:44:03.545199       1 schedule_one.go:745] "Plugin scored node for pod" pod="default/yolo-obb-1" plugin="ImageLocality" node="gpu-orin3" score=0
2026-07-01 18:44:03.583 I0701 09:44:03.545207       1 schedule_one.go:745] "Plugin scored node for pod" pod="default/yolo-obb-1" plugin="TaintToleration" node="gpuorin4-desktop" score=300
2026-07-01 18:44:03.585 I0701 09:44:03.545213       1 schedule_one.go:745] "Plugin scored node for pod" pod="default/yolo-obb-1" plugin="NodeAffinity" node="gpuorin4-desktop" score=0
2026-07-01 18:44:03.586 I0701 09:44:03.545221       1 schedule_one.go:745] "Plugin scored node for pod" pod="default/yolo-obb-1" plugin="NodeResourcesFit" node="gpuorin4-desktop" score=78
2026-07-01 18:44:03.586 I0701 09:44:03.545227       1 schedule_one.go:745] "Plugin scored node for pod" pod="default/yolo-obb-1" plugin="VolumeBinding" node="gpuorin4-desktop" score=0
2026-07-01 18:44:03.587 I0701 09:44:03.545234       1 schedule_one.go:745] "Plugin scored node for pod" pod="default/yolo-obb-1" plugin="NodeResourcesBalancedAllocation" node="gpuorin4-desktop" score=99
2026-07-01 18:44:03.588 I0701 09:44:03.545240       1 schedule_one.go:745] "Plugin scored node for pod" pod="default/yolo-obb-1" plugin="ImageLocality" node="gpuorin4-desktop" score=0
2026-07-01 18:44:03.589 I0701 09:44:03.545246       1 schedule_one.go:745] "Plugin scored node for pod" pod="default/yolo-obb-1" plugin="TaintToleration" node="gpu-orin2" score=300
2026-07-01 18:44:03.589 I0701 09:44:03.545251       1 schedule_one.go:745] "Plugin scored node for pod" pod="default/yolo-obb-1" plugin="NodeAffinity" node="gpu-orin2" score=0
2026-07-01 18:44:03.590 I0701 09:44:03.545258       1 schedule_one.go:745] "Plugin scored node for pod" pod="default/yolo-obb-1" plugin="NodeResourcesFit" node="gpu-orin2" score=82
2026-07-01 18:44:03.591 I0701 09:44:03.545264       1 schedule_one.go:745] "Plugin scored node for pod" pod="default/yolo-obb-1" plugin="VolumeBinding" node="gpu-orin2" score=0
2026-07-01 18:44:03.591 I0701 09:44:03.545270       1 schedule_one.go:745] "Plugin scored node for pod" pod="default/yolo-obb-1" plugin="NodeResourcesBalancedAllocation" node="gpu-orin2" score=99
2026-07-01 18:44:03.592 I0701 09:44:03.545276       1 schedule_one.go:745] "Plugin scored node for pod" pod="default/yolo-obb-1" plugin="ImageLocality" node="gpu-orin2" score=0
2026-07-01 18:44:03.593 I0701 09:44:03.545286       1 schedule_one.go:745] "Plugin scored node for pod" pod="default/yolo-obb-1" plugin="TaintToleration" node="gpuorin5-desktop" score=300
2026-07-01 18:44:03.593 I0701 09:44:03.545292       1 schedule_one.go:745] "Plugin scored node for pod" pod="default/yolo-obb-1" plugin="NodeAffinity" node="gpuorin5-desktop" score=0
2026-07-01 18:44:03.594 I0701 09:44:03.545299       1 schedule_one.go:745] "Plugin scored node for pod" pod="default/yolo-obb-1" plugin="NodeResourcesFit" node="gpuorin5-desktop" score=82
2026-07-01 18:44:03.595 I0701 09:44:03.545308       1 schedule_one.go:745] "Plugin scored node for pod" pod="default/yolo-obb-1" plugin="VolumeBinding" node="gpuorin5-desktop" score=0
2026-07-01 18:44:03.596 I0701 09:44:03.545314       1 schedule_one.go:745] "Plugin scored node for pod" pod="default/yolo-obb-1" plugin="NodeResourcesBalancedAllocation" node="gpuorin5-desktop" score=99
2026-07-01 18:44:03.596 I0701 09:44:03.545320       1 schedule_one.go:745] "Plugin scored node for pod" pod="default/yolo-obb-1" plugin="ImageLocality" node="gpuorin5-desktop" score=0
2026-07-01 18:44:03.597 I0701 09:44:03.545332       1 schedule_one.go:812] "Calculated node's final score for pod" pod="default/yolo-obb-1" node="gpu-orin3" score=481
2026-07-01 18:44:03.598 I0701 09:44:03.545340       1 schedule_one.go:812] "Calculated node's final score for pod" pod="default/yolo-obb-1" node="gpuorin4-desktop" score=477
2026-07-01 18:44:03.598 I0701 09:44:03.545350       1 schedule_one.go:812] "Calculated node's final score for pod" pod="default/yolo-obb-1" node="gpu-orin2" score=481
2026-07-01 18:44:03.599 I0701 09:44:03.545357       1 schedule_one.go:812] "Calculated node's final score for pod" pod="default/yolo-obb-1" node="gpuorin5-desktop" score=481
2026-07-01 18:44:07.720 I0701 09:44:07.714510       1 resource_allocation.go:76] "Listed internal info for allocatable resources, requested resources and score" pod="default/yolo-pos-1" node="gpuorin5-desktop" resourceAllocationScorer="LeastAllocated" allocatableResource=[6000,7885127680] requestedResource=[900,1887436800] resourceScore=80
2026-07-01 18:44:07.722 I0701 09:44:07.714539       1 resource_allocation.go:76] "Listed internal info for allocatable resources, requested resources and score" pod="default/yolo-pos-1" node="gpuorin5-desktop" resourceAllocationScorer="NodeResourcesBalancedAllocation" allocatableResource=[6000,7885127680] requestedResource=[100,52428800] resourceScore=99
2026-07-01 18:44:07.725 I0701 09:44:07.714572       1 resource_allocation.go:76] "Listed internal info for allocatable resources, requested resources and score" pod="default/yolo-pos-1" node="gpu-orin2" resourceAllocationScorer="LeastAllocated" allocatableResource=[6000,7885127680] requestedResource=[800,1677721600] resourceScore=82
2026-07-01 18:44:07.729 I0701 09:44:07.714592       1 resource_allocation.go:76] "Listed internal info for allocatable resources, requested resources and score" pod="default/yolo-pos-1" node="gpuorin4-desktop" resourceAllocationScorer="LeastAllocated" allocatableResource=[6000,7885250560] requestedResource=[1000,2097152000] resourceScore=78
2026-07-01 18:44:07.732 I0701 09:44:07.714612       1 resource_allocation.go:76] "Listed internal info for allocatable resources, requested resources and score" pod="default/yolo-pos-1" node="gpu-orin2" resourceAllocationScorer="NodeResourcesBalancedAllocation" allocatableResource=[6000,7885127680] requestedResource=[100,52428800] resourceScore=99
2026-07-01 18:44:07.735 I0701 09:44:07.714633       1 resource_allocation.go:76] "Listed internal info for allocatable resources, requested resources and score" pod="default/yolo-pos-1" node="gpuorin4-desktop" resourceAllocationScorer="NodeResourcesBalancedAllocation" allocatableResource=[6000,7885250560] requestedResource=[100,52428800] resourceScore=99
2026-07-01 18:44:07.739 I0701 09:44:07.714635       1 resource_allocation.go:76] "Listed internal info for allocatable resources, requested resources and score" pod="default/yolo-pos-1" node="gpu-orin3" resourceAllocationScorer="LeastAllocated" allocatableResource=[6000,7885152256] requestedResource=[800,1677721600] resourceScore=82
2026-07-01 18:44:07.742 I0701 09:44:07.714686       1 resource_allocation.go:76] "Listed internal info for allocatable resources, requested resources and score" pod="default/yolo-pos-1" node="gpu-orin3" resourceAllocationScorer="NodeResourcesBalancedAllocation" allocatableResource=[6000,7885152256] requestedResource=[100,52428800] resourceScore=99
2026-07-01 18:44:07.745 I0701 09:44:07.714834       1 schedule_one.go:745] "Plugin scored node for pod" pod="default/yolo-pos-1" plugin="TaintToleration" node="gpuorin5-desktop" score=300
2026-07-01 18:44:07.748 I0701 09:44:07.714861       1 schedule_one.go:745] "Plugin scored node for pod" pod="default/yolo-pos-1" plugin="NodeAffinity" node="gpuorin5-desktop" score=0
2026-07-01 18:44:07.750 I0701 09:44:07.714875       1 schedule_one.go:745] "Plugin scored node for pod" pod="default/yolo-pos-1" plugin="NodeResourcesFit" node="gpuorin5-desktop" score=80
2026-07-01 18:44:07.752 I0701 09:44:07.714888       1 schedule_one.go:745] "Plugin scored node for pod" pod="default/yolo-pos-1" plugin="VolumeBinding" node="gpuorin5-desktop" score=0
2026-07-01 18:44:07.754 I0701 09:44:07.714904       1 schedule_one.go:745] "Plugin scored node for pod" pod="default/yolo-pos-1" plugin="NodeResourcesBalancedAllocation" node="gpuorin5-desktop" score=99
2026-07-01 18:44:07.755 I0701 09:44:07.714917       1 schedule_one.go:745] "Plugin scored node for pod" pod="default/yolo-pos-1" plugin="ImageLocality" node="gpuorin5-desktop" score=0
2026-07-01 18:44:07.756 I0701 09:44:07.714930       1 schedule_one.go:745] "Plugin scored node for pod" pod="default/yolo-pos-1" plugin="TaintToleration" node="gpu-orin2" score=300
2026-07-01 18:44:07.758 I0701 09:44:07.714942       1 schedule_one.go:745] "Plugin scored node for pod" pod="default/yolo-pos-1" plugin="NodeAffinity" node="gpu-orin2" score=0
2026-07-01 18:44:07.759 I0701 09:44:07.714954       1 schedule_one.go:745] "Plugin scored node for pod" pod="default/yolo-pos-1" plugin="NodeResourcesFit" node="gpu-orin2" score=82
2026-07-01 18:44:07.759 I0701 09:44:07.714968       1 schedule_one.go:745] "Plugin scored node for pod" pod="default/yolo-pos-1" plugin="VolumeBinding" node="gpu-orin2" score=0
2026-07-01 18:44:07.760 I0701 09:44:07.714981       1 schedule_one.go:745] "Plugin scored node for pod" pod="default/yolo-pos-1" plugin="NodeResourcesBalancedAllocation" node="gpu-orin2" score=99
2026-07-01 18:44:07.761 I0701 09:44:07.714992       1 schedule_one.go:745] "Plugin scored node for pod" pod="default/yolo-pos-1" plugin="ImageLocality" node="gpu-orin2" score=0
2026-07-01 18:44:07.762 I0701 09:44:07.715004       1 schedule_one.go:745] "Plugin scored node for pod" pod="default/yolo-pos-1" plugin="TaintToleration" node="gpuorin4-desktop" score=300
2026-07-01 18:44:07.763 I0701 09:44:07.715021       1 schedule_one.go:745] "Plugin scored node for pod" pod="default/yolo-pos-1" plugin="NodeAffinity" node="gpuorin4-desktop" score=0
2026-07-01 18:44:07.764 I0701 09:44:07.715036       1 schedule_one.go:745] "Plugin scored node for pod" pod="default/yolo-pos-1" plugin="NodeResourcesFit" node="gpuorin4-desktop" score=78
2026-07-01 18:44:07.766 I0701 09:44:07.715049       1 schedule_one.go:745] "Plugin scored node for pod" pod="default/yolo-pos-1" plugin="VolumeBinding" node="gpuorin4-desktop" score=0
2026-07-01 18:44:07.767 I0701 09:44:07.715061       1 schedule_one.go:745] "Plugin scored node for pod" pod="default/yolo-pos-1" plugin="NodeResourcesBalancedAllocation" node="gpuorin4-desktop" score=99
2026-07-01 18:44:07.768 I0701 09:44:07.715073       1 schedule_one.go:745] "Plugin scored node for pod" pod="default/yolo-pos-1" plugin="ImageLocality" node="gpuorin4-desktop" score=0
2026-07-01 18:44:07.768 I0701 09:44:07.715088       1 schedule_one.go:745] "Plugin scored node for pod" pod="default/yolo-pos-1" plugin="TaintToleration" node="gpu-orin3" score=300
2026-07-01 18:44:07.769 I0701 09:44:07.715099       1 schedule_one.go:745] "Plugin scored node for pod" pod="default/yolo-pos-1" plugin="NodeAffinity" node="gpu-orin3" score=0
2026-07-01 18:44:07.770 I0701 09:44:07.715115       1 schedule_one.go:745] "Plugin scored node for pod" pod="default/yolo-pos-1" plugin="NodeResourcesFit" node="gpu-orin3" score=82
2026-07-01 18:44:07.771 I0701 09:44:07.715128       1 schedule_one.go:745] "Plugin scored node for pod" pod="default/yolo-pos-1" plugin="VolumeBinding" node="gpu-orin3" score=0
2026-07-01 18:44:07.771 I0701 09:44:07.715140       1 schedule_one.go:745] "Plugin scored node for pod" pod="default/yolo-pos-1" plugin="NodeResourcesBalancedAllocation" node="gpu-orin3" score=99
2026-07-01 18:44:07.772 I0701 09:44:07.715151       1 schedule_one.go:745] "Plugin scored node for pod" pod="default/yolo-pos-1" plugin="ImageLocality" node="gpu-orin3" score=0
2026-07-01 18:44:07.773 I0701 09:44:07.715168       1 schedule_one.go:812] "Calculated node's final score for pod" pod="default/yolo-pos-1" node="gpuorin5-desktop" score=479
2026-07-01 18:44:07.774 I0701 09:44:07.715184       1 schedule_one.go:812] "Calculated node's final score for pod" pod="default/yolo-pos-1" node="gpu-orin2" score=481
2026-07-01 18:44:07.775 I0701 09:44:07.715199       1 schedule_one.go:812] "Calculated node's final score for pod" pod="default/yolo-pos-1" node="gpuorin4-desktop" score=477
2026-07-01 18:44:07.776 I0701 09:44:07.715217       1 schedule_one.go:812] "Calculated node's final score for pod" pod="default/yolo-pos-1" node="gpu-orin3" score=481
2026-07-01 18:44:12.446 I0701 09:44:12.442924       1 resource_allocation.go:76] "Listed internal info for allocatable resources, requested resources and score" pod="default/yolo-cls-2" node="gpu-orin2" resourceAllocationScorer="LeastAllocated" allocatableResource=[6000,7885127680] requestedResource=[800,1677721600] resourceScore=82
2026-07-01 18:44:12.450 I0701 09:44:12.442950       1 resource_allocation.go:76] "Listed internal info for allocatable resources, requested resources and score" pod="default/yolo-cls-2" node="gpuorin4-desktop" resourceAllocationScorer="LeastAllocated" allocatableResource=[6000,7885250560] requestedResource=[1000,2097152000] resourceScore=78
2026-07-01 18:44:12.453 I0701 09:44:12.442958       1 resource_allocation.go:76] "Listed internal info for allocatable resources, requested resources and score" pod="default/yolo-cls-2" node="gpu-orin2" resourceAllocationScorer="NodeResourcesBalancedAllocation" allocatableResource=[6000,7885127680] requestedResource=[100,52428800] resourceScore=99
2026-07-01 18:44:12.456 I0701 09:44:12.442956       1 resource_allocation.go:76] "Listed internal info for allocatable resources, requested resources and score" pod="default/yolo-cls-2" node="gpu-orin3" resourceAllocationScorer="LeastAllocated" allocatableResource=[6000,7885152256] requestedResource=[900,1887436800] resourceScore=80
2026-07-01 18:44:12.460 I0701 09:44:12.442963       1 resource_allocation.go:76] "Listed internal info for allocatable resources, requested resources and score" pod="default/yolo-cls-2" node="gpuorin5-desktop" resourceAllocationScorer="LeastAllocated" allocatableResource=[6000,7885127680] requestedResource=[900,1887436800] resourceScore=80
2026-07-01 18:44:12.463 I0701 09:44:12.442980       1 resource_allocation.go:76] "Listed internal info for allocatable resources, requested resources and score" pod="default/yolo-cls-2" node="gpuorin4-desktop" resourceAllocationScorer="NodeResourcesBalancedAllocation" allocatableResource=[6000,7885250560] requestedResource=[100,52428800] resourceScore=99
2026-07-01 18:44:12.466 I0701 09:44:12.442995       1 resource_allocation.go:76] "Listed internal info for allocatable resources, requested resources and score" pod="default/yolo-cls-2" node="gpu-orin3" resourceAllocationScorer="NodeResourcesBalancedAllocation" allocatableResource=[6000,7885152256] requestedResource=[100,52428800] resourceScore=99
2026-07-01 18:44:12.468 I0701 09:44:12.443000       1 resource_allocation.go:76] "Listed internal info for allocatable resources, requested resources and score" pod="default/yolo-cls-2" node="gpuorin5-desktop" resourceAllocationScorer="NodeResourcesBalancedAllocation" allocatableResource=[6000,7885127680] requestedResource=[100,52428800] resourceScore=99
2026-07-01 18:44:12.471 I0701 09:44:12.443194       1 schedule_one.go:745] "Plugin scored node for pod" pod="default/yolo-cls-2" plugin="TaintToleration" node="gpu-orin2" score=300
2026-07-01 18:44:12.473 I0701 09:44:12.443233       1 schedule_one.go:745] "Plugin scored node for pod" pod="default/yolo-cls-2" plugin="NodeAffinity" node="gpu-orin2" score=0
2026-07-01 18:44:12.475 I0701 09:44:12.443249       1 schedule_one.go:745] "Plugin scored node for pod" pod="default/yolo-cls-2" plugin="NodeResourcesFit" node="gpu-orin2" score=82
2026-07-01 18:44:12.476 I0701 09:44:12.443266       1 schedule_one.go:745] "Plugin scored node for pod" pod="default/yolo-cls-2" plugin="VolumeBinding" node="gpu-orin2" score=0
2026-07-01 18:44:12.478 I0701 09:44:12.443280       1 schedule_one.go:745] "Plugin scored node for pod" pod="default/yolo-cls-2" plugin="NodeResourcesBalancedAllocation" node="gpu-orin2" score=99
2026-07-01 18:44:12.480 I0701 09:44:12.443293       1 schedule_one.go:745] "Plugin scored node for pod" pod="default/yolo-cls-2" plugin="ImageLocality" node="gpu-orin2" score=0
2026-07-01 18:44:12.481 I0701 09:44:12.443305       1 schedule_one.go:745] "Plugin scored node for pod" pod="default/yolo-cls-2" plugin="TaintToleration" node="gpu-orin3" score=300
2026-07-01 18:44:12.482 I0701 09:44:12.443330       1 schedule_one.go:745] "Plugin scored node for pod" pod="default/yolo-cls-2" plugin="NodeAffinity" node="gpu-orin3" score=0
2026-07-01 18:44:12.483 I0701 09:44:12.443341       1 schedule_one.go:745] "Plugin scored node for pod" pod="default/yolo-cls-2" plugin="NodeResourcesFit" node="gpu-orin3" score=80
2026-07-01 18:44:12.484 I0701 09:44:12.443353       1 schedule_one.go:745] "Plugin scored node for pod" pod="default/yolo-cls-2" plugin="VolumeBinding" node="gpu-orin3" score=0
2026-07-01 18:44:12.485 I0701 09:44:12.443365       1 schedule_one.go:745] "Plugin scored node for pod" pod="default/yolo-cls-2" plugin="NodeResourcesBalancedAllocation" node="gpu-orin3" score=99
2026-07-01 18:44:12.486 I0701 09:44:12.443376       1 schedule_one.go:745] "Plugin scored node for pod" pod="default/yolo-cls-2" plugin="ImageLocality" node="gpu-orin3" score=0
2026-07-01 18:44:12.487 I0701 09:44:12.443389       1 schedule_one.go:745] "Plugin scored node for pod" pod="default/yolo-cls-2" plugin="TaintToleration" node="gpuorin4-desktop" score=300
2026-07-01 18:44:12.488 I0701 09:44:12.443400       1 schedule_one.go:745] "Plugin scored node for pod" pod="default/yolo-cls-2" plugin="NodeAffinity" node="gpuorin4-desktop" score=0
2026-07-01 18:44:12.488 I0701 09:44:12.443415       1 schedule_one.go:745] "Plugin scored node for pod" pod="default/yolo-cls-2" plugin="NodeResourcesFit" node="gpuorin4-desktop" score=78
2026-07-01 18:44:12.489 I0701 09:44:12.443427       1 schedule_one.go:745] "Plugin scored node for pod" pod="default/yolo-cls-2" plugin="VolumeBinding" node="gpuorin4-desktop" score=0
2026-07-01 18:44:12.490 I0701 09:44:12.443438       1 schedule_one.go:745] "Plugin scored node for pod" pod="default/yolo-cls-2" plugin="NodeResourcesBalancedAllocation" node="gpuorin4-desktop" score=99
2026-07-01 18:44:12.490 I0701 09:44:12.443451       1 schedule_one.go:745] "Plugin scored node for pod" pod="default/yolo-cls-2" plugin="ImageLocality" node="gpuorin4-desktop" score=0
2026-07-01 18:44:12.491 I0701 09:44:12.443463       1 schedule_one.go:745] "Plugin scored node for pod" pod="default/yolo-cls-2" plugin="TaintToleration" node="gpuorin5-desktop" score=300
2026-07-01 18:44:12.492 I0701 09:44:12.443475       1 schedule_one.go:745] "Plugin scored node for pod" pod="default/yolo-cls-2" plugin="NodeAffinity" node="gpuorin5-desktop" score=0
2026-07-01 18:44:12.492 I0701 09:44:12.443487       1 schedule_one.go:745] "Plugin scored node for pod" pod="default/yolo-cls-2" plugin="NodeResourcesFit" node="gpuorin5-desktop" score=80
2026-07-01 18:44:12.493 I0701 09:44:12.443507       1 schedule_one.go:745] "Plugin scored node for pod" pod="default/yolo-cls-2" plugin="VolumeBinding" node="gpuorin5-desktop" score=0
2026-07-01 18:44:12.494 I0701 09:44:12.443522       1 schedule_one.go:745] "Plugin scored node for pod" pod="default/yolo-cls-2" plugin="NodeResourcesBalancedAllocation" node="gpuorin5-desktop" score=99
2026-07-01 18:44:12.494 I0701 09:44:12.443535       1 schedule_one.go:745] "Plugin scored node for pod" pod="default/yolo-cls-2" plugin="ImageLocality" node="gpuorin5-desktop" score=0
2026-07-01 18:44:12.495 I0701 09:44:12.443554       1 schedule_one.go:812] "Calculated node's final score for pod" pod="default/yolo-cls-2" node="gpu-orin2" score=481
2026-07-01 18:44:12.496 I0701 09:44:12.443567       1 schedule_one.go:812] "Calculated node's final score for pod" pod="default/yolo-cls-2" node="gpu-orin3" score=479
2026-07-01 18:44:12.496 I0701 09:44:12.443581       1 schedule_one.go:812] "Calculated node's final score for pod" pod="default/yolo-cls-2" node="gpuorin4-desktop" score=477
2026-07-01 18:44:12.497 I0701 09:44:12.443594       1 schedule_one.go:812] "Calculated node's final score for pod" pod="default/yolo-cls-2" node="gpuorin5-desktop" score=479
2026-07-01 18:44:16.601 I0701 09:44:16.596889       1 resource_allocation.go:76] "Listed internal info for allocatable resources, requested resources and score" pod="default/yolo-det-2" node="gpu-orin2" resourceAllocationScorer="LeastAllocated" allocatableResource=[6000,7885127680] requestedResource=[900,1887436800] resourceScore=80
2026-07-01 18:44:16.604 I0701 09:44:16.596899       1 resource_allocation.go:76] "Listed internal info for allocatable resources, requested resources and score" pod="default/yolo-det-2" node="gpuorin5-desktop" resourceAllocationScorer="LeastAllocated" allocatableResource=[6000,7885127680] requestedResource=[900,1887436800] resourceScore=80
2026-07-01 18:44:16.607 I0701 09:44:16.596902       1 resource_allocation.go:76] "Listed internal info for allocatable resources, requested resources and score" pod="default/yolo-det-2" node="gpu-orin3" resourceAllocationScorer="LeastAllocated" allocatableResource=[6000,7885152256] requestedResource=[900,1887436800] resourceScore=80
2026-07-01 18:44:16.611 I0701 09:44:16.596919       1 resource_allocation.go:76] "Listed internal info for allocatable resources, requested resources and score" pod="default/yolo-det-2" node="gpu-orin2" resourceAllocationScorer="NodeResourcesBalancedAllocation" allocatableResource=[6000,7885127680] requestedResource=[100,52428800] resourceScore=99
2026-07-01 18:44:16.614 I0701 09:44:16.596926       1 resource_allocation.go:76] "Listed internal info for allocatable resources, requested resources and score" pod="default/yolo-det-2" node="gpuorin5-desktop" resourceAllocationScorer="NodeResourcesBalancedAllocation" allocatableResource=[6000,7885127680] requestedResource=[100,52428800] resourceScore=99
2026-07-01 18:44:16.617 I0701 09:44:16.596937       1 resource_allocation.go:76] "Listed internal info for allocatable resources, requested resources and score" pod="default/yolo-det-2" node="gpu-orin3" resourceAllocationScorer="NodeResourcesBalancedAllocation" allocatableResource=[6000,7885152256] requestedResource=[100,52428800] resourceScore=99
2026-07-01 18:44:16.620 I0701 09:44:16.596953       1 resource_allocation.go:76] "Listed internal info for allocatable resources, requested resources and score" pod="default/yolo-det-2" node="gpuorin4-desktop" resourceAllocationScorer="LeastAllocated" allocatableResource=[6000,7885250560] requestedResource=[1000,2097152000] resourceScore=78
2026-07-01 18:44:16.623 I0701 09:44:16.597004       1 resource_allocation.go:76] "Listed internal info for allocatable resources, requested resources and score" pod="default/yolo-det-2" node="gpuorin4-desktop" resourceAllocationScorer="NodeResourcesBalancedAllocation" allocatableResource=[6000,7885250560] requestedResource=[100,52428800] resourceScore=99
2026-07-01 18:44:16.626 I0701 09:44:16.597123       1 schedule_one.go:745] "Plugin scored node for pod" pod="default/yolo-det-2" plugin="TaintToleration" node="gpu-orin2" score=300
2026-07-01 18:44:16.628 I0701 09:44:16.597148       1 schedule_one.go:745] "Plugin scored node for pod" pod="default/yolo-det-2" plugin="NodeAffinity" node="gpu-orin2" score=0
2026-07-01 18:44:16.631 I0701 09:44:16.597161       1 schedule_one.go:745] "Plugin scored node for pod" pod="default/yolo-det-2" plugin="NodeResourcesFit" node="gpu-orin2" score=80
2026-07-01 18:44:16.632 I0701 09:44:16.597170       1 schedule_one.go:745] "Plugin scored node for pod" pod="default/yolo-det-2" plugin="VolumeBinding" node="gpu-orin2" score=0
2026-07-01 18:44:16.634 I0701 09:44:16.597187       1 schedule_one.go:745] "Plugin scored node for pod" pod="default/yolo-det-2" plugin="NodeResourcesBalancedAllocation" node="gpu-orin2" score=99
2026-07-01 18:44:16.635 I0701 09:44:16.597196       1 schedule_one.go:745] "Plugin scored node for pod" pod="default/yolo-det-2" plugin="ImageLocality" node="gpu-orin2" score=0
2026-07-01 18:44:16.636 I0701 09:44:16.597206       1 schedule_one.go:745] "Plugin scored node for pod" pod="default/yolo-det-2" plugin="TaintToleration" node="gpu-orin3" score=300
2026-07-01 18:44:16.637 I0701 09:44:16.597213       1 schedule_one.go:745] "Plugin scored node for pod" pod="default/yolo-det-2" plugin="NodeAffinity" node="gpu-orin3" score=0
2026-07-01 18:44:16.638 I0701 09:44:16.597220       1 schedule_one.go:745] "Plugin scored node for pod" pod="default/yolo-det-2" plugin="NodeResourcesFit" node="gpu-orin3" score=80
2026-07-01 18:44:16.639 I0701 09:44:16.597227       1 schedule_one.go:745] "Plugin scored node for pod" pod="default/yolo-det-2" plugin="VolumeBinding" node="gpu-orin3" score=0
2026-07-01 18:44:16.639 I0701 09:44:16.597235       1 schedule_one.go:745] "Plugin scored node for pod" pod="default/yolo-det-2" plugin="NodeResourcesBalancedAllocation" node="gpu-orin3" score=99
2026-07-01 18:44:16.640 I0701 09:44:16.597243       1 schedule_one.go:745] "Plugin scored node for pod" pod="default/yolo-det-2" plugin="ImageLocality" node="gpu-orin3" score=0
2026-07-01 18:44:16.641 I0701 09:44:16.597253       1 schedule_one.go:745] "Plugin scored node for pod" pod="default/yolo-det-2" plugin="TaintToleration" node="gpuorin5-desktop" score=300
2026-07-01 18:44:16.641 I0701 09:44:16.597265       1 schedule_one.go:745] "Plugin scored node for pod" pod="default/yolo-det-2" plugin="NodeAffinity" node="gpuorin5-desktop" score=0
2026-07-01 18:44:16.642 I0701 09:44:16.597272       1 schedule_one.go:745] "Plugin scored node for pod" pod="default/yolo-det-2" plugin="NodeResourcesFit" node="gpuorin5-desktop" score=80
2026-07-01 18:44:16.643 I0701 09:44:16.597280       1 schedule_one.go:745] "Plugin scored node for pod" pod="default/yolo-det-2" plugin="VolumeBinding" node="gpuorin5-desktop" score=0
2026-07-01 18:44:16.644 I0701 09:44:16.597288       1 schedule_one.go:745] "Plugin scored node for pod" pod="default/yolo-det-2" plugin="NodeResourcesBalancedAllocation" node="gpuorin5-desktop" score=99
2026-07-01 18:44:16.644 I0701 09:44:16.597297       1 schedule_one.go:745] "Plugin scored node for pod" pod="default/yolo-det-2" plugin="ImageLocality" node="gpuorin5-desktop" score=0
2026-07-01 18:44:16.645 I0701 09:44:16.597305       1 schedule_one.go:745] "Plugin scored node for pod" pod="default/yolo-det-2" plugin="TaintToleration" node="gpuorin4-desktop" score=300
2026-07-01 18:44:16.646 I0701 09:44:16.597314       1 schedule_one.go:745] "Plugin scored node for pod" pod="default/yolo-det-2" plugin="NodeAffinity" node="gpuorin4-desktop" score=0
2026-07-01 18:44:16.646 I0701 09:44:16.597321       1 schedule_one.go:745] "Plugin scored node for pod" pod="default/yolo-det-2" plugin="NodeResourcesFit" node="gpuorin4-desktop" score=78
2026-07-01 18:44:16.647 I0701 09:44:16.597329       1 schedule_one.go:745] "Plugin scored node for pod" pod="default/yolo-det-2" plugin="VolumeBinding" node="gpuorin4-desktop" score=0
2026-07-01 18:44:16.648 I0701 09:44:16.597339       1 schedule_one.go:745] "Plugin scored node for pod" pod="default/yolo-det-2" plugin="NodeResourcesBalancedAllocation" node="gpuorin4-desktop" score=99
2026-07-01 18:44:16.648 I0701 09:44:16.597347       1 schedule_one.go:745] "Plugin scored node for pod" pod="default/yolo-det-2" plugin="ImageLocality" node="gpuorin4-desktop" score=0
2026-07-01 18:44:16.649 I0701 09:44:16.597358       1 schedule_one.go:812] "Calculated node's final score for pod" pod="default/yolo-det-2" node="gpu-orin2" score=479
2026-07-01 18:44:16.650 I0701 09:44:16.597368       1 schedule_one.go:812] "Calculated node's final score for pod" pod="default/yolo-det-2" node="gpu-orin3" score=479
2026-07-01 18:44:16.650 I0701 09:44:16.597384       1 schedule_one.go:812] "Calculated node's final score for pod" pod="default/yolo-det-2" node="gpuorin5-desktop" score=479
2026-07-01 18:44:16.651 I0701 09:44:16.597394       1 schedule_one.go:812] "Calculated node's final score for pod" pod="default/yolo-det-2" node="gpuorin4-desktop" score=477
2026-07-01 18:44:20.926 I0701 09:44:20.925084       1 resource_allocation.go:76] "Listed internal info for allocatable resources, requested resources and score" pod="default/yolo-seg-2" node="gpu-orin3" resourceAllocationScorer="LeastAllocated" allocatableResource=[6000,7885152256] requestedResource=[900,1887436800] resourceScore=80
2026-07-01 18:44:20.927 I0701 09:44:20.925095       1 resource_allocation.go:76] "Listed internal info for allocatable resources, requested resources and score" pod="default/yolo-seg-2" node="gpu-orin3" resourceAllocationScorer="NodeResourcesBalancedAllocation" allocatableResource=[6000,7885152256] requestedResource=[100,52428800] resourceScore=99
2026-07-01 18:44:20.929 I0701 09:44:20.925107       1 resource_allocation.go:76] "Listed internal info for allocatable resources, requested resources and score" pod="default/yolo-seg-2" node="gpu-orin2" resourceAllocationScorer="LeastAllocated" allocatableResource=[6000,7885127680] requestedResource=[900,1887436800] resourceScore=80
2026-07-01 18:44:20.930 I0701 09:44:20.925107       1 resource_allocation.go:76] "Listed internal info for allocatable resources, requested resources and score" pod="default/yolo-seg-2" node="gpuorin4-desktop" resourceAllocationScorer="LeastAllocated" allocatableResource=[6000,7885250560] requestedResource=[1000,2097152000] resourceScore=78
2026-07-01 18:44:20.931 I0701 09:44:20.925111       1 resource_allocation.go:76] "Listed internal info for allocatable resources, requested resources and score" pod="default/yolo-seg-2" node="gpuorin5-desktop" resourceAllocationScorer="LeastAllocated" allocatableResource=[6000,7885127680] requestedResource=[1000,2097152000] resourceScore=78
2026-07-01 18:44:20.932 I0701 09:44:20.925121       1 resource_allocation.go:76] "Listed internal info for allocatable resources, requested resources and score" pod="default/yolo-seg-2" node="gpu-orin2" resourceAllocationScorer="NodeResourcesBalancedAllocation" allocatableResource=[6000,7885127680] requestedResource=[100,52428800] resourceScore=99
2026-07-01 18:44:20.933 I0701 09:44:20.925127       1 resource_allocation.go:76] "Listed internal info for allocatable resources, requested resources and score" pod="default/yolo-seg-2" node="gpuorin4-desktop" resourceAllocationScorer="NodeResourcesBalancedAllocation" allocatableResource=[6000,7885250560] requestedResource=[100,52428800] resourceScore=99
2026-07-01 18:44:20.935 I0701 09:44:20.925128       1 resource_allocation.go:76] "Listed internal info for allocatable resources, requested resources and score" pod="default/yolo-seg-2" node="gpuorin5-desktop" resourceAllocationScorer="NodeResourcesBalancedAllocation" allocatableResource=[6000,7885127680] requestedResource=[100,52428800] resourceScore=99
2026-07-01 18:44:20.936 I0701 09:44:20.925171       1 schedule_one.go:745] "Plugin scored node for pod" pod="default/yolo-seg-2" plugin="TaintToleration" node="gpu-orin3" score=300
2026-07-01 18:44:20.937 I0701 09:44:20.925176       1 schedule_one.go:745] "Plugin scored node for pod" pod="default/yolo-seg-2" plugin="NodeAffinity" node="gpu-orin3" score=0
2026-07-01 18:44:20.938 I0701 09:44:20.925180       1 schedule_one.go:745] "Plugin scored node for pod" pod="default/yolo-seg-2" plugin="NodeResourcesFit" node="gpu-orin3" score=80
2026-07-01 18:44:20.939 I0701 09:44:20.925183       1 schedule_one.go:745] "Plugin scored node for pod" pod="default/yolo-seg-2" plugin="VolumeBinding" node="gpu-orin3" score=0
2026-07-01 18:44:20.941 I0701 09:44:20.925186       1 schedule_one.go:745] "Plugin scored node for pod" pod="default/yolo-seg-2" plugin="NodeResourcesBalancedAllocation" node="gpu-orin3" score=99
2026-07-01 18:44:20.942 I0701 09:44:20.925190       1 schedule_one.go:745] "Plugin scored node for pod" pod="default/yolo-seg-2" plugin="ImageLocality" node="gpu-orin3" score=0
2026-07-01 18:44:20.943 I0701 09:44:20.925193       1 schedule_one.go:745] "Plugin scored node for pod" pod="default/yolo-seg-2" plugin="TaintToleration" node="gpuorin4-desktop" score=300
2026-07-01 18:44:20.944 I0701 09:44:20.925198       1 schedule_one.go:745] "Plugin scored node for pod" pod="default/yolo-seg-2" plugin="NodeAffinity" node="gpuorin4-desktop" score=0
2026-07-01 18:44:20.945 I0701 09:44:20.925201       1 schedule_one.go:745] "Plugin scored node for pod" pod="default/yolo-seg-2" plugin="NodeResourcesFit" node="gpuorin4-desktop" score=78
2026-07-01 18:44:20.946 I0701 09:44:20.925204       1 schedule_one.go:745] "Plugin scored node for pod" pod="default/yolo-seg-2" plugin="VolumeBinding" node="gpuorin4-desktop" score=0
2026-07-01 18:44:20.947 I0701 09:44:20.925211       1 schedule_one.go:745] "Plugin scored node for pod" pod="default/yolo-seg-2" plugin="NodeResourcesBalancedAllocation" node="gpuorin4-desktop" score=99
2026-07-01 18:44:20.948 I0701 09:44:20.925215       1 schedule_one.go:745] "Plugin scored node for pod" pod="default/yolo-seg-2" plugin="ImageLocality" node="gpuorin4-desktop" score=0
2026-07-01 18:44:20.948 I0701 09:44:20.925218       1 schedule_one.go:745] "Plugin scored node for pod" pod="default/yolo-seg-2" plugin="TaintToleration" node="gpu-orin2" score=300
2026-07-01 18:44:20.949 I0701 09:44:20.925222       1 schedule_one.go:745] "Plugin scored node for pod" pod="default/yolo-seg-2" plugin="NodeAffinity" node="gpu-orin2" score=0
2026-07-01 18:44:20.950 I0701 09:44:20.925225       1 schedule_one.go:745] "Plugin scored node for pod" pod="default/yolo-seg-2" plugin="NodeResourcesFit" node="gpu-orin2" score=80
2026-07-01 18:44:20.951 I0701 09:44:20.925228       1 schedule_one.go:745] "Plugin scored node for pod" pod="default/yolo-seg-2" plugin="VolumeBinding" node="gpu-orin2" score=0
2026-07-01 18:44:20.951 I0701 09:44:20.925231       1 schedule_one.go:745] "Plugin scored node for pod" pod="default/yolo-seg-2" plugin="NodeResourcesBalancedAllocation" node="gpu-orin2" score=99
2026-07-01 18:44:20.952 I0701 09:44:20.925234       1 schedule_one.go:745] "Plugin scored node for pod" pod="default/yolo-seg-2" plugin="ImageLocality" node="gpu-orin2" score=0
2026-07-01 18:44:20.953 I0701 09:44:20.925237       1 schedule_one.go:745] "Plugin scored node for pod" pod="default/yolo-seg-2" plugin="TaintToleration" node="gpuorin5-desktop" score=300
2026-07-01 18:44:20.953 I0701 09:44:20.925240       1 schedule_one.go:745] "Plugin scored node for pod" pod="default/yolo-seg-2" plugin="NodeAffinity" node="gpuorin5-desktop" score=0
2026-07-01 18:44:20.954 I0701 09:44:20.925243       1 schedule_one.go:745] "Plugin scored node for pod" pod="default/yolo-seg-2" plugin="NodeResourcesFit" node="gpuorin5-desktop" score=78
2026-07-01 18:44:20.955 I0701 09:44:20.925246       1 schedule_one.go:745] "Plugin scored node for pod" pod="default/yolo-seg-2" plugin="VolumeBinding" node="gpuorin5-desktop" score=0
2026-07-01 18:44:20.955 I0701 09:44:20.925249       1 schedule_one.go:745] "Plugin scored node for pod" pod="default/yolo-seg-2" plugin="NodeResourcesBalancedAllocation" node="gpuorin5-desktop" score=99
2026-07-01 18:44:20.956 I0701 09:44:20.925253       1 schedule_one.go:745] "Plugin scored node for pod" pod="default/yolo-seg-2" plugin="ImageLocality" node="gpuorin5-desktop" score=0
2026-07-01 18:44:20.957 I0701 09:44:20.925257       1 schedule_one.go:812] "Calculated node's final score for pod" pod="default/yolo-seg-2" node="gpu-orin3" score=479
2026-07-01 18:44:20.958 I0701 09:44:20.925260       1 schedule_one.go:812] "Calculated node's final score for pod" pod="default/yolo-seg-2" node="gpuorin4-desktop" score=477
2026-07-01 18:44:20.958 I0701 09:44:20.925266       1 schedule_one.go:812] "Calculated node's final score for pod" pod="default/yolo-seg-2" node="gpu-orin2" score=479
2026-07-01 18:44:20.959 I0701 09:44:20.925271       1 schedule_one.go:812] "Calculated node's final score for pod" pod="default/yolo-seg-2" node="gpuorin5-desktop" score=477
2026-07-01 18:44:25.561 I0701 09:44:25.558220       1 resource_allocation.go:76] "Listed internal info for allocatable resources, requested resources and score" pod="default/yolo-obb-2" node="gpu-orin2" resourceAllocationScorer="LeastAllocated" allocatableResource=[6000,7885127680] requestedResource=[900,1887436800] resourceScore=80
2026-07-01 18:44:25.564 I0701 09:44:25.558247       1 resource_allocation.go:76] "Listed internal info for allocatable resources, requested resources and score" pod="default/yolo-obb-2" node="gpu-orin2" resourceAllocationScorer="NodeResourcesBalancedAllocation" allocatableResource=[6000,7885127680] requestedResource=[100,52428800] resourceScore=99
2026-07-01 18:44:25.566 I0701 09:44:25.558249       1 resource_allocation.go:76] "Listed internal info for allocatable resources, requested resources and score" pod="default/yolo-obb-2" node="gpuorin4-desktop" resourceAllocationScorer="LeastAllocated" allocatableResource=[6000,7885250560] requestedResource=[1000,2097152000] resourceScore=78
2026-07-01 18:44:25.569 I0701 09:44:25.558271       1 resource_allocation.go:76] "Listed internal info for allocatable resources, requested resources and score" pod="default/yolo-obb-2" node="gpuorin4-desktop" resourceAllocationScorer="NodeResourcesBalancedAllocation" allocatableResource=[6000,7885250560] requestedResource=[100,52428800] resourceScore=99
2026-07-01 18:44:25.572 I0701 09:44:25.558279       1 resource_allocation.go:76] "Listed internal info for allocatable resources, requested resources and score" pod="default/yolo-obb-2" node="gpu-orin3" resourceAllocationScorer="LeastAllocated" allocatableResource=[6000,7885152256] requestedResource=[1000,2097152000] resourceScore=78
2026-07-01 18:44:25.575 I0701 09:44:25.558288       1 resource_allocation.go:76] "Listed internal info for allocatable resources, requested resources and score" pod="default/yolo-obb-2" node="gpuorin5-desktop" resourceAllocationScorer="LeastAllocated" allocatableResource=[6000,7885127680] requestedResource=[1000,2097152000] resourceScore=78
2026-07-01 18:44:25.578 I0701 09:44:25.558305       1 resource_allocation.go:76] "Listed internal info for allocatable resources, requested resources and score" pod="default/yolo-obb-2" node="gpu-orin3" resourceAllocationScorer="NodeResourcesBalancedAllocation" allocatableResource=[6000,7885152256] requestedResource=[100,52428800] resourceScore=99
2026-07-01 18:44:25.581 I0701 09:44:25.558315       1 resource_allocation.go:76] "Listed internal info for allocatable resources, requested resources and score" pod="default/yolo-obb-2" node="gpuorin5-desktop" resourceAllocationScorer="NodeResourcesBalancedAllocation" allocatableResource=[6000,7885127680] requestedResource=[100,52428800] resourceScore=99
2026-07-01 18:44:25.584 I0701 09:44:25.558409       1 schedule_one.go:745] "Plugin scored node for pod" pod="default/yolo-obb-2" plugin="TaintToleration" node="gpu-orin2" score=300
2026-07-01 18:44:25.586 I0701 09:44:25.558436       1 schedule_one.go:745] "Plugin scored node for pod" pod="default/yolo-obb-2" plugin="NodeAffinity" node="gpu-orin2" score=0
2026-07-01 18:44:25.587 I0701 09:44:25.558445       1 schedule_one.go:745] "Plugin scored node for pod" pod="default/yolo-obb-2" plugin="NodeResourcesFit" node="gpu-orin2" score=80
2026-07-01 18:44:25.589 I0701 09:44:25.558451       1 schedule_one.go:745] "Plugin scored node for pod" pod="default/yolo-obb-2" plugin="VolumeBinding" node="gpu-orin2" score=0
2026-07-01 18:44:25.590 I0701 09:44:25.558458       1 schedule_one.go:745] "Plugin scored node for pod" pod="default/yolo-obb-2" plugin="NodeResourcesBalancedAllocation" node="gpu-orin2" score=99
2026-07-01 18:44:25.592 I0701 09:44:25.558464       1 schedule_one.go:745] "Plugin scored node for pod" pod="default/yolo-obb-2" plugin="ImageLocality" node="gpu-orin2" score=0
2026-07-01 18:44:25.593 I0701 09:44:25.558472       1 schedule_one.go:745] "Plugin scored node for pod" pod="default/yolo-obb-2" plugin="TaintToleration" node="gpuorin4-desktop" score=300
2026-07-01 18:44:25.594 I0701 09:44:25.558482       1 schedule_one.go:745] "Plugin scored node for pod" pod="default/yolo-obb-2" plugin="NodeAffinity" node="gpuorin4-desktop" score=0
2026-07-01 18:44:25.595 I0701 09:44:25.558487       1 schedule_one.go:745] "Plugin scored node for pod" pod="default/yolo-obb-2" plugin="NodeResourcesFit" node="gpuorin4-desktop" score=78
2026-07-01 18:44:25.596 I0701 09:44:25.558492       1 schedule_one.go:745] "Plugin scored node for pod" pod="default/yolo-obb-2" plugin="VolumeBinding" node="gpuorin4-desktop" score=0
2026-07-01 18:44:25.597 I0701 09:44:25.558498       1 schedule_one.go:745] "Plugin scored node for pod" pod="default/yolo-obb-2" plugin="NodeResourcesBalancedAllocation" node="gpuorin4-desktop" score=99
2026-07-01 18:44:25.598 I0701 09:44:25.558502       1 schedule_one.go:745] "Plugin scored node for pod" pod="default/yolo-obb-2" plugin="ImageLocality" node="gpuorin4-desktop" score=0
2026-07-01 18:44:25.599 I0701 09:44:25.558508       1 schedule_one.go:745] "Plugin scored node for pod" pod="default/yolo-obb-2" plugin="TaintToleration" node="gpu-orin3" score=300
2026-07-01 18:44:25.599 I0701 09:44:25.558513       1 schedule_one.go:745] "Plugin scored node for pod" pod="default/yolo-obb-2" plugin="NodeAffinity" node="gpu-orin3" score=0
2026-07-01 18:44:25.600 I0701 09:44:25.558518       1 schedule_one.go:745] "Plugin scored node for pod" pod="default/yolo-obb-2" plugin="NodeResourcesFit" node="gpu-orin3" score=78
2026-07-01 18:44:25.601 I0701 09:44:25.558523       1 schedule_one.go:745] "Plugin scored node for pod" pod="default/yolo-obb-2" plugin="VolumeBinding" node="gpu-orin3" score=0
2026-07-01 18:44:25.602 I0701 09:44:25.558527       1 schedule_one.go:745] "Plugin scored node for pod" pod="default/yolo-obb-2" plugin="NodeResourcesBalancedAllocation" node="gpu-orin3" score=99
2026-07-01 18:44:25.603 I0701 09:44:25.558532       1 schedule_one.go:745] "Plugin scored node for pod" pod="default/yolo-obb-2" plugin="ImageLocality" node="gpu-orin3" score=0
2026-07-01 18:44:25.603 I0701 09:44:25.558537       1 schedule_one.go:745] "Plugin scored node for pod" pod="default/yolo-obb-2" plugin="TaintToleration" node="gpuorin5-desktop" score=300
2026-07-01 18:44:25.604 I0701 09:44:25.558542       1 schedule_one.go:745] "Plugin scored node for pod" pod="default/yolo-obb-2" plugin="NodeAffinity" node="gpuorin5-desktop" score=0
2026-07-01 18:44:25.604 I0701 09:44:25.558547       1 schedule_one.go:745] "Plugin scored node for pod" pod="default/yolo-obb-2" plugin="NodeResourcesFit" node="gpuorin5-desktop" score=78
2026-07-01 18:44:25.605 I0701 09:44:25.558553       1 schedule_one.go:745] "Plugin scored node for pod" pod="default/yolo-obb-2" plugin="VolumeBinding" node="gpuorin5-desktop" score=0
2026-07-01 18:44:25.606 I0701 09:44:25.558558       1 schedule_one.go:745] "Plugin scored node for pod" pod="default/yolo-obb-2" plugin="NodeResourcesBalancedAllocation" node="gpuorin5-desktop" score=99
2026-07-01 18:44:25.606 I0701 09:44:25.558563       1 schedule_one.go:745] "Plugin scored node for pod" pod="default/yolo-obb-2" plugin="ImageLocality" node="gpuorin5-desktop" score=0
2026-07-01 18:44:25.607 I0701 09:44:25.558575       1 schedule_one.go:812] "Calculated node's final score for pod" pod="default/yolo-obb-2" node="gpu-orin2" score=479
2026-07-01 18:44:25.608 I0701 09:44:25.558586       1 schedule_one.go:812] "Calculated node's final score for pod" pod="default/yolo-obb-2" node="gpuorin4-desktop" score=477
2026-07-01 18:44:25.608 I0701 09:44:25.558591       1 schedule_one.go:812] "Calculated node's final score for pod" pod="default/yolo-obb-2" node="gpu-orin3" score=477
2026-07-01 18:44:25.609 I0701 09:44:25.558596       1 schedule_one.go:812] "Calculated node's final score for pod" pod="default/yolo-obb-2" node="gpuorin5-desktop" score=477
2026-07-01 18:44:29.768 I0701 09:44:29.766867       1 resource_allocation.go:76] "Listed internal info for allocatable resources, requested resources and score" pod="default/yolo-pos-2" node="gpuorin4-desktop" resourceAllocationScorer="LeastAllocated" allocatableResource=[6000,7885250560] requestedResource=[1000,2097152000] resourceScore=78
2026-07-01 18:44:29.769 I0701 09:44:29.766873       1 resource_allocation.go:76] "Listed internal info for allocatable resources, requested resources and score" pod="default/yolo-pos-2" node="gpuorin4-desktop" resourceAllocationScorer="NodeResourcesBalancedAllocation" allocatableResource=[6000,7885250560] requestedResource=[100,52428800] resourceScore=99
2026-07-01 18:44:29.769 I0701 09:44:29.766877       1 resource_allocation.go:76] "Listed internal info for allocatable resources, requested resources and score" pod="default/yolo-pos-2" node="gpu-orin2" resourceAllocationScorer="LeastAllocated" allocatableResource=[6000,7885127680] requestedResource=[1000,2097152000] resourceScore=78
2026-07-01 18:44:29.771 I0701 09:44:29.766890       1 resource_allocation.go:76] "Listed internal info for allocatable resources, requested resources and score" pod="default/yolo-pos-2" node="gpu-orin3" resourceAllocationScorer="LeastAllocated" allocatableResource=[6000,7885152256] requestedResource=[1000,2097152000] resourceScore=78
2026-07-01 18:44:29.772 I0701 09:44:29.766891       1 resource_allocation.go:76] "Listed internal info for allocatable resources, requested resources and score" pod="default/yolo-pos-2" node="gpu-orin2" resourceAllocationScorer="NodeResourcesBalancedAllocation" allocatableResource=[6000,7885127680] requestedResource=[100,52428800] resourceScore=99
2026-07-01 18:44:29.773 I0701 09:44:29.766895       1 resource_allocation.go:76] "Listed internal info for allocatable resources, requested resources and score" pod="default/yolo-pos-2" node="gpu-orin3" resourceAllocationScorer="NodeResourcesBalancedAllocation" allocatableResource=[6000,7885152256] requestedResource=[100,52428800] resourceScore=99
2026-07-01 18:44:29.774 I0701 09:44:29.766880       1 resource_allocation.go:76] "Listed internal info for allocatable resources, requested resources and score" pod="default/yolo-pos-2" node="gpuorin5-desktop" resourceAllocationScorer="LeastAllocated" allocatableResource=[6000,7885127680] requestedResource=[1000,2097152000] resourceScore=78
2026-07-01 18:44:29.775 I0701 09:44:29.766907       1 resource_allocation.go:76] "Listed internal info for allocatable resources, requested resources and score" pod="default/yolo-pos-2" node="gpuorin5-desktop" resourceAllocationScorer="NodeResourcesBalancedAllocation" allocatableResource=[6000,7885127680] requestedResource=[100,52428800] resourceScore=99
2026-07-01 18:44:29.776 I0701 09:44:29.766936       1 schedule_one.go:745] "Plugin scored node for pod" pod="default/yolo-pos-2" plugin="TaintToleration" node="gpuorin4-desktop" score=300
2026-07-01 18:44:29.777 I0701 09:44:29.766943       1 schedule_one.go:745] "Plugin scored node for pod" pod="default/yolo-pos-2" plugin="NodeAffinity" node="gpuorin4-desktop" score=0
2026-07-01 18:44:29.778 I0701 09:44:29.766947       1 schedule_one.go:745] "Plugin scored node for pod" pod="default/yolo-pos-2" plugin="NodeResourcesFit" node="gpuorin4-desktop" score=78
2026-07-01 18:44:29.779 I0701 09:44:29.766952       1 schedule_one.go:745] "Plugin scored node for pod" pod="default/yolo-pos-2" plugin="VolumeBinding" node="gpuorin4-desktop" score=0
2026-07-01 18:44:29.781 I0701 09:44:29.766956       1 schedule_one.go:745] "Plugin scored node for pod" pod="default/yolo-pos-2" plugin="NodeResourcesBalancedAllocation" node="gpuorin4-desktop" score=99
2026-07-01 18:44:29.782 I0701 09:44:29.766959       1 schedule_one.go:745] "Plugin scored node for pod" pod="default/yolo-pos-2" plugin="ImageLocality" node="gpuorin4-desktop" score=0
2026-07-01 18:44:29.783 I0701 09:44:29.766963       1 schedule_one.go:745] "Plugin scored node for pod" pod="default/yolo-pos-2" plugin="TaintToleration" node="gpu-orin2" score=300
2026-07-01 18:44:29.784 I0701 09:44:29.766966       1 schedule_one.go:745] "Plugin scored node for pod" pod="default/yolo-pos-2" plugin="NodeAffinity" node="gpu-orin2" score=0
2026-07-01 18:44:29.785 I0701 09:44:29.766968       1 schedule_one.go:745] "Plugin scored node for pod" pod="default/yolo-pos-2" plugin="NodeResourcesFit" node="gpu-orin2" score=78
2026-07-01 18:44:29.786 I0701 09:44:29.766971       1 schedule_one.go:745] "Plugin scored node for pod" pod="default/yolo-pos-2" plugin="VolumeBinding" node="gpu-orin2" score=0
2026-07-01 18:44:29.787 I0701 09:44:29.766975       1 schedule_one.go:745] "Plugin scored node for pod" pod="default/yolo-pos-2" plugin="NodeResourcesBalancedAllocation" node="gpu-orin2" score=99
2026-07-01 18:44:29.788 I0701 09:44:29.766977       1 schedule_one.go:745] "Plugin scored node for pod" pod="default/yolo-pos-2" plugin="ImageLocality" node="gpu-orin2" score=0
2026-07-01 18:44:29.789 I0701 09:44:29.766981       1 schedule_one.go:745] "Plugin scored node for pod" pod="default/yolo-pos-2" plugin="TaintToleration" node="gpuorin5-desktop" score=300
2026-07-01 18:44:29.790 I0701 09:44:29.766984       1 schedule_one.go:745] "Plugin scored node for pod" pod="default/yolo-pos-2" plugin="NodeAffinity" node="gpuorin5-desktop" score=0
2026-07-01 18:44:29.791 I0701 09:44:29.766987       1 schedule_one.go:745] "Plugin scored node for pod" pod="default/yolo-pos-2" plugin="NodeResourcesFit" node="gpuorin5-desktop" score=78
2026-07-01 18:44:29.792 I0701 09:44:29.766990       1 schedule_one.go:745] "Plugin scored node for pod" pod="default/yolo-pos-2" plugin="VolumeBinding" node="gpuorin5-desktop" score=0
2026-07-01 18:44:29.793 I0701 09:44:29.766993       1 schedule_one.go:745] "Plugin scored node for pod" pod="default/yolo-pos-2" plugin="NodeResourcesBalancedAllocation" node="gpuorin5-desktop" score=99
2026-07-01 18:44:29.794 I0701 09:44:29.766996       1 schedule_one.go:745] "Plugin scored node for pod" pod="default/yolo-pos-2" plugin="ImageLocality" node="gpuorin5-desktop" score=0
2026-07-01 18:44:29.795 I0701 09:44:29.767000       1 schedule_one.go:745] "Plugin scored node for pod" pod="default/yolo-pos-2" plugin="TaintToleration" node="gpu-orin3" score=300
2026-07-01 18:44:29.796 I0701 09:44:29.767004       1 schedule_one.go:745] "Plugin scored node for pod" pod="default/yolo-pos-2" plugin="NodeAffinity" node="gpu-orin3" score=0
2026-07-01 18:44:29.796 I0701 09:44:29.767008       1 schedule_one.go:745] "Plugin scored node for pod" pod="default/yolo-pos-2" plugin="NodeResourcesFit" node="gpu-orin3" score=78
2026-07-01 18:44:29.797 I0701 09:44:29.767011       1 schedule_one.go:745] "Plugin scored node for pod" pod="default/yolo-pos-2" plugin="VolumeBinding" node="gpu-orin3" score=0
2026-07-01 18:44:29.798 I0701 09:44:29.767014       1 schedule_one.go:745] "Plugin scored node for pod" pod="default/yolo-pos-2" plugin="NodeResourcesBalancedAllocation" node="gpu-orin3" score=99
2026-07-01 18:44:29.799 I0701 09:44:29.767019       1 schedule_one.go:745] "Plugin scored node for pod" pod="default/yolo-pos-2" plugin="ImageLocality" node="gpu-orin3" score=0
2026-07-01 18:44:29.799 I0701 09:44:29.767023       1 schedule_one.go:812] "Calculated node's final score for pod" pod="default/yolo-pos-2" node="gpuorin4-desktop" score=477
2026-07-01 18:44:29.800 I0701 09:44:29.767028       1 schedule_one.go:812] "Calculated node's final score for pod" pod="default/yolo-pos-2" node="gpu-orin2" score=477
2026-07-01 18:44:29.801 I0701 09:44:29.767031       1 schedule_one.go:812] "Calculated node's final score for pod" pod="default/yolo-pos-2" node="gpuorin5-desktop" score=477
2026-07-01 18:44:29.801 I0701 09:44:29.767038       1 schedule_one.go:812] "Calculated node's final score for pod" pod="default/yolo-pos-2" node="gpu-orin3" score=477
