I0714 09:18:37.889722       1 cache.go:1363] There are <0> Jobs, <1> Queues and <5> Nodes in total for scheduling.
I0714 09:18:37.889922       1 session.go:190] Open Session 42388694-3ba1-422e-b01d-1c216c90bde0 with <0> Job and <1> Queues
I0714 09:18:37.891751       1 enqueue.go:79] Try to enqueue PodGroup to 0 Queues
I0714 09:18:37.891826       1 allocate.go:64] Try to allocate resource to 0 Queues
I0714 09:18:37.892059       1 session.go:244] Close Session 42388694-3ba1-422e-b01d-1c216c90bde0
I0714 09:18:38.894116       1 cache.go:1363] There are <0> Jobs, <1> Queues and <5> Nodes in total for scheduling.
I0714 09:18:38.894281       1 session.go:190] Open Session 65632b05-80f5-4529-a16f-189ff8158204 with <0> Job and <1> Queues
I0714 09:18:38.896081       1 enqueue.go:79] Try to enqueue PodGroup to 0 Queues
I0714 09:18:38.896147       1 allocate.go:64] Try to allocate resource to 0 Queues
I0714 09:18:38.896384       1 session.go:244] Close Session 65632b05-80f5-4529-a16f-189ff8158204
I0714 09:18:39.898815       1 cache.go:1363] There are <0> Jobs, <1> Queues and <5> Nodes in total for scheduling.
I0714 09:18:39.898978       1 session.go:190] Open Session df6392f1-2c1d-4a05-91c3-ed980b262fa2 with <0> Job and <1> Queues
I0714 09:18:39.900821       1 enqueue.go:79] Try to enqueue PodGroup to 0 Queues
I0714 09:18:39.900886       1 allocate.go:64] Try to allocate resource to 0 Queues
I0714 09:18:39.901085       1 session.go:244] Close Session df6392f1-2c1d-4a05-91c3-ed980b262fa2
I0714 09:18:40.903762       1 cache.go:1363] There are <0> Jobs, <1> Queues and <5> Nodes in total for scheduling.
I0714 09:18:40.903911       1 session.go:190] Open Session 03922ec3-3b53-4c62-a51f-c5263493e7d3 with <0> Job and <1> Queues
I0714 09:18:40.905728       1 enqueue.go:79] Try to enqueue PodGroup to 0 Queues
I0714 09:18:40.905794       1 allocate.go:64] Try to allocate resource to 0 Queues
I0714 09:18:40.906012       1 session.go:244] Close Session 03922ec3-3b53-4c62-a51f-c5263493e7d3
I0714 09:18:41.908745       1 cache.go:1363] There are <0> Jobs, <1> Queues and <5> Nodes in total for scheduling.
I0714 09:18:41.908878       1 session.go:190] Open Session 6046354f-8c3f-4f6a-9711-703485625faa with <0> Job and <1> Queues
I0714 09:18:41.910495       1 enqueue.go:79] Try to enqueue PodGroup to 0 Queues
I0714 09:18:41.910561       1 allocate.go:64] Try to allocate resource to 0 Queues
I0714 09:18:41.910761       1 session.go:244] Close Session 6046354f-8c3f-4f6a-9711-703485625faa
I0714 09:18:42.913023       1 cache.go:1363] There are <0> Jobs, <1> Queues and <5> Nodes in total for scheduling.
I0714 09:18:42.913186       1 session.go:190] Open Session 120b6dbd-ebae-4291-8853-61b4cf6f69c5 with <0> Job and <1> Queues
I0714 09:18:42.914980       1 enqueue.go:79] Try to enqueue PodGroup to 0 Queues
I0714 09:18:42.915053       1 allocate.go:64] Try to allocate resource to 0 Queues
I0714 09:18:42.915254       1 session.go:244] Close Session 120b6dbd-ebae-4291-8853-61b4cf6f69c5
I0714 09:18:43.917473       1 cache.go:1363] There are <0> Jobs, <1> Queues and <5> Nodes in total for scheduling.
I0714 09:18:43.917642       1 session.go:190] Open Session 3615a1a7-9080-4d8e-bd6b-661e8903cca3 with <0> Job and <1> Queues
I0714 09:18:43.919329       1 enqueue.go:79] Try to enqueue PodGroup to 0 Queues
I0714 09:18:43.919390       1 allocate.go:64] Try to allocate resource to 0 Queues
I0714 09:18:43.919597       1 session.go:244] Close Session 3615a1a7-9080-4d8e-bd6b-661e8903cca3
I0714 09:18:44.922182       1 cache.go:1363] There are <0> Jobs, <1> Queues and <5> Nodes in total for scheduling.
I0714 09:18:44.922338       1 session.go:190] Open Session 2c652586-a83d-4a10-a4c2-e547e97d5eb1 with <0> Job and <1> Queues
I0714 09:18:44.924168       1 enqueue.go:79] Try to enqueue PodGroup to 0 Queues
I0714 09:18:44.924375       1 allocate.go:64] Try to allocate resource to 0 Queues
I0714 09:18:44.924593       1 session.go:244] Close Session 2c652586-a83d-4a10-a4c2-e547e97d5eb1
I0714 09:18:45.927018       1 cache.go:1363] There are <0> Jobs, <1> Queues and <5> Nodes in total for scheduling.
I0714 09:18:45.927195       1 session.go:190] Open Session fa033bcb-2dd9-4c0d-a45e-2c9a16631193 with <0> Job and <1> Queues
I0714 09:18:45.929215       1 enqueue.go:79] Try to enqueue PodGroup to 0 Queues
I0714 09:18:45.929287       1 allocate.go:64] Try to allocate resource to 0 Queues
I0714 09:18:45.929510       1 session.go:244] Close Session fa033bcb-2dd9-4c0d-a45e-2c9a16631193
I0714 09:18:46.932412       1 cache.go:1363] There are <0> Jobs, <1> Queues and <5> Nodes in total for scheduling.
I0714 09:18:46.932590       1 session.go:190] Open Session 4826ea5f-a935-494c-b762-8b3fbedefb1b with <0> Job and <1> Queues
I0714 09:18:46.934496       1 enqueue.go:79] Try to enqueue PodGroup to 0 Queues
I0714 09:18:46.934577       1 allocate.go:64] Try to allocate resource to 0 Queues
I0714 09:18:46.934800       1 session.go:244] Close Session 4826ea5f-a935-494c-b762-8b3fbedefb1b
I0714 09:18:47.937903       1 cache.go:1363] There are <0> Jobs, <1> Queues and <5> Nodes in total for scheduling.
I0714 09:18:47.938106       1 session.go:190] Open Session 8753e053-b08c-4be0-87a2-2e67ae1a2acc with <0> Job and <1> Queues
I0714 09:18:47.939863       1 enqueue.go:79] Try to enqueue PodGroup to 0 Queues
I0714 09:18:47.939937       1 allocate.go:64] Try to allocate resource to 0 Queues
I0714 09:18:47.940177       1 session.go:244] Close Session 8753e053-b08c-4be0-87a2-2e67ae1a2acc
I0714 09:18:48.942410       1 cache.go:1363] There are <0> Jobs, <1> Queues and <5> Nodes in total for scheduling.
I0714 09:18:48.942585       1 session.go:190] Open Session c44c1f10-e330-4643-8d63-88423322b9c2 with <0> Job and <1> Queues
I0714 09:18:48.944429       1 enqueue.go:79] Try to enqueue PodGroup to 0 Queues
I0714 09:18:48.944499       1 allocate.go:64] Try to allocate resource to 0 Queues
I0714 09:18:48.944724       1 session.go:244] Close Session c44c1f10-e330-4643-8d63-88423322b9c2
I0714 09:18:49.946744       1 cache.go:1363] There are <0> Jobs, <1> Queues and <5> Nodes in total for scheduling.
I0714 09:18:49.946914       1 session.go:190] Open Session d4c2f592-287b-4828-84a5-246e153b438d with <0> Job and <1> Queues
I0714 09:18:49.948943       1 enqueue.go:79] Try to enqueue PodGroup to 0 Queues
I0714 09:18:49.949020       1 allocate.go:64] Try to allocate resource to 0 Queues
I0714 09:18:49.949238       1 session.go:244] Close Session d4c2f592-287b-4828-84a5-246e153b438d
I0714 09:18:50.951888       1 cache.go:1363] There are <0> Jobs, <1> Queues and <5> Nodes in total for scheduling.
I0714 09:18:50.952052       1 session.go:190] Open Session d4cc7916-6d61-4bde-ba78-ea30c4ee00fe with <0> Job and <1> Queues
I0714 09:18:50.953853       1 enqueue.go:79] Try to enqueue PodGroup to 0 Queues
I0714 09:18:50.953926       1 allocate.go:64] Try to allocate resource to 0 Queues
I0714 09:18:50.954146       1 session.go:244] Close Session d4cc7916-6d61-4bde-ba78-ea30c4ee00fe
I0714 09:18:51.956874       1 cache.go:1363] There are <0> Jobs, <1> Queues and <5> Nodes in total for scheduling.
I0714 09:18:51.957060       1 session.go:190] Open Session d46a7c2c-1f71-4253-843e-7883dbf0ae93 with <0> Job and <1> Queues
I0714 09:18:51.958774       1 enqueue.go:79] Try to enqueue PodGroup to 0 Queues
I0714 09:18:51.958846       1 allocate.go:64] Try to allocate resource to 0 Queues
I0714 09:18:51.959056       1 session.go:244] Close Session d46a7c2c-1f71-4253-843e-7883dbf0ae93
I0714 09:18:52.961749       1 cache.go:1363] There are <0> Jobs, <1> Queues and <5> Nodes in total for scheduling.
I0714 09:18:52.961930       1 session.go:190] Open Session 4c87d36c-7e9d-4261-8c9d-6eedcec39166 with <0> Job and <1> Queues
I0714 09:18:52.963820       1 enqueue.go:79] Try to enqueue PodGroup to 0 Queues
I0714 09:18:52.963896       1 allocate.go:64] Try to allocate resource to 0 Queues
I0714 09:18:52.964134       1 session.go:244] Close Session 4c87d36c-7e9d-4261-8c9d-6eedcec39166
I0714 09:18:53.967216       1 cache.go:1363] There are <0> Jobs, <1> Queues and <5> Nodes in total for scheduling.
I0714 09:18:53.967392       1 session.go:190] Open Session d7443534-3977-4176-a0c0-3dfc9604c7ca with <0> Job and <1> Queues
I0714 09:18:53.969125       1 enqueue.go:79] Try to enqueue PodGroup to 0 Queues
I0714 09:18:53.969199       1 allocate.go:64] Try to allocate resource to 0 Queues
I0714 09:18:53.969450       1 session.go:244] Close Session d7443534-3977-4176-a0c0-3dfc9604c7ca
I0714 09:18:54.972461       1 cache.go:1363] There are <0> Jobs, <1> Queues and <5> Nodes in total for scheduling.
I0714 09:18:54.972632       1 session.go:190] Open Session 5a4fcd63-5ca6-429d-bc77-97b2f27b8696 with <0> Job and <1> Queues
I0714 09:18:54.974456       1 enqueue.go:79] Try to enqueue PodGroup to 0 Queues
I0714 09:18:54.974531       1 allocate.go:64] Try to allocate resource to 0 Queues
I0714 09:18:54.974754       1 session.go:244] Close Session 5a4fcd63-5ca6-429d-bc77-97b2f27b8696
I0714 09:18:55.976817       1 cache.go:1363] There are <0> Jobs, <1> Queues and <5> Nodes in total for scheduling.
I0714 09:18:55.977092       1 session.go:190] Open Session 178d4a14-7516-4695-b683-39ba74f2a2d0 with <0> Job and <1> Queues
I0714 09:18:55.978842       1 enqueue.go:79] Try to enqueue PodGroup to 0 Queues
I0714 09:18:55.978913       1 allocate.go:64] Try to allocate resource to 0 Queues
I0714 09:18:55.979124       1 session.go:244] Close Session 178d4a14-7516-4695-b683-39ba74f2a2d0
I0714 09:18:56.981758       1 cache.go:1363] There are <0> Jobs, <1> Queues and <5> Nodes in total for scheduling.
I0714 09:18:56.981917       1 session.go:190] Open Session 0660df27-0460-4101-ab98-41bc6e45a1f0 with <0> Job and <1> Queues
I0714 09:18:56.983631       1 enqueue.go:79] Try to enqueue PodGroup to 0 Queues
I0714 09:18:56.983700       1 allocate.go:64] Try to allocate resource to 0 Queues
I0714 09:18:56.983919       1 session.go:244] Close Session 0660df27-0460-4101-ab98-41bc6e45a1f0
I0714 09:18:57.986101       1 cache.go:1363] There are <0> Jobs, <1> Queues and <5> Nodes in total for scheduling.
I0714 09:18:57.986312       1 session.go:190] Open Session 509b29b6-35a1-4f45-9ce3-69cfaa4fce15 with <0> Job and <1> Queues
I0714 09:18:57.988101       1 enqueue.go:79] Try to enqueue PodGroup to 0 Queues
I0714 09:18:57.988172       1 allocate.go:64] Try to allocate resource to 0 Queues
I0714 09:18:57.988421       1 session.go:244] Close Session 509b29b6-35a1-4f45-9ce3-69cfaa4fce15
I0714 09:18:58.991312       1 cache.go:1363] There are <0> Jobs, <1> Queues and <5> Nodes in total for scheduling.
I0714 09:18:58.991490       1 session.go:190] Open Session 75e6dd37-350c-4aee-91dd-4d942759bf61 with <0> Job and <1> Queues
I0714 09:18:58.993435       1 enqueue.go:79] Try to enqueue PodGroup to 0 Queues
I0714 09:18:58.993511       1 allocate.go:64] Try to allocate resource to 0 Queues
I0714 09:18:58.993732       1 session.go:244] Close Session 75e6dd37-350c-4aee-91dd-4d942759bf61
I0714 09:18:59.996282       1 cache.go:1363] There are <0> Jobs, <1> Queues and <5> Nodes in total for scheduling.
I0714 09:18:59.996484       1 session.go:190] Open Session 44d8be21-29fb-4b53-8016-a74e4cd95c2a with <0> Job and <1> Queues
I0714 09:18:59.998270       1 enqueue.go:79] Try to enqueue PodGroup to 0 Queues
I0714 09:18:59.998346       1 allocate.go:64] Try to allocate resource to 0 Queues
I0714 09:18:59.998560       1 session.go:244] Close Session 44d8be21-29fb-4b53-8016-a74e4cd95c2a
I0714 09:19:01.000847       1 cache.go:1363] There are <0> Jobs, <1> Queues and <5> Nodes in total for scheduling.
I0714 09:19:01.001013       1 session.go:190] Open Session 6082d382-9c4a-40c6-bc03-f2ea3c9a12c8 with <0> Job and <1> Queues
I0714 09:19:01.002886       1 enqueue.go:79] Try to enqueue PodGroup to 0 Queues
I0714 09:19:01.002957       1 allocate.go:64] Try to allocate resource to 0 Queues
I0714 09:19:01.003159       1 session.go:244] Close Session 6082d382-9c4a-40c6-bc03-f2ea3c9a12c8
I0714 09:19:02.005286       1 cache.go:1363] There are <0> Jobs, <1> Queues and <5> Nodes in total for scheduling.
I0714 09:19:02.005433       1 session.go:190] Open Session 647a860d-fa7c-43ce-a916-45f63f7e98ea with <0> Job and <1> Queues
I0714 09:19:02.007091       1 enqueue.go:79] Try to enqueue PodGroup to 0 Queues
I0714 09:19:02.007158       1 allocate.go:64] Try to allocate resource to 0 Queues
I0714 09:19:02.007371       1 session.go:244] Close Session 647a860d-fa7c-43ce-a916-45f63f7e98ea
I0714 09:19:03.009225       1 cache.go:1363] There are <0> Jobs, <1> Queues and <5> Nodes in total for scheduling.
I0714 09:19:03.009380       1 session.go:190] Open Session 71c146c4-482d-4e33-bef2-b318b021eaad with <0> Job and <1> Queues
I0714 09:19:03.011013       1 enqueue.go:79] Try to enqueue PodGroup to 0 Queues
I0714 09:19:03.011083       1 allocate.go:64] Try to allocate resource to 0 Queues
I0714 09:19:03.011283       1 session.go:244] Close Session 71c146c4-482d-4e33-bef2-b318b021eaad
I0714 09:19:04.014114       1 cache.go:1363] There are <0> Jobs, <1> Queues and <5> Nodes in total for scheduling.
I0714 09:19:04.014285       1 session.go:190] Open Session e76b3e95-54ee-438d-ad79-b56cc47be592 with <0> Job and <1> Queues
I0714 09:19:04.016060       1 enqueue.go:79] Try to enqueue PodGroup to 0 Queues
I0714 09:19:04.016141       1 allocate.go:64] Try to allocate resource to 0 Queues
I0714 09:19:04.016397       1 session.go:244] Close Session e76b3e95-54ee-438d-ad79-b56cc47be592
I0714 09:19:05.018815       1 cache.go:1363] There are <0> Jobs, <1> Queues and <5> Nodes in total for scheduling.
I0714 09:19:05.018994       1 session.go:190] Open Session 5a674dbb-360c-46bc-ab73-6b2c9e5c0814 with <0> Job and <1> Queues
I0714 09:19:05.020904       1 enqueue.go:79] Try to enqueue PodGroup to 0 Queues
I0714 09:19:05.020996       1 allocate.go:64] Try to allocate resource to 0 Queues
I0714 09:19:05.021232       1 session.go:244] Close Session 5a674dbb-360c-46bc-ab73-6b2c9e5c0814
I0714 09:19:06.024493       1 cache.go:1363] There are <0> Jobs, <1> Queues and <5> Nodes in total for scheduling.
I0714 09:19:06.024657       1 session.go:190] Open Session d85d288f-1b99-4b9f-9bf9-fe3fed157669 with <0> Job and <1> Queues
I0714 09:19:06.026375       1 enqueue.go:79] Try to enqueue PodGroup to 0 Queues
I0714 09:19:06.026452       1 allocate.go:64] Try to allocate resource to 0 Queues
I0714 09:19:06.026685       1 session.go:244] Close Session d85d288f-1b99-4b9f-9bf9-fe3fed157669
I0714 09:19:06.654937       1 cache.go:1489] The metrics type is not set in the volcano scheduler configmap file. As a result, the CPU and memory load information of the node is not collected.
I0714 09:19:07.029247       1 cache.go:1363] There are <0> Jobs, <1> Queues and <5> Nodes in total for scheduling.
I0714 09:19:07.029407       1 session.go:190] Open Session 799db198-939b-4b78-80b0-f3f5aafc2b08 with <0> Job and <1> Queues
I0714 09:19:07.031177       1 enqueue.go:79] Try to enqueue PodGroup to 0 Queues
I0714 09:19:07.031248       1 allocate.go:64] Try to allocate resource to 0 Queues
I0714 09:19:07.031475       1 session.go:244] Close Session 799db198-939b-4b78-80b0-f3f5aafc2b08
I0714 09:19:08.033870       1 cache.go:1363] There are <0> Jobs, <1> Queues and <5> Nodes in total for scheduling.
I0714 09:19:08.034079       1 session.go:190] Open Session 2b2b5109-e56c-4463-b61b-fd749d2002a4 with <0> Job and <1> Queues
I0714 09:19:08.035924       1 enqueue.go:79] Try to enqueue PodGroup to 0 Queues
I0714 09:19:08.036006       1 allocate.go:64] Try to allocate resource to 0 Queues
I0714 09:19:08.036223       1 session.go:244] Close Session 2b2b5109-e56c-4463-b61b-fd749d2002a4
I0714 09:19:09.039267       1 cache.go:1363] There are <0> Jobs, <1> Queues and <5> Nodes in total for scheduling.
I0714 09:19:09.039441       1 session.go:190] Open Session 68ed5690-345a-4c8c-a044-9cc9c119ef78 with <0> Job and <1> Queues
I0714 09:19:09.041432       1 enqueue.go:79] Try to enqueue PodGroup to 0 Queues
I0714 09:19:09.041508       1 allocate.go:64] Try to allocate resource to 0 Queues
I0714 09:19:09.041740       1 session.go:244] Close Session 68ed5690-345a-4c8c-a044-9cc9c119ef78
I0714 09:19:10.044325       1 cache.go:1363] There are <0> Jobs, <1> Queues and <5> Nodes in total for scheduling.
I0714 09:19:10.044515       1 session.go:190] Open Session 41a625f6-9912-46a6-ac92-cf21072fa2cf with <0> Job and <1> Queues
I0714 09:19:10.046666       1 enqueue.go:79] Try to enqueue PodGroup to 0 Queues
I0714 09:19:10.046746       1 allocate.go:64] Try to allocate resource to 0 Queues
I0714 09:19:10.047036       1 session.go:244] Close Session 41a625f6-9912-46a6-ac92-cf21072fa2cf
I0714 09:19:11.049324       1 cache.go:1363] There are <0> Jobs, <1> Queues and <5> Nodes in total for scheduling.
I0714 09:19:11.049495       1 session.go:190] Open Session ad234493-a73c-43fa-ba68-1d1103e4673d with <0> Job and <1> Queues
I0714 09:19:11.051576       1 enqueue.go:79] Try to enqueue PodGroup to 0 Queues
I0714 09:19:11.051655       1 allocate.go:64] Try to allocate resource to 0 Queues
I0714 09:19:11.051895       1 session.go:244] Close Session ad234493-a73c-43fa-ba68-1d1103e4673d
I0714 09:19:12.054503       1 cache.go:1363] There are <0> Jobs, <1> Queues and <5> Nodes in total for scheduling.
I0714 09:19:12.054644       1 session.go:190] Open Session ac17ccc1-4de2-4419-819b-d3ffe3fb4fbc with <0> Job and <1> Queues
I0714 09:19:12.056496       1 enqueue.go:79] Try to enqueue PodGroup to 0 Queues
I0714 09:19:12.056566       1 allocate.go:64] Try to allocate resource to 0 Queues
I0714 09:19:12.056789       1 session.go:244] Close Session ac17ccc1-4de2-4419-819b-d3ffe3fb4fbc
I0714 09:19:13.058853       1 cache.go:1363] There are <0> Jobs, <1> Queues and <5> Nodes in total for scheduling.
I0714 09:19:13.059028       1 session.go:190] Open Session ad433c4b-93ee-43e0-b992-e5720781cd00 with <0> Job and <1> Queues
I0714 09:19:13.060915       1 enqueue.go:79] Try to enqueue PodGroup to 0 Queues
I0714 09:19:13.060990       1 allocate.go:64] Try to allocate resource to 0 Queues
I0714 09:19:13.061211       1 session.go:244] Close Session ad433c4b-93ee-43e0-b992-e5720781cd00
I0714 09:19:14.063528       1 cache.go:1363] There are <0> Jobs, <1> Queues and <5> Nodes in total for scheduling.
I0714 09:19:14.063697       1 session.go:190] Open Session b8a0be67-a9fc-4dfd-9afd-a98372cd0bdc with <0> Job and <1> Queues
I0714 09:19:14.065560       1 enqueue.go:79] Try to enqueue PodGroup to 0 Queues
I0714 09:19:14.065641       1 allocate.go:64] Try to allocate resource to 0 Queues
I0714 09:19:14.065857       1 session.go:244] Close Session b8a0be67-a9fc-4dfd-9afd-a98372cd0bdc
I0714 09:19:15.068515       1 cache.go:1363] There are <0> Jobs, <1> Queues and <5> Nodes in total for scheduling.
I0714 09:19:15.068690       1 session.go:190] Open Session 96bb1a2f-49a1-4b0f-8a39-814a0272f3a9 with <0> Job and <1> Queues
I0714 09:19:15.070435       1 enqueue.go:79] Try to enqueue PodGroup to 0 Queues
I0714 09:19:15.070509       1 allocate.go:64] Try to allocate resource to 0 Queues
I0714 09:19:15.070732       1 session.go:244] Close Session 96bb1a2f-49a1-4b0f-8a39-814a0272f3a9
I0714 09:19:16.072868       1 cache.go:1363] There are <0> Jobs, <1> Queues and <5> Nodes in total for scheduling.
I0714 09:19:16.073016       1 session.go:190] Open Session 10d458f3-3129-4be7-9e6c-481ca3c19e06 with <0> Job and <1> Queues
I0714 09:19:16.075061       1 enqueue.go:79] Try to enqueue PodGroup to 0 Queues
I0714 09:19:16.075151       1 allocate.go:64] Try to allocate resource to 0 Queues
I0714 09:19:16.075391       1 session.go:244] Close Session 10d458f3-3129-4be7-9e6c-481ca3c19e06
I0714 09:19:17.077358       1 cache.go:1363] There are <0> Jobs, <1> Queues and <5> Nodes in total for scheduling.
I0714 09:19:17.077532       1 session.go:190] Open Session 1af1de08-6d4d-4585-bf86-13344dfff2c9 with <0> Job and <1> Queues
I0714 09:19:17.079226       1 enqueue.go:79] Try to enqueue PodGroup to 0 Queues
I0714 09:19:17.079295       1 allocate.go:64] Try to allocate resource to 0 Queues
I0714 09:19:17.079546       1 session.go:244] Close Session 1af1de08-6d4d-4585-bf86-13344dfff2c9
W0714 09:19:17.950864       1 event_handlers.go:181] Not support non-csi pvc.
I0714 09:19:17.951000       1 event_handlers.go:387] Added pod <default/yolo-cls> into cache.
W0714 09:19:17.975137       1 event_handlers.go:181] Not support non-csi pvc.
I0714 09:19:18.081967       1 cache.go:1363] There are <1> Jobs, <1> Queues and <5> Nodes in total for scheduling.
I0714 09:19:18.082112       1 session.go:190] Open Session 9a5eefba-ac74-47b2-b4b6-f050c387990e with <1> Job and <1> Queues
I0714 09:19:18.084193       1 enqueue.go:79] Try to enqueue PodGroup to 1 Queues
I0714 09:19:18.084538       1 allocate.go:64] Try to allocate resource to 1 Queues
I0714 09:19:18.084597       1 allocate.go:129] Try to allocate resource to Jobs in Queue <default>
I0714 09:19:18.084631       1 allocate.go:161] Try to allocate resource to 1 tasks of Job <default/podgroup-87b6bed1-3e6c-4a65-b82d-ecb21fcd712d>
I0714 09:19:18.084673       1 allocate.go:181] There are <5> nodes for Job <default/podgroup-87b6bed1-3e6c-4a65-b82d-ecb21fcd712d>
I0714 09:19:18.085013       1 predicate_helper.go:75] Predicates failed: task default/yolo-cls on node gpu-master fit failed: Insufficient nvidia.com/gpu
I0714 09:19:18.085318       1 predicate_helper.go:75] Predicates failed: task default/yolo-cls on node gpuorin4-desktop fit failed: plugin NodeAffinity predicates failed node(s) didn't match Pod's node affinity/selector
I0714 09:19:18.085376       1 predicate_helper.go:75] Predicates failed: task default/yolo-cls on node gpuorin5-desktop fit failed: plugin NodeAffinity predicates failed node(s) didn't match Pod's node affinity/selector
I0714 09:19:18.086364       1 allocate.go:249] Binding Task <default/yolo-cls> to node <gpu-orin2>
I0714 09:19:18.086571       1 statement.go:266] After allocated Task <default/yolo-cls> to Node <gpu-orin2>: idle <cpu 5900.00, memory 7832690688.00, nvidia.com/gpu 4000.00, pods 105.00, ephemeral-storage 225118140453000.00, hugepages-1Gi 0.00, hugepages-2Mi 0.00, hugepages-32Mi 0.00, hugepages-64Ki 0.00>, used <cpu 100.00, memory 52428800.00, pods 5.00, nvidia.com/gpu 1000.00>, releasing <cpu 0.00, memory 0.00>
I0714 09:19:18.087077       1 statement.go:284] Allocating operations ...
I0714 09:19:18.087199       1 statement.go:378] Committing operations ...
I0714 09:19:18.087331       1 proportion.go:302] Queue <default>: deserved <cpu 0.00, memory 0.00, nvidia.com/gpu 1000.00, pods 1.00>, allocated <cpu 0.00, memory 0.00, pods 1.00, nvidia.com/gpu 1000.00>, share <1>
I0714 09:19:18.087398       1 allocate.go:125] Queue <default> is overused, ignore it.
I0714 09:19:18.104772       1 session.go:244] Close Session 9a5eefba-ac74-47b2-b4b6-f050c387990e
I0714 09:19:18.121732       1 cache.go:900] bind ok, latency 17.565492ms
W0714 09:19:18.124229       1 event_handlers.go:181] Not support non-csi pvc.
W0714 09:19:18.162489       1 event_handlers.go:181] Not support non-csi pvc.
W0714 09:19:18.606794       1 event_handlers.go:181] Not support non-csi pvc.
I0714 09:19:18.611502       1 event_handlers.go:442] Deleted pod <default/yolo-cls> from cache.
I0714 09:19:18.628228       1 cache.go:1013] Try to delete Job <default/podgroup-87b6bed1-3e6c-4a65-b82d-ecb21fcd712d:default/podgroup-87b6bed1-3e6c-4a65-b82d-ecb21fcd712d>
I0714 09:19:18.628547       1 cache.go:1054] Job <default/podgroup-87b6bed1-3e6c-4a65-b82d-ecb21fcd712d:default/podgroup-87b6bed1-3e6c-4a65-b82d-ecb21fcd712d> was deleted.
W0714 09:19:18.791482       1 event_handlers.go:181] Not support non-csi pvc.
I0714 09:19:18.791622       1 event_handlers.go:387] Added pod <default/yolo-cls> into cache.
W0714 09:19:18.821959       1 event_handlers.go:181] Not support non-csi pvc.
I0714 09:19:19.107286       1 cache.go:1363] There are <0> Jobs, <1> Queues and <5> Nodes in total for scheduling.
I0714 09:19:19.107390       1 session.go:190] Open Session 9a329404-6f81-4c03-aae7-ce37227e1052 with <0> Job and <1> Queues
I0714 09:19:19.109376       1 enqueue.go:79] Try to enqueue PodGroup to 0 Queues
I0714 09:19:19.109453       1 allocate.go:64] Try to allocate resource to 0 Queues
I0714 09:19:19.109674       1 session.go:244] Close Session 9a329404-6f81-4c03-aae7-ce37227e1052
I0714 09:19:20.112208       1 cache.go:1363] There are <0> Jobs, <1> Queues and <5> Nodes in total for scheduling.
I0714 09:19:20.112418       1 session.go:190] Open Session 41e5ba67-0ee7-4677-97be-0e7cf413d2f6 with <0> Job and <1> Queues
I0714 09:19:20.114240       1 enqueue.go:79] Try to enqueue PodGroup to 0 Queues
I0714 09:19:20.114310       1 allocate.go:64] Try to allocate resource to 0 Queues
I0714 09:19:20.114518       1 session.go:244] Close Session 41e5ba67-0ee7-4677-97be-0e7cf413d2f6
W0714 09:19:20.843918       1 event_handlers.go:181] Not support non-csi pvc.
I0714 09:19:21.117001       1 cache.go:1363] There are <0> Jobs, <1> Queues and <5> Nodes in total for scheduling.
I0714 09:19:21.117129       1 session.go:190] Open Session 50d4ec6f-c0db-45e2-a219-70b657b01243 with <0> Job and <1> Queues
I0714 09:19:21.119104       1 enqueue.go:79] Try to enqueue PodGroup to 0 Queues
I0714 09:19:21.119187       1 allocate.go:64] Try to allocate resource to 0 Queues
I0714 09:19:21.119395       1 session.go:244] Close Session 50d4ec6f-c0db-45e2-a219-70b657b01243
I0714 09:19:22.121897       1 cache.go:1363] There are <0> Jobs, <1> Queues and <5> Nodes in total for scheduling.
I0714 09:19:22.122077       1 session.go:190] Open Session 2f18ebb8-6862-4aa5-90ef-0001922f0b90 with <0> Job and <1> Queues
I0714 09:19:22.123875       1 enqueue.go:79] Try to enqueue PodGroup to 0 Queues
I0714 09:19:22.123950       1 allocate.go:64] Try to allocate resource to 0 Queues
I0714 09:19:22.124167       1 session.go:244] Close Session 2f18ebb8-6862-4aa5-90ef-0001922f0b90
I0714 09:19:23.126449       1 cache.go:1363] There are <0> Jobs, <1> Queues and <5> Nodes in total for scheduling.
I0714 09:19:23.126618       1 session.go:190] Open Session 6f416d77-76ff-46ff-933e-47cd6c43ac32 with <0> Job and <1> Queues
I0714 09:19:23.128514       1 enqueue.go:79] Try to enqueue PodGroup to 0 Queues
I0714 09:19:23.128581       1 allocate.go:64] Try to allocate resource to 0 Queues
I0714 09:19:23.128819       1 session.go:244] Close Session 6f416d77-76ff-46ff-933e-47cd6c43ac32
I0714 09:19:24.131771       1 cache.go:1363] There are <0> Jobs, <1> Queues and <5> Nodes in total for scheduling.
I0714 09:19:24.131918       1 session.go:190] Open Session dd665486-8c4b-4512-aded-5fe80b8abf3d with <0> Job and <1> Queues
I0714 09:19:24.133764       1 enqueue.go:79] Try to enqueue PodGroup to 0 Queues
I0714 09:19:24.133841       1 allocate.go:64] Try to allocate resource to 0 Queues
I0714 09:19:24.134051       1 session.go:244] Close Session dd665486-8c4b-4512-aded-5fe80b8abf3d
W0714 09:19:24.958357       1 event_handlers.go:181] Not support non-csi pvc.
I0714 09:19:24.958475       1 event_handlers.go:387] Added pod <default/yolo-det> into cache.
W0714 09:19:24.983860       1 event_handlers.go:181] Not support non-csi pvc.
I0714 09:19:25.136646       1 cache.go:1363] There are <1> Jobs, <1> Queues and <5> Nodes in total for scheduling.
I0714 09:19:25.136784       1 session.go:190] Open Session 68f4fc1a-da45-4e72-a0b4-71f41430b5ba with <1> Job and <1> Queues
I0714 09:19:25.138881       1 enqueue.go:79] Try to enqueue PodGroup to 1 Queues
I0714 09:19:25.139134       1 allocate.go:64] Try to allocate resource to 1 Queues
I0714 09:19:25.139196       1 allocate.go:129] Try to allocate resource to Jobs in Queue <default>
I0714 09:19:25.139229       1 allocate.go:161] Try to allocate resource to 1 tasks of Job <default/podgroup-26fef88c-d788-4185-8218-531d7a66a8e7>
I0714 09:19:25.139269       1 allocate.go:181] There are <5> nodes for Job <default/podgroup-26fef88c-d788-4185-8218-531d7a66a8e7>
I0714 09:19:25.139580       1 predicate_helper.go:75] Predicates failed: task default/yolo-det on node gpu-master fit failed: Insufficient nvidia.com/gpu
I0714 09:19:25.139932       1 predicate_helper.go:75] Predicates failed: task default/yolo-det on node gpuorin4-desktop fit failed: plugin NodeAffinity predicates failed node(s) didn't match Pod's node affinity/selector
I0714 09:19:25.139954       1 predicate_helper.go:75] Predicates failed: task default/yolo-det on node gpuorin5-desktop fit failed: plugin NodeAffinity predicates failed node(s) didn't match Pod's node affinity/selector
I0714 09:19:25.141126       1 allocate.go:249] Binding Task <default/yolo-det> to node <gpu-orin3>
I0714 09:19:25.141357       1 statement.go:266] After allocated Task <default/yolo-det> to Node <gpu-orin3>: idle <cpu 5900.00, memory 7832723456.00, hugepages-64Ki 0.00, pods 105.00, hugepages-32Mi 0.00, nvidia.com/gpu 4000.00, ephemeral-storage 111715275387000.00, hugepages-2Mi 0.00, hugepages-1Gi 0.00>, used <cpu 100.00, memory 52428800.00, pods 5.00, nvidia.com/gpu 1000.00>, releasing <cpu 0.00, memory 0.00>
I0714 09:19:25.141797       1 statement.go:284] Allocating operations ...
I0714 09:19:25.141923       1 statement.go:378] Committing operations ...
I0714 09:19:25.142037       1 proportion.go:302] Queue <default>: deserved <cpu 0.00, memory 0.00, pods 1.00, nvidia.com/gpu 1000.00>, allocated <cpu 0.00, memory 0.00, nvidia.com/gpu 1000.00, pods 1.00>, share <1>
I0714 09:19:25.142100       1 allocate.go:125] Queue <default> is overused, ignore it.
I0714 09:19:25.159202       1 session.go:244] Close Session 68f4fc1a-da45-4e72-a0b4-71f41430b5ba
I0714 09:19:25.163979       1 cache.go:900] bind ok, latency 12.940042ms
W0714 09:19:25.165722       1 event_handlers.go:181] Not support non-csi pvc.
W0714 09:19:25.660895       1 event_handlers.go:181] Not support non-csi pvc.
I0714 09:19:25.665342       1 event_handlers.go:442] Deleted pod <default/yolo-det> from cache.
I0714 09:19:25.674467       1 cache.go:1013] Try to delete Job <default/podgroup-26fef88c-d788-4185-8218-531d7a66a8e7:default/podgroup-26fef88c-d788-4185-8218-531d7a66a8e7>
I0714 09:19:25.674684       1 cache.go:1054] Job <default/podgroup-26fef88c-d788-4185-8218-531d7a66a8e7:default/podgroup-26fef88c-d788-4185-8218-531d7a66a8e7> was deleted.
W0714 09:19:25.789211       1 event_handlers.go:181] Not support non-csi pvc.
I0714 09:19:25.789341       1 event_handlers.go:387] Added pod <default/yolo-det> into cache.
I0714 09:19:26.161408       1 cache.go:1363] There are <0> Jobs, <1> Queues and <5> Nodes in total for scheduling.
I0714 09:19:26.161551       1 session.go:190] Open Session f9c1f710-007d-4707-99f9-0c214cec350e with <0> Job and <1> Queues
I0714 09:19:26.163256       1 enqueue.go:79] Try to enqueue PodGroup to 0 Queues
I0714 09:19:26.163329       1 allocate.go:64] Try to allocate resource to 0 Queues
I0714 09:19:26.163633       1 session.go:244] Close Session f9c1f710-007d-4707-99f9-0c214cec350e
I0714 09:19:27.166244       1 cache.go:1363] There are <0> Jobs, <1> Queues and <5> Nodes in total for scheduling.
I0714 09:19:27.166387       1 session.go:190] Open Session d64c48b7-6cd6-4d65-9181-bceac16ddad2 with <0> Job and <1> Queues
I0714 09:19:27.168030       1 enqueue.go:79] Try to enqueue PodGroup to 0 Queues
I0714 09:19:27.168090       1 allocate.go:64] Try to allocate resource to 0 Queues
I0714 09:19:27.168343       1 session.go:244] Close Session d64c48b7-6cd6-4d65-9181-bceac16ddad2
I0714 09:19:28.171064       1 cache.go:1363] There are <0> Jobs, <1> Queues and <5> Nodes in total for scheduling.
I0714 09:19:28.171250       1 session.go:190] Open Session ff32d212-6332-4f6d-83b7-c029ab9e00ed with <0> Job and <1> Queues
I0714 09:19:28.173473       1 enqueue.go:79] Try to enqueue PodGroup to 0 Queues
I0714 09:19:28.173559       1 allocate.go:64] Try to allocate resource to 0 Queues
I0714 09:19:28.173789       1 session.go:244] Close Session ff32d212-6332-4f6d-83b7-c029ab9e00ed
W0714 09:19:28.223797       1 event_handlers.go:181] Not support non-csi pvc.
I0714 09:19:29.175991       1 cache.go:1363] There are <0> Jobs, <1> Queues and <5> Nodes in total for scheduling.
I0714 09:19:29.176122       1 session.go:190] Open Session 69b7abbe-21a4-4ec9-969d-a14bb5b3b111 with <0> Job and <1> Queues
I0714 09:19:29.177965       1 enqueue.go:79] Try to enqueue PodGroup to 0 Queues
I0714 09:19:29.178048       1 allocate.go:64] Try to allocate resource to 0 Queues
I0714 09:19:29.178236       1 session.go:244] Close Session 69b7abbe-21a4-4ec9-969d-a14bb5b3b111
I0714 09:19:30.180630       1 cache.go:1363] There are <0> Jobs, <1> Queues and <5> Nodes in total for scheduling.
I0714 09:19:30.180780       1 session.go:190] Open Session 417ce8cf-2f7f-4770-9089-fb147ed3aabd with <0> Job and <1> Queues
I0714 09:19:30.183376       1 enqueue.go:79] Try to enqueue PodGroup to 0 Queues
I0714 09:19:30.183491       1 allocate.go:64] Try to allocate resource to 0 Queues
I0714 09:19:30.183728       1 session.go:244] Close Session 417ce8cf-2f7f-4770-9089-fb147ed3aabd
W0714 09:19:31.115169       1 event_handlers.go:181] Not support non-csi pvc.
I0714 09:19:31.185728       1 cache.go:1363] There are <0> Jobs, <1> Queues and <5> Nodes in total for scheduling.
I0714 09:19:31.185848       1 session.go:190] Open Session e4717bfe-4cae-4ebb-90fe-3429ad37d444 with <0> Job and <1> Queues
I0714 09:19:31.187830       1 enqueue.go:79] Try to enqueue PodGroup to 0 Queues
I0714 09:19:31.187918       1 allocate.go:64] Try to allocate resource to 0 Queues
I0714 09:19:31.188132       1 session.go:244] Close Session e4717bfe-4cae-4ebb-90fe-3429ad37d444
I0714 09:19:32.190661       1 cache.go:1363] There are <0> Jobs, <1> Queues and <5> Nodes in total for scheduling.
I0714 09:19:32.190806       1 session.go:190] Open Session 1261437c-95ed-4a12-96fd-9d053f97eb70 with <0> Job and <1> Queues
I0714 09:19:32.192565       1 enqueue.go:79] Try to enqueue PodGroup to 0 Queues
I0714 09:19:32.192632       1 allocate.go:64] Try to allocate resource to 0 Queues
I0714 09:19:32.192860       1 session.go:244] Close Session 1261437c-95ed-4a12-96fd-9d053f97eb70
I0714 09:19:33.195164       1 cache.go:1363] There are <0> Jobs, <1> Queues and <5> Nodes in total for scheduling.
I0714 09:19:33.195346       1 session.go:190] Open Session 29f00184-7d92-4106-8def-fd06df77488c with <0> Job and <1> Queues
I0714 09:19:33.197295       1 enqueue.go:79] Try to enqueue PodGroup to 0 Queues
I0714 09:19:33.197369       1 allocate.go:64] Try to allocate resource to 0 Queues
I0714 09:19:33.197601       1 session.go:244] Close Session 29f00184-7d92-4106-8def-fd06df77488c
I0714 09:19:34.200798       1 cache.go:1363] There are <0> Jobs, <1> Queues and <5> Nodes in total for scheduling.
I0714 09:19:34.200960       1 session.go:190] Open Session 88a302c0-e24d-446d-bb0e-38e692bb7f7c with <0> Job and <1> Queues
I0714 09:19:34.202750       1 enqueue.go:79] Try to enqueue PodGroup to 0 Queues
I0714 09:19:34.202818       1 allocate.go:64] Try to allocate resource to 0 Queues
I0714 09:19:34.203052       1 session.go:244] Close Session 88a302c0-e24d-446d-bb0e-38e692bb7f7c
W0714 09:19:35.067945       1 event_handlers.go:181] Not support non-csi pvc.
I0714 09:19:35.068073       1 event_handlers.go:387] Added pod <default/yolo-seg> into cache.
W0714 09:19:35.096977       1 event_handlers.go:181] Not support non-csi pvc.
I0714 09:19:35.206084       1 cache.go:1363] There are <1> Jobs, <1> Queues and <5> Nodes in total for scheduling.
I0714 09:19:35.206230       1 session.go:190] Open Session a62d8bae-0460-4257-a11f-0a38e4c1daf2 with <1> Job and <1> Queues
I0714 09:19:35.208350       1 enqueue.go:79] Try to enqueue PodGroup to 1 Queues
I0714 09:19:35.208624       1 allocate.go:64] Try to allocate resource to 1 Queues
I0714 09:19:35.208686       1 allocate.go:129] Try to allocate resource to Jobs in Queue <default>
I0714 09:19:35.208725       1 allocate.go:161] Try to allocate resource to 1 tasks of Job <default/podgroup-b29c7405-17e5-4f45-9424-38bc54f52767>
I0714 09:19:35.208774       1 allocate.go:181] There are <5> nodes for Job <default/podgroup-b29c7405-17e5-4f45-9424-38bc54f52767>
I0714 09:19:35.209099       1 predicate_helper.go:75] Predicates failed: task default/yolo-seg on node gpu-master fit failed: Insufficient nvidia.com/gpu
I0714 09:19:35.209619       1 predicate_helper.go:75] Predicates failed: task default/yolo-seg on node gpuorin5-desktop fit failed: plugin NodeAffinity predicates failed node(s) didn't match Pod's node affinity/selector
I0714 09:19:35.209698       1 predicate_helper.go:75] Predicates failed: task default/yolo-seg on node gpuorin4-desktop fit failed: plugin NodeAffinity predicates failed node(s) didn't match Pod's node affinity/selector
I0714 09:19:35.210619       1 allocate.go:249] Binding Task <default/yolo-seg> to node <gpu-orin2>
I0714 09:19:35.210898       1 statement.go:266] After allocated Task <default/yolo-seg> to Node <gpu-orin2>: idle <cpu 5900.00, memory 7832690688.00, ephemeral-storage 225118140453000.00, hugepages-1Gi 0.00, hugepages-2Mi 0.00, hugepages-32Mi 0.00, hugepages-64Ki 0.00, nvidia.com/gpu 3000.00, pods 104.00>, used <cpu 100.00, memory 52428800.00, pods 6.00, nvidia.com/gpu 2000.00>, releasing <cpu 0.00, memory 0.00>
I0714 09:19:35.211366       1 statement.go:284] Allocating operations ...
I0714 09:19:35.211507       1 statement.go:378] Committing operations ...
I0714 09:19:35.211632       1 proportion.go:302] Queue <default>: deserved <cpu 0.00, memory 0.00, nvidia.com/gpu 1000.00, pods 1.00>, allocated <cpu 0.00, memory 0.00, nvidia.com/gpu 1000.00, pods 1.00>, share <1>
I0714 09:19:35.211695       1 allocate.go:125] Queue <default> is overused, ignore it.
I0714 09:19:35.224282       1 session.go:244] Close Session a62d8bae-0460-4257-a11f-0a38e4c1daf2
I0714 09:19:35.235488       1 cache.go:900] bind ok, latency 13.076973ms
W0714 09:19:35.237136       1 event_handlers.go:181] Not support non-csi pvc.
W0714 09:19:35.296383       1 event_handlers.go:181] Not support non-csi pvc.
W0714 09:19:35.742874       1 event_handlers.go:181] Not support non-csi pvc.
I0714 09:19:35.745262       1 event_handlers.go:442] Deleted pod <default/yolo-seg> from cache.
I0714 09:19:35.752008       1 cache.go:1013] Try to delete Job <default/podgroup-b29c7405-17e5-4f45-9424-38bc54f52767:default/podgroup-b29c7405-17e5-4f45-9424-38bc54f52767>
I0714 09:19:35.752224       1 cache.go:1054] Job <default/podgroup-b29c7405-17e5-4f45-9424-38bc54f52767:default/podgroup-b29c7405-17e5-4f45-9424-38bc54f52767> was deleted.
W0714 09:19:35.895052       1 event_handlers.go:181] Not support non-csi pvc.
I0714 09:19:35.895388       1 event_handlers.go:387] Added pod <default/yolo-seg> into cache.
W0714 09:19:35.923398       1 event_handlers.go:181] Not support non-csi pvc.
I0714 09:19:36.227477       1 cache.go:1363] There are <0> Jobs, <1> Queues and <5> Nodes in total for scheduling.
I0714 09:19:36.227695       1 session.go:190] Open Session cd52d8d4-5075-44ac-880c-d4e844acbc16 with <0> Job and <1> Queues
I0714 09:19:36.229598       1 enqueue.go:79] Try to enqueue PodGroup to 0 Queues
I0714 09:19:36.229687       1 allocate.go:64] Try to allocate resource to 0 Queues
I0714 09:19:36.229931       1 session.go:244] Close Session cd52d8d4-5075-44ac-880c-d4e844acbc16
I0714 09:19:36.655612       1 cache.go:1489] The metrics type is not set in the volcano scheduler configmap file. As a result, the CPU and memory load information of the node is not collected.
I0714 09:19:37.232249       1 cache.go:1363] There are <0> Jobs, <1> Queues and <5> Nodes in total for scheduling.
I0714 09:19:37.232461       1 session.go:190] Open Session bc951fb7-48a1-45c0-b7f0-0b8cb0561fe8 with <0> Job and <1> Queues
I0714 09:19:37.234276       1 enqueue.go:79] Try to enqueue PodGroup to 0 Queues
I0714 09:19:37.234354       1 allocate.go:64] Try to allocate resource to 0 Queues
I0714 09:19:37.234569       1 session.go:244] Close Session bc951fb7-48a1-45c0-b7f0-0b8cb0561fe8
W0714 09:19:37.956952       1 event_handlers.go:181] Not support non-csi pvc.
I0714 09:19:38.236572       1 cache.go:1363] There are <0> Jobs, <1> Queues and <5> Nodes in total for scheduling.
I0714 09:19:38.236721       1 session.go:190] Open Session 86fd28ab-52f6-4ffd-9eb0-d62cd6de9733 with <0> Job and <1> Queues
I0714 09:19:38.238509       1 enqueue.go:79] Try to enqueue PodGroup to 0 Queues
I0714 09:19:38.238586       1 allocate.go:64] Try to allocate resource to 0 Queues
I0714 09:19:38.238804       1 session.go:244] Close Session 86fd28ab-52f6-4ffd-9eb0-d62cd6de9733
I0714 09:19:39.241340       1 cache.go:1363] There are <0> Jobs, <1> Queues and <5> Nodes in total for scheduling.
I0714 09:19:39.241500       1 session.go:190] Open Session 865fea84-8ea1-4e9e-9dad-6b6cbbda9b5f with <0> Job and <1> Queues
I0714 09:19:39.243455       1 enqueue.go:79] Try to enqueue PodGroup to 0 Queues
I0714 09:19:39.243537       1 allocate.go:64] Try to allocate resource to 0 Queues
I0714 09:19:39.243752       1 session.go:244] Close Session 865fea84-8ea1-4e9e-9dad-6b6cbbda9b5f
I0714 09:19:40.245948       1 cache.go:1363] There are <0> Jobs, <1> Queues and <5> Nodes in total for scheduling.
I0714 09:19:40.246119       1 session.go:190] Open Session 25e20479-7d31-42d0-a7c6-52c30990de5b with <0> Job and <1> Queues
I0714 09:19:40.247990       1 enqueue.go:79] Try to enqueue PodGroup to 0 Queues
I0714 09:19:40.248063       1 allocate.go:64] Try to allocate resource to 0 Queues
I0714 09:19:40.248315       1 session.go:244] Close Session 25e20479-7d31-42d0-a7c6-52c30990de5b
I0714 09:19:41.251081       1 cache.go:1363] There are <0> Jobs, <1> Queues and <5> Nodes in total for scheduling.
I0714 09:19:41.251223       1 session.go:190] Open Session 68754d2c-9688-4f29-8e02-7837f4df714d with <0> Job and <1> Queues
I0714 09:19:41.253018       1 enqueue.go:79] Try to enqueue PodGroup to 0 Queues
I0714 09:19:41.253107       1 allocate.go:64] Try to allocate resource to 0 Queues
I0714 09:19:41.253303       1 session.go:244] Close Session 68754d2c-9688-4f29-8e02-7837f4df714d
W0714 09:19:41.987356       1 event_handlers.go:181] Not support non-csi pvc.
I0714 09:19:41.987466       1 event_handlers.go:387] Added pod <default/yolo-obb> into cache.
W0714 09:19:42.022201       1 event_handlers.go:181] Not support non-csi pvc.
I0714 09:19:42.256159       1 cache.go:1363] There are <1> Jobs, <1> Queues and <5> Nodes in total for scheduling.
I0714 09:19:42.256381       1 session.go:190] Open Session 8181df49-44cc-4854-9200-248ca5569224 with <1> Job and <1> Queues
I0714 09:19:42.258552       1 enqueue.go:79] Try to enqueue PodGroup to 1 Queues
I0714 09:19:42.258905       1 allocate.go:64] Try to allocate resource to 1 Queues
I0714 09:19:42.258966       1 allocate.go:129] Try to allocate resource to Jobs in Queue <default>
I0714 09:19:42.259001       1 allocate.go:161] Try to allocate resource to 1 tasks of Job <default/podgroup-986097e9-c361-4775-9a31-764dd57ae912>
I0714 09:19:42.259042       1 allocate.go:181] There are <5> nodes for Job <default/podgroup-986097e9-c361-4775-9a31-764dd57ae912>
I0714 09:19:42.259356       1 predicate_helper.go:75] Predicates failed: task default/yolo-obb on node gpu-master fit failed: Insufficient nvidia.com/gpu
I0714 09:19:42.259659       1 predicate_helper.go:75] Predicates failed: task default/yolo-obb on node gpuorin4-desktop fit failed: plugin NodeAffinity predicates failed node(s) didn't match Pod's node affinity/selector
I0714 09:19:42.259825       1 predicate_helper.go:75] Predicates failed: task default/yolo-obb on node gpuorin5-desktop fit failed: plugin NodeAffinity predicates failed node(s) didn't match Pod's node affinity/selector
I0714 09:19:42.260640       1 allocate.go:249] Binding Task <default/yolo-obb> to node <gpu-orin3>
I0714 09:19:42.260850       1 statement.go:266] After allocated Task <default/yolo-obb> to Node <gpu-orin3>: idle <cpu 5900.00, memory 7832723456.00, pods 104.00, nvidia.com/gpu 3000.00, ephemeral-storage 111715275387000.00, hugepages-2Mi 0.00, hugepages-32Mi 0.00, hugepages-1Gi 0.00, hugepages-64Ki 0.00>, used <cpu 100.00, memory 52428800.00, nvidia.com/gpu 2000.00, pods 6.00>, releasing <cpu 0.00, memory 0.00>
I0714 09:19:42.261309       1 statement.go:284] Allocating operations ...
I0714 09:19:42.261454       1 statement.go:378] Committing operations ...
I0714 09:19:42.261578       1 proportion.go:302] Queue <default>: deserved <cpu 0.00, memory 0.00, pods 1.00, nvidia.com/gpu 1000.00>, allocated <cpu 0.00, memory 0.00, nvidia.com/gpu 1000.00, pods 1.00>, share <1>
I0714 09:19:42.261637       1 allocate.go:125] Queue <default> is overused, ignore it.
I0714 09:19:42.273810       1 session.go:244] Close Session 8181df49-44cc-4854-9200-248ca5569224
I0714 09:19:42.285807       1 cache.go:900] bind ok, latency 7.453483ms
W0714 09:19:42.288584       1 event_handlers.go:181] Not support non-csi pvc.
W0714 09:19:42.324471       1 event_handlers.go:181] Not support non-csi pvc.
W0714 09:19:42.638240       1 event_handlers.go:181] Not support non-csi pvc.
I0714 09:19:42.643544       1 event_handlers.go:442] Deleted pod <default/yolo-obb> from cache.
I0714 09:19:42.661098       1 cache.go:1013] Try to delete Job <default/podgroup-986097e9-c361-4775-9a31-764dd57ae912:default/podgroup-986097e9-c361-4775-9a31-764dd57ae912>
I0714 09:19:42.661320       1 cache.go:1054] Job <default/podgroup-986097e9-c361-4775-9a31-764dd57ae912:default/podgroup-986097e9-c361-4775-9a31-764dd57ae912> was deleted.
W0714 09:19:42.773702       1 event_handlers.go:181] Not support non-csi pvc.
I0714 09:19:42.773845       1 event_handlers.go:387] Added pod <default/yolo-obb> into cache.
W0714 09:19:42.807951       1 event_handlers.go:181] Not support non-csi pvc.
I0714 09:19:43.277320       1 cache.go:1363] There are <0> Jobs, <1> Queues and <5> Nodes in total for scheduling.
I0714 09:19:43.277522       1 session.go:190] Open Session 81fba774-19e7-498f-80da-a7d3baec0180 with <0> Job and <1> Queues
I0714 09:19:43.279416       1 enqueue.go:79] Try to enqueue PodGroup to 0 Queues
I0714 09:19:43.279492       1 allocate.go:64] Try to allocate resource to 0 Queues
I0714 09:19:43.279719       1 session.go:244] Close Session 81fba774-19e7-498f-80da-a7d3baec0180
I0714 09:19:44.282517       1 cache.go:1363] There are <0> Jobs, <1> Queues and <5> Nodes in total for scheduling.
I0714 09:19:44.282689       1 session.go:190] Open Session 8b5d08a8-4e01-443f-82ba-d1e14c7f6b86 with <0> Job and <1> Queues
I0714 09:19:44.284599       1 enqueue.go:79] Try to enqueue PodGroup to 0 Queues
I0714 09:19:44.284681       1 allocate.go:64] Try to allocate resource to 0 Queues
I0714 09:19:44.284938       1 session.go:244] Close Session 8b5d08a8-4e01-443f-82ba-d1e14c7f6b86
W0714 09:19:45.172528       1 event_handlers.go:181] Not support non-csi pvc.
I0714 09:19:45.287372       1 cache.go:1363] There are <0> Jobs, <1> Queues and <5> Nodes in total for scheduling.
I0714 09:19:45.287510       1 session.go:190] Open Session 7490e7f9-393e-4924-bf5f-382b8231182a with <0> Job and <1> Queues
I0714 09:19:45.289587       1 enqueue.go:79] Try to enqueue PodGroup to 0 Queues
I0714 09:19:45.289686       1 allocate.go:64] Try to allocate resource to 0 Queues
I0714 09:19:45.289936       1 session.go:244] Close Session 7490e7f9-393e-4924-bf5f-382b8231182a
I0714 09:19:46.292131       1 cache.go:1363] There are <0> Jobs, <1> Queues and <5> Nodes in total for scheduling.
I0714 09:19:46.292263       1 session.go:190] Open Session afdcea20-c5b7-4462-a4c7-3b8f6683f3ab with <0> Job and <1> Queues
I0714 09:19:46.294095       1 enqueue.go:79] Try to enqueue PodGroup to 0 Queues
I0714 09:19:46.294180       1 allocate.go:64] Try to allocate resource to 0 Queues
I0714 09:19:46.294389       1 session.go:244] Close Session afdcea20-c5b7-4462-a4c7-3b8f6683f3ab
I0714 09:19:47.296324       1 cache.go:1363] There are <0> Jobs, <1> Queues and <5> Nodes in total for scheduling.
I0714 09:19:47.296413       1 session.go:190] Open Session 0600235f-550d-4f2d-9436-35289eebbe8b with <0> Job and <1> Queues
I0714 09:19:47.297393       1 enqueue.go:79] Try to enqueue PodGroup to 0 Queues
I0714 09:19:47.297443       1 allocate.go:64] Try to allocate resource to 0 Queues
I0714 09:19:47.297554       1 session.go:244] Close Session 0600235f-550d-4f2d-9436-35289eebbe8b
I0714 09:19:48.299998       1 cache.go:1363] There are <0> Jobs, <1> Queues and <5> Nodes in total for scheduling.
I0714 09:19:48.300170       1 session.go:190] Open Session 5d6c7656-39df-42c0-8b4f-960c87984e2f with <0> Job and <1> Queues
I0714 09:19:48.302156       1 enqueue.go:79] Try to enqueue PodGroup to 0 Queues
I0714 09:19:48.302238       1 allocate.go:64] Try to allocate resource to 0 Queues
I0714 09:19:48.302454       1 session.go:244] Close Session 5d6c7656-39df-42c0-8b4f-960c87984e2f
W0714 09:19:48.741601       1 event_handlers.go:181] Not support non-csi pvc.
I0714 09:19:48.741709       1 event_handlers.go:387] Added pod <default/yolo-pos> into cache.
W0714 09:19:48.768436       1 event_handlers.go:181] Not support non-csi pvc.
I0714 09:19:49.307524       1 cache.go:1363] There are <1> Jobs, <1> Queues and <5> Nodes in total for scheduling.
I0714 09:19:49.307735       1 session.go:190] Open Session c0192ac0-f282-430a-8dc2-43df117ce23b with <1> Job and <1> Queues
I0714 09:19:49.311063       1 enqueue.go:79] Try to enqueue PodGroup to 1 Queues
I0714 09:19:49.311388       1 allocate.go:64] Try to allocate resource to 1 Queues
I0714 09:19:49.311435       1 allocate.go:129] Try to allocate resource to Jobs in Queue <default>
I0714 09:19:49.311482       1 allocate.go:161] Try to allocate resource to 1 tasks of Job <default/podgroup-130837e2-b95d-4949-a3e7-1733bd1cfe6b>
I0714 09:19:49.311517       1 allocate.go:181] There are <5> nodes for Job <default/podgroup-130837e2-b95d-4949-a3e7-1733bd1cfe6b>
I0714 09:19:49.314860       1 predicate_helper.go:75] Predicates failed: task default/yolo-pos on node gpu-master fit failed: Insufficient nvidia.com/gpu
I0714 09:19:49.315508       1 predicate_helper.go:75] Predicates failed: task default/yolo-pos on node gpuorin4-desktop fit failed: plugin NodeAffinity predicates failed node(s) didn't match Pod's node affinity/selector
I0714 09:19:49.315597       1 predicate_helper.go:75] Predicates failed: task default/yolo-pos on node gpuorin5-desktop fit failed: plugin NodeAffinity predicates failed node(s) didn't match Pod's node affinity/selector
I0714 09:19:49.316846       1 allocate.go:249] Binding Task <default/yolo-pos> to node <gpu-orin2>
I0714 09:19:49.317077       1 statement.go:266] After allocated Task <default/yolo-pos> to Node <gpu-orin2>: idle <cpu 5900.00, memory 7832690688.00, ephemeral-storage 225118140453000.00, hugepages-1Gi 0.00, hugepages-2Mi 0.00, hugepages-32Mi 0.00, hugepages-64Ki 0.00, nvidia.com/gpu 2000.00, pods 103.00>, used <cpu 100.00, memory 52428800.00, pods 7.00, nvidia.com/gpu 3000.00>, releasing <cpu 0.00, memory 0.00>
I0714 09:19:49.317592       1 statement.go:284] Allocating operations ...
I0714 09:19:49.317737       1 statement.go:378] Committing operations ...
I0714 09:19:49.317872       1 proportion.go:302] Queue <default>: deserved <cpu 0.00, memory 0.00, nvidia.com/gpu 1000.00, pods 1.00>, allocated <cpu 0.00, memory 0.00, nvidia.com/gpu 1000.00, pods 1.00>, share <1>
I0714 09:19:49.317933       1 allocate.go:125] Queue <default> is overused, ignore it.
I0714 09:19:49.328827       1 session.go:244] Close Session c0192ac0-f282-430a-8dc2-43df117ce23b
I0714 09:19:49.337117       1 cache.go:900] bind ok, latency 10.881082ms
W0714 09:19:49.338769       1 event_handlers.go:181] Not support non-csi pvc.
W0714 09:19:49.380168       1 event_handlers.go:181] Not support non-csi pvc.
W0714 09:19:49.409697       1 event_handlers.go:181] Not support non-csi pvc.
I0714 09:19:49.412991       1 event_handlers.go:442] Deleted pod <default/yolo-pos> from cache.
I0714 09:19:49.415700       1 cache.go:1013] Try to delete Job <default/podgroup-130837e2-b95d-4949-a3e7-1733bd1cfe6b:default/podgroup-130837e2-b95d-4949-a3e7-1733bd1cfe6b>
I0714 09:19:49.415939       1 cache.go:1054] Job <default/podgroup-130837e2-b95d-4949-a3e7-1733bd1cfe6b:default/podgroup-130837e2-b95d-4949-a3e7-1733bd1cfe6b> was deleted.
W0714 09:19:49.542073       1 event_handlers.go:181] Not support non-csi pvc.
I0714 09:19:49.542236       1 event_handlers.go:387] Added pod <default/yolo-pos> into cache.
W0714 09:19:49.581533       1 event_handlers.go:181] Not support non-csi pvc.
I0714 09:19:50.331373       1 cache.go:1363] There are <0> Jobs, <1> Queues and <5> Nodes in total for scheduling.
I0714 09:19:50.331500       1 session.go:190] Open Session 0df785f6-d63d-435b-a69d-7bbe59dde95c with <0> Job and <1> Queues
I0714 09:19:50.333462       1 enqueue.go:79] Try to enqueue PodGroup to 0 Queues
I0714 09:19:50.333543       1 allocate.go:64] Try to allocate resource to 0 Queues
I0714 09:19:50.333776       1 session.go:244] Close Session 0df785f6-d63d-435b-a69d-7bbe59dde95c
I0714 09:19:51.336752       1 cache.go:1363] There are <0> Jobs, <1> Queues and <5> Nodes in total for scheduling.
I0714 09:19:51.336922       1 session.go:190] Open Session 1da47b5a-7523-4966-912e-e9210a23c99c with <0> Job and <1> Queues
I0714 09:19:51.338780       1 enqueue.go:79] Try to enqueue PodGroup to 0 Queues
I0714 09:19:51.338855       1 allocate.go:64] Try to allocate resource to 0 Queues
I0714 09:19:51.339095       1 session.go:244] Close Session 1da47b5a-7523-4966-912e-e9210a23c99c
I0714 09:19:52.341557       1 cache.go:1363] There are <0> Jobs, <1> Queues and <5> Nodes in total for scheduling.
I0714 09:19:52.341724       1 session.go:190] Open Session 88585e13-c281-4cbc-b33e-edc68136f6fc with <0> Job and <1> Queues
I0714 09:19:52.343739       1 enqueue.go:79] Try to enqueue PodGroup to 0 Queues
I0714 09:19:52.343812       1 allocate.go:64] Try to allocate resource to 0 Queues
I0714 09:19:52.344032       1 session.go:244] Close Session 88585e13-c281-4cbc-b33e-edc68136f6fc
W0714 09:19:53.068135       1 event_handlers.go:181] Not support non-csi pvc.
I0714 09:19:53.346558       1 cache.go:1363] There are <0> Jobs, <1> Queues and <5> Nodes in total for scheduling.
I0714 09:19:53.346709       1 session.go:190] Open Session 909a7a66-3a74-442a-a240-2abe70bb2e28 with <0> Job and <1> Queues
I0714 09:19:53.349067       1 enqueue.go:79] Try to enqueue PodGroup to 0 Queues
I0714 09:19:53.349147       1 allocate.go:64] Try to allocate resource to 0 Queues
I0714 09:19:53.349387       1 session.go:244] Close Session 909a7a66-3a74-442a-a240-2abe70bb2e28
I0714 09:19:54.351899       1 cache.go:1363] There are <0> Jobs, <1> Queues and <5> Nodes in total for scheduling.
I0714 09:19:54.352112       1 session.go:190] Open Session 28866e6d-6231-4f6a-bbdd-60b17cacafb2 with <0> Job and <1> Queues
I0714 09:19:54.354380       1 enqueue.go:79] Try to enqueue PodGroup to 0 Queues
I0714 09:19:54.354457       1 allocate.go:64] Try to allocate resource to 0 Queues
I0714 09:19:54.354669       1 session.go:244] Close Session 28866e6d-6231-4f6a-bbdd-60b17cacafb2
I0714 09:19:55.357802       1 cache.go:1363] There are <0> Jobs, <1> Queues and <5> Nodes in total for scheduling.
I0714 09:19:55.357969       1 session.go:190] Open Session fcfe63ac-a020-408d-ba9c-88aa8b6f84c7 with <0> Job and <1> Queues
I0714 09:19:55.359899       1 enqueue.go:79] Try to enqueue PodGroup to 0 Queues
I0714 09:19:55.359972       1 allocate.go:64] Try to allocate resource to 0 Queues
I0714 09:19:55.360192       1 session.go:244] Close Session fcfe63ac-a020-408d-ba9c-88aa8b6f84c7
I0714 09:19:56.362809       1 cache.go:1363] There are <0> Jobs, <1> Queues and <5> Nodes in total for scheduling.
I0714 09:19:56.362969       1 session.go:190] Open Session 428620da-037a-46fa-8d38-aa3bc650be5f with <0> Job and <1> Queues
I0714 09:19:56.365219       1 enqueue.go:79] Try to enqueue PodGroup to 0 Queues
I0714 09:19:56.365296       1 allocate.go:64] Try to allocate resource to 0 Queues
I0714 09:19:56.365528       1 session.go:244] Close Session 428620da-037a-46fa-8d38-aa3bc650be5f
I0714 09:19:57.368016       1 cache.go:1363] There are <0> Jobs, <1> Queues and <5> Nodes in total for scheduling.
I0714 09:19:57.368176       1 session.go:190] Open Session 44117627-a806-4182-b3e6-9f693d1c10c3 with <0> Job and <1> Queues
I0714 09:19:57.370187       1 enqueue.go:79] Try to enqueue PodGroup to 0 Queues
I0714 09:19:57.370263       1 allocate.go:64] Try to allocate resource to 0 Queues
I0714 09:19:57.370480       1 session.go:244] Close Session 44117627-a806-4182-b3e6-9f693d1c10c3
I0714 09:19:58.373256       1 cache.go:1363] There are <0> Jobs, <1> Queues and <5> Nodes in total for scheduling.
I0714 09:19:58.373449       1 session.go:190] Open Session f647903d-ee53-4a9b-ba53-fe8eabc6df3e with <0> Job and <1> Queues
I0714 09:19:58.375366       1 enqueue.go:79] Try to enqueue PodGroup to 0 Queues
I0714 09:19:58.375432       1 allocate.go:64] Try to allocate resource to 0 Queues
I0714 09:19:58.375650       1 session.go:244] Close Session f647903d-ee53-4a9b-ba53-fe8eabc6df3e
I0714 09:19:59.378876       1 cache.go:1363] There are <0> Jobs, <1> Queues and <5> Nodes in total for scheduling.
I0714 09:19:59.379056       1 session.go:190] Open Session f765884b-36e6-4467-acec-e8d4674795ed with <0> Job and <1> Queues
I0714 09:19:59.380990       1 enqueue.go:79] Try to enqueue PodGroup to 0 Queues
I0714 09:19:59.381061       1 allocate.go:64] Try to allocate resource to 0 Queues
I0714 09:19:59.381294       1 session.go:244] Close Session f765884b-36e6-4467-acec-e8d4674795ed
I0714 09:20:00.383850       1 cache.go:1363] There are <0> Jobs, <1> Queues and <5> Nodes in total for scheduling.
I0714 09:20:00.384007       1 session.go:190] Open Session 586dc829-7dbb-4951-9ce9-f5d56003d483 with <0> Job and <1> Queues
I0714 09:20:00.386446       1 enqueue.go:79] Try to enqueue PodGroup to 0 Queues
I0714 09:20:00.386533       1 allocate.go:64] Try to allocate resource to 0 Queues
I0714 09:20:00.386761       1 session.go:244] Close Session 586dc829-7dbb-4951-9ce9-f5d56003d483
I0714 09:20:01.389280       1 cache.go:1363] There are <0> Jobs, <1> Queues and <5> Nodes in total for scheduling.
I0714 09:20:01.389427       1 session.go:190] Open Session 10f30bb2-22a4-4494-acfe-5128ebcf1c1c with <0> Job and <1> Queues
I0714 09:20:01.391223       1 enqueue.go:79] Try to enqueue PodGroup to 0 Queues
I0714 09:20:01.391299       1 allocate.go:64] Try to allocate resource to 0 Queues
I0714 09:20:01.391517       1 session.go:244] Close Session 10f30bb2-22a4-4494-acfe-5128ebcf1c1c
I0714 09:20:02.394229       1 cache.go:1363] There are <0> Jobs, <1> Queues and <5> Nodes in total for scheduling.
I0714 09:20:02.394387       1 session.go:190] Open Session cf5e9300-d09f-4efa-9430-779283d59e1a with <0> Job and <1> Queues
I0714 09:20:02.396772       1 enqueue.go:79] Try to enqueue PodGroup to 0 Queues
I0714 09:20:02.396857       1 allocate.go:64] Try to allocate resource to 0 Queues
I0714 09:20:02.397101       1 session.go:244] Close Session cf5e9300-d09f-4efa-9430-779283d59e1a
I0714 09:20:03.399826       1 cache.go:1363] There are <0> Jobs, <1> Queues and <5> Nodes in total for scheduling.
I0714 09:20:03.400016       1 session.go:190] Open Session 344b7a8e-bfcd-472f-a73c-8acd0632db15 with <0> Job and <1> Queues
I0714 09:20:03.402000       1 enqueue.go:79] Try to enqueue PodGroup to 0 Queues
I0714 09:20:03.402083       1 allocate.go:64] Try to allocate resource to 0 Queues
I0714 09:20:03.402288       1 session.go:244] Close Session 344b7a8e-bfcd-472f-a73c-8acd0632db15
I0714 09:20:04.405210       1 cache.go:1363] There are <0> Jobs, <1> Queues and <5> Nodes in total for scheduling.
I0714 09:20:04.405394       1 session.go:190] Open Session f2ebd3d1-b449-4942-84ff-8ccfd2457d7d with <0> Job and <1> Queues
I0714 09:20:04.407263       1 enqueue.go:79] Try to enqueue PodGroup to 0 Queues
I0714 09:20:04.407347       1 allocate.go:64] Try to allocate resource to 0 Queues
I0714 09:20:04.407584       1 session.go:244] Close Session f2ebd3d1-b449-4942-84ff-8ccfd2457d7d
I0714 09:20:05.409819       1 cache.go:1363] There are <0> Jobs, <1> Queues and <5> Nodes in total for scheduling.
I0714 09:20:05.409925       1 session.go:190] Open Session 7ed7fcbb-6a4d-4a04-a831-0f1009fbc256 with <0> Job and <1> Queues
I0714 09:20:05.412475       1 enqueue.go:79] Try to enqueue PodGroup to 0 Queues
I0714 09:20:05.412552       1 allocate.go:64] Try to allocate resource to 0 Queues
I0714 09:20:05.412755       1 session.go:244] Close Session 7ed7fcbb-6a4d-4a04-a831-0f1009fbc256
I0714 09:20:06.415259       1 cache.go:1363] There are <0> Jobs, <1> Queues and <5> Nodes in total for scheduling.
I0714 09:20:06.415438       1 session.go:190] Open Session d275dd26-9980-4d63-b2a7-620195414052 with <0> Job and <1> Queues
I0714 09:20:06.417532       1 enqueue.go:79] Try to enqueue PodGroup to 0 Queues
I0714 09:20:06.417608       1 allocate.go:64] Try to allocate resource to 0 Queues
I0714 09:20:06.417848       1 session.go:244] Close Session d275dd26-9980-4d63-b2a7-620195414052
I0714 09:20:06.656396       1 cache.go:1489] The metrics type is not set in the volcano scheduler configmap file. As a result, the CPU and memory load information of the node is not collected.
I0714 09:20:07.420094       1 cache.go:1363] There are <0> Jobs, <1> Queues and <5> Nodes in total for scheduling.
I0714 09:20:07.420252       1 session.go:190] Open Session e52b2d5c-2aee-4316-b06e-9594783250a6 with <0> Job and <1> Queues
I0714 09:20:07.422212       1 enqueue.go:79] Try to enqueue PodGroup to 0 Queues
I0714 09:20:07.422289       1 allocate.go:64] Try to allocate resource to 0 Queues
I0714 09:20:07.422506       1 session.go:244] Close Session e52b2d5c-2aee-4316-b06e-9594783250a6
I0714 09:20:08.424996       1 cache.go:1363] There are <0> Jobs, <1> Queues and <5> Nodes in total for scheduling.
I0714 09:20:08.425182       1 session.go:190] Open Session 295417d3-f1c9-467b-8e8b-7af148129854 with <0> Job and <1> Queues
I0714 09:20:08.427006       1 enqueue.go:79] Try to enqueue PodGroup to 0 Queues
I0714 09:20:08.427077       1 allocate.go:64] Try to allocate resource to 0 Queues
I0714 09:20:08.427342       1 session.go:244] Close Session 295417d3-f1c9-467b-8e8b-7af148129854
I0714 09:20:09.430345       1 cache.go:1363] There are <0> Jobs, <1> Queues and <5> Nodes in total for scheduling.
I0714 09:20:09.430517       1 session.go:190] Open Session 59d70cc1-265f-4e31-b03c-e9977dd4ce88 with <0> Job and <1> Queues
I0714 09:20:09.432440       1 enqueue.go:79] Try to enqueue PodGroup to 0 Queues
I0714 09:20:09.432516       1 allocate.go:64] Try to allocate resource to 0 Queues
I0714 09:20:09.432752       1 session.go:244] Close Session 59d70cc1-265f-4e31-b03c-e9977dd4ce88
I0714 09:20:10.435355       1 cache.go:1363] There are <0> Jobs, <1> Queues and <5> Nodes in total for scheduling.
I0714 09:20:10.435514       1 session.go:190] Open Session 7dac8746-4cfa-4771-9499-9d76425f806f with <0> Job and <1> Queues
I0714 09:20:10.437708       1 enqueue.go:79] Try to enqueue PodGroup to 0 Queues
I0714 09:20:10.437784       1 allocate.go:64] Try to allocate resource to 0 Queues
I0714 09:20:10.438004       1 session.go:244] Close Session 7dac8746-4cfa-4771-9499-9d76425f806f
I0714 09:20:11.440499       1 cache.go:1363] There are <0> Jobs, <1> Queues and <5> Nodes in total for scheduling.
I0714 09:20:11.440671       1 session.go:190] Open Session 7d7eb506-b89c-42d7-8d29-7abc5bc3de52 with <0> Job and <1> Queues
I0714 09:20:11.442651       1 enqueue.go:79] Try to enqueue PodGroup to 0 Queues
I0714 09:20:11.442726       1 allocate.go:64] Try to allocate resource to 0 Queues
I0714 09:20:11.442958       1 session.go:244] Close Session 7d7eb506-b89c-42d7-8d29-7abc5bc3de52
I0714 09:20:12.445391       1 cache.go:1363] There are <0> Jobs, <1> Queues and <5> Nodes in total for scheduling.
I0714 09:20:12.445566       1 session.go:190] Open Session be8f614a-4cd8-440f-9e3f-a12c15223d4b with <0> Job and <1> Queues
I0714 09:20:12.447883       1 enqueue.go:79] Try to enqueue PodGroup to 0 Queues
I0714 09:20:12.447967       1 allocate.go:64] Try to allocate resource to 0 Queues
I0714 09:20:12.448266       1 session.go:244] Close Session be8f614a-4cd8-440f-9e3f-a12c15223d4b
I0714 09:20:13.450893       1 cache.go:1363] There are <0> Jobs, <1> Queues and <5> Nodes in total for scheduling.
I0714 09:20:13.451072       1 session.go:190] Open Session e7e2cdaf-5ffa-4c23-a536-9085cc6e012f with <0> Job and <1> Queues
I0714 09:20:13.453095       1 enqueue.go:79] Try to enqueue PodGroup to 0 Queues
I0714 09:20:13.453175       1 allocate.go:64] Try to allocate resource to 0 Queues
I0714 09:20:13.453409       1 session.go:244] Close Session e7e2cdaf-5ffa-4c23-a536-9085cc6e012f
I0714 09:20:14.456066       1 cache.go:1363] There are <0> Jobs, <1> Queues and <5> Nodes in total for scheduling.
I0714 09:20:14.456223       1 session.go:190] Open Session fa5bcfb6-b723-44cc-bb7a-5272aa3ab912 with <0> Job and <1> Queues
I0714 09:20:14.458390       1 enqueue.go:79] Try to enqueue PodGroup to 0 Queues
I0714 09:20:14.458471       1 allocate.go:64] Try to allocate resource to 0 Queues
I0714 09:20:14.458683       1 session.go:244] Close Session fa5bcfb6-b723-44cc-bb7a-5272aa3ab912
I0714 09:20:15.460950       1 cache.go:1363] There are <0> Jobs, <1> Queues and <5> Nodes in total for scheduling.
I0714 09:20:15.461075       1 session.go:190] Open Session 02fda312-060a-4cc2-b35e-b451a9e2e5d6 with <0> Job and <1> Queues
I0714 09:20:15.462768       1 enqueue.go:79] Try to enqueue PodGroup to 0 Queues
I0714 09:20:15.462833       1 allocate.go:64] Try to allocate resource to 0 Queues
I0714 09:20:15.463227       1 session.go:244] Close Session 02fda312-060a-4cc2-b35e-b451a9e2e5d6
I0714 09:20:16.465053       1 cache.go:1363] There are <0> Jobs, <1> Queues and <5> Nodes in total for scheduling.
I0714 09:20:16.465169       1 session.go:190] Open Session 7d8e13cf-c368-46c6-950d-428b053bef9f with <0> Job and <1> Queues
I0714 09:20:16.466989       1 enqueue.go:79] Try to enqueue PodGroup to 0 Queues
I0714 09:20:16.467048       1 allocate.go:64] Try to allocate resource to 0 Queues
I0714 09:20:16.467244       1 session.go:244] Close Session 7d8e13cf-c368-46c6-950d-428b053bef9f
I0714 09:20:17.470308       1 cache.go:1363] There are <0> Jobs, <1> Queues and <5> Nodes in total for scheduling.
I0714 09:20:17.470497       1 session.go:190] Open Session 8ffdcb54-8e71-4e9e-80a0-be3e6e4dec91 with <0> Job and <1> Queues
I0714 09:20:17.472560       1 enqueue.go:79] Try to enqueue PodGroup to 0 Queues
I0714 09:20:17.472639       1 allocate.go:64] Try to allocate resource to 0 Queues
I0714 09:20:17.472874       1 session.go:244] Close Session 8ffdcb54-8e71-4e9e-80a0-be3e6e4dec91
I0714 09:20:18.475341       1 cache.go:1363] There are <0> Jobs, <1> Queues and <5> Nodes in total for scheduling.
I0714 09:20:18.475517       1 session.go:190] Open Session 92126ea5-ffaf-4104-8542-237da40dc052 with <0> Job and <1> Queues
I0714 09:20:18.477458       1 enqueue.go:79] Try to enqueue PodGroup to 0 Queues
I0714 09:20:18.477533       1 allocate.go:64] Try to allocate resource to 0 Queues
I0714 09:20:18.477769       1 session.go:244] Close Session 92126ea5-ffaf-4104-8542-237da40dc052
I0714 09:20:19.480241       1 cache.go:1363] There are <0> Jobs, <1> Queues and <5> Nodes in total for scheduling.
I0714 09:20:19.480448       1 session.go:190] Open Session bdf86a2a-24cc-4a3c-a77d-f6eb0ad498f4 with <0> Job and <1> Queues
I0714 09:20:19.482407       1 enqueue.go:79] Try to enqueue PodGroup to 0 Queues
I0714 09:20:19.482508       1 allocate.go:64] Try to allocate resource to 0 Queues
I0714 09:20:19.482750       1 session.go:244] Close Session bdf86a2a-24cc-4a3c-a77d-f6eb0ad498f4
I0714 09:20:20.485090       1 cache.go:1363] There are <0> Jobs, <1> Queues and <5> Nodes in total for scheduling.
I0714 09:20:20.485218       1 session.go:190] Open Session bded8cde-5111-4210-9c06-d11857957aef with <0> Job and <1> Queues
I0714 09:20:20.486975       1 enqueue.go:79] Try to enqueue PodGroup to 0 Queues
I0714 09:20:20.487067       1 allocate.go:64] Try to allocate resource to 0 Queues
I0714 09:20:20.487292       1 session.go:244] Close Session bded8cde-5111-4210-9c06-d11857957aef
I0714 09:20:21.490347       1 cache.go:1363] There are <0> Jobs, <1> Queues and <5> Nodes in total for scheduling.
I0714 09:20:21.490519       1 session.go:190] Open Session 66f60626-673a-48df-8b69-3fb13a645a28 with <0> Job and <1> Queues
I0714 09:20:21.492589       1 enqueue.go:79] Try to enqueue PodGroup to 0 Queues
I0714 09:20:21.492667       1 allocate.go:64] Try to allocate resource to 0 Queues
I0714 09:20:21.492904       1 session.go:244] Close Session 66f60626-673a-48df-8b69-3fb13a645a28
I0714 09:20:22.495613       1 cache.go:1363] There are <0> Jobs, <1> Queues and <5> Nodes in total for scheduling.
I0714 09:20:22.495799       1 session.go:190] Open Session 1bb3f19f-5e3a-4159-95a2-e52c134a7190 with <0> Job and <1> Queues
I0714 09:20:22.498042       1 enqueue.go:79] Try to enqueue PodGroup to 0 Queues
I0714 09:20:22.498116       1 allocate.go:64] Try to allocate resource to 0 Queues
I0714 09:20:22.498337       1 session.go:244] Close Session 1bb3f19f-5e3a-4159-95a2-e52c134a7190
I0714 09:20:23.500985       1 cache.go:1363] There are <0> Jobs, <1> Queues and <5> Nodes in total for scheduling.
I0714 09:20:23.501155       1 session.go:190] Open Session 674170f5-6912-465c-b127-567e5edba474 with <0> Job and <1> Queues
I0714 09:20:23.503026       1 enqueue.go:79] Try to enqueue PodGroup to 0 Queues
I0714 09:20:23.503097       1 allocate.go:64] Try to allocate resource to 0 Queues
I0714 09:20:23.503326       1 session.go:244] Close Session 674170f5-6912-465c-b127-567e5edba474
I0714 09:20:24.506081       1 cache.go:1363] There are <0> Jobs, <1> Queues and <5> Nodes in total for scheduling.
I0714 09:20:24.506625       1 session.go:190] Open Session d22cfc2d-755f-43ac-8ea2-a72dd6fe819f with <0> Job and <1> Queues
I0714 09:20:24.508782       1 enqueue.go:79] Try to enqueue PodGroup to 0 Queues
I0714 09:20:24.508864       1 allocate.go:64] Try to allocate resource to 0 Queues
I0714 09:20:24.509100       1 session.go:244] Close Session d22cfc2d-755f-43ac-8ea2-a72dd6fe819f
I0714 09:20:25.512153       1 cache.go:1363] There are <0> Jobs, <1> Queues and <5> Nodes in total for scheduling.
I0714 09:20:25.512368       1 session.go:190] Open Session 71f35bb2-81ff-43bb-b320-050428af98a8 with <0> Job and <1> Queues
I0714 09:20:25.514336       1 enqueue.go:79] Try to enqueue PodGroup to 0 Queues
I0714 09:20:25.514406       1 allocate.go:64] Try to allocate resource to 0 Queues
I0714 09:20:25.514643       1 session.go:244] Close Session 71f35bb2-81ff-43bb-b320-050428af98a8
I0714 09:20:26.516895       1 cache.go:1363] There are <0> Jobs, <1> Queues and <5> Nodes in total for scheduling.
I0714 09:20:26.517059       1 session.go:190] Open Session c2ab0dc7-8eb1-47da-b4d9-824ec937e357 with <0> Job and <1> Queues
I0714 09:20:26.519195       1 enqueue.go:79] Try to enqueue PodGroup to 0 Queues
I0714 09:20:26.519277       1 allocate.go:64] Try to allocate resource to 0 Queues
I0714 09:20:26.519498       1 session.go:244] Close Session c2ab0dc7-8eb1-47da-b4d9-824ec937e357
I0714 09:20:27.522850       1 cache.go:1363] There are <0> Jobs, <1> Queues and <5> Nodes in total for scheduling.
I0714 09:20:27.523035       1 session.go:190] Open Session d3f32df2-4aa0-4fc4-9b9b-02bbf2380c06 with <0> Job and <1> Queues
I0714 09:20:27.525031       1 enqueue.go:79] Try to enqueue PodGroup to 0 Queues
I0714 09:20:27.525103       1 allocate.go:64] Try to allocate resource to 0 Queues
I0714 09:20:27.525352       1 session.go:244] Close Session d3f32df2-4aa0-4fc4-9b9b-02bbf2380c06
I0714 09:20:28.528113       1 cache.go:1363] There are <0> Jobs, <1> Queues and <5> Nodes in total for scheduling.
I0714 09:20:28.528322       1 session.go:190] Open Session 33413d30-cfb9-49fc-8c6a-84f26815418e with <0> Job and <1> Queues
I0714 09:20:28.530457       1 enqueue.go:79] Try to enqueue PodGroup to 0 Queues
I0714 09:20:28.530529       1 allocate.go:64] Try to allocate resource to 0 Queues
I0714 09:20:28.530771       1 session.go:244] Close Session 33413d30-cfb9-49fc-8c6a-84f26815418e
I0714 09:20:29.533231       1 cache.go:1363] There are <0> Jobs, <1> Queues and <5> Nodes in total for scheduling.
I0714 09:20:29.533397       1 session.go:190] Open Session 102deb54-2ed5-4a04-a38b-c4d5cd6726fa with <0> Job and <1> Queues
I0714 09:20:29.535580       1 enqueue.go:79] Try to enqueue PodGroup to 0 Queues
I0714 09:20:29.535656       1 allocate.go:64] Try to allocate resource to 0 Queues
I0714 09:20:29.535879       1 session.go:244] Close Session 102deb54-2ed5-4a04-a38b-c4d5cd6726fa
I0714 09:20:30.538138       1 cache.go:1363] There are <0> Jobs, <1> Queues and <5> Nodes in total for scheduling.
I0714 09:20:30.538327       1 session.go:190] Open Session fccdb990-746d-45ab-a7bb-3f7a434d1b21 with <0> Job and <1> Queues
I0714 09:20:30.540468       1 enqueue.go:79] Try to enqueue PodGroup to 0 Queues
I0714 09:20:30.540538       1 allocate.go:64] Try to allocate resource to 0 Queues
I0714 09:20:30.540783       1 session.go:244] Close Session fccdb990-746d-45ab-a7bb-3f7a434d1b21
I0714 09:20:31.543259       1 cache.go:1363] There are <0> Jobs, <1> Queues and <5> Nodes in total for scheduling.
I0714 09:20:31.543415       1 session.go:190] Open Session 87411f50-d02d-47ba-b4af-090f1de5f675 with <0> Job and <1> Queues
I0714 09:20:31.545349       1 enqueue.go:79] Try to enqueue PodGroup to 0 Queues
I0714 09:20:31.545429       1 allocate.go:64] Try to allocate resource to 0 Queues
I0714 09:20:31.545651       1 session.go:244] Close Session 87411f50-d02d-47ba-b4af-090f1de5f675
I0714 09:20:32.548163       1 cache.go:1363] There are <0> Jobs, <1> Queues and <5> Nodes in total for scheduling.
I0714 09:20:32.548388       1 session.go:190] Open Session ab3a6e64-3060-4696-9d92-c26b464a3bc5 with <0> Job and <1> Queues
I0714 09:20:32.550554       1 enqueue.go:79] Try to enqueue PodGroup to 0 Queues
I0714 09:20:32.550627       1 allocate.go:64] Try to allocate resource to 0 Queues
I0714 09:20:32.550858       1 session.go:244] Close Session ab3a6e64-3060-4696-9d92-c26b464a3bc5
I0714 09:20:33.553389       1 cache.go:1363] There are <0> Jobs, <1> Queues and <5> Nodes in total for scheduling.
I0714 09:20:33.553562       1 session.go:190] Open Session 4094e0df-1533-44e7-b5c3-12e9596aa2e7 with <0> Job and <1> Queues
I0714 09:20:33.556643       1 enqueue.go:79] Try to enqueue PodGroup to 0 Queues
I0714 09:20:33.556735       1 allocate.go:64] Try to allocate resource to 0 Queues
I0714 09:20:33.557041       1 session.go:244] Close Session 4094e0df-1533-44e7-b5c3-12e9596aa2e7
I0714 09:20:34.559552       1 cache.go:1363] There are <0> Jobs, <1> Queues and <5> Nodes in total for scheduling.
I0714 09:20:34.559723       1 session.go:190] Open Session 3907e041-c025-49ad-bce1-c42098a2a0c0 with <0> Job and <1> Queues
I0714 09:20:34.561691       1 enqueue.go:79] Try to enqueue PodGroup to 0 Queues
I0714 09:20:34.561776       1 allocate.go:64] Try to allocate resource to 0 Queues
I0714 09:20:34.561995       1 session.go:244] Close Session 3907e041-c025-49ad-bce1-c42098a2a0c0
I0714 09:20:35.564109       1 cache.go:1363] There are <0> Jobs, <1> Queues and <5> Nodes in total for scheduling.
I0714 09:20:35.564349       1 session.go:190] Open Session 0d21daeb-5d32-4003-8796-b75035475edc with <0> Job and <1> Queues
I0714 09:20:35.566257       1 enqueue.go:79] Try to enqueue PodGroup to 0 Queues
I0714 09:20:35.566351       1 allocate.go:64] Try to allocate resource to 0 Queues
I0714 09:20:35.566570       1 session.go:244] Close Session 0d21daeb-5d32-4003-8796-b75035475edc
I0714 09:20:36.568989       1 cache.go:1363] There are <0> Jobs, <1> Queues and <5> Nodes in total for scheduling.
I0714 09:20:36.569148       1 session.go:190] Open Session 8627c406-8699-4b40-98aa-c9d5425889d9 with <0> Job and <1> Queues
I0714 09:20:36.571033       1 enqueue.go:79] Try to enqueue PodGroup to 0 Queues
I0714 09:20:36.571104       1 allocate.go:64] Try to allocate resource to 0 Queues
I0714 09:20:36.571320       1 session.go:244] Close Session 8627c406-8699-4b40-98aa-c9d5425889d9
I0714 09:20:36.657015       1 cache.go:1489] The metrics type is not set in the volcano scheduler configmap file. As a result, the CPU and memory load information of the node is not collected.
I0714 09:20:37.573566       1 cache.go:1363] There are <0> Jobs, <1> Queues and <5> Nodes in total for scheduling.
I0714 09:20:37.573755       1 session.go:190] Open Session d61bfaf7-acc7-4c30-a7c2-a6481bd46427 with <0> Job and <1> Queues
I0714 09:20:37.575694       1 enqueue.go:79] Try to enqueue PodGroup to 0 Queues
I0714 09:20:37.575770       1 allocate.go:64] Try to allocate resource to 0 Queues
I0714 09:20:37.576017       1 session.go:244] Close Session d61bfaf7-acc7-4c30-a7c2-a6481bd46427
I0714 09:20:38.578947       1 cache.go:1363] There are <0> Jobs, <1> Queues and <5> Nodes in total for scheduling.
I0714 09:20:38.579125       1 session.go:190] Open Session 6f542196-ab8f-4360-89cb-4c530ee14c79 with <0> Job and <1> Queues
I0714 09:20:38.581047       1 enqueue.go:79] Try to enqueue PodGroup to 0 Queues
I0714 09:20:38.581126       1 allocate.go:64] Try to allocate resource to 0 Queues
I0714 09:20:38.581341       1 session.go:244] Close Session 6f542196-ab8f-4360-89cb-4c530ee14c79
I0714 09:20:39.583751       1 cache.go:1363] There are <0> Jobs, <1> Queues and <5> Nodes in total for scheduling.
I0714 09:20:39.583928       1 session.go:190] Open Session 2b69dc83-cbbd-4459-9042-9ec85d78892c with <0> Job and <1> Queues
I0714 09:20:39.585861       1 enqueue.go:79] Try to enqueue PodGroup to 0 Queues
I0714 09:20:39.585942       1 allocate.go:64] Try to allocate resource to 0 Queues
I0714 09:20:39.586171       1 session.go:244] Close Session 2b69dc83-cbbd-4459-9042-9ec85d78892c
I0714 09:20:40.589468       1 cache.go:1363] There are <0> Jobs, <1> Queues and <5> Nodes in total for scheduling.
I0714 09:20:40.589641       1 session.go:190] Open Session 49cd005e-488e-4944-90b2-9c53716e26f9 with <0> Job and <1> Queues
I0714 09:20:40.591593       1 enqueue.go:79] Try to enqueue PodGroup to 0 Queues
I0714 09:20:40.591671       1 allocate.go:64] Try to allocate resource to 0 Queues
I0714 09:20:40.591890       1 session.go:244] Close Session 49cd005e-488e-4944-90b2-9c53716e26f9
I0714 09:20:41.594574       1 cache.go:1363] There are <0> Jobs, <1> Queues and <5> Nodes in total for scheduling.
I0714 09:20:41.594749       1 session.go:190] Open Session d7fabd4d-d575-40fd-81eb-814a775d32af with <0> Job and <1> Queues
I0714 09:20:41.596708       1 enqueue.go:79] Try to enqueue PodGroup to 0 Queues
I0714 09:20:41.596781       1 allocate.go:64] Try to allocate resource to 0 Queues
I0714 09:20:41.596988       1 session.go:244] Close Session d7fabd4d-d575-40fd-81eb-814a775d32af
I0714 09:20:42.599647       1 cache.go:1363] There are <0> Jobs, <1> Queues and <5> Nodes in total for scheduling.
I0714 09:20:42.599819       1 session.go:190] Open Session 6bb43fda-76d7-4b3d-a53d-3cb2853520c8 with <0> Job and <1> Queues
I0714 09:20:42.601916       1 enqueue.go:79] Try to enqueue PodGroup to 0 Queues
I0714 09:20:42.601994       1 allocate.go:64] Try to allocate resource to 0 Queues
I0714 09:20:42.602205       1 session.go:244] Close Session 6bb43fda-76d7-4b3d-a53d-3cb2853520c8
I0714 09:20:43.604731       1 cache.go:1363] There are <0> Jobs, <1> Queues and <5> Nodes in total for scheduling.
I0714 09:20:43.604899       1 session.go:190] Open Session 3bd890d5-f639-498b-a4ac-9edd9631bdd0 with <0> Job and <1> Queues
I0714 09:20:43.606873       1 enqueue.go:79] Try to enqueue PodGroup to 0 Queues
I0714 09:20:43.606946       1 allocate.go:64] Try to allocate resource to 0 Queues
I0714 09:20:43.607174       1 session.go:244] Close Session 3bd890d5-f639-498b-a4ac-9edd9631bdd0
I0714 09:20:44.609867       1 cache.go:1363] There are <0> Jobs, <1> Queues and <5> Nodes in total for scheduling.
I0714 09:20:44.610045       1 session.go:190] Open Session 211f5ee2-4411-47f7-a5d4-a131d5dffdaa with <0> Job and <1> Queues
I0714 09:20:44.611947       1 enqueue.go:79] Try to enqueue PodGroup to 0 Queues
I0714 09:20:44.612124       1 allocate.go:64] Try to allocate resource to 0 Queues
I0714 09:20:44.612376       1 session.go:244] Close Session 211f5ee2-4411-47f7-a5d4-a131d5dffdaa
I0714 09:20:45.614618       1 cache.go:1363] There are <0> Jobs, <1> Queues and <5> Nodes in total for scheduling.
I0714 09:20:45.614765       1 session.go:190] Open Session 2729e29f-60af-4ed6-8102-ff3ea4a8491c with <0> Job and <1> Queues
I0714 09:20:45.616771       1 enqueue.go:79] Try to enqueue PodGroup to 0 Queues
I0714 09:20:45.616843       1 allocate.go:64] Try to allocate resource to 0 Queues
I0714 09:20:45.617047       1 session.go:244] Close Session 2729e29f-60af-4ed6-8102-ff3ea4a8491c
I0714 09:20:46.619318       1 cache.go:1363] There are <0> Jobs, <1> Queues and <5> Nodes in total for scheduling.
I0714 09:20:46.619405       1 session.go:190] Open Session 37f5a80b-784f-476c-aaaf-6bac4b9bcc97 with <0> Job and <1> Queues
I0714 09:20:46.620777       1 enqueue.go:79] Try to enqueue PodGroup to 0 Queues
I0714 09:20:46.620846       1 allocate.go:64] Try to allocate resource to 0 Queues
I0714 09:20:46.620989       1 session.go:244] Close Session 37f5a80b-784f-476c-aaaf-6bac4b9bcc97
I0714 09:20:47.623759       1 cache.go:1363] There are <0> Jobs, <1> Queues and <5> Nodes in total for scheduling.
I0714 09:20:47.623927       1 session.go:190] Open Session 74704213-f04e-44ac-9a8a-1d95f3f358b4 with <0> Job and <1> Queues
I0714 09:20:47.625857       1 enqueue.go:79] Try to enqueue PodGroup to 0 Queues
I0714 09:20:47.625931       1 allocate.go:64] Try to allocate resource to 0 Queues
I0714 09:20:47.626150       1 session.go:244] Close Session 74704213-f04e-44ac-9a8a-1d95f3f358b4
I0714 09:20:48.629438       1 cache.go:1363] There are <0> Jobs, <1> Queues and <5> Nodes in total for scheduling.
I0714 09:20:48.629619       1 session.go:190] Open Session 47ec4de6-069f-46a9-a005-43bec0383188 with <0> Job and <1> Queues
I0714 09:20:48.631460       1 enqueue.go:79] Try to enqueue PodGroup to 0 Queues
I0714 09:20:48.631529       1 allocate.go:64] Try to allocate resource to 0 Queues
I0714 09:20:48.631748       1 session.go:244] Close Session 47ec4de6-069f-46a9-a005-43bec0383188
I0714 09:20:49.634981       1 cache.go:1363] There are <0> Jobs, <1> Queues and <5> Nodes in total for scheduling.
I0714 09:20:49.635163       1 session.go:190] Open Session 59ab5767-c356-415b-876b-76294411f054 with <0> Job and <1> Queues
I0714 09:20:49.637211       1 enqueue.go:79] Try to enqueue PodGroup to 0 Queues
I0714 09:20:49.637279       1 allocate.go:64] Try to allocate resource to 0 Queues
I0714 09:20:49.637515       1 session.go:244] Close Session 59ab5767-c356-415b-876b-76294411f054
I0714 09:20:50.639068       1 cache.go:1363] There are <0> Jobs, <1> Queues and <5> Nodes in total for scheduling.
I0714 09:20:50.639184       1 session.go:190] Open Session 15bdbf6f-d9d2-4320-9c74-53222c446537 with <0> Job and <1> Queues
I0714 09:20:50.640731       1 enqueue.go:79] Try to enqueue PodGroup to 0 Queues
I0714 09:20:50.640803       1 allocate.go:64] Try to allocate resource to 0 Queues
I0714 09:20:50.640986       1 session.go:244] Close Session 15bdbf6f-d9d2-4320-9c74-53222c446537
I0714 09:20:51.643590       1 cache.go:1363] There are <0> Jobs, <1> Queues and <5> Nodes in total for scheduling.
I0714 09:20:51.643763       1 session.go:190] Open Session 28f78497-74e3-4df9-bfbd-7dbe2e56bcf5 with <0> Job and <1> Queues
I0714 09:20:51.645782       1 enqueue.go:79] Try to enqueue PodGroup to 0 Queues
I0714 09:20:51.645870       1 allocate.go:64] Try to allocate resource to 0 Queues
I0714 09:20:51.646859       1 session.go:244] Close Session 28f78497-74e3-4df9-bfbd-7dbe2e56bcf5
I0714 09:20:52.649895       1 cache.go:1363] There are <0> Jobs, <1> Queues and <5> Nodes in total for scheduling.
I0714 09:20:52.650077       1 session.go:190] Open Session 1d49209f-5b14-4aaa-b3db-ba17f83c0390 with <0> Job and <1> Queues
I0714 09:20:52.651975       1 enqueue.go:79] Try to enqueue PodGroup to 0 Queues
I0714 09:20:52.652057       1 allocate.go:64] Try to allocate resource to 0 Queues
I0714 09:20:52.652317       1 session.go:244] Close Session 1d49209f-5b14-4aaa-b3db-ba17f83c0390
I0714 09:20:53.654899       1 cache.go:1363] There are <0> Jobs, <1> Queues and <5> Nodes in total for scheduling.
I0714 09:20:53.655096       1 session.go:190] Open Session 7eb10e31-7b81-450e-a2ad-6174f9e9f05f with <0> Job and <1> Queues
I0714 09:20:53.657405       1 enqueue.go:79] Try to enqueue PodGroup to 0 Queues
I0714 09:20:53.657503       1 allocate.go:64] Try to allocate resource to 0 Queues
I0714 09:20:53.657730       1 session.go:244] Close Session 7eb10e31-7b81-450e-a2ad-6174f9e9f05f
I0714 09:20:54.659819       1 cache.go:1363] There are <0> Jobs, <1> Queues and <5> Nodes in total for scheduling.
I0714 09:20:54.659966       1 session.go:190] Open Session 37b41481-fc9b-4d4d-84ab-944953511088 with <0> Job and <1> Queues
I0714 09:20:54.661757       1 enqueue.go:79] Try to enqueue PodGroup to 0 Queues
I0714 09:20:54.661836       1 allocate.go:64] Try to allocate resource to 0 Queues
I0714 09:20:54.662111       1 session.go:244] Close Session 37b41481-fc9b-4d4d-84ab-944953511088
I0714 09:20:55.664493       1 cache.go:1363] There are <0> Jobs, <1> Queues and <5> Nodes in total for scheduling.
I0714 09:20:55.664659       1 session.go:190] Open Session dc4ba2f6-af12-4c1b-bc82-bba7b3eadeff with <0> Job and <1> Queues
I0714 09:20:55.666475       1 enqueue.go:79] Try to enqueue PodGroup to 0 Queues
I0714 09:20:55.666558       1 allocate.go:64] Try to allocate resource to 0 Queues
I0714 09:20:55.666774       1 session.go:244] Close Session dc4ba2f6-af12-4c1b-bc82-bba7b3eadeff
I0714 09:20:56.669005       1 cache.go:1363] There are <0> Jobs, <1> Queues and <5> Nodes in total for scheduling.
I0714 09:20:56.669169       1 session.go:190] Open Session 99be5dfb-6e73-4e05-a226-b2235058aeeb with <0> Job and <1> Queues
I0714 09:20:56.670993       1 enqueue.go:79] Try to enqueue PodGroup to 0 Queues
I0714 09:20:56.671070       1 allocate.go:64] Try to allocate resource to 0 Queues
I0714 09:20:56.671300       1 session.go:244] Close Session 99be5dfb-6e73-4e05-a226-b2235058aeeb
I0714 09:20:57.673582       1 cache.go:1363] There are <0> Jobs, <1> Queues and <5> Nodes in total for scheduling.
I0714 09:20:57.673765       1 session.go:190] Open Session 8511e07c-3fbf-4601-8796-84e5a0549336 with <0> Job and <1> Queues
I0714 09:20:57.675670       1 enqueue.go:79] Try to enqueue PodGroup to 0 Queues
I0714 09:20:57.675747       1 allocate.go:64] Try to allocate resource to 0 Queues
I0714 09:20:57.675945       1 session.go:244] Close Session 8511e07c-3fbf-4601-8796-84e5a0549336
I0714 09:20:58.678345       1 cache.go:1363] There are <0> Jobs, <1> Queues and <5> Nodes in total for scheduling.
I0714 09:20:58.678515       1 session.go:190] Open Session 88604f48-6083-42bf-8d27-d627bcf701a6 with <0> Job and <1> Queues
I0714 09:20:58.680488       1 enqueue.go:79] Try to enqueue PodGroup to 0 Queues
I0714 09:20:58.680569       1 allocate.go:64] Try to allocate resource to 0 Queues
I0714 09:20:58.680781       1 session.go:244] Close Session 88604f48-6083-42bf-8d27-d627bcf701a6
I0714 09:20:59.683620       1 cache.go:1363] There are <0> Jobs, <1> Queues and <5> Nodes in total for scheduling.
I0714 09:20:59.683786       1 session.go:190] Open Session 603d7787-4661-4f61-89c2-fabb64fcbe4c with <0> Job and <1> Queues
I0714 09:20:59.685719       1 enqueue.go:79] Try to enqueue PodGroup to 0 Queues
I0714 09:20:59.685798       1 allocate.go:64] Try to allocate resource to 0 Queues
I0714 09:20:59.686037       1 session.go:244] Close Session 603d7787-4661-4f61-89c2-fabb64fcbe4c
I0714 09:21:00.688858       1 cache.go:1363] There are <0> Jobs, <1> Queues and <5> Nodes in total for scheduling.
I0714 09:21:00.689038       1 session.go:190] Open Session e8e8a0ec-d381-410d-af9f-68507a901ee0 with <0> Job and <1> Queues
I0714 09:21:00.690863       1 enqueue.go:79] Try to enqueue PodGroup to 0 Queues
I0714 09:21:00.690949       1 allocate.go:64] Try to allocate resource to 0 Queues
I0714 09:21:00.691167       1 session.go:244] Close Session e8e8a0ec-d381-410d-af9f-68507a901ee0
I0714 09:21:01.693325       1 cache.go:1363] There are <0> Jobs, <1> Queues and <5> Nodes in total for scheduling.
I0714 09:21:01.693488       1 session.go:190] Open Session 8ab8348a-aa85-4b18-9784-eb18e5c4db41 with <0> Job and <1> Queues
I0714 09:21:01.695321       1 enqueue.go:79] Try to enqueue PodGroup to 0 Queues
I0714 09:21:01.695391       1 allocate.go:64] Try to allocate resource to 0 Queues
I0714 09:21:01.695600       1 session.go:244] Close Session 8ab8348a-aa85-4b18-9784-eb18e5c4db41
I0714 09:21:02.698467       1 cache.go:1363] There are <0> Jobs, <1> Queues and <5> Nodes in total for scheduling.
I0714 09:21:02.698652       1 session.go:190] Open Session 3b2ee950-9f45-4ec8-a197-3d27160d3f72 with <0> Job and <1> Queues
I0714 09:21:02.700545       1 enqueue.go:79] Try to enqueue PodGroup to 0 Queues
I0714 09:21:02.700619       1 allocate.go:64] Try to allocate resource to 0 Queues
I0714 09:21:02.700850       1 session.go:244] Close Session 3b2ee950-9f45-4ec8-a197-3d27160d3f72
I0714 09:21:03.703951       1 cache.go:1363] There are <0> Jobs, <1> Queues and <5> Nodes in total for scheduling.
I0714 09:21:03.704131       1 session.go:190] Open Session 9bed8e8a-1f90-44de-9614-5819f604cf6b with <0> Job and <1> Queues
I0714 09:21:03.706033       1 enqueue.go:79] Try to enqueue PodGroup to 0 Queues
I0714 09:21:03.706113       1 allocate.go:64] Try to allocate resource to 0 Queues
I0714 09:21:03.706338       1 session.go:244] Close Session 9bed8e8a-1f90-44de-9614-5819f604cf6b
I0714 09:21:04.708945       1 cache.go:1363] There are <0> Jobs, <1> Queues and <5> Nodes in total for scheduling.
I0714 09:21:04.709113       1 session.go:190] Open Session d5eb119d-44f2-4d04-ab67-11602b85e96f with <0> Job and <1> Queues
I0714 09:21:04.711026       1 enqueue.go:79] Try to enqueue PodGroup to 0 Queues
I0714 09:21:04.711114       1 allocate.go:64] Try to allocate resource to 0 Queues
I0714 09:21:04.711332       1 session.go:244] Close Session d5eb119d-44f2-4d04-ab67-11602b85e96f
I0714 09:21:05.715177       1 cache.go:1363] There are <0> Jobs, <1> Queues and <5> Nodes in total for scheduling.
I0714 09:21:05.715368       1 session.go:190] Open Session e467089d-179f-4be7-b613-c74e35a1afcf with <0> Job and <1> Queues
I0714 09:21:05.717586       1 enqueue.go:79] Try to enqueue PodGroup to 0 Queues
I0714 09:21:05.717688       1 allocate.go:64] Try to allocate resource to 0 Queues
I0714 09:21:05.717921       1 session.go:244] Close Session e467089d-179f-4be7-b613-c74e35a1afcf
I0714 09:21:06.657313       1 cache.go:1489] The metrics type is not set in the volcano scheduler configmap file. As a result, the CPU and memory load information of the node is not collected.
I0714 09:21:06.721000       1 cache.go:1363] There are <0> Jobs, <1> Queues and <5> Nodes in total for scheduling.
I0714 09:21:06.721135       1 session.go:190] Open Session c4c8a4c2-ca79-4c52-a671-0a2b04b6b9f2 with <0> Job and <1> Queues
I0714 09:21:06.723184       1 enqueue.go:79] Try to enqueue PodGroup to 0 Queues
I0714 09:21:06.723273       1 allocate.go:64] Try to allocate resource to 0 Queues
I0714 09:21:06.723525       1 session.go:244] Close Session c4c8a4c2-ca79-4c52-a671-0a2b04b6b9f2
I0714 09:21:07.726153       1 cache.go:1363] There are <0> Jobs, <1> Queues and <5> Nodes in total for scheduling.
I0714 09:21:07.726327       1 session.go:190] Open Session 9dbfc02b-30a9-4981-a5b8-deb304edafa3 with <0> Job and <1> Queues
I0714 09:21:07.728571       1 enqueue.go:79] Try to enqueue PodGroup to 0 Queues
I0714 09:21:07.728648       1 allocate.go:64] Try to allocate resource to 0 Queues
I0714 09:21:07.728867       1 session.go:244] Close Session 9dbfc02b-30a9-4981-a5b8-deb304edafa3
I0714 09:21:08.731410       1 cache.go:1363] There are <0> Jobs, <1> Queues and <5> Nodes in total for scheduling.
I0714 09:21:08.731580       1 session.go:190] Open Session eb996fb1-a8eb-4929-aa87-298bf71bb3dc with <0> Job and <1> Queues
I0714 09:21:08.733905       1 enqueue.go:79] Try to enqueue PodGroup to 0 Queues
I0714 09:21:08.733981       1 allocate.go:64] Try to allocate resource to 0 Queues
I0714 09:21:08.734201       1 session.go:244] Close Session eb996fb1-a8eb-4929-aa87-298bf71bb3dc
I0714 09:21:09.736573       1 cache.go:1363] There are <0> Jobs, <1> Queues and <5> Nodes in total for scheduling.
I0714 09:21:09.736755       1 session.go:190] Open Session a7df3d28-5785-4070-8240-6bd8047e7a09 with <0> Job and <1> Queues
I0714 09:21:09.738955       1 enqueue.go:79] Try to enqueue PodGroup to 0 Queues
I0714 09:21:09.739038       1 allocate.go:64] Try to allocate resource to 0 Queues
I0714 09:21:09.739260       1 session.go:244] Close Session a7df3d28-5785-4070-8240-6bd8047e7a09
I0714 09:21:10.742016       1 cache.go:1363] There are <0> Jobs, <1> Queues and <5> Nodes in total for scheduling.
I0714 09:21:10.742209       1 session.go:190] Open Session 5a0829b4-3ada-4e43-a8e8-370400dd57b9 with <0> Job and <1> Queues
I0714 09:21:10.744147       1 enqueue.go:79] Try to enqueue PodGroup to 0 Queues
I0714 09:21:10.744218       1 allocate.go:64] Try to allocate resource to 0 Queues
I0714 09:21:10.744499       1 session.go:244] Close Session 5a0829b4-3ada-4e43-a8e8-370400dd57b9
I0714 09:21:11.747574       1 cache.go:1363] There are <0> Jobs, <1> Queues and <5> Nodes in total for scheduling.
I0714 09:21:11.747744       1 session.go:190] Open Session 92f0ffbf-5e12-4c3d-8562-a9aa9251ff62 with <0> Job and <1> Queues
I0714 09:21:11.749663       1 enqueue.go:79] Try to enqueue PodGroup to 0 Queues
I0714 09:21:11.749730       1 allocate.go:64] Try to allocate resource to 0 Queues
I0714 09:21:11.749937       1 session.go:244] Close Session 92f0ffbf-5e12-4c3d-8562-a9aa9251ff62
I0714 09:21:12.752139       1 cache.go:1363] There are <0> Jobs, <1> Queues and <5> Nodes in total for scheduling.
I0714 09:21:12.752369       1 session.go:190] Open Session 24851b1b-c6b9-4ac0-89e4-d1579691c595 with <0> Job and <1> Queues
I0714 09:21:12.754409       1 enqueue.go:79] Try to enqueue PodGroup to 0 Queues
I0714 09:21:12.754478       1 allocate.go:64] Try to allocate resource to 0 Queues
I0714 09:21:12.754687       1 session.go:244] Close Session 24851b1b-c6b9-4ac0-89e4-d1579691c595
W0714 09:21:13.276994       1 event_handlers.go:181] Not support non-csi pvc.
I0714 09:21:13.277761       1 event_handlers.go:442] Deleted pod <default/yolo-cls> from cache.
W0714 09:21:13.348949       1 event_handlers.go:181] Not support non-csi pvc.
I0714 09:21:13.359237       1 event_handlers.go:442] Deleted pod <default/yolo-det> from cache.
W0714 09:21:13.424428       1 event_handlers.go:181] Not support non-csi pvc.
I0714 09:21:13.429733       1 event_handlers.go:442] Deleted pod <default/yolo-seg> from cache.
W0714 09:21:13.482288       1 event_handlers.go:181] Not support non-csi pvc.
I0714 09:21:13.483694       1 event_handlers.go:442] Deleted pod <default/yolo-obb> from cache.
W0714 09:21:13.543163       1 event_handlers.go:181] Not support non-csi pvc.
I0714 09:21:13.548636       1 event_handlers.go:442] Deleted pod <default/yolo-pos> from cache.
I0714 09:21:13.756913       1 cache.go:1363] There are <0> Jobs, <1> Queues and <5> Nodes in total for scheduling.
I0714 09:21:13.757037       1 session.go:190] Open Session 4936a2b5-95a2-4760-b8b2-6900d9b684fb with <0> Job and <1> Queues
I0714 09:21:13.758697       1 enqueue.go:79] Try to enqueue PodGroup to 0 Queues
I0714 09:21:13.758764       1 allocate.go:64] Try to allocate resource to 0 Queues
I0714 09:21:13.758968       1 session.go:244] Close Session 4936a2b5-95a2-4760-b8b2-6900d9b684fb
I0714 09:21:14.761335       1 cache.go:1363] There are <0> Jobs, <1> Queues and <5> Nodes in total for scheduling.
I0714 09:21:14.761473       1 session.go:190] Open Session 5b229b9d-0e8e-4ea4-9bb6-cd9c359d559a with <0> Job and <1> Queues
I0714 09:21:14.763058       1 enqueue.go:79] Try to enqueue PodGroup to 0 Queues
I0714 09:21:14.763126       1 allocate.go:64] Try to allocate resource to 0 Queues
I0714 09:21:14.763332       1 session.go:244] Close Session 5b229b9d-0e8e-4ea4-9bb6-cd9c359d559a
I0714 09:21:15.765536       1 cache.go:1363] There are <0> Jobs, <1> Queues and <5> Nodes in total for scheduling.
I0714 09:21:15.765680       1 session.go:190] Open Session ed55a31b-e6d9-4a1f-9b64-453b0e7a240c with <0> Job and <1> Queues
I0714 09:21:15.767258       1 enqueue.go:79] Try to enqueue PodGroup to 0 Queues
I0714 09:21:15.767325       1 allocate.go:64] Try to allocate resource to 0 Queues
I0714 09:21:15.767541       1 session.go:244] Close Session ed55a31b-e6d9-4a1f-9b64-453b0e7a240c
I0714 09:21:16.769807       1 cache.go:1363] There are <0> Jobs, <1> Queues and <5> Nodes in total for scheduling.
I0714 09:21:16.769984       1 session.go:190] Open Session 6f1f599c-0b94-4639-bc03-f656a3954a66 with <0> Job and <1> Queues
I0714 09:21:16.771170       1 enqueue.go:79] Try to enqueue PodGroup to 0 Queues
I0714 09:21:16.771221       1 allocate.go:64] Try to allocate resource to 0 Queues
I0714 09:21:16.771371       1 session.go:244] Close Session 6f1f599c-0b94-4639-bc03-f656a3954a66
I0714 09:21:17.773474       1 cache.go:1363] There are <0> Jobs, <1> Queues and <5> Nodes in total for scheduling.
I0714 09:21:17.773571       1 session.go:190] Open Session 3a79e243-2f1b-40e3-b3c6-4246d53e856b with <0> Job and <1> Queues
I0714 09:21:17.774741       1 enqueue.go:79] Try to enqueue PodGroup to 0 Queues
I0714 09:21:17.774790       1 allocate.go:64] Try to allocate resource to 0 Queues
I0714 09:21:17.774975       1 session.go:244] Close Session 3a79e243-2f1b-40e3-b3c6-4246d53e856b
I0714 09:21:18.777162       1 cache.go:1363] There are <0> Jobs, <1> Queues and <5> Nodes in total for scheduling.
I0714 09:21:18.777331       1 session.go:190] Open Session 99e99492-6d62-4e8e-9c9a-16c79083d743 with <0> Job and <1> Queues
I0714 09:21:18.779269       1 enqueue.go:79] Try to enqueue PodGroup to 0 Queues
I0714 09:21:18.779340       1 allocate.go:64] Try to allocate resource to 0 Queues
I0714 09:21:18.779589       1 session.go:244] Close Session 99e99492-6d62-4e8e-9c9a-16c79083d743
I0714 09:21:19.781555       1 cache.go:1363] There are <0> Jobs, <1> Queues and <5> Nodes in total for scheduling.
I0714 09:21:19.781724       1 session.go:190] Open Session 2c263ae6-7cad-4f23-982c-93829cef8e1e with <0> Job and <1> Queues
I0714 09:21:19.784707       1 enqueue.go:79] Try to enqueue PodGroup to 0 Queues
I0714 09:21:19.784790       1 allocate.go:64] Try to allocate resource to 0 Queues
I0714 09:21:19.785010       1 session.go:244] Close Session 2c263ae6-7cad-4f23-982c-93829cef8e1e
I0714 09:21:20.788513       1 cache.go:1363] There are <0> Jobs, <1> Queues and <5> Nodes in total for scheduling.
I0714 09:21:20.788688       1 session.go:190] Open Session f4d6173f-1a7a-44d1-9de5-bde8776c0129 with <0> Job and <1> Queues
I0714 09:21:20.790371       1 enqueue.go:79] Try to enqueue PodGroup to 0 Queues
I0714 09:21:20.790440       1 allocate.go:64] Try to allocate resource to 0 Queues
I0714 09:21:20.790676       1 session.go:244] Close Session f4d6173f-1a7a-44d1-9de5-bde8776c0129
I0714 09:21:21.793718       1 cache.go:1363] There are <0> Jobs, <1> Queues and <5> Nodes in total for scheduling.
I0714 09:21:21.793901       1 session.go:190] Open Session 7d0f4b18-324d-41ae-bf05-59c3d4593fc8 with <0> Job and <1> Queues
I0714 09:21:21.795592       1 enqueue.go:79] Try to enqueue PodGroup to 0 Queues
I0714 09:21:21.795660       1 allocate.go:64] Try to allocate resource to 0 Queues
I0714 09:21:21.795873       1 session.go:244] Close Session 7d0f4b18-324d-41ae-bf05-59c3d4593fc8
I0714 09:21:22.798388       1 cache.go:1363] There are <0> Jobs, <1> Queues and <5> Nodes in total for scheduling.
I0714 09:21:22.798622       1 session.go:190] Open Session 1c6d8a20-6da1-48e7-b6d7-3b7521ba0e24 with <0> Job and <1> Queues
I0714 09:21:22.800453       1 enqueue.go:79] Try to enqueue PodGroup to 0 Queues
I0714 09:21:22.800527       1 allocate.go:64] Try to allocate resource to 0 Queues
I0714 09:21:22.800763       1 session.go:244] Close Session 1c6d8a20-6da1-48e7-b6d7-3b7521ba0e24
I0714 09:21:23.803359       1 cache.go:1363] There are <0> Jobs, <1> Queues and <5> Nodes in total for scheduling.
I0714 09:21:23.803562       1 session.go:190] Open Session a60a556d-9854-4824-89d7-7dcb6c956d6b with <0> Job and <1> Queues
I0714 09:21:23.805366       1 enqueue.go:79] Try to enqueue PodGroup to 0 Queues
I0714 09:21:23.805438       1 allocate.go:64] Try to allocate resource to 0 Queues
I0714 09:21:23.805663       1 session.go:244] Close Session a60a556d-9854-4824-89d7-7dcb6c956d6b
I0714 09:21:24.808659       1 cache.go:1363] There are <0> Jobs, <1> Queues and <5> Nodes in total for scheduling.
I0714 09:21:24.808820       1 session.go:190] Open Session 359ca668-bffb-4a7d-9469-f1b3ec4fcfe6 with <0> Job and <1> Queues
I0714 09:21:24.810573       1 enqueue.go:79] Try to enqueue PodGroup to 0 Queues
I0714 09:21:24.810640       1 allocate.go:64] Try to allocate resource to 0 Queues
I0714 09:21:24.810876       1 session.go:244] Close Session 359ca668-bffb-4a7d-9469-f1b3ec4fcfe6
I0714 09:21:25.813517       1 cache.go:1363] There are <0> Jobs, <1> Queues and <5> Nodes in total for scheduling.
I0714 09:21:25.813669       1 session.go:190] Open Session 0c7e3a07-e6fd-4728-8671-4fd0d3bf67cb with <0> Job and <1> Queues
I0714 09:21:25.815351       1 enqueue.go:79] Try to enqueue PodGroup to 0 Queues
I0714 09:21:25.815422       1 allocate.go:64] Try to allocate resource to 0 Queues
I0714 09:21:25.815627       1 session.go:244] Close Session 0c7e3a07-e6fd-4728-8671-4fd0d3bf67cb
I0714 09:21:26.818495       1 cache.go:1363] There are <0> Jobs, <1> Queues and <5> Nodes in total for scheduling.
I0714 09:21:26.818664       1 session.go:190] Open Session 02257182-2171-467d-8407-7e4292a5215d with <0> Job and <1> Queues
I0714 09:21:26.820510       1 enqueue.go:79] Try to enqueue PodGroup to 0 Queues
I0714 09:21:26.820585       1 allocate.go:64] Try to allocate resource to 0 Queues
I0714 09:21:26.820815       1 session.go:244] Close Session 02257182-2171-467d-8407-7e4292a5215d
I0714 09:21:27.823000       1 cache.go:1363] There are <0> Jobs, <1> Queues and <5> Nodes in total for scheduling.
I0714 09:21:27.823188       1 session.go:190] Open Session 18a098d6-8ed5-4a38-a337-d131316fc96f with <0> Job and <1> Queues
I0714 09:21:27.824929       1 enqueue.go:79] Try to enqueue PodGroup to 0 Queues
I0714 09:21:27.825006       1 allocate.go:64] Try to allocate resource to 0 Queues
I0714 09:21:27.825239       1 session.go:244] Close Session 18a098d6-8ed5-4a38-a337-d131316fc96f
I0714 09:21:28.827919       1 cache.go:1363] There are <0> Jobs, <1> Queues and <5> Nodes in total for scheduling.
I0714 09:21:28.828159       1 session.go:190] Open Session 35ae14a4-bd14-47de-99d3-d7c0296fa3b6 with <0> Job and <1> Queues
I0714 09:21:28.830004       1 enqueue.go:79] Try to enqueue PodGroup to 0 Queues
I0714 09:21:28.830079       1 allocate.go:64] Try to allocate resource to 0 Queues
I0714 09:21:28.830302       1 session.go:244] Close Session 35ae14a4-bd14-47de-99d3-d7c0296fa3b6
I0714 09:21:29.832757       1 cache.go:1363] There are <0> Jobs, <1> Queues and <5> Nodes in total for scheduling.
I0714 09:21:29.832934       1 session.go:190] Open Session 04b3f07c-987c-485f-aa74-002770691091 with <0> Job and <1> Queues
I0714 09:21:29.834716       1 enqueue.go:79] Try to enqueue PodGroup to 0 Queues
I0714 09:21:29.834789       1 allocate.go:64] Try to allocate resource to 0 Queues
I0714 09:21:29.835017       1 session.go:244] Close Session 04b3f07c-987c-485f-aa74-002770691091
I0714 09:21:30.837879       1 cache.go:1363] There are <0> Jobs, <1> Queues and <5> Nodes in total for scheduling.
I0714 09:21:30.838062       1 session.go:190] Open Session 5b9fe98f-4c91-4c09-b204-7336d61025ba with <0> Job and <1> Queues
I0714 09:21:30.840036       1 enqueue.go:79] Try to enqueue PodGroup to 0 Queues
I0714 09:21:30.840104       1 allocate.go:64] Try to allocate resource to 0 Queues
I0714 09:21:30.840391       1 session.go:244] Close Session 5b9fe98f-4c91-4c09-b204-7336d61025ba
I0714 09:21:31.843153       1 cache.go:1363] There are <0> Jobs, <1> Queues and <5> Nodes in total for scheduling.
I0714 09:21:31.843319       1 session.go:190] Open Session 03d9f5f3-b97e-4362-8596-ebc53b79c4fe with <0> Job and <1> Queues
I0714 09:21:31.845112       1 enqueue.go:79] Try to enqueue PodGroup to 0 Queues
I0714 09:21:31.845178       1 allocate.go:64] Try to allocate resource to 0 Queues
I0714 09:21:31.845388       1 session.go:244] Close Session 03d9f5f3-b97e-4362-8596-ebc53b79c4fe
I0714 09:21:32.847845       1 cache.go:1363] There are <0> Jobs, <1> Queues and <5> Nodes in total for scheduling.
I0714 09:21:32.848051       1 session.go:190] Open Session 9d0fd8f9-250d-4bef-82c6-7ed0b8f4c824 with <0> Job and <1> Queues
I0714 09:21:32.850031       1 enqueue.go:79] Try to enqueue PodGroup to 0 Queues
I0714 09:21:32.850113       1 allocate.go:64] Try to allocate resource to 0 Queues
I0714 09:21:32.850326       1 session.go:244] Close Session 9d0fd8f9-250d-4bef-82c6-7ed0b8f4c824
I0714 09:21:33.853272       1 cache.go:1363] There are <0> Jobs, <1> Queues and <5> Nodes in total for scheduling.
I0714 09:21:33.853460       1 session.go:190] Open Session f167bbd6-1364-414f-8d15-49a17d4515e4 with <0> Job and <1> Queues
I0714 09:21:33.855273       1 enqueue.go:79] Try to enqueue PodGroup to 0 Queues
I0714 09:21:33.855343       1 allocate.go:64] Try to allocate resource to 0 Queues
I0714 09:21:33.855560       1 session.go:244] Close Session f167bbd6-1364-414f-8d15-49a17d4515e4
I0714 09:21:34.858189       1 cache.go:1363] There are <0> Jobs, <1> Queues and <5> Nodes in total for scheduling.
I0714 09:21:34.858342       1 session.go:190] Open Session 0d8099b3-2e67-41ad-93ed-28a6ed0193fb with <0> Job and <1> Queues
I0714 09:21:34.860345       1 enqueue.go:79] Try to enqueue PodGroup to 0 Queues
I0714 09:21:34.860422       1 allocate.go:64] Try to allocate resource to 0 Queues
I0714 09:21:34.860679       1 session.go:244] Close Session 0d8099b3-2e67-41ad-93ed-28a6ed0193fb
I0714 09:21:35.863317       1 cache.go:1363] There are <0> Jobs, <1> Queues and <5> Nodes in total for scheduling.
I0714 09:21:35.863481       1 session.go:190] Open Session 54405d6f-d766-46d6-99ea-8b7100bfedd0 with <0> Job and <1> Queues
I0714 09:21:35.865308       1 enqueue.go:79] Try to enqueue PodGroup to 0 Queues
I0714 09:21:35.865386       1 allocate.go:64] Try to allocate resource to 0 Queues
I0714 09:21:35.865603       1 session.go:244] Close Session 54405d6f-d766-46d6-99ea-8b7100bfedd0
I0714 09:21:36.658591       1 cache.go:1489] The metrics type is not set in the volcano scheduler configmap file. As a result, the CPU and memory load information of the node is not collected.
I0714 09:21:36.867804       1 cache.go:1363] There are <0> Jobs, <1> Queues and <5> Nodes in total for scheduling.
I0714 09:21:36.867956       1 session.go:190] Open Session 62cb4a84-40fa-4e54-b459-1ee1ee4bc84d with <0> Job and <1> Queues
I0714 09:21:36.869794       1 enqueue.go:79] Try to enqueue PodGroup to 0 Queues
I0714 09:21:36.869870       1 allocate.go:64] Try to allocate resource to 0 Queues
I0714 09:21:36.870078       1 session.go:244] Close Session 62cb4a84-40fa-4e54-b459-1ee1ee4bc84d
I0714 09:21:37.872135       1 cache.go:1363] There are <0> Jobs, <1> Queues and <5> Nodes in total for scheduling.
I0714 09:21:37.872345       1 session.go:190] Open Session 8b11efa2-c796-4e82-8fdb-d7218eec23ab with <0> Job and <1> Queues
I0714 09:21:37.874112       1 enqueue.go:79] Try to enqueue PodGroup to 0 Queues
I0714 09:21:37.874190       1 allocate.go:64] Try to allocate resource to 0 Queues
I0714 09:21:37.874396       1 session.go:244] Close Session 8b11efa2-c796-4e82-8fdb-d7218eec23ab
I0714 09:21:38.876605       1 cache.go:1363] There are <0> Jobs, <1> Queues and <5> Nodes in total for scheduling.
I0714 09:21:38.876778       1 session.go:190] Open Session 034632ac-b3e0-44fb-a93d-2fe5233cbb1c with <0> Job and <1> Queues
I0714 09:21:38.878530       1 enqueue.go:79] Try to enqueue PodGroup to 0 Queues
I0714 09:21:38.878606       1 allocate.go:64] Try to allocate resource to 0 Queues
I0714 09:21:38.878812       1 session.go:244] Close Session 034632ac-b3e0-44fb-a93d-2fe5233cbb1c
I0714 09:21:39.881255       1 cache.go:1363] There are <0> Jobs, <1> Queues and <5> Nodes in total for scheduling.
I0714 09:21:39.881430       1 session.go:190] Open Session 9a5bace2-3dce-4d66-83a4-7838539d3e5f with <0> Job and <1> Queues
I0714 09:21:39.883185       1 enqueue.go:79] Try to enqueue PodGroup to 0 Queues
I0714 09:21:39.883253       1 allocate.go:64] Try to allocate resource to 0 Queues
I0714 09:21:39.883494       1 session.go:244] Close Session 9a5bace2-3dce-4d66-83a4-7838539d3e5f
I0714 09:21:40.885337       1 cache.go:1363] There are <0> Jobs, <1> Queues and <5> Nodes in total for scheduling.
I0714 09:21:40.885499       1 session.go:190] Open Session fec89eb4-52c3-448f-b9d0-00e24e7cdbf0 with <0> Job and <1> Queues
I0714 09:21:40.887156       1 enqueue.go:79] Try to enqueue PodGroup to 0 Queues
I0714 09:21:40.887238       1 allocate.go:64] Try to allocate resource to 0 Queues
I0714 09:21:40.887467       1 session.go:244] Close Session fec89eb4-52c3-448f-b9d0-00e24e7cdbf0
I0714 09:21:41.889932       1 cache.go:1363] There are <0> Jobs, <1> Queues and <5> Nodes in total for scheduling.
I0714 09:21:41.890105       1 session.go:190] Open Session 64261d0f-1ae9-43af-ba8c-7a4329ed53fb with <0> Job and <1> Queues
I0714 09:21:41.891896       1 enqueue.go:79] Try to enqueue PodGroup to 0 Queues
I0714 09:21:41.891961       1 allocate.go:64] Try to allocate resource to 0 Queues
I0714 09:21:41.892174       1 session.go:244] Close Session 64261d0f-1ae9-43af-ba8c-7a4329ed53fb
I0714 09:21:42.894695       1 cache.go:1363] There are <0> Jobs, <1> Queues and <5> Nodes in total for scheduling.
I0714 09:21:42.894863       1 session.go:190] Open Session 34441ce0-4f0a-4ccc-9927-7cd85dd3fe40 with <0> Job and <1> Queues
I0714 09:21:42.896596       1 enqueue.go:79] Try to enqueue PodGroup to 0 Queues
I0714 09:21:42.896661       1 allocate.go:64] Try to allocate resource to 0 Queues
I0714 09:21:42.896882       1 session.go:244] Close Session 34441ce0-4f0a-4ccc-9927-7cd85dd3fe40
I0714 09:21:43.899773       1 cache.go:1363] There are <0> Jobs, <1> Queues and <5> Nodes in total for scheduling.
I0714 09:21:43.899956       1 session.go:190] Open Session a76ca4cc-a23e-4932-a158-f3295452c26f with <0> Job and <1> Queues
I0714 09:21:43.901831       1 enqueue.go:79] Try to enqueue PodGroup to 0 Queues
I0714 09:21:43.901928       1 allocate.go:64] Try to allocate resource to 0 Queues
I0714 09:21:43.902159       1 session.go:244] Close Session a76ca4cc-a23e-4932-a158-f3295452c26f
I0714 09:21:44.905171       1 cache.go:1363] There are <0> Jobs, <1> Queues and <5> Nodes in total for scheduling.
I0714 09:21:44.905334       1 session.go:190] Open Session 4a5e378a-c69d-491a-abe6-9f6d280044d7 with <0> Job and <1> Queues
I0714 09:21:44.907143       1 enqueue.go:79] Try to enqueue PodGroup to 0 Queues
I0714 09:21:44.907227       1 allocate.go:64] Try to allocate resource to 0 Queues
I0714 09:21:44.907450       1 session.go:244] Close Session 4a5e378a-c69d-491a-abe6-9f6d280044d7
I0714 09:21:45.909714       1 cache.go:1363] There are <0> Jobs, <1> Queues and <5> Nodes in total for scheduling.
I0714 09:21:45.909868       1 session.go:190] Open Session 2fa2b6fb-90ed-4784-83d3-82ea2b23d295 with <0> Job and <1> Queues
I0714 09:21:45.911571       1 enqueue.go:79] Try to enqueue PodGroup to 0 Queues
I0714 09:21:45.911648       1 allocate.go:64] Try to allocate resource to 0 Queues
I0714 09:21:45.911873       1 session.go:244] Close Session 2fa2b6fb-90ed-4784-83d3-82ea2b23d295
I0714 09:21:46.914302       1 cache.go:1363] There are <0> Jobs, <1> Queues and <5> Nodes in total for scheduling.
I0714 09:21:46.914492       1 session.go:190] Open Session ea77cd42-7319-4679-8a91-f25349758955 with <0> Job and <1> Queues
I0714 09:21:46.916387       1 enqueue.go:79] Try to enqueue PodGroup to 0 Queues
I0714 09:21:46.916476       1 allocate.go:64] Try to allocate resource to 0 Queues
I0714 09:21:46.916705       1 session.go:244] Close Session ea77cd42-7319-4679-8a91-f25349758955
I0714 09:21:47.919126       1 cache.go:1363] There are <0> Jobs, <1> Queues and <5> Nodes in total for scheduling.
I0714 09:21:47.919300       1 session.go:190] Open Session 02d96a8a-525d-4c09-9ce7-7f6e18a3baa9 with <0> Job and <1> Queues
I0714 09:21:47.921099       1 enqueue.go:79] Try to enqueue PodGroup to 0 Queues
I0714 09:21:47.921177       1 allocate.go:64] Try to allocate resource to 0 Queues
I0714 09:21:47.921388       1 session.go:244] Close Session 02d96a8a-525d-4c09-9ce7-7f6e18a3baa9
I0714 09:21:48.923742       1 cache.go:1363] There are <0> Jobs, <1> Queues and <5> Nodes in total for scheduling.
I0714 09:21:48.923930       1 session.go:190] Open Session b79b8c8c-a5b0-4e65-8c04-3c4ee115e877 with <0> Job and <1> Queues
I0714 09:21:48.925743       1 enqueue.go:79] Try to enqueue PodGroup to 0 Queues
I0714 09:21:48.925824       1 allocate.go:64] Try to allocate resource to 0 Queues
I0714 09:21:48.926052       1 session.go:244] Close Session b79b8c8c-a5b0-4e65-8c04-3c4ee115e877
I0714 09:21:49.928509       1 cache.go:1363] There are <0> Jobs, <1> Queues and <5> Nodes in total for scheduling.
I0714 09:21:49.928690       1 session.go:190] Open Session 610a538b-3d0f-4969-86cd-402751a69f46 with <0> Job and <1> Queues
I0714 09:21:49.930453       1 enqueue.go:79] Try to enqueue PodGroup to 0 Queues
I0714 09:21:49.930534       1 allocate.go:64] Try to allocate resource to 0 Queues
I0714 09:21:49.930752       1 session.go:244] Close Session 610a538b-3d0f-4969-86cd-402751a69f46
I0714 09:21:50.933053       1 cache.go:1363] There are <0> Jobs, <1> Queues and <5> Nodes in total for scheduling.
I0714 09:21:50.933243       1 session.go:190] Open Session e17898d8-12b2-40bd-95c3-2c45fdb15154 with <0> Job and <1> Queues
I0714 09:21:50.935500       1 enqueue.go:79] Try to enqueue PodGroup to 0 Queues
I0714 09:21:50.935586       1 allocate.go:64] Try to allocate resource to 0 Queues
I0714 09:21:50.935802       1 session.go:244] Close Session e17898d8-12b2-40bd-95c3-2c45fdb15154
I0714 09:21:51.938584       1 cache.go:1363] There are <0> Jobs, <1> Queues and <5> Nodes in total for scheduling.
I0714 09:21:51.938770       1 session.go:190] Open Session 7af64f7e-08b7-40a8-be08-20cc0e4719de with <0> Job and <1> Queues
I0714 09:21:51.940634       1 enqueue.go:79] Try to enqueue PodGroup to 0 Queues
I0714 09:21:51.940713       1 allocate.go:64] Try to allocate resource to 0 Queues
I0714 09:21:51.940938       1 session.go:244] Close Session 7af64f7e-08b7-40a8-be08-20cc0e4719de
I0714 09:21:52.943453       1 cache.go:1363] There are <0> Jobs, <1> Queues and <5> Nodes in total for scheduling.
I0714 09:21:52.943633       1 session.go:190] Open Session 183944aa-eb96-430d-ac12-0ff63ca8dad9 with <0> Job and <1> Queues
I0714 09:21:52.945858       1 enqueue.go:79] Try to enqueue PodGroup to 0 Queues
I0714 09:21:52.945945       1 allocate.go:64] Try to allocate resource to 0 Queues
I0714 09:21:52.946185       1 session.go:244] Close Session 183944aa-eb96-430d-ac12-0ff63ca8dad9
I0714 09:21:53.948741       1 cache.go:1363] There are <0> Jobs, <1> Queues and <5> Nodes in total for scheduling.
I0714 09:21:53.948907       1 session.go:190] Open Session e5ed9a2c-4b9e-4669-87f1-2ab49a4cc2ea with <0> Job and <1> Queues
I0714 09:21:53.950689       1 enqueue.go:79] Try to enqueue PodGroup to 0 Queues
I0714 09:21:53.950773       1 allocate.go:64] Try to allocate resource to 0 Queues
I0714 09:21:53.950990       1 session.go:244] Close Session e5ed9a2c-4b9e-4669-87f1-2ab49a4cc2ea
I0714 09:21:54.954074       1 cache.go:1363] There are <0> Jobs, <1> Queues and <5> Nodes in total for scheduling.
I0714 09:21:54.954245       1 session.go:190] Open Session 9f517772-8cca-4e32-9c75-7427fd8508e8 with <0> Job and <1> Queues
I0714 09:21:54.956041       1 enqueue.go:79] Try to enqueue PodGroup to 0 Queues
I0714 09:21:54.956121       1 allocate.go:64] Try to allocate resource to 0 Queues
I0714 09:21:54.956383       1 session.go:244] Close Session 9f517772-8cca-4e32-9c75-7427fd8508e8
I0714 09:21:55.959009       1 cache.go:1363] There are <0> Jobs, <1> Queues and <5> Nodes in total for scheduling.
I0714 09:21:55.959168       1 session.go:190] Open Session ce4a7786-f4f2-4e90-a8ad-87a22e0d8845 with <0> Job and <1> Queues
I0714 09:21:55.961164       1 enqueue.go:79] Try to enqueue PodGroup to 0 Queues
I0714 09:21:55.961243       1 allocate.go:64] Try to allocate resource to 0 Queues
I0714 09:21:55.961473       1 session.go:244] Close Session ce4a7786-f4f2-4e90-a8ad-87a22e0d8845
I0714 09:21:56.963504       1 cache.go:1363] There are <0> Jobs, <1> Queues and <5> Nodes in total for scheduling.
I0714 09:21:56.963686       1 session.go:190] Open Session dd84b5bf-048b-46ec-b4ae-e01620958a29 with <0> Job and <1> Queues
I0714 09:21:56.965538       1 enqueue.go:79] Try to enqueue PodGroup to 0 Queues
I0714 09:21:56.965622       1 allocate.go:64] Try to allocate resource to 0 Queues
I0714 09:21:56.965854       1 session.go:244] Close Session dd84b5bf-048b-46ec-b4ae-e01620958a29
I0714 09:21:57.968368       1 cache.go:1363] There are <0> Jobs, <1> Queues and <5> Nodes in total for scheduling.
I0714 09:21:57.968555       1 session.go:190] Open Session a5a0b3c9-bcc3-424c-ae7c-aac48271ea2b with <0> Job and <1> Queues
I0714 09:21:57.970344       1 enqueue.go:79] Try to enqueue PodGroup to 0 Queues
I0714 09:21:57.970417       1 allocate.go:64] Try to allocate resource to 0 Queues
I0714 09:21:57.970640       1 session.go:244] Close Session a5a0b3c9-bcc3-424c-ae7c-aac48271ea2b
I0714 09:21:58.973701       1 cache.go:1363] There are <0> Jobs, <1> Queues and <5> Nodes in total for scheduling.
I0714 09:21:58.973893       1 session.go:190] Open Session d809dd05-539b-48aa-afd2-c609e3f99768 with <0> Job and <1> Queues
I0714 09:21:58.975881       1 enqueue.go:79] Try to enqueue PodGroup to 0 Queues
I0714 09:21:58.975962       1 allocate.go:64] Try to allocate resource to 0 Queues
I0714 09:21:58.976172       1 session.go:244] Close Session d809dd05-539b-48aa-afd2-c609e3f99768
I0714 09:21:59.979049       1 cache.go:1363] There are <0> Jobs, <1> Queues and <5> Nodes in total for scheduling.
I0714 09:21:59.979215       1 session.go:190] Open Session e596cd56-6ced-4a5c-bfc2-c746aa5c03ad with <0> Job and <1> Queues
I0714 09:21:59.981141       1 enqueue.go:79] Try to enqueue PodGroup to 0 Queues
I0714 09:21:59.981225       1 allocate.go:64] Try to allocate resource to 0 Queues
I0714 09:21:59.981433       1 session.go:244] Close Session e596cd56-6ced-4a5c-bfc2-c746aa5c03ad
I0714 09:22:00.983829       1 cache.go:1363] There are <0> Jobs, <1> Queues and <5> Nodes in total for scheduling.
I0714 09:22:00.983995       1 session.go:190] Open Session 21180cc8-43e4-4444-991e-acaeb6339d11 with <0> Job and <1> Queues
I0714 09:22:00.985808       1 enqueue.go:79] Try to enqueue PodGroup to 0 Queues
I0714 09:22:00.985881       1 allocate.go:64] Try to allocate resource to 0 Queues
I0714 09:22:00.986102       1 session.go:244] Close Session 21180cc8-43e4-4444-991e-acaeb6339d11
W0714 09:22:01.956211       1 event_handlers.go:181] Not support non-csi pvc.
I0714 09:22:01.956390       1 event_handlers.go:387] Added pod <default/yolo-cls> into cache.
W0714 09:22:01.983741       1 event_handlers.go:181] Not support non-csi pvc.
I0714 09:22:01.988657       1 cache.go:1363] There are <1> Jobs, <1> Queues and <5> Nodes in total for scheduling.
I0714 09:22:01.988774       1 session.go:190] Open Session 4392f568-3189-4164-8eaa-a32ef064ee88 with <1> Job and <1> Queues
I0714 09:22:01.990915       1 enqueue.go:79] Try to enqueue PodGroup to 1 Queues
I0714 09:22:01.991177       1 allocate.go:64] Try to allocate resource to 1 Queues
I0714 09:22:01.991232       1 allocate.go:129] Try to allocate resource to Jobs in Queue <default>
I0714 09:22:01.991265       1 allocate.go:161] Try to allocate resource to 1 tasks of Job <default/podgroup-067a66d9-1e3f-4905-909e-511ab0318429>
I0714 09:22:01.991330       1 allocate.go:181] There are <5> nodes for Job <default/podgroup-067a66d9-1e3f-4905-909e-511ab0318429>
I0714 09:22:01.991607       1 predicate_helper.go:75] Predicates failed: task default/yolo-cls on node gpu-master fit failed: Insufficient nvidia.com/gpu
I0714 09:22:01.992151       1 predicate_helper.go:75] Predicates failed: task default/yolo-cls on node gpuorin4-desktop fit failed: plugin NodeAffinity predicates failed node(s) didn't match Pod's node affinity/selector
I0714 09:22:01.992151       1 predicate_helper.go:75] Predicates failed: task default/yolo-cls on node gpuorin5-desktop fit failed: plugin NodeAffinity predicates failed node(s) didn't match Pod's node affinity/selector
I0714 09:22:01.993319       1 allocate.go:249] Binding Task <default/yolo-cls> to node <gpu-orin2>
I0714 09:22:01.993544       1 statement.go:266] After allocated Task <default/yolo-cls> to Node <gpu-orin2>: idle <cpu 5900.00, memory 7832690688.00, hugepages-64Ki 0.00, hugepages-2Mi 0.00, ephemeral-storage 225118140453000.00, hugepages-1Gi 0.00, nvidia.com/gpu 4000.00, pods 105.00, hugepages-32Mi 0.00>, used <cpu 100.00, memory 52428800.00, pods 5.00, nvidia.com/gpu 1000.00>, releasing <cpu 0.00, memory 0.00>
I0714 09:22:01.994017       1 statement.go:284] Allocating operations ...
I0714 09:22:01.994135       1 statement.go:378] Committing operations ...
I0714 09:22:01.994260       1 proportion.go:302] Queue <default>: deserved <cpu 0.00, memory 0.00, nvidia.com/gpu 1000.00, pods 1.00>, allocated <cpu 0.00, memory 0.00, nvidia.com/gpu 1000.00, pods 1.00>, share <1>
I0714 09:22:01.994321       1 allocate.go:125] Queue <default> is overused, ignore it.
I0714 09:22:02.002064       1 session.go:244] Close Session 4392f568-3189-4164-8eaa-a32ef064ee88
I0714 09:22:02.017907       1 cache.go:900] bind ok, latency 9.415832ms
W0714 09:22:02.019639       1 event_handlers.go:181] Not support non-csi pvc.
W0714 09:22:02.060683       1 event_handlers.go:181] Not support non-csi pvc.
W0714 09:22:02.599185       1 event_handlers.go:181] Not support non-csi pvc.
I0714 09:22:02.601969       1 event_handlers.go:442] Deleted pod <default/yolo-cls> from cache.
I0714 09:22:02.614620       1 cache.go:1013] Try to delete Job <default/podgroup-067a66d9-1e3f-4905-909e-511ab0318429:default/podgroup-067a66d9-1e3f-4905-909e-511ab0318429>
I0714 09:22:02.615012       1 cache.go:1054] Job <default/podgroup-067a66d9-1e3f-4905-909e-511ab0318429:default/podgroup-067a66d9-1e3f-4905-909e-511ab0318429> was deleted.
W0714 09:22:02.729538       1 event_handlers.go:181] Not support non-csi pvc.
I0714 09:22:02.729703       1 event_handlers.go:387] Added pod <default/yolo-cls> into cache.
W0714 09:22:02.771023       1 event_handlers.go:181] Not support non-csi pvc.
I0714 09:22:03.004754       1 cache.go:1363] There are <0> Jobs, <1> Queues and <5> Nodes in total for scheduling.
I0714 09:22:03.004922       1 session.go:190] Open Session d07b33b7-c163-453f-aa58-f59b2e56ad37 with <0> Job and <1> Queues
I0714 09:22:03.007207       1 enqueue.go:79] Try to enqueue PodGroup to 0 Queues
I0714 09:22:03.007303       1 allocate.go:64] Try to allocate resource to 0 Queues
I0714 09:22:03.007543       1 session.go:244] Close Session d07b33b7-c163-453f-aa58-f59b2e56ad37
I0714 09:22:04.009855       1 cache.go:1363] There are <0> Jobs, <1> Queues and <5> Nodes in total for scheduling.
I0714 09:22:04.010035       1 session.go:190] Open Session d2d88736-27d7-447a-8b76-c0bd5ab4ed7e with <0> Job and <1> Queues
I0714 09:22:04.011871       1 enqueue.go:79] Try to enqueue PodGroup to 0 Queues
I0714 09:22:04.011940       1 allocate.go:64] Try to allocate resource to 0 Queues
I0714 09:22:04.012141       1 session.go:244] Close Session d2d88736-27d7-447a-8b76-c0bd5ab4ed7e
W0714 09:22:04.629734       1 event_handlers.go:181] Not support non-csi pvc.
I0714 09:22:05.014496       1 cache.go:1363] There are <0> Jobs, <1> Queues and <5> Nodes in total for scheduling.
I0714 09:22:05.014620       1 session.go:190] Open Session ca94dd4e-35fa-4bd4-a61c-86844790da2f with <0> Job and <1> Queues
I0714 09:22:05.016420       1 enqueue.go:79] Try to enqueue PodGroup to 0 Queues
I0714 09:22:05.016490       1 allocate.go:64] Try to allocate resource to 0 Queues
I0714 09:22:05.016690       1 session.go:244] Close Session ca94dd4e-35fa-4bd4-a61c-86844790da2f
I0714 09:22:06.019362       1 cache.go:1363] There are <0> Jobs, <1> Queues and <5> Nodes in total for scheduling.
I0714 09:22:06.019540       1 session.go:190] Open Session c0491660-8580-44fc-a2fa-6ff1de6620de with <0> Job and <1> Queues
I0714 09:22:06.021363       1 enqueue.go:79] Try to enqueue PodGroup to 0 Queues
I0714 09:22:06.021437       1 allocate.go:64] Try to allocate resource to 0 Queues
I0714 09:22:06.021657       1 session.go:244] Close Session c0491660-8580-44fc-a2fa-6ff1de6620de
I0714 09:22:06.659487       1 cache.go:1489] The metrics type is not set in the volcano scheduler configmap file. As a result, the CPU and memory load information of the node is not collected.
I0714 09:22:07.024559       1 cache.go:1363] There are <0> Jobs, <1> Queues and <5> Nodes in total for scheduling.
I0714 09:22:07.024754       1 session.go:190] Open Session 9cb3d4b0-e664-480d-9c61-43b7d04750b3 with <0> Job and <1> Queues
I0714 09:22:07.026554       1 enqueue.go:79] Try to enqueue PodGroup to 0 Queues
I0714 09:22:07.026640       1 allocate.go:64] Try to allocate resource to 0 Queues
I0714 09:22:07.026848       1 session.go:244] Close Session 9cb3d4b0-e664-480d-9c61-43b7d04750b3
I0714 09:22:08.029796       1 cache.go:1363] There are <0> Jobs, <1> Queues and <5> Nodes in total for scheduling.
I0714 09:22:08.029971       1 session.go:190] Open Session f419985a-d699-4154-967e-6e5e77fea7e2 with <0> Job and <1> Queues
I0714 09:22:08.031813       1 enqueue.go:79] Try to enqueue PodGroup to 0 Queues
I0714 09:22:08.031897       1 allocate.go:64] Try to allocate resource to 0 Queues
I0714 09:22:08.032129       1 session.go:244] Close Session f419985a-d699-4154-967e-6e5e77fea7e2
W0714 09:22:08.179068       1 event_handlers.go:181] Not support non-csi pvc.
I0714 09:22:08.179179       1 event_handlers.go:387] Added pod <default/yolo-det> into cache.
W0714 09:22:08.204555       1 event_handlers.go:181] Not support non-csi pvc.
I0714 09:22:09.034688       1 cache.go:1363] There are <1> Jobs, <1> Queues and <5> Nodes in total for scheduling.
I0714 09:22:09.034867       1 session.go:190] Open Session b8a5a806-1058-4571-be2a-27b89ad97ba4 with <1> Job and <1> Queues
I0714 09:22:09.037500       1 enqueue.go:79] Try to enqueue PodGroup to 1 Queues
I0714 09:22:09.037783       1 allocate.go:64] Try to allocate resource to 1 Queues
I0714 09:22:09.037837       1 allocate.go:129] Try to allocate resource to Jobs in Queue <default>
I0714 09:22:09.037872       1 allocate.go:161] Try to allocate resource to 1 tasks of Job <default/podgroup-88192dde-c458-45e2-81f2-d0b145389dad>
I0714 09:22:09.037919       1 allocate.go:181] There are <5> nodes for Job <default/podgroup-88192dde-c458-45e2-81f2-d0b145389dad>
I0714 09:22:09.038255       1 predicate_helper.go:75] Predicates failed: task default/yolo-det on node gpu-master fit failed: Insufficient nvidia.com/gpu
I0714 09:22:09.038592       1 predicate_helper.go:75] Predicates failed: task default/yolo-det on node gpuorin4-desktop fit failed: plugin NodeAffinity predicates failed node(s) didn't match Pod's node affinity/selector
I0714 09:22:09.038625       1 predicate_helper.go:75] Predicates failed: task default/yolo-det on node gpuorin5-desktop fit failed: plugin NodeAffinity predicates failed node(s) didn't match Pod's node affinity/selector
I0714 09:22:09.039695       1 allocate.go:249] Binding Task <default/yolo-det> to node <gpu-orin3>
I0714 09:22:09.039942       1 statement.go:266] After allocated Task <default/yolo-det> to Node <gpu-orin3>: idle <cpu 5900.00, memory 7832723456.00, pods 105.00, hugepages-1Gi 0.00, hugepages-64Ki 0.00, hugepages-2Mi 0.00, hugepages-32Mi 0.00, nvidia.com/gpu 4000.00, ephemeral-storage 111715275387000.00>, used <cpu 100.00, memory 52428800.00, nvidia.com/gpu 1000.00, pods 5.00>, releasing <cpu 0.00, memory 0.00>
I0714 09:22:09.040493       1 statement.go:284] Allocating operations ...
I0714 09:22:09.040620       1 statement.go:378] Committing operations ...
I0714 09:22:09.040748       1 proportion.go:302] Queue <default>: deserved <cpu 0.00, memory 0.00, nvidia.com/gpu 1000.00, pods 1.00>, allocated <cpu 0.00, memory 0.00, pods 1.00, nvidia.com/gpu 1000.00>, share <1>
I0714 09:22:09.040830       1 allocate.go:125] Queue <default> is overused, ignore it.
I0714 09:22:09.055284       1 session.go:244] Close Session b8a5a806-1058-4571-be2a-27b89ad97ba4
I0714 09:22:09.068905       1 cache.go:900] bind ok, latency 12.839592ms
W0714 09:22:09.070756       1 event_handlers.go:181] Not support non-csi pvc.
W0714 09:22:09.108816       1 event_handlers.go:181] Not support non-csi pvc.
W0714 09:22:09.390499       1 event_handlers.go:181] Not support non-csi pvc.
I0714 09:22:09.394654       1 event_handlers.go:442] Deleted pod <default/yolo-det> from cache.
I0714 09:22:09.403118       1 cache.go:1013] Try to delete Job <default/podgroup-88192dde-c458-45e2-81f2-d0b145389dad:default/podgroup-88192dde-c458-45e2-81f2-d0b145389dad>
I0714 09:22:09.403363       1 cache.go:1054] Job <default/podgroup-88192dde-c458-45e2-81f2-d0b145389dad:default/podgroup-88192dde-c458-45e2-81f2-d0b145389dad> was deleted.
W0714 09:22:09.541006       1 event_handlers.go:181] Not support non-csi pvc.
I0714 09:22:09.541146       1 event_handlers.go:387] Added pod <default/yolo-det> into cache.
W0714 09:22:09.569151       1 event_handlers.go:181] Not support non-csi pvc.
I0714 09:22:10.057575       1 cache.go:1363] There are <0> Jobs, <1> Queues and <5> Nodes in total for scheduling.
I0714 09:22:10.057703       1 session.go:190] Open Session 9985e734-c5ac-4867-bded-4cc420c15a5b with <0> Job and <1> Queues
I0714 09:22:10.059575       1 enqueue.go:79] Try to enqueue PodGroup to 0 Queues
I0714 09:22:10.059653       1 allocate.go:64] Try to allocate resource to 0 Queues
I0714 09:22:10.059887       1 session.go:244] Close Session 9985e734-c5ac-4867-bded-4cc420c15a5b
I0714 09:22:11.062569       1 cache.go:1363] There are <0> Jobs, <1> Queues and <5> Nodes in total for scheduling.
I0714 09:22:11.062754       1 session.go:190] Open Session d824ed01-03ed-4cf8-96b9-ae50c5b24b90 with <0> Job and <1> Queues
I0714 09:22:11.064686       1 enqueue.go:79] Try to enqueue PodGroup to 0 Queues
I0714 09:22:11.064762       1 allocate.go:64] Try to allocate resource to 0 Queues
I0714 09:22:11.065235       1 session.go:244] Close Session d824ed01-03ed-4cf8-96b9-ae50c5b24b90
W0714 09:22:12.009510       1 event_handlers.go:181] Not support non-csi pvc.
I0714 09:22:12.067240       1 cache.go:1363] There are <0> Jobs, <1> Queues and <5> Nodes in total for scheduling.
I0714 09:22:12.067350       1 session.go:190] Open Session 8f0014d4-8d0b-4c11-bea4-0c720505f8ef with <0> Job and <1> Queues
I0714 09:22:12.069438       1 enqueue.go:79] Try to enqueue PodGroup to 0 Queues
I0714 09:22:12.069519       1 allocate.go:64] Try to allocate resource to 0 Queues
I0714 09:22:12.069730       1 session.go:244] Close Session 8f0014d4-8d0b-4c11-bea4-0c720505f8ef
I0714 09:22:13.072595       1 cache.go:1363] There are <0> Jobs, <1> Queues and <5> Nodes in total for scheduling.
I0714 09:22:13.072778       1 session.go:190] Open Session 860a684b-30d1-4a73-8769-4bb0457ac7fc with <0> Job and <1> Queues
I0714 09:22:13.074593       1 enqueue.go:79] Try to enqueue PodGroup to 0 Queues
I0714 09:22:13.074666       1 allocate.go:64] Try to allocate resource to 0 Queues
I0714 09:22:13.075012       1 session.go:244] Close Session 860a684b-30d1-4a73-8769-4bb0457ac7fc
I0714 09:22:14.077505       1 cache.go:1363] There are <0> Jobs, <1> Queues and <5> Nodes in total for scheduling.
I0714 09:22:14.077699       1 session.go:190] Open Session d7adac7a-6d3d-4cc7-90b8-e5880784add1 with <0> Job and <1> Queues
I0714 09:22:14.079565       1 enqueue.go:79] Try to enqueue PodGroup to 0 Queues
I0714 09:22:14.079632       1 allocate.go:64] Try to allocate resource to 0 Queues
I0714 09:22:14.079865       1 session.go:244] Close Session d7adac7a-6d3d-4cc7-90b8-e5880784add1
I0714 09:22:15.082379       1 cache.go:1363] There are <0> Jobs, <1> Queues and <5> Nodes in total for scheduling.
I0714 09:22:15.082556       1 session.go:190] Open Session e3acf6a6-74eb-4fd1-8723-78e5c26fef72 with <0> Job and <1> Queues
I0714 09:22:15.084375       1 enqueue.go:79] Try to enqueue PodGroup to 0 Queues
I0714 09:22:15.084455       1 allocate.go:64] Try to allocate resource to 0 Queues
I0714 09:22:15.084671       1 session.go:244] Close Session e3acf6a6-74eb-4fd1-8723-78e5c26fef72
W0714 09:22:15.700967       1 event_handlers.go:181] Not support non-csi pvc.
I0714 09:22:15.701082       1 event_handlers.go:387] Added pod <default/yolo-seg> into cache.
W0714 09:22:15.727678       1 event_handlers.go:181] Not support non-csi pvc.
I0714 09:22:16.087024       1 cache.go:1363] There are <1> Jobs, <1> Queues and <5> Nodes in total for scheduling.
I0714 09:22:16.087156       1 session.go:190] Open Session 664c3786-3072-42a7-ab7d-745264a65fdf with <1> Job and <1> Queues
I0714 09:22:16.089528       1 enqueue.go:79] Try to enqueue PodGroup to 1 Queues
I0714 09:22:16.089790       1 allocate.go:64] Try to allocate resource to 1 Queues
I0714 09:22:16.089853       1 allocate.go:129] Try to allocate resource to Jobs in Queue <default>
I0714 09:22:16.089890       1 allocate.go:161] Try to allocate resource to 1 tasks of Job <default/podgroup-64d73758-37c9-449d-8021-bbff5e532445>
I0714 09:22:16.089933       1 allocate.go:181] There are <5> nodes for Job <default/podgroup-64d73758-37c9-449d-8021-bbff5e532445>
I0714 09:22:16.090300       1 predicate_helper.go:75] Predicates failed: task default/yolo-seg on node gpu-master fit failed: Insufficient nvidia.com/gpu
I0714 09:22:16.090604       1 predicate_helper.go:75] Predicates failed: task default/yolo-seg on node gpuorin4-desktop fit failed: plugin NodeAffinity predicates failed node(s) didn't match Pod's node affinity/selector
I0714 09:22:16.090680       1 predicate_helper.go:75] Predicates failed: task default/yolo-seg on node gpuorin5-desktop fit failed: plugin NodeAffinity predicates failed node(s) didn't match Pod's node affinity/selector
I0714 09:22:16.091280       1 allocate.go:249] Binding Task <default/yolo-seg> to node <gpu-orin3>
I0714 09:22:16.091480       1 statement.go:266] After allocated Task <default/yolo-seg> to Node <gpu-orin3>: idle <cpu 5900.00, memory 7832723456.00, hugepages-2Mi 0.00, hugepages-32Mi 0.00, hugepages-1Gi 0.00, hugepages-64Ki 0.00, pods 104.00, nvidia.com/gpu 3000.00, ephemeral-storage 111715275387000.00>, used <cpu 100.00, memory 52428800.00, pods 6.00, nvidia.com/gpu 2000.00>, releasing <cpu 0.00, memory 0.00>
I0714 09:22:16.091922       1 statement.go:284] Allocating operations ...
I0714 09:22:16.092047       1 statement.go:378] Committing operations ...
I0714 09:22:16.092165       1 proportion.go:302] Queue <default>: deserved <cpu 0.00, memory 0.00, pods 1.00, nvidia.com/gpu 1000.00>, allocated <cpu 0.00, memory 0.00, pods 1.00, nvidia.com/gpu 1000.00>, share <1>
I0714 09:22:16.092220       1 allocate.go:125] Queue <default> is overused, ignore it.
I0714 09:22:16.102828       1 session.go:244] Close Session 664c3786-3072-42a7-ab7d-745264a65fdf
I0714 09:22:16.112863       1 cache.go:900] bind ok, latency 11.977555ms
W0714 09:22:16.114706       1 event_handlers.go:181] Not support non-csi pvc.
W0714 09:22:16.149545       1 event_handlers.go:181] Not support non-csi pvc.
W0714 09:22:16.358399       1 event_handlers.go:181] Not support non-csi pvc.
I0714 09:22:16.361456       1 event_handlers.go:442] Deleted pod <default/yolo-seg> from cache.
I0714 09:22:16.369464       1 cache.go:1013] Try to delete Job <default/podgroup-64d73758-37c9-449d-8021-bbff5e532445:default/podgroup-64d73758-37c9-449d-8021-bbff5e532445>
I0714 09:22:16.369663       1 cache.go:1054] Job <default/podgroup-64d73758-37c9-449d-8021-bbff5e532445:default/podgroup-64d73758-37c9-449d-8021-bbff5e532445> was deleted.
W0714 09:22:16.511639       1 event_handlers.go:181] Not support non-csi pvc.
I0714 09:22:16.511764       1 event_handlers.go:387] Added pod <default/yolo-seg> into cache.
W0714 09:22:16.539291       1 event_handlers.go:181] Not support non-csi pvc.
I0714 09:22:17.105520       1 cache.go:1363] There are <0> Jobs, <1> Queues and <5> Nodes in total for scheduling.
I0714 09:22:17.105662       1 session.go:190] Open Session 9b2e3680-2228-4def-830d-8713a31dcc84 with <0> Job and <1> Queues
I0714 09:22:17.107445       1 enqueue.go:79] Try to enqueue PodGroup to 0 Queues
I0714 09:22:17.107524       1 allocate.go:64] Try to allocate resource to 0 Queues
I0714 09:22:17.107733       1 session.go:244] Close Session 9b2e3680-2228-4def-830d-8713a31dcc84
I0714 09:22:18.110817       1 cache.go:1363] There are <0> Jobs, <1> Queues and <5> Nodes in total for scheduling.
I0714 09:22:18.110993       1 session.go:190] Open Session 4683ec30-7383-45c4-b24a-3f14acfc3058 with <0> Job and <1> Queues
I0714 09:22:18.112889       1 enqueue.go:79] Try to enqueue PodGroup to 0 Queues
I0714 09:22:18.112964       1 allocate.go:64] Try to allocate resource to 0 Queues
I0714 09:22:18.113169       1 session.go:244] Close Session 4683ec30-7383-45c4-b24a-3f14acfc3058
W0714 09:22:19.050233       1 event_handlers.go:181] Not support non-csi pvc.
I0714 09:22:19.115389       1 cache.go:1363] There are <0> Jobs, <1> Queues and <5> Nodes in total for scheduling.
I0714 09:22:19.115505       1 session.go:190] Open Session 5488411a-7478-4e51-8a79-d3546f494118 with <0> Job and <1> Queues
I0714 09:22:19.117366       1 enqueue.go:79] Try to enqueue PodGroup to 0 Queues
I0714 09:22:19.117448       1 allocate.go:64] Try to allocate resource to 0 Queues
I0714 09:22:19.117669       1 session.go:244] Close Session 5488411a-7478-4e51-8a79-d3546f494118
I0714 09:22:20.119564       1 cache.go:1363] There are <0> Jobs, <1> Queues and <5> Nodes in total for scheduling.
I0714 09:22:20.119684       1 session.go:190] Open Session 57b45e6f-a692-4d24-a458-e9f416d571fb with <0> Job and <1> Queues
I0714 09:22:20.121181       1 enqueue.go:79] Try to enqueue PodGroup to 0 Queues
I0714 09:22:20.121259       1 allocate.go:64] Try to allocate resource to 0 Queues
I0714 09:22:20.121459       1 session.go:244] Close Session 57b45e6f-a692-4d24-a458-e9f416d571fb
I0714 09:22:21.123955       1 cache.go:1363] There are <0> Jobs, <1> Queues and <5> Nodes in total for scheduling.
I0714 09:22:21.124075       1 session.go:190] Open Session b9ec1e05-84cc-4e25-bf06-0c1abdff5b06 with <0> Job and <1> Queues
I0714 09:22:21.125547       1 enqueue.go:79] Try to enqueue PodGroup to 0 Queues
I0714 09:22:21.125613       1 allocate.go:64] Try to allocate resource to 0 Queues
I0714 09:22:21.125794       1 session.go:244] Close Session b9ec1e05-84cc-4e25-bf06-0c1abdff5b06
I0714 09:22:22.128375       1 cache.go:1363] There are <0> Jobs, <1> Queues and <5> Nodes in total for scheduling.
I0714 09:22:22.128592       1 session.go:190] Open Session dfa49d69-0a13-47b7-9c6e-abef5967e725 with <0> Job and <1> Queues
I0714 09:22:22.130564       1 enqueue.go:79] Try to enqueue PodGroup to 0 Queues
I0714 09:22:22.130639       1 allocate.go:64] Try to allocate resource to 0 Queues
I0714 09:22:22.130871       1 session.go:244] Close Session dfa49d69-0a13-47b7-9c6e-abef5967e725
W0714 09:22:22.676439       1 event_handlers.go:181] Not support non-csi pvc.
I0714 09:22:22.676561       1 event_handlers.go:387] Added pod <default/yolo-obb> into cache.
W0714 09:22:22.701811       1 event_handlers.go:181] Not support non-csi pvc.
I0714 09:22:23.134228       1 cache.go:1363] There are <1> Jobs, <1> Queues and <5> Nodes in total for scheduling.
I0714 09:22:23.134403       1 session.go:190] Open Session 135f509d-b717-49a1-b8e4-29bca96011eb with <1> Job and <1> Queues
I0714 09:22:23.136671       1 enqueue.go:79] Try to enqueue PodGroup to 1 Queues
I0714 09:22:23.136920       1 allocate.go:64] Try to allocate resource to 1 Queues
I0714 09:22:23.136978       1 allocate.go:129] Try to allocate resource to Jobs in Queue <default>
I0714 09:22:23.137022       1 allocate.go:161] Try to allocate resource to 1 tasks of Job <default/podgroup-77235086-1542-45a1-b643-6dc91482d9ce>
I0714 09:22:23.137080       1 allocate.go:181] There are <5> nodes for Job <default/podgroup-77235086-1542-45a1-b643-6dc91482d9ce>
I0714 09:22:23.137387       1 predicate_helper.go:75] Predicates failed: task default/yolo-obb on node gpu-master fit failed: Insufficient nvidia.com/gpu
I0714 09:22:23.137729       1 predicate_helper.go:75] Predicates failed: task default/yolo-obb on node gpuorin4-desktop fit failed: plugin NodeAffinity predicates failed node(s) didn't match Pod's node affinity/selector
I0714 09:22:23.137833       1 predicate_helper.go:75] Predicates failed: task default/yolo-obb on node gpuorin5-desktop fit failed: plugin NodeAffinity predicates failed node(s) didn't match Pod's node affinity/selector
I0714 09:22:23.138426       1 allocate.go:249] Binding Task <default/yolo-obb> to node <gpu-orin2>
I0714 09:22:23.138616       1 statement.go:266] After allocated Task <default/yolo-obb> to Node <gpu-orin2>: idle <cpu 5900.00, memory 7832690688.00, hugepages-32Mi 0.00, hugepages-64Ki 0.00, nvidia.com/gpu 3000.00, ephemeral-storage 225118140453000.00, hugepages-1Gi 0.00, hugepages-2Mi 0.00, pods 104.00>, used <cpu 100.00, memory 52428800.00, pods 6.00, nvidia.com/gpu 2000.00>, releasing <cpu 0.00, memory 0.00>
I0714 09:22:23.139035       1 statement.go:284] Allocating operations ...
I0714 09:22:23.139165       1 statement.go:378] Committing operations ...
I0714 09:22:23.139290       1 proportion.go:302] Queue <default>: deserved <cpu 0.00, memory 0.00, nvidia.com/gpu 1000.00, pods 1.00>, allocated <cpu 0.00, memory 0.00, nvidia.com/gpu 1000.00, pods 1.00>, share <1>
I0714 09:22:23.139346       1 allocate.go:125] Queue <default> is overused, ignore it.
I0714 09:22:23.157072       1 session.go:244] Close Session 135f509d-b717-49a1-b8e4-29bca96011eb
I0714 09:22:23.168336       1 cache.go:900] bind ok, latency 19.165497ms
W0714 09:22:23.170395       1 event_handlers.go:181] Not support non-csi pvc.
W0714 09:22:23.209089       1 event_handlers.go:181] Not support non-csi pvc.
W0714 09:22:23.322589       1 event_handlers.go:181] Not support non-csi pvc.
I0714 09:22:23.332573       1 event_handlers.go:442] Deleted pod <default/yolo-obb> from cache.
I0714 09:22:23.339730       1 cache.go:1013] Try to delete Job <default/podgroup-77235086-1542-45a1-b643-6dc91482d9ce:default/podgroup-77235086-1542-45a1-b643-6dc91482d9ce>
I0714 09:22:23.339963       1 cache.go:1054] Job <default/podgroup-77235086-1542-45a1-b643-6dc91482d9ce:default/podgroup-77235086-1542-45a1-b643-6dc91482d9ce> was deleted.
W0714 09:22:23.471775       1 event_handlers.go:181] Not support non-csi pvc.
I0714 09:22:23.471948       1 event_handlers.go:387] Added pod <default/yolo-obb> into cache.
W0714 09:22:23.509718       1 event_handlers.go:181] Not support non-csi pvc.
I0714 09:22:24.159361       1 cache.go:1363] There are <0> Jobs, <1> Queues and <5> Nodes in total for scheduling.
I0714 09:22:24.159547       1 session.go:190] Open Session 71d0e64a-93b5-4a5a-ac77-9f8fc7541c47 with <0> Job and <1> Queues
I0714 09:22:24.161492       1 enqueue.go:79] Try to enqueue PodGroup to 0 Queues
I0714 09:22:24.161564       1 allocate.go:64] Try to allocate resource to 0 Queues
I0714 09:22:24.161786       1 session.go:244] Close Session 71d0e64a-93b5-4a5a-ac77-9f8fc7541c47
I0714 09:22:25.164232       1 cache.go:1363] There are <0> Jobs, <1> Queues and <5> Nodes in total for scheduling.
I0714 09:22:25.164458       1 session.go:190] Open Session 9916f3c0-a828-4256-92a2-e4b2aaed2612 with <0> Job and <1> Queues
I0714 09:22:25.166374       1 enqueue.go:79] Try to enqueue PodGroup to 0 Queues
I0714 09:22:25.166442       1 allocate.go:64] Try to allocate resource to 0 Queues
I0714 09:22:25.167074       1 session.go:244] Close Session 9916f3c0-a828-4256-92a2-e4b2aaed2612
W0714 09:22:25.720491       1 event_handlers.go:181] Not support non-csi pvc.
I0714 09:22:26.169294       1 cache.go:1363] There are <0> Jobs, <1> Queues and <5> Nodes in total for scheduling.
I0714 09:22:26.169433       1 session.go:190] Open Session 881ae162-61ee-4d32-b68c-cd4a5ec409b1 with <0> Job and <1> Queues
I0714 09:22:26.171414       1 enqueue.go:79] Try to enqueue PodGroup to 0 Queues
I0714 09:22:26.171489       1 allocate.go:64] Try to allocate resource to 0 Queues
I0714 09:22:26.171718       1 session.go:244] Close Session 881ae162-61ee-4d32-b68c-cd4a5ec409b1
I0714 09:22:27.174143       1 cache.go:1363] There are <0> Jobs, <1> Queues and <5> Nodes in total for scheduling.
I0714 09:22:27.174274       1 session.go:190] Open Session 50adc527-1fa9-4509-84dc-233b99a8612d with <0> Job and <1> Queues
I0714 09:22:27.176077       1 enqueue.go:79] Try to enqueue PodGroup to 0 Queues
I0714 09:22:27.176153       1 allocate.go:64] Try to allocate resource to 0 Queues
I0714 09:22:27.176379       1 session.go:244] Close Session 50adc527-1fa9-4509-84dc-233b99a8612d
I0714 09:22:28.179578       1 cache.go:1363] There are <0> Jobs, <1> Queues and <5> Nodes in total for scheduling.
I0714 09:22:28.179783       1 session.go:190] Open Session 5169eccd-9484-40ff-a2e5-8a7bba560fdd with <0> Job and <1> Queues
I0714 09:22:28.181712       1 enqueue.go:79] Try to enqueue PodGroup to 0 Queues
I0714 09:22:28.181784       1 allocate.go:64] Try to allocate resource to 0 Queues
I0714 09:22:28.182004       1 session.go:244] Close Session 5169eccd-9484-40ff-a2e5-8a7bba560fdd
I0714 09:22:29.184384       1 cache.go:1363] There are <0> Jobs, <1> Queues and <5> Nodes in total for scheduling.
I0714 09:22:29.184591       1 session.go:190] Open Session 4326abcf-03a8-4dc2-8a8b-2695aba13278 with <0> Job and <1> Queues
I0714 09:22:29.186520       1 enqueue.go:79] Try to enqueue PodGroup to 0 Queues
I0714 09:22:29.186592       1 allocate.go:64] Try to allocate resource to 0 Queues
I0714 09:22:29.186823       1 session.go:244] Close Session 4326abcf-03a8-4dc2-8a8b-2695aba13278
W0714 09:22:29.547134       1 event_handlers.go:181] Not support non-csi pvc.
I0714 09:22:29.547256       1 event_handlers.go:387] Added pod <default/yolo-pos> into cache.
W0714 09:22:29.573129       1 event_handlers.go:181] Not support non-csi pvc.
I0714 09:22:30.189846       1 cache.go:1363] There are <1> Jobs, <1> Queues and <5> Nodes in total for scheduling.
I0714 09:22:30.189994       1 session.go:190] Open Session 1a926a78-fd99-40d1-b67d-b780bcf07503 with <1> Job and <1> Queues
I0714 09:22:30.192441       1 enqueue.go:79] Try to enqueue PodGroup to 1 Queues
I0714 09:22:30.192856       1 allocate.go:64] Try to allocate resource to 1 Queues
I0714 09:22:30.192912       1 allocate.go:129] Try to allocate resource to Jobs in Queue <default>
I0714 09:22:30.193134       1 allocate.go:161] Try to allocate resource to 1 tasks of Job <default/podgroup-125eb1d2-4308-414e-80f9-7fd336923639>
I0714 09:22:30.193193       1 allocate.go:181] There are <5> nodes for Job <default/podgroup-125eb1d2-4308-414e-80f9-7fd336923639>
I0714 09:22:30.193565       1 predicate_helper.go:75] Predicates failed: task default/yolo-pos on node gpu-master fit failed: Insufficient nvidia.com/gpu
I0714 09:22:30.193848       1 predicate_helper.go:75] Predicates failed: task default/yolo-pos on node gpuorin4-desktop fit failed: plugin NodeAffinity predicates failed node(s) didn't match Pod's node affinity/selector
I0714 09:22:30.193921       1 predicate_helper.go:75] Predicates failed: task default/yolo-pos on node gpuorin5-desktop fit failed: plugin NodeAffinity predicates failed node(s) didn't match Pod's node affinity/selector
I0714 09:22:30.194932       1 allocate.go:249] Binding Task <default/yolo-pos> to node <gpu-orin3>
I0714 09:22:30.195202       1 statement.go:266] After allocated Task <default/yolo-pos> to Node <gpu-orin3>: idle <cpu 5900.00, memory 7832723456.00, nvidia.com/gpu 2000.00, ephemeral-storage 111715275387000.00, hugepages-2Mi 0.00, hugepages-32Mi 0.00, hugepages-1Gi 0.00, hugepages-64Ki 0.00, pods 103.00>, used <cpu 100.00, memory 52428800.00, pods 7.00, nvidia.com/gpu 3000.00>, releasing <cpu 0.00, memory 0.00>
I0714 09:22:30.195679       1 statement.go:284] Allocating operations ...
I0714 09:22:30.195806       1 statement.go:378] Committing operations ...
I0714 09:22:30.195958       1 proportion.go:302] Queue <default>: deserved <cpu 0.00, memory 0.00, pods 1.00, nvidia.com/gpu 1000.00>, allocated <cpu 0.00, memory 0.00, nvidia.com/gpu 1000.00, pods 1.00>, share <1>
I0714 09:22:30.196032       1 allocate.go:125] Queue <default> is overused, ignore it.
I0714 09:22:30.209495       1 cache.go:900] bind ok, latency 11.841392ms
W0714 09:22:30.211627       1 event_handlers.go:181] Not support non-csi pvc.
I0714 09:22:30.212158       1 session.go:244] Close Session 1a926a78-fd99-40d1-b67d-b780bcf07503
W0714 09:22:30.243292       1 event_handlers.go:181] Not support non-csi pvc.
W0714 09:22:30.796622       1 event_handlers.go:181] Not support non-csi pvc.
I0714 09:22:30.803233       1 event_handlers.go:442] Deleted pod <default/yolo-pos> from cache.
I0714 09:22:30.814425       1 cache.go:1013] Try to delete Job <default/podgroup-125eb1d2-4308-414e-80f9-7fd336923639:default/podgroup-125eb1d2-4308-414e-80f9-7fd336923639>
I0714 09:22:30.814620       1 cache.go:1054] Job <default/podgroup-125eb1d2-4308-414e-80f9-7fd336923639:default/podgroup-125eb1d2-4308-414e-80f9-7fd336923639> was deleted.
W0714 09:22:31.003383       1 event_handlers.go:181] Not support non-csi pvc.
I0714 09:22:31.003515       1 event_handlers.go:387] Added pod <default/yolo-pos> into cache.
W0714 09:22:31.046401       1 event_handlers.go:181] Not support non-csi pvc.
I0714 09:22:31.214984       1 cache.go:1363] There are <0> Jobs, <1> Queues and <5> Nodes in total for scheduling.
I0714 09:22:31.215101       1 session.go:190] Open Session 607f8670-b0de-4e38-bef5-c4bd565b41d9 with <0> Job and <1> Queues
I0714 09:22:31.216989       1 enqueue.go:79] Try to enqueue PodGroup to 0 Queues
I0714 09:22:31.217067       1 allocate.go:64] Try to allocate resource to 0 Queues
I0714 09:22:31.217274       1 session.go:244] Close Session 607f8670-b0de-4e38-bef5-c4bd565b41d9
I0714 09:22:32.222215       1 cache.go:1363] There are <0> Jobs, <1> Queues and <5> Nodes in total for scheduling.
I0714 09:22:32.222453       1 session.go:190] Open Session 95cb727a-7498-4e4f-b708-e5aac4a5bf42 with <0> Job and <1> Queues
I0714 09:22:32.224738       1 enqueue.go:79] Try to enqueue PodGroup to 0 Queues
I0714 09:22:32.224836       1 allocate.go:64] Try to allocate resource to 0 Queues
I0714 09:22:32.225060       1 session.go:244] Close Session 95cb727a-7498-4e4f-b708-e5aac4a5bf42
I0714 09:22:33.227943       1 cache.go:1363] There are <0> Jobs, <1> Queues and <5> Nodes in total for scheduling.
I0714 09:22:33.228134       1 session.go:190] Open Session fec430d3-3349-4e3e-bb27-2d34c10d3f67 with <0> Job and <1> Queues
I0714 09:22:33.230630       1 enqueue.go:79] Try to enqueue PodGroup to 0 Queues
I0714 09:22:33.230717       1 allocate.go:64] Try to allocate resource to 0 Queues
I0714 09:22:33.230938       1 session.go:244] Close Session fec430d3-3349-4e3e-bb27-2d34c10d3f67
W0714 09:22:34.149589       1 event_handlers.go:181] Not support non-csi pvc.
I0714 09:22:34.233823       1 cache.go:1363] There are <0> Jobs, <1> Queues and <5> Nodes in total for scheduling.
I0714 09:22:34.233972       1 session.go:190] Open Session 3205286f-8009-408e-837c-869ab0407e55 with <0> Job and <1> Queues
I0714 09:22:34.236140       1 enqueue.go:79] Try to enqueue PodGroup to 0 Queues
I0714 09:22:34.236228       1 allocate.go:64] Try to allocate resource to 0 Queues
I0714 09:22:34.236493       1 session.go:244] Close Session 3205286f-8009-408e-837c-869ab0407e55
I0714 09:22:35.239425       1 cache.go:1363] There are <0> Jobs, <1> Queues and <5> Nodes in total for scheduling.
I0714 09:22:35.239566       1 session.go:190] Open Session 83fac392-bb97-47b3-b032-a044440fcd22 with <0> Job and <1> Queues
I0714 09:22:35.241404       1 enqueue.go:79] Try to enqueue PodGroup to 0 Queues
I0714 09:22:35.241482       1 allocate.go:64] Try to allocate resource to 0 Queues
I0714 09:22:35.241709       1 session.go:244] Close Session 83fac392-bb97-47b3-b032-a044440fcd22
I0714 09:22:36.244631       1 cache.go:1363] There are <0> Jobs, <1> Queues and <5> Nodes in total for scheduling.
I0714 09:22:36.244789       1 session.go:190] Open Session 13852f9d-1303-477e-ac20-fde4487a6164 with <0> Job and <1> Queues
I0714 09:22:36.246615       1 enqueue.go:79] Try to enqueue PodGroup to 0 Queues
I0714 09:22:36.246688       1 allocate.go:64] Try to allocate resource to 0 Queues
I0714 09:22:36.246915       1 session.go:244] Close Session 13852f9d-1303-477e-ac20-fde4487a6164
I0714 09:22:36.660362       1 cache.go:1489] The metrics type is not set in the volcano scheduler configmap file. As a result, the CPU and memory load information of the node is not collected.
I0714 09:22:37.249274       1 cache.go:1363] There are <0> Jobs, <1> Queues and <5> Nodes in total for scheduling.
I0714 09:22:37.249519       1 session.go:190] Open Session 5b52a016-bac2-49b5-88f7-9779a9843080 with <0> Job and <1> Queues
I0714 09:22:37.251470       1 enqueue.go:79] Try to enqueue PodGroup to 0 Queues
I0714 09:22:37.251558       1 allocate.go:64] Try to allocate resource to 0 Queues
I0714 09:22:37.251795       1 session.go:244] Close Session 5b52a016-bac2-49b5-88f7-9779a9843080
I0714 09:22:38.254406       1 cache.go:1363] There are <0> Jobs, <1> Queues and <5> Nodes in total for scheduling.
I0714 09:22:38.254590       1 session.go:190] Open Session ce51a845-b797-4d0f-8f1f-243a1f8426d6 with <0> Job and <1> Queues
I0714 09:22:38.256507       1 enqueue.go:79] Try to enqueue PodGroup to 0 Queues
I0714 09:22:38.256591       1 allocate.go:64] Try to allocate resource to 0 Queues
I0714 09:22:38.256830       1 session.go:244] Close Session ce51a845-b797-4d0f-8f1f-243a1f8426d6
I0714 09:22:39.259570       1 cache.go:1363] There are <0> Jobs, <1> Queues and <5> Nodes in total for scheduling.
I0714 09:22:39.259755       1 session.go:190] Open Session 9b2d26bd-6f88-4cdc-94b2-b202e1735b3f with <0> Job and <1> Queues
I0714 09:22:39.261702       1 enqueue.go:79] Try to enqueue PodGroup to 0 Queues
I0714 09:22:39.261787       1 allocate.go:64] Try to allocate resource to 0 Queues
I0714 09:22:39.262031       1 session.go:244] Close Session 9b2d26bd-6f88-4cdc-94b2-b202e1735b3f
I0714 09:22:40.265132       1 cache.go:1363] There are <0> Jobs, <1> Queues and <5> Nodes in total for scheduling.
I0714 09:22:40.265306       1 session.go:190] Open Session f66c06ea-f389-4adf-acfd-2c04bf313f82 with <0> Job and <1> Queues
I0714 09:22:40.267261       1 enqueue.go:79] Try to enqueue PodGroup to 0 Queues
I0714 09:22:40.267345       1 allocate.go:64] Try to allocate resource to 0 Queues
I0714 09:22:40.267575       1 session.go:244] Close Session f66c06ea-f389-4adf-acfd-2c04bf313f82
I0714 09:22:41.270156       1 cache.go:1363] There are <0> Jobs, <1> Queues and <5> Nodes in total for scheduling.
I0714 09:22:41.270322       1 session.go:190] Open Session 12a9f663-cabf-4171-806e-a37d42b1c2a5 with <0> Job and <1> Queues
I0714 09:22:41.272494       1 enqueue.go:79] Try to enqueue PodGroup to 0 Queues
I0714 09:22:41.272591       1 allocate.go:64] Try to allocate resource to 0 Queues
I0714 09:22:41.272827       1 session.go:244] Close Session 12a9f663-cabf-4171-806e-a37d42b1c2a5
I0714 09:22:42.276481       1 cache.go:1363] There are <0> Jobs, <1> Queues and <5> Nodes in total for scheduling.
I0714 09:22:42.276982       1 session.go:190] Open Session 33124721-11e3-4b79-aca5-94b7ce856ee1 with <0> Job and <1> Queues
I0714 09:22:42.279459       1 enqueue.go:79] Try to enqueue PodGroup to 0 Queues
I0714 09:22:42.279536       1 allocate.go:64] Try to allocate resource to 0 Queues
I0714 09:22:42.279780       1 session.go:244] Close Session 33124721-11e3-4b79-aca5-94b7ce856ee1
I0714 09:22:43.282493       1 cache.go:1363] There are <0> Jobs, <1> Queues and <5> Nodes in total for scheduling.
I0714 09:22:43.282679       1 session.go:190] Open Session 2e356850-892f-4d18-af62-50990f1cd72c with <0> Job and <1> Queues
I0714 09:22:43.284532       1 enqueue.go:79] Try to enqueue PodGroup to 0 Queues
I0714 09:22:43.284608       1 allocate.go:64] Try to allocate resource to 0 Queues
I0714 09:22:43.284830       1 session.go:244] Close Session 2e356850-892f-4d18-af62-50990f1cd72c
I0714 09:22:44.287688       1 cache.go:1363] There are <0> Jobs, <1> Queues and <5> Nodes in total for scheduling.
I0714 09:22:44.287877       1 session.go:190] Open Session 6589dde7-5048-4052-9301-7193e5a49bf8 with <0> Job and <1> Queues
I0714 09:22:44.289956       1 enqueue.go:79] Try to enqueue PodGroup to 0 Queues
I0714 09:22:44.290060       1 allocate.go:64] Try to allocate resource to 0 Queues
I0714 09:22:44.290275       1 session.go:244] Close Session 6589dde7-5048-4052-9301-7193e5a49bf8
I0714 09:22:45.293289       1 cache.go:1363] There are <0> Jobs, <1> Queues and <5> Nodes in total for scheduling.
I0714 09:22:45.293470       1 session.go:190] Open Session 2ad83445-66e7-45ff-a583-1c09bae9e1b6 with <0> Job and <1> Queues
I0714 09:22:45.295348       1 enqueue.go:79] Try to enqueue PodGroup to 0 Queues
I0714 09:22:45.295417       1 allocate.go:64] Try to allocate resource to 0 Queues
I0714 09:22:45.295625       1 session.go:244] Close Session 2ad83445-66e7-45ff-a583-1c09bae9e1b6
I0714 09:22:46.297888       1 cache.go:1363] There are <0> Jobs, <1> Queues and <5> Nodes in total for scheduling.
I0714 09:22:46.298061       1 session.go:190] Open Session 39a5ca00-57ae-4cf5-ae87-64e22a9d2491 with <0> Job and <1> Queues
I0714 09:22:46.299988       1 enqueue.go:79] Try to enqueue PodGroup to 0 Queues
I0714 09:22:46.300056       1 allocate.go:64] Try to allocate resource to 0 Queues
I0714 09:22:46.300343       1 session.go:244] Close Session 39a5ca00-57ae-4cf5-ae87-64e22a9d2491
I0714 09:22:47.303176       1 cache.go:1363] There are <0> Jobs, <1> Queues and <5> Nodes in total for scheduling.
I0714 09:22:47.303330       1 session.go:190] Open Session 84cc7044-effc-49ca-8e6e-0392a2479f95 with <0> Job and <1> Queues
I0714 09:22:47.305422       1 enqueue.go:79] Try to enqueue PodGroup to 0 Queues
I0714 09:22:47.305493       1 allocate.go:64] Try to allocate resource to 0 Queues
I0714 09:22:47.305694       1 session.go:244] Close Session 84cc7044-effc-49ca-8e6e-0392a2479f95
I0714 09:22:48.309169       1 cache.go:1363] There are <0> Jobs, <1> Queues and <5> Nodes in total for scheduling.
I0714 09:22:48.309328       1 session.go:190] Open Session 2e76679f-8920-493c-a676-aa584a0b0cc2 with <0> Job and <1> Queues
I0714 09:22:48.311240       1 enqueue.go:79] Try to enqueue PodGroup to 0 Queues
I0714 09:22:48.311307       1 allocate.go:64] Try to allocate resource to 0 Queues
I0714 09:22:48.311521       1 session.go:244] Close Session 2e76679f-8920-493c-a676-aa584a0b0cc2
I0714 09:22:49.314069       1 cache.go:1363] There are <0> Jobs, <1> Queues and <5> Nodes in total for scheduling.
I0714 09:22:49.314246       1 session.go:190] Open Session 77c6809c-dd3f-4be7-b1b2-d0cee5d48134 with <0> Job and <1> Queues
I0714 09:22:49.316828       1 enqueue.go:79] Try to enqueue PodGroup to 0 Queues
I0714 09:22:49.316899       1 allocate.go:64] Try to allocate resource to 0 Queues
I0714 09:22:49.317604       1 session.go:244] Close Session 77c6809c-dd3f-4be7-b1b2-d0cee5d48134
I0714 09:22:50.320136       1 cache.go:1363] There are <0> Jobs, <1> Queues and <5> Nodes in total for scheduling.
I0714 09:22:50.320337       1 session.go:190] Open Session b8df7d8e-91cf-4267-8731-50783797641b with <0> Job and <1> Queues
I0714 09:22:50.323165       1 enqueue.go:79] Try to enqueue PodGroup to 0 Queues
I0714 09:22:50.323265       1 allocate.go:64] Try to allocate resource to 0 Queues
I0714 09:22:50.323515       1 session.go:244] Close Session b8df7d8e-91cf-4267-8731-50783797641b
I0714 09:22:51.326455       1 cache.go:1363] There are <0> Jobs, <1> Queues and <5> Nodes in total for scheduling.
I0714 09:22:51.326633       1 session.go:190] Open Session c6a02ddb-5b90-44fe-8290-ed401f65d8aa with <0> Job and <1> Queues
I0714 09:22:51.328527       1 enqueue.go:79] Try to enqueue PodGroup to 0 Queues
I0714 09:22:51.328596       1 allocate.go:64] Try to allocate resource to 0 Queues
I0714 09:22:51.328832       1 session.go:244] Close Session c6a02ddb-5b90-44fe-8290-ed401f65d8aa
I0714 09:22:52.330838       1 cache.go:1363] There are <0> Jobs, <1> Queues and <5> Nodes in total for scheduling.
I0714 09:22:52.331019       1 session.go:190] Open Session 0c7ffa31-739a-46df-b639-e065130a582d with <0> Job and <1> Queues
I0714 09:22:52.333137       1 enqueue.go:79] Try to enqueue PodGroup to 0 Queues
I0714 09:22:52.333207       1 allocate.go:64] Try to allocate resource to 0 Queues
I0714 09:22:52.333432       1 session.go:244] Close Session 0c7ffa31-739a-46df-b639-e065130a582d
I0714 09:22:53.336341       1 cache.go:1363] There are <0> Jobs, <1> Queues and <5> Nodes in total for scheduling.
I0714 09:22:53.336525       1 session.go:190] Open Session e80b8b40-ee66-4392-aa97-9e83e4370fab with <0> Job and <1> Queues
I0714 09:22:53.338730       1 enqueue.go:79] Try to enqueue PodGroup to 0 Queues
I0714 09:22:53.338826       1 allocate.go:64] Try to allocate resource to 0 Queues
I0714 09:22:53.339054       1 session.go:244] Close Session e80b8b40-ee66-4392-aa97-9e83e4370fab
I0714 09:22:54.342171       1 cache.go:1363] There are <0> Jobs, <1> Queues and <5> Nodes in total for scheduling.
I0714 09:22:54.342341       1 session.go:190] Open Session 2c229fd0-1966-453e-8574-8ef2f0e2d387 with <0> Job and <1> Queues
I0714 09:22:54.344196       1 enqueue.go:79] Try to enqueue PodGroup to 0 Queues
I0714 09:22:54.344261       1 allocate.go:64] Try to allocate resource to 0 Queues
I0714 09:22:54.344515       1 session.go:244] Close Session 2c229fd0-1966-453e-8574-8ef2f0e2d387
I0714 09:22:55.347122       1 cache.go:1363] There are <0> Jobs, <1> Queues and <5> Nodes in total for scheduling.
I0714 09:22:55.347298       1 session.go:190] Open Session 289de8aa-d806-40f5-972d-8fa85e7bc1b5 with <0> Job and <1> Queues
I0714 09:22:55.349216       1 enqueue.go:79] Try to enqueue PodGroup to 0 Queues
I0714 09:22:55.349286       1 allocate.go:64] Try to allocate resource to 0 Queues
I0714 09:22:55.349509       1 session.go:244] Close Session 289de8aa-d806-40f5-972d-8fa85e7bc1b5
I0714 09:22:56.352235       1 cache.go:1363] There are <0> Jobs, <1> Queues and <5> Nodes in total for scheduling.
I0714 09:22:56.352446       1 session.go:190] Open Session da172465-8e65-4a09-8444-f9af555e0491 with <0> Job and <1> Queues
I0714 09:22:56.354461       1 enqueue.go:79] Try to enqueue PodGroup to 0 Queues
I0714 09:22:56.354547       1 allocate.go:64] Try to allocate resource to 0 Queues
I0714 09:22:56.354758       1 session.go:244] Close Session da172465-8e65-4a09-8444-f9af555e0491
I0714 09:22:57.357252       1 cache.go:1363] There are <0> Jobs, <1> Queues and <5> Nodes in total for scheduling.
I0714 09:22:57.357388       1 session.go:190] Open Session 2136e498-f06b-444d-b573-bff06bac0702 with <0> Job and <1> Queues
I0714 09:22:57.359259       1 enqueue.go:79] Try to enqueue PodGroup to 0 Queues
I0714 09:22:57.359334       1 allocate.go:64] Try to allocate resource to 0 Queues
I0714 09:22:57.359549       1 session.go:244] Close Session 2136e498-f06b-444d-b573-bff06bac0702
I0714 09:22:58.362624       1 cache.go:1363] There are <0> Jobs, <1> Queues and <5> Nodes in total for scheduling.
I0714 09:22:58.362792       1 session.go:190] Open Session 23f249e8-3356-417e-a2fe-15ead24576c9 with <0> Job and <1> Queues
I0714 09:22:58.365061       1 enqueue.go:79] Try to enqueue PodGroup to 0 Queues
I0714 09:22:58.365139       1 allocate.go:64] Try to allocate resource to 0 Queues
I0714 09:22:58.365370       1 session.go:244] Close Session 23f249e8-3356-417e-a2fe-15ead24576c9
I0714 09:22:59.368378       1 cache.go:1363] There are <0> Jobs, <1> Queues and <5> Nodes in total for scheduling.
I0714 09:22:59.368550       1 session.go:190] Open Session c4a14b2a-dc1d-4096-bd4e-f1e5c2b6577d with <0> Job and <1> Queues
I0714 09:22:59.370450       1 enqueue.go:79] Try to enqueue PodGroup to 0 Queues
I0714 09:22:59.370541       1 allocate.go:64] Try to allocate resource to 0 Queues
I0714 09:22:59.370749       1 session.go:244] Close Session c4a14b2a-dc1d-4096-bd4e-f1e5c2b6577d
I0714 09:23:00.373809       1 cache.go:1363] There are <0> Jobs, <1> Queues and <5> Nodes in total for scheduling.
I0714 09:23:00.373973       1 session.go:190] Open Session 65c53ec7-2af0-46d6-b675-68f46212f330 with <0> Job and <1> Queues
I0714 09:23:00.376169       1 enqueue.go:79] Try to enqueue PodGroup to 0 Queues
I0714 09:23:00.376251       1 allocate.go:64] Try to allocate resource to 0 Queues
I0714 09:23:00.376561       1 session.go:244] Close Session 65c53ec7-2af0-46d6-b675-68f46212f330
I0714 09:23:01.378912       1 cache.go:1363] There are <0> Jobs, <1> Queues and <5> Nodes in total for scheduling.
I0714 09:23:01.379059       1 session.go:190] Open Session f022bd94-ce18-4491-bd84-b2b45900f395 with <0> Job and <1> Queues
I0714 09:23:01.380966       1 enqueue.go:79] Try to enqueue PodGroup to 0 Queues
I0714 09:23:01.381044       1 allocate.go:64] Try to allocate resource to 0 Queues
I0714 09:23:01.381264       1 session.go:244] Close Session f022bd94-ce18-4491-bd84-b2b45900f395
I0714 09:23:02.383464       1 cache.go:1363] There are <0> Jobs, <1> Queues and <5> Nodes in total for scheduling.
I0714 09:23:02.383631       1 session.go:190] Open Session d7b6cdaf-6d6c-48cf-a178-8577dfc89f03 with <0> Job and <1> Queues
I0714 09:23:02.385573       1 enqueue.go:79] Try to enqueue PodGroup to 0 Queues
I0714 09:23:02.385647       1 allocate.go:64] Try to allocate resource to 0 Queues
I0714 09:23:02.385884       1 session.go:244] Close Session d7b6cdaf-6d6c-48cf-a178-8577dfc89f03
I0714 09:23:03.388734       1 cache.go:1363] There are <0> Jobs, <1> Queues and <5> Nodes in total for scheduling.
I0714 09:23:03.388909       1 session.go:190] Open Session 02cf7d6a-6eaa-420e-bfda-b9381c57e22a with <0> Job and <1> Queues
I0714 09:23:03.390803       1 enqueue.go:79] Try to enqueue PodGroup to 0 Queues
I0714 09:23:03.390877       1 allocate.go:64] Try to allocate resource to 0 Queues
I0714 09:23:03.391087       1 session.go:244] Close Session 02cf7d6a-6eaa-420e-bfda-b9381c57e22a
I0714 09:23:04.394061       1 cache.go:1363] There are <0> Jobs, <1> Queues and <5> Nodes in total for scheduling.
I0714 09:23:04.394248       1 session.go:190] Open Session 04dede81-ce8c-4b60-9f2f-37681cebf2c5 with <0> Job and <1> Queues
I0714 09:23:04.396146       1 enqueue.go:79] Try to enqueue PodGroup to 0 Queues
I0714 09:23:04.396237       1 allocate.go:64] Try to allocate resource to 0 Queues
I0714 09:23:04.396499       1 session.go:244] Close Session 04dede81-ce8c-4b60-9f2f-37681cebf2c5
I0714 09:23:05.399007       1 cache.go:1363] There are <0> Jobs, <1> Queues and <5> Nodes in total for scheduling.
I0714 09:23:05.399183       1 session.go:190] Open Session a74a4057-a2b5-4c3f-b7ae-0b13b628da9c with <0> Job and <1> Queues
I0714 09:23:05.401124       1 enqueue.go:79] Try to enqueue PodGroup to 0 Queues
I0714 09:23:05.401193       1 allocate.go:64] Try to allocate resource to 0 Queues
I0714 09:23:05.401427       1 session.go:244] Close Session a74a4057-a2b5-4c3f-b7ae-0b13b628da9c
I0714 09:23:06.404095       1 cache.go:1363] There are <0> Jobs, <1> Queues and <5> Nodes in total for scheduling.
I0714 09:23:06.404257       1 session.go:190] Open Session 411f7c6b-d6b0-4e4f-b356-23398c8d4126 with <0> Job and <1> Queues
I0714 09:23:06.406335       1 enqueue.go:79] Try to enqueue PodGroup to 0 Queues
I0714 09:23:06.406404       1 allocate.go:64] Try to allocate resource to 0 Queues
I0714 09:23:06.406612       1 session.go:244] Close Session 411f7c6b-d6b0-4e4f-b356-23398c8d4126
I0714 09:23:06.661464       1 cache.go:1489] The metrics type is not set in the volcano scheduler configmap file. As a result, the CPU and memory load information of the node is not collected.
I0714 09:23:07.409529       1 cache.go:1363] There are <0> Jobs, <1> Queues and <5> Nodes in total for scheduling.
I0714 09:23:07.409687       1 session.go:190] Open Session 26c02e33-9032-4f59-89bc-152b2169b6e8 with <0> Job and <1> Queues
I0714 09:23:07.411602       1 enqueue.go:79] Try to enqueue PodGroup to 0 Queues
I0714 09:23:07.411669       1 allocate.go:64] Try to allocate resource to 0 Queues
I0714 09:23:07.411884       1 session.go:244] Close Session 26c02e33-9032-4f59-89bc-152b2169b6e8
I0714 09:23:08.415070       1 cache.go:1363] There are <0> Jobs, <1> Queues and <5> Nodes in total for scheduling.
I0714 09:23:08.415246       1 session.go:190] Open Session ce5a756e-c3c7-44c0-81f5-632e495d7dc5 with <0> Job and <1> Queues
I0714 09:23:08.417246       1 enqueue.go:79] Try to enqueue PodGroup to 0 Queues
I0714 09:23:08.417326       1 allocate.go:64] Try to allocate resource to 0 Queues
I0714 09:23:08.417554       1 session.go:244] Close Session ce5a756e-c3c7-44c0-81f5-632e495d7dc5
I0714 09:23:09.420494       1 cache.go:1363] There are <0> Jobs, <1> Queues and <5> Nodes in total for scheduling.
I0714 09:23:09.420669       1 session.go:190] Open Session 509f2f6d-472f-435c-8c47-0d7341d30357 with <0> Job and <1> Queues
I0714 09:23:09.422560       1 enqueue.go:79] Try to enqueue PodGroup to 0 Queues
I0714 09:23:09.422636       1 allocate.go:64] Try to allocate resource to 0 Queues
I0714 09:23:09.422845       1 session.go:244] Close Session 509f2f6d-472f-435c-8c47-0d7341d30357
I0714 09:23:10.425792       1 cache.go:1363] There are <0> Jobs, <1> Queues and <5> Nodes in total for scheduling.
I0714 09:23:10.425966       1 session.go:190] Open Session d8f1f5c9-734c-4b06-a819-b97290fa2e83 with <0> Job and <1> Queues
I0714 09:23:10.428116       1 enqueue.go:79] Try to enqueue PodGroup to 0 Queues
I0714 09:23:10.428201       1 allocate.go:64] Try to allocate resource to 0 Queues
I0714 09:23:10.428455       1 session.go:244] Close Session d8f1f5c9-734c-4b06-a819-b97290fa2e83
I0714 09:23:11.431291       1 cache.go:1363] There are <0> Jobs, <1> Queues and <5> Nodes in total for scheduling.
I0714 09:23:11.431467       1 session.go:190] Open Session 7b8224f6-be24-4cca-9837-d4be057325bf with <0> Job and <1> Queues
I0714 09:23:11.433440       1 enqueue.go:79] Try to enqueue PodGroup to 0 Queues
I0714 09:23:11.433519       1 allocate.go:64] Try to allocate resource to 0 Queues
I0714 09:23:11.433773       1 session.go:244] Close Session 7b8224f6-be24-4cca-9837-d4be057325bf
I0714 09:23:12.436255       1 cache.go:1363] There are <0> Jobs, <1> Queues and <5> Nodes in total for scheduling.
I0714 09:23:12.436469       1 session.go:190] Open Session 13c0e835-30b4-4cae-90d3-103ec2fc819a with <0> Job and <1> Queues
I0714 09:23:12.438359       1 enqueue.go:79] Try to enqueue PodGroup to 0 Queues
I0714 09:23:12.438436       1 allocate.go:64] Try to allocate resource to 0 Queues
I0714 09:23:12.438789       1 session.go:244] Close Session 13c0e835-30b4-4cae-90d3-103ec2fc819a
I0714 09:23:13.441817       1 cache.go:1363] There are <0> Jobs, <1> Queues and <5> Nodes in total for scheduling.
I0714 09:23:13.441987       1 session.go:190] Open Session e02dbe1c-995c-4905-8795-590aa5619012 with <0> Job and <1> Queues
I0714 09:23:13.443922       1 enqueue.go:79] Try to enqueue PodGroup to 0 Queues
I0714 09:23:13.443991       1 allocate.go:64] Try to allocate resource to 0 Queues
I0714 09:23:13.444209       1 session.go:244] Close Session e02dbe1c-995c-4905-8795-590aa5619012
I0714 09:23:14.446976       1 cache.go:1363] There are <0> Jobs, <1> Queues and <5> Nodes in total for scheduling.
I0714 09:23:14.447145       1 session.go:190] Open Session b891b29f-249d-4796-a357-44ca76baf590 with <0> Job and <1> Queues
I0714 09:23:14.449140       1 enqueue.go:79] Try to enqueue PodGroup to 0 Queues
I0714 09:23:14.449219       1 allocate.go:64] Try to allocate resource to 0 Queues
I0714 09:23:14.449434       1 session.go:244] Close Session b891b29f-249d-4796-a357-44ca76baf590
I0714 09:23:15.451816       1 cache.go:1363] There are <0> Jobs, <1> Queues and <5> Nodes in total for scheduling.
I0714 09:23:15.451985       1 session.go:190] Open Session f1bc624a-abf6-48b9-9a3c-efaf9bd852c9 with <0> Job and <1> Queues
I0714 09:23:15.453847       1 enqueue.go:79] Try to enqueue PodGroup to 0 Queues
I0714 09:23:15.453922       1 allocate.go:64] Try to allocate resource to 0 Queues
I0714 09:23:15.454116       1 session.go:244] Close Session f1bc624a-abf6-48b9-9a3c-efaf9bd852c9
I0714 09:23:16.456704       1 cache.go:1363] There are <0> Jobs, <1> Queues and <5> Nodes in total for scheduling.
I0714 09:23:16.456842       1 session.go:190] Open Session 4f497dd2-a895-4f3f-ae9b-6ca5a464acab with <0> Job and <1> Queues
I0714 09:23:16.458634       1 enqueue.go:79] Try to enqueue PodGroup to 0 Queues
I0714 09:23:16.458717       1 allocate.go:64] Try to allocate resource to 0 Queues
I0714 09:23:16.458931       1 session.go:244] Close Session 4f497dd2-a895-4f3f-ae9b-6ca5a464acab
I0714 09:23:17.461824       1 cache.go:1363] There are <0> Jobs, <1> Queues and <5> Nodes in total for scheduling.
I0714 09:23:17.461981       1 session.go:190] Open Session 9a2fcfc7-900c-4b5f-8b83-e762527d2980 with <0> Job and <1> Queues
I0714 09:23:17.463886       1 enqueue.go:79] Try to enqueue PodGroup to 0 Queues
I0714 09:23:17.463954       1 allocate.go:64] Try to allocate resource to 0 Queues
I0714 09:23:17.464172       1 session.go:244] Close Session 9a2fcfc7-900c-4b5f-8b83-e762527d2980
W0714 09:23:18.145624       1 event_handlers.go:181] Not support non-csi pvc.
I0714 09:23:18.148465       1 event_handlers.go:442] Deleted pod <default/yolo-cls> from cache.
W0714 09:23:18.211395       1 event_handlers.go:181] Not support non-csi pvc.
I0714 09:23:18.214008       1 event_handlers.go:442] Deleted pod <default/yolo-det> from cache.
W0714 09:23:18.272154       1 event_handlers.go:181] Not support non-csi pvc.
I0714 09:23:18.276254       1 event_handlers.go:442] Deleted pod <default/yolo-seg> from cache.
W0714 09:23:18.332994       1 event_handlers.go:181] Not support non-csi pvc.
I0714 09:23:18.337729       1 event_handlers.go:442] Deleted pod <default/yolo-obb> from cache.
W0714 09:23:18.396367       1 event_handlers.go:181] Not support non-csi pvc.
I0714 09:23:18.405766       1 event_handlers.go:442] Deleted pod <default/yolo-pos> from cache.
I0714 09:23:18.466046       1 cache.go:1363] There are <0> Jobs, <1> Queues and <5> Nodes in total for scheduling.
I0714 09:23:18.466155       1 session.go:190] Open Session 906d24d0-4917-457c-ba63-7edd718e157a with <0> Job and <1> Queues
I0714 09:23:18.467873       1 enqueue.go:79] Try to enqueue PodGroup to 0 Queues
I0714 09:23:18.467951       1 allocate.go:64] Try to allocate resource to 0 Queues
I0714 09:23:18.468166       1 session.go:244] Close Session 906d24d0-4917-457c-ba63-7edd718e157a
I0714 09:23:19.470610       1 cache.go:1363] There are <0> Jobs, <1> Queues and <5> Nodes in total for scheduling.
I0714 09:23:19.470790       1 session.go:190] Open Session 0fcece30-a3af-4b4b-abaf-b85031ad6a54 with <0> Job and <1> Queues
I0714 09:23:19.472655       1 enqueue.go:79] Try to enqueue PodGroup to 0 Queues
I0714 09:23:19.472718       1 allocate.go:64] Try to allocate resource to 0 Queues
I0714 09:23:19.472917       1 session.go:244] Close Session 0fcece30-a3af-4b4b-abaf-b85031ad6a54
I0714 09:23:20.475426       1 cache.go:1363] There are <0> Jobs, <1> Queues and <5> Nodes in total for scheduling.
I0714 09:23:20.475611       1 session.go:190] Open Session 3b556026-b54b-4a22-b5ad-23e2b0f5772e with <0> Job and <1> Queues
I0714 09:23:20.477383       1 enqueue.go:79] Try to enqueue PodGroup to 0 Queues
I0714 09:23:20.477461       1 allocate.go:64] Try to allocate resource to 0 Queues
I0714 09:23:20.477675       1 session.go:244] Close Session 3b556026-b54b-4a22-b5ad-23e2b0f5772e
I0714 09:23:21.479960       1 cache.go:1363] There are <0> Jobs, <1> Queues and <5> Nodes in total for scheduling.
I0714 09:23:21.480136       1 session.go:190] Open Session 16931cc4-5053-4fe9-b00f-ccd98a4da46c with <0> Job and <1> Queues
I0714 09:23:21.481918       1 enqueue.go:79] Try to enqueue PodGroup to 0 Queues
I0714 09:23:21.481994       1 allocate.go:64] Try to allocate resource to 0 Queues
I0714 09:23:21.482229       1 session.go:244] Close Session 16931cc4-5053-4fe9-b00f-ccd98a4da46c
I0714 09:23:22.484879       1 cache.go:1363] There are <0> Jobs, <1> Queues and <5> Nodes in total for scheduling.
I0714 09:23:22.485051       1 session.go:190] Open Session 1bc5e886-eab3-48d4-a653-797b781831d1 with <0> Job and <1> Queues
I0714 09:23:22.486947       1 enqueue.go:79] Try to enqueue PodGroup to 0 Queues
I0714 09:23:22.487021       1 allocate.go:64] Try to allocate resource to 0 Queues
I0714 09:23:22.487241       1 session.go:244] Close Session 1bc5e886-eab3-48d4-a653-797b781831d1
I0714 09:23:23.491357       1 cache.go:1363] There are <0> Jobs, <1> Queues and <5> Nodes in total for scheduling.
I0714 09:23:23.491611       1 session.go:190] Open Session 53a45745-1227-4d99-93ab-cb0772e8e908 with <0> Job and <1> Queues
I0714 09:23:23.493716       1 enqueue.go:79] Try to enqueue PodGroup to 0 Queues
I0714 09:23:23.493807       1 allocate.go:64] Try to allocate resource to 0 Queues
I0714 09:23:23.494071       1 session.go:244] Close Session 53a45745-1227-4d99-93ab-cb0772e8e908
I0714 09:23:24.496206       1 cache.go:1363] There are <0> Jobs, <1> Queues and <5> Nodes in total for scheduling.
I0714 09:23:24.496439       1 session.go:190] Open Session 6ad721d4-4200-4b2b-bc14-93c822e8ac8d with <0> Job and <1> Queues
I0714 09:23:24.498227       1 enqueue.go:79] Try to enqueue PodGroup to 0 Queues
I0714 09:23:24.498296       1 allocate.go:64] Try to allocate resource to 0 Queues
I0714 09:23:24.498514       1 session.go:244] Close Session 6ad721d4-4200-4b2b-bc14-93c822e8ac8d
I0714 09:23:25.501356       1 cache.go:1363] There are <0> Jobs, <1> Queues and <5> Nodes in total for scheduling.
I0714 09:23:25.501530       1 session.go:190] Open Session a95e3745-c2df-488f-b880-53186cde1557 with <0> Job and <1> Queues
I0714 09:23:25.503292       1 enqueue.go:79] Try to enqueue PodGroup to 0 Queues
I0714 09:23:25.503364       1 allocate.go:64] Try to allocate resource to 0 Queues
I0714 09:23:25.503581       1 session.go:244] Close Session a95e3745-c2df-488f-b880-53186cde1557
I0714 09:23:26.505843       1 cache.go:1363] There are <0> Jobs, <1> Queues and <5> Nodes in total for scheduling.
I0714 09:23:26.506022       1 session.go:190] Open Session 84cee063-d71b-4327-9942-3e59eb71f98f with <0> Job and <1> Queues
I0714 09:23:26.507722       1 enqueue.go:79] Try to enqueue PodGroup to 0 Queues
I0714 09:23:26.507786       1 allocate.go:64] Try to allocate resource to 0 Queues
I0714 09:23:26.507998       1 session.go:244] Close Session 84cee063-d71b-4327-9942-3e59eb71f98f
I0714 09:23:27.510624       1 cache.go:1363] There are <0> Jobs, <1> Queues and <5> Nodes in total for scheduling.
I0714 09:23:27.510785       1 session.go:190] Open Session 4e69331b-880a-475d-91bb-d4c95fb1ca9a with <0> Job and <1> Queues
I0714 09:23:27.512723       1 enqueue.go:79] Try to enqueue PodGroup to 0 Queues
I0714 09:23:27.512789       1 allocate.go:64] Try to allocate resource to 0 Queues
I0714 09:23:27.513022       1 session.go:244] Close Session 4e69331b-880a-475d-91bb-d4c95fb1ca9a
I0714 09:23:28.515871       1 cache.go:1363] There are <0> Jobs, <1> Queues and <5> Nodes in total for scheduling.
I0714 09:23:28.516029       1 session.go:190] Open Session 5256dafe-59fb-440a-aee1-04531c673a20 with <0> Job and <1> Queues
I0714 09:23:28.517917       1 enqueue.go:79] Try to enqueue PodGroup to 0 Queues
I0714 09:23:28.517997       1 allocate.go:64] Try to allocate resource to 0 Queues
I0714 09:23:28.518199       1 session.go:244] Close Session 5256dafe-59fb-440a-aee1-04531c673a20
I0714 09:23:29.521041       1 cache.go:1363] There are <0> Jobs, <1> Queues and <5> Nodes in total for scheduling.
I0714 09:23:29.521214       1 session.go:190] Open Session 76602a36-c9e2-43ec-ae7e-ea6bc0923cd1 with <0> Job and <1> Queues
I0714 09:23:29.522980       1 enqueue.go:79] Try to enqueue PodGroup to 0 Queues
I0714 09:23:29.523077       1 allocate.go:64] Try to allocate resource to 0 Queues
I0714 09:23:29.523290       1 session.go:244] Close Session 76602a36-c9e2-43ec-ae7e-ea6bc0923cd1
I0714 09:23:30.525131       1 cache.go:1363] There are <0> Jobs, <1> Queues and <5> Nodes in total for scheduling.
I0714 09:23:30.525212       1 session.go:190] Open Session 53f17374-b0d0-405b-88ef-444c76fc234d with <0> Job and <1> Queues
I0714 09:23:30.526006       1 enqueue.go:79] Try to enqueue PodGroup to 0 Queues
I0714 09:23:30.526045       1 allocate.go:64] Try to allocate resource to 0 Queues
I0714 09:23:30.526156       1 session.go:244] Close Session 53f17374-b0d0-405b-88ef-444c76fc234d
I0714 09:23:31.528899       1 cache.go:1363] There are <0> Jobs, <1> Queues and <5> Nodes in total for scheduling.
I0714 09:23:31.529082       1 session.go:190] Open Session 7f7abe56-29c8-4544-905d-846222f2397f with <0> Job and <1> Queues
I0714 09:23:31.530842       1 enqueue.go:79] Try to enqueue PodGroup to 0 Queues
I0714 09:23:31.530912       1 allocate.go:64] Try to allocate resource to 0 Queues
I0714 09:23:31.531141       1 session.go:244] Close Session 7f7abe56-29c8-4544-905d-846222f2397f
I0714 09:23:32.533917       1 cache.go:1363] There are <0> Jobs, <1> Queues and <5> Nodes in total for scheduling.
I0714 09:23:32.534081       1 session.go:190] Open Session 56403859-6afe-47ed-873e-910fa509b4a7 with <0> Job and <1> Queues
I0714 09:23:32.535836       1 enqueue.go:79] Try to enqueue PodGroup to 0 Queues
I0714 09:23:32.535903       1 allocate.go:64] Try to allocate resource to 0 Queues
I0714 09:23:32.536130       1 session.go:244] Close Session 56403859-6afe-47ed-873e-910fa509b4a7
I0714 09:23:33.538922       1 cache.go:1363] There are <0> Jobs, <1> Queues and <5> Nodes in total for scheduling.
I0714 09:23:33.539098       1 session.go:190] Open Session 6433d38f-4750-433c-b4c5-bfadfeec08d3 with <0> Job and <1> Queues
I0714 09:23:33.540932       1 enqueue.go:79] Try to enqueue PodGroup to 0 Queues
I0714 09:23:33.541001       1 allocate.go:64] Try to allocate resource to 0 Queues
I0714 09:23:33.541229       1 session.go:244] Close Session 6433d38f-4750-433c-b4c5-bfadfeec08d3
I0714 09:23:34.543781       1 cache.go:1363] There are <0> Jobs, <1> Queues and <5> Nodes in total for scheduling.
I0714 09:23:34.543993       1 session.go:190] Open Session a006719b-7eca-405c-98a4-9bccbba45a94 with <0> Job and <1> Queues
I0714 09:23:34.545876       1 enqueue.go:79] Try to enqueue PodGroup to 0 Queues
I0714 09:23:34.545942       1 allocate.go:64] Try to allocate resource to 0 Queues
I0714 09:23:34.546189       1 session.go:244] Close Session a006719b-7eca-405c-98a4-9bccbba45a94
I0714 09:23:35.548936       1 cache.go:1363] There are <0> Jobs, <1> Queues and <5> Nodes in total for scheduling.
I0714 09:23:35.549137       1 session.go:190] Open Session b283bda5-c8bd-4ac6-85f7-0f151acefea9 with <0> Job and <1> Queues
I0714 09:23:35.550859       1 enqueue.go:79] Try to enqueue PodGroup to 0 Queues
I0714 09:23:35.550923       1 allocate.go:64] Try to allocate resource to 0 Queues
I0714 09:23:35.551156       1 session.go:244] Close Session b283bda5-c8bd-4ac6-85f7-0f151acefea9
I0714 09:23:36.553303       1 cache.go:1363] There are <0> Jobs, <1> Queues and <5> Nodes in total for scheduling.
I0714 09:23:36.553478       1 session.go:190] Open Session 897a1dc2-6ba3-472b-b726-adb27bd39ca6 with <0> Job and <1> Queues
I0714 09:23:36.555253       1 enqueue.go:79] Try to enqueue PodGroup to 0 Queues
I0714 09:23:36.555317       1 allocate.go:64] Try to allocate resource to 0 Queues
I0714 09:23:36.555550       1 session.go:244] Close Session 897a1dc2-6ba3-472b-b726-adb27bd39ca6
I0714 09:23:36.662438       1 cache.go:1489] The metrics type is not set in the volcano scheduler configmap file. As a result, the CPU and memory load information of the node is not collected.
I0714 09:23:37.557635       1 cache.go:1363] There are <0> Jobs, <1> Queues and <5> Nodes in total for scheduling.
I0714 09:23:37.557801       1 session.go:190] Open Session 362a3b96-c872-4a73-8e7e-799705543d69 with <0> Job and <1> Queues
I0714 09:23:37.559548       1 enqueue.go:79] Try to enqueue PodGroup to 0 Queues
I0714 09:23:37.559717       1 allocate.go:64] Try to allocate resource to 0 Queues
I0714 09:23:37.559943       1 session.go:244] Close Session 362a3b96-c872-4a73-8e7e-799705543d69
I0714 09:23:38.562646       1 cache.go:1363] There are <0> Jobs, <1> Queues and <5> Nodes in total for scheduling.
I0714 09:23:38.562923       1 session.go:190] Open Session e41dcf12-eb06-4271-94f1-912f01cbf58e with <0> Job and <1> Queues
I0714 09:23:38.564695       1 enqueue.go:79] Try to enqueue PodGroup to 0 Queues
I0714 09:23:38.564762       1 allocate.go:64] Try to allocate resource to 0 Queues
I0714 09:23:38.564993       1 session.go:244] Close Session e41dcf12-eb06-4271-94f1-912f01cbf58e
I0714 09:23:39.567456       1 cache.go:1363] There are <0> Jobs, <1> Queues and <5> Nodes in total for scheduling.
I0714 09:23:39.567626       1 session.go:190] Open Session 4ee0c78a-ddcc-48aa-8379-452ac45b7b3d with <0> Job and <1> Queues
I0714 09:23:39.569582       1 enqueue.go:79] Try to enqueue PodGroup to 0 Queues
I0714 09:23:39.569655       1 allocate.go:64] Try to allocate resource to 0 Queues
I0714 09:23:39.569886       1 session.go:244] Close Session 4ee0c78a-ddcc-48aa-8379-452ac45b7b3d
I0714 09:23:40.572982       1 cache.go:1363] There are <0> Jobs, <1> Queues and <5> Nodes in total for scheduling.
I0714 09:23:40.573151       1 session.go:190] Open Session 41d72b32-2984-4237-9606-fea4b421c047 with <0> Job and <1> Queues
I0714 09:23:40.574853       1 enqueue.go:79] Try to enqueue PodGroup to 0 Queues
I0714 09:23:40.574919       1 allocate.go:64] Try to allocate resource to 0 Queues
I0714 09:23:40.575153       1 session.go:244] Close Session 41d72b32-2984-4237-9606-fea4b421c047
I0714 09:23:41.577477       1 cache.go:1363] There are <0> Jobs, <1> Queues and <5> Nodes in total for scheduling.
I0714 09:23:41.577641       1 session.go:190] Open Session c4ae992a-a683-4dc6-a3a4-1c5469bf22b8 with <0> Job and <1> Queues
I0714 09:23:41.579365       1 enqueue.go:79] Try to enqueue PodGroup to 0 Queues
I0714 09:23:41.579432       1 allocate.go:64] Try to allocate resource to 0 Queues
I0714 09:23:41.579750       1 session.go:244] Close Session c4ae992a-a683-4dc6-a3a4-1c5469bf22b8
I0714 09:23:42.582311       1 cache.go:1363] There are <0> Jobs, <1> Queues and <5> Nodes in total for scheduling.
I0714 09:23:42.582476       1 session.go:190] Open Session 1375ddcc-da3f-4b1e-9c6e-98211131e033 with <0> Job and <1> Queues
I0714 09:23:42.584459       1 enqueue.go:79] Try to enqueue PodGroup to 0 Queues
I0714 09:23:42.584525       1 allocate.go:64] Try to allocate resource to 0 Queues
I0714 09:23:42.584763       1 session.go:244] Close Session 1375ddcc-da3f-4b1e-9c6e-98211131e033
I0714 09:23:43.587203       1 cache.go:1363] There are <0> Jobs, <1> Queues and <5> Nodes in total for scheduling.
I0714 09:23:43.587370       1 session.go:190] Open Session a0d14ad6-97ac-4b1a-a620-d8a3b37100a5 with <0> Job and <1> Queues
I0714 09:23:43.589133       1 enqueue.go:79] Try to enqueue PodGroup to 0 Queues
I0714 09:23:43.589206       1 allocate.go:64] Try to allocate resource to 0 Queues
I0714 09:23:43.589415       1 session.go:244] Close Session a0d14ad6-97ac-4b1a-a620-d8a3b37100a5
I0714 09:23:44.592213       1 cache.go:1363] There are <0> Jobs, <1> Queues and <5> Nodes in total for scheduling.
I0714 09:23:44.592479       1 session.go:190] Open Session c5a404ee-e0d3-4958-8676-4e7580e1b1f7 with <0> Job and <1> Queues
I0714 09:23:44.594256       1 enqueue.go:79] Try to enqueue PodGroup to 0 Queues
I0714 09:23:44.594320       1 allocate.go:64] Try to allocate resource to 0 Queues
I0714 09:23:44.594522       1 session.go:244] Close Session c5a404ee-e0d3-4958-8676-4e7580e1b1f7
I0714 09:23:45.596902       1 cache.go:1363] There are <0> Jobs, <1> Queues and <5> Nodes in total for scheduling.
I0714 09:23:45.597085       1 session.go:190] Open Session 8b36fd12-b634-4d4d-bf62-418667f3442c with <0> Job and <1> Queues
I0714 09:23:45.598918       1 enqueue.go:79] Try to enqueue PodGroup to 0 Queues
I0714 09:23:45.598987       1 allocate.go:64] Try to allocate resource to 0 Queues
I0714 09:23:45.599224       1 session.go:244] Close Session 8b36fd12-b634-4d4d-bf62-418667f3442c
I0714 09:23:46.601685       1 cache.go:1363] There are <0> Jobs, <1> Queues and <5> Nodes in total for scheduling.
I0714 09:23:46.601848       1 session.go:190] Open Session 8a9b86af-6bee-4129-8c97-1164235d34a3 with <0> Job and <1> Queues
I0714 09:23:46.603584       1 enqueue.go:79] Try to enqueue PodGroup to 0 Queues
I0714 09:23:46.603650       1 allocate.go:64] Try to allocate resource to 0 Queues
I0714 09:23:46.603875       1 session.go:244] Close Session 8a9b86af-6bee-4129-8c97-1164235d34a3
I0714 09:23:47.606463       1 cache.go:1363] There are <0> Jobs, <1> Queues and <5> Nodes in total for scheduling.
I0714 09:23:47.606620       1 session.go:190] Open Session 5acc60c4-e18e-49e9-8161-06cb309c0fb9 with <0> Job and <1> Queues
I0714 09:23:47.608405       1 enqueue.go:79] Try to enqueue PodGroup to 0 Queues
I0714 09:23:47.608466       1 allocate.go:64] Try to allocate resource to 0 Queues
I0714 09:23:47.608684       1 session.go:244] Close Session 5acc60c4-e18e-49e9-8161-06cb309c0fb9
I0714 09:23:48.611237       1 cache.go:1363] There are <0> Jobs, <1> Queues and <5> Nodes in total for scheduling.
I0714 09:23:48.611429       1 session.go:190] Open Session 41e4a19c-0d2d-4533-8539-d1bf7a983279 with <0> Job and <1> Queues
I0714 09:23:48.613190       1 enqueue.go:79] Try to enqueue PodGroup to 0 Queues
I0714 09:23:48.613257       1 allocate.go:64] Try to allocate resource to 0 Queues
I0714 09:23:48.613465       1 session.go:244] Close Session 41e4a19c-0d2d-4533-8539-d1bf7a983279
I0714 09:23:49.615446       1 cache.go:1363] There are <0> Jobs, <1> Queues and <5> Nodes in total for scheduling.
I0714 09:23:49.615631       1 session.go:190] Open Session 0efc5b6d-1d21-4d73-a9cb-9bf6b7298da9 with <0> Job and <1> Queues
I0714 09:23:49.617517       1 enqueue.go:79] Try to enqueue PodGroup to 0 Queues
I0714 09:23:49.617590       1 allocate.go:64] Try to allocate resource to 0 Queues
I0714 09:23:49.617824       1 session.go:244] Close Session 0efc5b6d-1d21-4d73-a9cb-9bf6b7298da9
I0714 09:23:50.620744       1 cache.go:1363] There are <0> Jobs, <1> Queues and <5> Nodes in total for scheduling.
I0714 09:23:50.620906       1 session.go:190] Open Session 05ff1cd1-52bb-4a80-b1dc-8737b10e1fc3 with <0> Job and <1> Queues
I0714 09:23:50.622637       1 enqueue.go:79] Try to enqueue PodGroup to 0 Queues
I0714 09:23:50.622703       1 allocate.go:64] Try to allocate resource to 0 Queues
I0714 09:23:50.622929       1 session.go:244] Close Session 05ff1cd1-52bb-4a80-b1dc-8737b10e1fc3
I0714 09:23:51.625759       1 cache.go:1363] There are <0> Jobs, <1> Queues and <5> Nodes in total for scheduling.
I0714 09:23:51.625929       1 session.go:190] Open Session 71ca00d8-f33b-44ee-8c57-9ffec77c6c03 with <0> Job and <1> Queues
I0714 09:23:51.627706       1 enqueue.go:79] Try to enqueue PodGroup to 0 Queues
I0714 09:23:51.627772       1 allocate.go:64] Try to allocate resource to 0 Queues
I0714 09:23:51.627995       1 session.go:244] Close Session 71ca00d8-f33b-44ee-8c57-9ffec77c6c03
I0714 09:23:52.630272       1 cache.go:1363] There are <0> Jobs, <1> Queues and <5> Nodes in total for scheduling.
I0714 09:23:52.630471       1 session.go:190] Open Session 2be8ec15-d139-49fb-9c2d-07834849af64 with <0> Job and <1> Queues
I0714 09:23:52.632267       1 enqueue.go:79] Try to enqueue PodGroup to 0 Queues
I0714 09:23:52.632369       1 allocate.go:64] Try to allocate resource to 0 Queues
I0714 09:23:52.632587       1 session.go:244] Close Session 2be8ec15-d139-49fb-9c2d-07834849af64
I0714 09:23:53.635375       1 cache.go:1363] There are <0> Jobs, <1> Queues and <5> Nodes in total for scheduling.
I0714 09:23:53.635570       1 session.go:190] Open Session 179a84b0-1ddd-415d-9a50-798b1d0fe977 with <0> Job and <1> Queues
I0714 09:23:53.637480       1 enqueue.go:79] Try to enqueue PodGroup to 0 Queues
I0714 09:23:53.637554       1 allocate.go:64] Try to allocate resource to 0 Queues
I0714 09:23:53.637764       1 session.go:244] Close Session 179a84b0-1ddd-415d-9a50-798b1d0fe977
I0714 09:23:54.640161       1 cache.go:1363] There are <0> Jobs, <1> Queues and <5> Nodes in total for scheduling.
I0714 09:23:54.640369       1 session.go:190] Open Session 9bbb8b9f-4b04-4ea0-88d8-e725dafb6d55 with <0> Job and <1> Queues
I0714 09:23:54.642157       1 enqueue.go:79] Try to enqueue PodGroup to 0 Queues
I0714 09:23:54.642230       1 allocate.go:64] Try to allocate resource to 0 Queues
I0714 09:23:54.642944       1 session.go:244] Close Session 9bbb8b9f-4b04-4ea0-88d8-e725dafb6d55
I0714 09:23:55.646106       1 cache.go:1363] There are <0> Jobs, <1> Queues and <5> Nodes in total for scheduling.
I0714 09:23:55.646279       1 session.go:190] Open Session fe755d31-6ddd-4f27-a21a-4618f05478b4 with <0> Job and <1> Queues
I0714 09:23:55.648040       1 enqueue.go:79] Try to enqueue PodGroup to 0 Queues
I0714 09:23:55.648111       1 allocate.go:64] Try to allocate resource to 0 Queues
I0714 09:23:55.648663       1 session.go:244] Close Session fe755d31-6ddd-4f27-a21a-4618f05478b4
I0714 09:23:56.651546       1 cache.go:1363] There are <0> Jobs, <1> Queues and <5> Nodes in total for scheduling.
I0714 09:23:56.651710       1 session.go:190] Open Session ca0c9458-bccf-479c-b30a-63fd8e5e4792 with <0> Job and <1> Queues
I0714 09:23:56.653823       1 enqueue.go:79] Try to enqueue PodGroup to 0 Queues
I0714 09:23:56.653916       1 allocate.go:64] Try to allocate resource to 0 Queues
I0714 09:23:56.654137       1 session.go:244] Close Session ca0c9458-bccf-479c-b30a-63fd8e5e4792
I0714 09:23:57.656527       1 cache.go:1363] There are <0> Jobs, <1> Queues and <5> Nodes in total for scheduling.
I0714 09:23:57.656684       1 session.go:190] Open Session b2383e47-94fe-45f2-a217-7319c4981ac4 with <0> Job and <1> Queues
I0714 09:23:57.658447       1 enqueue.go:79] Try to enqueue PodGroup to 0 Queues
I0714 09:23:57.658515       1 allocate.go:64] Try to allocate resource to 0 Queues
I0714 09:23:57.658725       1 session.go:244] Close Session b2383e47-94fe-45f2-a217-7319c4981ac4
I0714 09:23:58.661628       1 cache.go:1363] There are <0> Jobs, <1> Queues and <5> Nodes in total for scheduling.
I0714 09:23:58.661794       1 session.go:190] Open Session 2877c9b2-d49f-443f-9991-03e64f801596 with <0> Job and <1> Queues
I0714 09:23:58.663604       1 enqueue.go:79] Try to enqueue PodGroup to 0 Queues
I0714 09:23:58.663670       1 allocate.go:64] Try to allocate resource to 0 Queues
I0714 09:23:58.663874       1 session.go:244] Close Session 2877c9b2-d49f-443f-9991-03e64f801596
I0714 09:23:59.666273       1 cache.go:1363] There are <0> Jobs, <1> Queues and <5> Nodes in total for scheduling.
I0714 09:23:59.666450       1 session.go:190] Open Session 108a4f8c-4c43-40e0-9ace-ca442718bbbe with <0> Job and <1> Queues
I0714 09:23:59.668358       1 enqueue.go:79] Try to enqueue PodGroup to 0 Queues
I0714 09:23:59.668442       1 allocate.go:64] Try to allocate resource to 0 Queues
I0714 09:23:59.668675       1 session.go:244] Close Session 108a4f8c-4c43-40e0-9ace-ca442718bbbe
I0714 09:24:00.670821       1 cache.go:1363] There are <0> Jobs, <1> Queues and <5> Nodes in total for scheduling.
I0714 09:24:00.670990       1 session.go:190] Open Session 3400c956-312e-45a9-a464-9f7e5056262e with <0> Job and <1> Queues
I0714 09:24:00.672808       1 enqueue.go:79] Try to enqueue PodGroup to 0 Queues
I0714 09:24:00.672879       1 allocate.go:64] Try to allocate resource to 0 Queues
I0714 09:24:00.673117       1 session.go:244] Close Session 3400c956-312e-45a9-a464-9f7e5056262e
I0714 09:24:01.676121       1 cache.go:1363] There are <0> Jobs, <1> Queues and <5> Nodes in total for scheduling.
I0714 09:24:01.676324       1 session.go:190] Open Session b864cc76-7768-4770-b93c-4e52a504f70d with <0> Job and <1> Queues
I0714 09:24:01.678119       1 enqueue.go:79] Try to enqueue PodGroup to 0 Queues
I0714 09:24:01.678195       1 allocate.go:64] Try to allocate resource to 0 Queues
I0714 09:24:01.678407       1 session.go:244] Close Session b864cc76-7768-4770-b93c-4e52a504f70d
I0714 09:24:02.680810       1 cache.go:1363] There are <0> Jobs, <1> Queues and <5> Nodes in total for scheduling.
I0714 09:24:02.680975       1 session.go:190] Open Session 6e121e38-8f24-4c50-a272-98d2b4c199a6 with <0> Job and <1> Queues
I0714 09:24:02.682780       1 enqueue.go:79] Try to enqueue PodGroup to 0 Queues
I0714 09:24:02.682866       1 allocate.go:64] Try to allocate resource to 0 Queues
I0714 09:24:02.683084       1 session.go:244] Close Session 6e121e38-8f24-4c50-a272-98d2b4c199a6
I0714 09:24:03.686391       1 cache.go:1363] There are <0> Jobs, <1> Queues and <5> Nodes in total for scheduling.
I0714 09:24:03.686563       1 session.go:190] Open Session dd91c334-736c-427e-ba4a-76f132b26c8c with <0> Job and <1> Queues
I0714 09:24:03.688468       1 enqueue.go:79] Try to enqueue PodGroup to 0 Queues
I0714 09:24:03.688545       1 allocate.go:64] Try to allocate resource to 0 Queues
I0714 09:24:03.688775       1 session.go:244] Close Session dd91c334-736c-427e-ba4a-76f132b26c8c
I0714 09:24:04.690039       1 cache.go:1363] There are <0> Jobs, <1> Queues and <5> Nodes in total for scheduling.
I0714 09:24:04.690131       1 session.go:190] Open Session 36eac381-188e-4e32-a3dd-0115cdbdac29 with <0> Job and <1> Queues
I0714 09:24:04.691074       1 enqueue.go:79] Try to enqueue PodGroup to 0 Queues
I0714 09:24:04.691120       1 allocate.go:64] Try to allocate resource to 0 Queues
I0714 09:24:04.691230       1 session.go:244] Close Session 36eac381-188e-4e32-a3dd-0115cdbdac29
I0714 09:24:05.693670       1 cache.go:1363] There are <0> Jobs, <1> Queues and <5> Nodes in total for scheduling.
I0714 09:24:05.693845       1 session.go:190] Open Session 55906905-788a-43d5-81af-c2c6256eb29c with <0> Job and <1> Queues
I0714 09:24:05.695669       1 enqueue.go:79] Try to enqueue PodGroup to 0 Queues
I0714 09:24:05.695736       1 allocate.go:64] Try to allocate resource to 0 Queues
I0714 09:24:05.695944       1 session.go:244] Close Session 55906905-788a-43d5-81af-c2c6256eb29c
I0714 09:24:06.663310       1 cache.go:1489] The metrics type is not set in the volcano scheduler configmap file. As a result, the CPU and memory load information of the node is not collected.
I0714 09:24:06.698830       1 cache.go:1363] There are <0> Jobs, <1> Queues and <5> Nodes in total for scheduling.
I0714 09:24:06.698954       1 session.go:190] Open Session 5e85fe8f-3c9e-41e6-a430-86659bcad745 with <0> Job and <1> Queues
I0714 09:24:06.700912       1 enqueue.go:79] Try to enqueue PodGroup to 0 Queues
I0714 09:24:06.700985       1 allocate.go:64] Try to allocate resource to 0 Queues
I0714 09:24:06.701223       1 session.go:244] Close Session 5e85fe8f-3c9e-41e6-a430-86659bcad745
W0714 09:24:06.726477       1 event_handlers.go:181] Not support non-csi pvc.
I0714 09:24:06.726560       1 event_handlers.go:387] Added pod <default/yolo-cls> into cache.
W0714 09:24:06.751541       1 event_handlers.go:181] Not support non-csi pvc.
I0714 09:24:07.704496       1 cache.go:1363] There are <1> Jobs, <1> Queues and <5> Nodes in total for scheduling.
I0714 09:24:07.704683       1 session.go:190] Open Session 54491977-7e4a-44f7-ad79-c62f9a4cc279 with <1> Job and <1> Queues
I0714 09:24:07.706830       1 enqueue.go:79] Try to enqueue PodGroup to 1 Queues
I0714 09:24:07.707067       1 allocate.go:64] Try to allocate resource to 1 Queues
I0714 09:24:07.707121       1 allocate.go:129] Try to allocate resource to Jobs in Queue <default>
I0714 09:24:07.707155       1 allocate.go:161] Try to allocate resource to 1 tasks of Job <default/podgroup-01158d73-5d7e-4fc1-9da4-f7bd655e026b>
I0714 09:24:07.707203       1 allocate.go:181] There are <5> nodes for Job <default/podgroup-01158d73-5d7e-4fc1-9da4-f7bd655e026b>
I0714 09:24:07.707524       1 predicate_helper.go:75] Predicates failed: task default/yolo-cls on node gpu-master fit failed: Insufficient nvidia.com/gpu
I0714 09:24:07.707915       1 predicate_helper.go:75] Predicates failed: task default/yolo-cls on node gpuorin4-desktop fit failed: plugin NodeAffinity predicates failed node(s) didn't match Pod's node affinity/selector
I0714 09:24:07.708027       1 predicate_helper.go:75] Predicates failed: task default/yolo-cls on node gpuorin5-desktop fit failed: plugin NodeAffinity predicates failed node(s) didn't match Pod's node affinity/selector
I0714 09:24:07.708866       1 allocate.go:249] Binding Task <default/yolo-cls> to node <gpu-orin2>
I0714 09:24:07.709088       1 statement.go:266] After allocated Task <default/yolo-cls> to Node <gpu-orin2>: idle <cpu 5900.00, memory 7832690688.00, hugepages-1Gi 0.00, hugepages-2Mi 0.00, hugepages-32Mi 0.00, hugepages-64Ki 0.00, nvidia.com/gpu 4000.00, pods 105.00, ephemeral-storage 225118140453000.00>, used <cpu 100.00, memory 52428800.00, pods 5.00, nvidia.com/gpu 1000.00>, releasing <cpu 0.00, memory 0.00>
I0714 09:24:07.709530       1 statement.go:284] Allocating operations ...
I0714 09:24:07.709665       1 statement.go:378] Committing operations ...
I0714 09:24:07.709801       1 proportion.go:302] Queue <default>: deserved <cpu 0.00, memory 0.00, nvidia.com/gpu 1000.00, pods 1.00>, allocated <cpu 0.00, memory 0.00, pods 1.00, nvidia.com/gpu 1000.00>, share <1>
I0714 09:24:07.709874       1 allocate.go:125] Queue <default> is overused, ignore it.
I0714 09:24:07.730262       1 session.go:244] Close Session 54491977-7e4a-44f7-ad79-c62f9a4cc279
I0714 09:24:07.735235       1 cache.go:900] bind ok, latency 20.691196ms
W0714 09:24:07.738880       1 event_handlers.go:181] Not support non-csi pvc.
W0714 09:24:07.776618       1 event_handlers.go:181] Not support non-csi pvc.
W0714 09:24:07.949120       1 event_handlers.go:181] Not support non-csi pvc.
I0714 09:24:07.953041       1 event_handlers.go:442] Deleted pod <default/yolo-cls> from cache.
I0714 09:24:07.963205       1 cache.go:1013] Try to delete Job <default/podgroup-01158d73-5d7e-4fc1-9da4-f7bd655e026b:default/podgroup-01158d73-5d7e-4fc1-9da4-f7bd655e026b>
I0714 09:24:07.963435       1 cache.go:1054] Job <default/podgroup-01158d73-5d7e-4fc1-9da4-f7bd655e026b:default/podgroup-01158d73-5d7e-4fc1-9da4-f7bd655e026b> was deleted.
W0714 09:24:08.115840       1 event_handlers.go:181] Not support non-csi pvc.
I0714 09:24:08.115973       1 event_handlers.go:387] Added pod <default/yolo-cls> into cache.
W0714 09:24:08.144728       1 event_handlers.go:181] Not support non-csi pvc.
I0714 09:24:08.733392       1 cache.go:1363] There are <0> Jobs, <1> Queues and <5> Nodes in total for scheduling.
I0714 09:24:08.733562       1 session.go:190] Open Session 9a6f5cb2-baf8-4fb6-8f04-5702f3be6994 with <0> Job and <1> Queues
I0714 09:24:08.735320       1 enqueue.go:79] Try to enqueue PodGroup to 0 Queues
I0714 09:24:08.735395       1 allocate.go:64] Try to allocate resource to 0 Queues
I0714 09:24:08.735609       1 session.go:244] Close Session 9a6f5cb2-baf8-4fb6-8f04-5702f3be6994
I0714 09:24:09.737502       1 cache.go:1363] There are <0> Jobs, <1> Queues and <5> Nodes in total for scheduling.
I0714 09:24:09.737676       1 session.go:190] Open Session ac405ebb-16c7-4583-b8c0-bd555054aa8f with <0> Job and <1> Queues
I0714 09:24:09.739384       1 enqueue.go:79] Try to enqueue PodGroup to 0 Queues
I0714 09:24:09.739456       1 allocate.go:64] Try to allocate resource to 0 Queues
I0714 09:24:09.739936       1 session.go:244] Close Session ac405ebb-16c7-4583-b8c0-bd555054aa8f
W0714 09:24:10.196230       1 event_handlers.go:181] Not support non-csi pvc.
I0714 09:24:10.749887       1 cache.go:1363] There are <0> Jobs, <1> Queues and <5> Nodes in total for scheduling.
I0714 09:24:10.750151       1 session.go:190] Open Session 63c19c9c-da02-438c-baa4-f65e828a3a00 with <0> Job and <1> Queues
I0714 09:24:10.752256       1 enqueue.go:79] Try to enqueue PodGroup to 0 Queues
I0714 09:24:10.752461       1 allocate.go:64] Try to allocate resource to 0 Queues
I0714 09:24:10.752708       1 session.go:244] Close Session 63c19c9c-da02-438c-baa4-f65e828a3a00
I0714 09:24:11.754829       1 cache.go:1363] There are <0> Jobs, <1> Queues and <5> Nodes in total for scheduling.
I0714 09:24:11.755004       1 session.go:190] Open Session 652a0079-a759-4500-8c0a-08afe2bbc060 with <0> Job and <1> Queues
I0714 09:24:11.756777       1 enqueue.go:79] Try to enqueue PodGroup to 0 Queues
I0714 09:24:11.756869       1 allocate.go:64] Try to allocate resource to 0 Queues
I0714 09:24:11.757095       1 session.go:244] Close Session 652a0079-a759-4500-8c0a-08afe2bbc060
I0714 09:24:12.758746       1 cache.go:1363] There are <0> Jobs, <1> Queues and <5> Nodes in total for scheduling.
I0714 09:24:12.758852       1 session.go:190] Open Session e8c9cc2e-e9dd-4789-967f-ca7f526c2f95 with <0> Job and <1> Queues
I0714 09:24:12.759986       1 enqueue.go:79] Try to enqueue PodGroup to 0 Queues
I0714 09:24:12.760045       1 allocate.go:64] Try to allocate resource to 0 Queues
I0714 09:24:12.760181       1 session.go:244] Close Session e8c9cc2e-e9dd-4789-967f-ca7f526c2f95
I0714 09:24:13.762255       1 cache.go:1363] There are <0> Jobs, <1> Queues and <5> Nodes in total for scheduling.
I0714 09:24:13.762391       1 session.go:190] Open Session 83db29f9-b697-4887-8307-711bf8ef8b43 with <0> Job and <1> Queues
I0714 09:24:13.763734       1 enqueue.go:79] Try to enqueue PodGroup to 0 Queues
I0714 09:24:13.763818       1 allocate.go:64] Try to allocate resource to 0 Queues
I0714 09:24:13.763994       1 session.go:244] Close Session 83db29f9-b697-4887-8307-711bf8ef8b43
W0714 09:24:14.170548       1 event_handlers.go:181] Not support non-csi pvc.
I0714 09:24:14.170641       1 event_handlers.go:387] Added pod <default/yolo-det> into cache.
W0714 09:24:14.191890       1 event_handlers.go:181] Not support non-csi pvc.
I0714 09:24:14.766883       1 cache.go:1363] There are <1> Jobs, <1> Queues and <5> Nodes in total for scheduling.
I0714 09:24:14.767066       1 session.go:190] Open Session fae6272f-a1a0-40ed-9374-7dcbe7e04751 with <1> Job and <1> Queues
I0714 09:24:14.769143       1 enqueue.go:79] Try to enqueue PodGroup to 1 Queues
I0714 09:24:14.769311       1 allocate.go:64] Try to allocate resource to 1 Queues
I0714 09:24:14.769357       1 allocate.go:129] Try to allocate resource to Jobs in Queue <default>
I0714 09:24:14.769384       1 allocate.go:161] Try to allocate resource to 1 tasks of Job <default/podgroup-18add706-052d-4d2f-959f-b3250582c197>
I0714 09:24:14.769414       1 allocate.go:181] There are <5> nodes for Job <default/podgroup-18add706-052d-4d2f-959f-b3250582c197>
I0714 09:24:14.769581       1 predicate_helper.go:75] Predicates failed: task default/yolo-det on node gpu-master fit failed: Insufficient nvidia.com/gpu
I0714 09:24:14.769899       1 predicate_helper.go:75] Predicates failed: task default/yolo-det on node gpuorin4-desktop fit failed: plugin NodeAffinity predicates failed node(s) didn't match Pod's node affinity/selector
I0714 09:24:14.769962       1 predicate_helper.go:75] Predicates failed: task default/yolo-det on node gpuorin5-desktop fit failed: plugin NodeAffinity predicates failed node(s) didn't match Pod's node affinity/selector
I0714 09:24:14.770402       1 allocate.go:249] Binding Task <default/yolo-det> to node <gpu-orin3>
I0714 09:24:14.770517       1 statement.go:266] After allocated Task <default/yolo-det> to Node <gpu-orin3>: idle <cpu 5900.00, memory 7832723456.00, ephemeral-storage 111715275387000.00, hugepages-1Gi 0.00, nvidia.com/gpu 4000.00, pods 105.00, hugepages-2Mi 0.00, hugepages-32Mi 0.00, hugepages-64Ki 0.00>, used <cpu 100.00, memory 52428800.00, pods 5.00, nvidia.com/gpu 1000.00>, releasing <cpu 0.00, memory 0.00>
I0714 09:24:14.770757       1 statement.go:284] Allocating operations ...
I0714 09:24:14.770826       1 statement.go:378] Committing operations ...
I0714 09:24:14.770896       1 proportion.go:302] Queue <default>: deserved <cpu 0.00, memory 0.00, pods 1.00, nvidia.com/gpu 1000.00>, allocated <cpu 0.00, memory 0.00, nvidia.com/gpu 1000.00, pods 1.00>, share <1>
I0714 09:24:14.770940       1 allocate.go:125] Queue <default> is overused, ignore it.
I0714 09:24:14.789878       1 session.go:244] Close Session fae6272f-a1a0-40ed-9374-7dcbe7e04751
I0714 09:24:14.797375       1 cache.go:900] bind ok, latency 14.18695ms
W0714 09:24:14.798144       1 event_handlers.go:181] Not support non-csi pvc.
W0714 09:24:14.834668       1 event_handlers.go:181] Not support non-csi pvc.
W0714 09:24:15.361434       1 event_handlers.go:181] Not support non-csi pvc.
I0714 09:24:15.363482       1 event_handlers.go:442] Deleted pod <default/yolo-det> from cache.
I0714 09:24:15.376507       1 cache.go:1013] Try to delete Job <default/podgroup-18add706-052d-4d2f-959f-b3250582c197:default/podgroup-18add706-052d-4d2f-959f-b3250582c197>
I0714 09:24:15.377132       1 cache.go:1054] Job <default/podgroup-18add706-052d-4d2f-959f-b3250582c197:default/podgroup-18add706-052d-4d2f-959f-b3250582c197> was deleted.
W0714 09:24:15.574094       1 event_handlers.go:181] Not support non-csi pvc.
I0714 09:24:15.574495       1 event_handlers.go:387] Added pod <default/yolo-det> into cache.
W0714 09:24:15.613474       1 event_handlers.go:181] Not support non-csi pvc.
I0714 09:24:15.793044       1 cache.go:1363] There are <0> Jobs, <1> Queues and <5> Nodes in total for scheduling.
I0714 09:24:15.793156       1 session.go:190] Open Session 99c28a5b-1df6-42e9-8e23-8ba72e233e2e with <0> Job and <1> Queues
I0714 09:24:15.795016       1 enqueue.go:79] Try to enqueue PodGroup to 0 Queues
I0714 09:24:15.795098       1 allocate.go:64] Try to allocate resource to 0 Queues
I0714 09:24:15.795311       1 session.go:244] Close Session 99c28a5b-1df6-42e9-8e23-8ba72e233e2e
I0714 09:24:16.798132       1 cache.go:1363] There are <0> Jobs, <1> Queues and <5> Nodes in total for scheduling.
I0714 09:24:16.798305       1 session.go:190] Open Session 5884b9ad-ed94-4158-94f3-040fba67c5bd with <0> Job and <1> Queues
I0714 09:24:16.800384       1 enqueue.go:79] Try to enqueue PodGroup to 0 Queues
I0714 09:24:16.800468       1 allocate.go:64] Try to allocate resource to 0 Queues
I0714 09:24:16.800688       1 session.go:244] Close Session 5884b9ad-ed94-4158-94f3-040fba67c5bd
I0714 09:24:17.803289       1 cache.go:1363] There are <0> Jobs, <1> Queues and <5> Nodes in total for scheduling.
I0714 09:24:17.803425       1 session.go:190] Open Session e9ff7341-98c8-4af9-93c1-a6d2f0fa5612 with <0> Job and <1> Queues
I0714 09:24:17.805277       1 enqueue.go:79] Try to enqueue PodGroup to 0 Queues
I0714 09:24:17.805361       1 allocate.go:64] Try to allocate resource to 0 Queues
I0714 09:24:17.805577       1 session.go:244] Close Session e9ff7341-98c8-4af9-93c1-a6d2f0fa5612
W0714 09:24:17.814657       1 event_handlers.go:181] Not support non-csi pvc.
I0714 09:24:18.807902       1 cache.go:1363] There are <0> Jobs, <1> Queues and <5> Nodes in total for scheduling.
I0714 09:24:18.808066       1 session.go:190] Open Session 99ba7cf7-f8b8-494a-bde5-90471b9c7c2a with <0> Job and <1> Queues
I0714 09:24:18.809869       1 enqueue.go:79] Try to enqueue PodGroup to 0 Queues
I0714 09:24:18.809950       1 allocate.go:64] Try to allocate resource to 0 Queues
I0714 09:24:18.810151       1 session.go:244] Close Session 99ba7cf7-f8b8-494a-bde5-90471b9c7c2a
I0714 09:24:19.812971       1 cache.go:1363] There are <0> Jobs, <1> Queues and <5> Nodes in total for scheduling.
I0714 09:24:19.813147       1 session.go:190] Open Session ced15aec-4fca-4b6c-96a5-7aa0c51f7a0c with <0> Job and <1> Queues
I0714 09:24:19.815036       1 enqueue.go:79] Try to enqueue PodGroup to 0 Queues
I0714 09:24:19.815118       1 allocate.go:64] Try to allocate resource to 0 Queues
I0714 09:24:19.815352       1 session.go:244] Close Session ced15aec-4fca-4b6c-96a5-7aa0c51f7a0c
I0714 09:24:20.818144       1 cache.go:1363] There are <0> Jobs, <1> Queues and <5> Nodes in total for scheduling.
I0714 09:24:20.818320       1 session.go:190] Open Session 89a14adf-8e5d-432c-b573-a5afca952100 with <0> Job and <1> Queues
I0714 09:24:20.820114       1 enqueue.go:79] Try to enqueue PodGroup to 0 Queues
I0714 09:24:20.820197       1 allocate.go:64] Try to allocate resource to 0 Queues
I0714 09:24:20.820463       1 session.go:244] Close Session 89a14adf-8e5d-432c-b573-a5afca952100
W0714 09:24:21.695372       1 event_handlers.go:181] Not support non-csi pvc.
I0714 09:24:21.695513       1 event_handlers.go:387] Added pod <default/yolo-seg> into cache.
W0714 09:24:21.730576       1 event_handlers.go:181] Not support non-csi pvc.
I0714 09:24:21.823602       1 cache.go:1363] There are <1> Jobs, <1> Queues and <5> Nodes in total for scheduling.
I0714 09:24:21.823774       1 session.go:190] Open Session 31b2c825-497c-49a9-972a-ed1d10afd840 with <1> Job and <1> Queues
I0714 09:24:21.825883       1 enqueue.go:79] Try to enqueue PodGroup to 1 Queues
I0714 09:24:21.826108       1 allocate.go:64] Try to allocate resource to 1 Queues
I0714 09:24:21.826163       1 allocate.go:129] Try to allocate resource to Jobs in Queue <default>
I0714 09:24:21.826198       1 allocate.go:161] Try to allocate resource to 1 tasks of Job <default/podgroup-1200ab16-6841-4a76-87e2-14f4983eaceb>
I0714 09:24:21.826241       1 allocate.go:181] There are <5> nodes for Job <default/podgroup-1200ab16-6841-4a76-87e2-14f4983eaceb>
I0714 09:24:21.826551       1 predicate_helper.go:75] Predicates failed: task default/yolo-seg on node gpu-master fit failed: Insufficient nvidia.com/gpu
I0714 09:24:21.826942       1 predicate_helper.go:75] Predicates failed: task default/yolo-seg on node gpuorin4-desktop fit failed: plugin NodeAffinity predicates failed node(s) didn't match Pod's node affinity/selector
I0714 09:24:21.826997       1 predicate_helper.go:75] Predicates failed: task default/yolo-seg on node gpuorin5-desktop fit failed: plugin NodeAffinity predicates failed node(s) didn't match Pod's node affinity/selector
I0714 09:24:21.827987       1 allocate.go:249] Binding Task <default/yolo-seg> to node <gpu-orin3>
I0714 09:24:21.828222       1 statement.go:266] After allocated Task <default/yolo-seg> to Node <gpu-orin3>: idle <cpu 5900.00, memory 7832723456.00, hugepages-2Mi 0.00, hugepages-32Mi 0.00, hugepages-64Ki 0.00, nvidia.com/gpu 3000.00, pods 104.00, ephemeral-storage 111715275387000.00, hugepages-1Gi 0.00>, used <cpu 100.00, memory 52428800.00, pods 6.00, nvidia.com/gpu 2000.00>, releasing <cpu 0.00, memory 0.00>
I0714 09:24:21.828762       1 statement.go:284] Allocating operations ...
I0714 09:24:21.828898       1 statement.go:378] Committing operations ...
I0714 09:24:21.829028       1 proportion.go:302] Queue <default>: deserved <cpu 0.00, memory 0.00, pods 1.00, nvidia.com/gpu 1000.00>, allocated <cpu 0.00, memory 0.00, nvidia.com/gpu 1000.00, pods 1.00>, share <1>
I0714 09:24:21.829098       1 allocate.go:125] Queue <default> is overused, ignore it.
I0714 09:24:21.840406       1 session.go:244] Close Session 31b2c825-497c-49a9-972a-ed1d10afd840
I0714 09:24:21.845227       1 cache.go:900] bind ok, latency 11.960275ms
W0714 09:24:21.847540       1 event_handlers.go:181] Not support non-csi pvc.
W0714 09:24:21.882671       1 event_handlers.go:181] Not support non-csi pvc.
W0714 09:24:22.370538       1 event_handlers.go:181] Not support non-csi pvc.
I0714 09:24:22.376252       1 event_handlers.go:442] Deleted pod <default/yolo-seg> from cache.
I0714 09:24:22.385837       1 cache.go:1013] Try to delete Job <default/podgroup-1200ab16-6841-4a76-87e2-14f4983eaceb:default/podgroup-1200ab16-6841-4a76-87e2-14f4983eaceb>
I0714 09:24:22.386070       1 cache.go:1054] Job <default/podgroup-1200ab16-6841-4a76-87e2-14f4983eaceb:default/podgroup-1200ab16-6841-4a76-87e2-14f4983eaceb> was deleted.
W0714 09:24:22.516891       1 event_handlers.go:181] Not support non-csi pvc.
I0714 09:24:22.517036       1 event_handlers.go:387] Added pod <default/yolo-seg> into cache.
W0714 09:24:22.573218       1 event_handlers.go:181] Not support non-csi pvc.
I0714 09:24:22.843197       1 cache.go:1363] There are <0> Jobs, <1> Queues and <5> Nodes in total for scheduling.
I0714 09:24:22.843353       1 session.go:190] Open Session 2ac1d229-7078-4103-b262-0c826ebf6651 with <0> Job and <1> Queues
I0714 09:24:22.845301       1 enqueue.go:79] Try to enqueue PodGroup to 0 Queues
I0714 09:24:22.845377       1 allocate.go:64] Try to allocate resource to 0 Queues
I0714 09:24:22.845606       1 session.go:244] Close Session 2ac1d229-7078-4103-b262-0c826ebf6651
I0714 09:24:23.848316       1 cache.go:1363] There are <0> Jobs, <1> Queues and <5> Nodes in total for scheduling.
I0714 09:24:23.848487       1 session.go:190] Open Session f1b7db88-5bb5-4ca4-a4f7-681b6484cd9e with <0> Job and <1> Queues
I0714 09:24:23.850374       1 enqueue.go:79] Try to enqueue PodGroup to 0 Queues
I0714 09:24:23.850450       1 allocate.go:64] Try to allocate resource to 0 Queues
I0714 09:24:23.850682       1 session.go:244] Close Session f1b7db88-5bb5-4ca4-a4f7-681b6484cd9e
I0714 09:24:24.853897       1 cache.go:1363] There are <0> Jobs, <1> Queues and <5> Nodes in total for scheduling.
I0714 09:24:24.854065       1 session.go:190] Open Session 153332c9-0af3-4d75-a5f5-a64054833da6 with <0> Job and <1> Queues
I0714 09:24:24.855874       1 enqueue.go:79] Try to enqueue PodGroup to 0 Queues
I0714 09:24:24.855947       1 allocate.go:64] Try to allocate resource to 0 Queues
I0714 09:24:24.856165       1 session.go:244] Close Session 153332c9-0af3-4d75-a5f5-a64054833da6
W0714 09:24:24.908190       1 event_handlers.go:181] Not support non-csi pvc.
I0714 09:24:25.858118       1 cache.go:1363] There are <0> Jobs, <1> Queues and <5> Nodes in total for scheduling.
I0714 09:24:25.858243       1 session.go:190] Open Session 99b536e2-cfd5-4327-9bb7-d6c03b9aa834 with <0> Job and <1> Queues
I0714 09:24:25.860094       1 enqueue.go:79] Try to enqueue PodGroup to 0 Queues
I0714 09:24:25.860160       1 allocate.go:64] Try to allocate resource to 0 Queues
I0714 09:24:25.860401       1 session.go:244] Close Session 99b536e2-cfd5-4327-9bb7-d6c03b9aa834
I0714 09:24:26.863014       1 cache.go:1363] There are <0> Jobs, <1> Queues and <5> Nodes in total for scheduling.
I0714 09:24:26.863149       1 session.go:190] Open Session d74ed58f-3d36-464c-8025-0fd23982f71b with <0> Job and <1> Queues
I0714 09:24:26.864888       1 enqueue.go:79] Try to enqueue PodGroup to 0 Queues
I0714 09:24:26.864950       1 allocate.go:64] Try to allocate resource to 0 Queues
I0714 09:24:26.865152       1 session.go:244] Close Session d74ed58f-3d36-464c-8025-0fd23982f71b
I0714 09:24:27.867571       1 cache.go:1363] There are <0> Jobs, <1> Queues and <5> Nodes in total for scheduling.
I0714 09:24:27.867689       1 session.go:190] Open Session f77100ad-4f9a-40ce-a434-617d5d00d70f with <0> Job and <1> Queues
I0714 09:24:27.869294       1 enqueue.go:79] Try to enqueue PodGroup to 0 Queues
I0714 09:24:27.869358       1 allocate.go:64] Try to allocate resource to 0 Queues
I0714 09:24:27.869547       1 session.go:244] Close Session f77100ad-4f9a-40ce-a434-617d5d00d70f
W0714 09:24:28.670958       1 event_handlers.go:181] Not support non-csi pvc.
I0714 09:24:28.671071       1 event_handlers.go:387] Added pod <default/yolo-obb> into cache.
W0714 09:24:28.701355       1 event_handlers.go:181] Not support non-csi pvc.
I0714 09:24:28.872016       1 cache.go:1363] There are <1> Jobs, <1> Queues and <5> Nodes in total for scheduling.
I0714 09:24:28.872141       1 session.go:190] Open Session 9d8d1298-ebcc-4739-9f96-9d343be199c2 with <1> Job and <1> Queues
I0714 09:24:28.874300       1 enqueue.go:79] Try to enqueue PodGroup to 1 Queues
I0714 09:24:28.874511       1 allocate.go:64] Try to allocate resource to 1 Queues
I0714 09:24:28.874565       1 allocate.go:129] Try to allocate resource to Jobs in Queue <default>
I0714 09:24:28.874602       1 allocate.go:161] Try to allocate resource to 1 tasks of Job <default/podgroup-bcb9014e-48bd-4e4e-8e80-57ad4a2c823b>
I0714 09:24:28.874642       1 allocate.go:181] There are <5> nodes for Job <default/podgroup-bcb9014e-48bd-4e4e-8e80-57ad4a2c823b>
I0714 09:24:28.874936       1 predicate_helper.go:75] Predicates failed: task default/yolo-obb on node gpu-master fit failed: Insufficient nvidia.com/gpu
I0714 09:24:28.875377       1 predicate_helper.go:75] Predicates failed: task default/yolo-obb on node gpuorin4-desktop fit failed: plugin NodeAffinity predicates failed node(s) didn't match Pod's node affinity/selector
I0714 09:24:28.875416       1 predicate_helper.go:75] Predicates failed: task default/yolo-obb on node gpuorin5-desktop fit failed: plugin NodeAffinity predicates failed node(s) didn't match Pod's node affinity/selector
I0714 09:24:28.876180       1 allocate.go:249] Binding Task <default/yolo-obb> to node <gpu-orin2>
I0714 09:24:28.876424       1 statement.go:266] After allocated Task <default/yolo-obb> to Node <gpu-orin2>: idle <cpu 5900.00, memory 7832690688.00, hugepages-2Mi 0.00, hugepages-64Ki 0.00, nvidia.com/gpu 3000.00, pods 104.00, ephemeral-storage 225118140453000.00, hugepages-1Gi 0.00, hugepages-32Mi 0.00>, used <cpu 100.00, memory 52428800.00, pods 6.00, nvidia.com/gpu 2000.00>, releasing <cpu 0.00, memory 0.00>
I0714 09:24:28.876826       1 statement.go:284] Allocating operations ...
I0714 09:24:28.876946       1 statement.go:378] Committing operations ...
I0714 09:24:28.877048       1 proportion.go:302] Queue <default>: deserved <cpu 0.00, memory 0.00, pods 1.00, nvidia.com/gpu 1000.00>, allocated <cpu 0.00, memory 0.00, nvidia.com/gpu 1000.00, pods 1.00>, share <1>
I0714 09:24:28.877104       1 allocate.go:125] Queue <default> is overused, ignore it.
I0714 09:24:28.895667       1 session.go:244] Close Session 9d8d1298-ebcc-4739-9f96-9d343be199c2
I0714 09:24:28.896384       1 cache.go:900] bind ok, latency 16.96327ms
W0714 09:24:28.898266       1 event_handlers.go:181] Not support non-csi pvc.
W0714 09:24:28.942552       1 event_handlers.go:181] Not support non-csi pvc.
W0714 09:24:29.328338       1 event_handlers.go:181] Not support non-csi pvc.
I0714 09:24:29.332894       1 event_handlers.go:442] Deleted pod <default/yolo-obb> from cache.
I0714 09:24:29.339488       1 cache.go:1013] Try to delete Job <default/podgroup-bcb9014e-48bd-4e4e-8e80-57ad4a2c823b:default/podgroup-bcb9014e-48bd-4e4e-8e80-57ad4a2c823b>
I0714 09:24:29.339701       1 cache.go:1054] Job <default/podgroup-bcb9014e-48bd-4e4e-8e80-57ad4a2c823b:default/podgroup-bcb9014e-48bd-4e4e-8e80-57ad4a2c823b> was deleted.
W0714 09:24:29.467654       1 event_handlers.go:181] Not support non-csi pvc.
I0714 09:24:29.467831       1 event_handlers.go:387] Added pod <default/yolo-obb> into cache.
W0714 09:24:29.498883       1 event_handlers.go:181] Not support non-csi pvc.
I0714 09:24:29.897962       1 cache.go:1363] There are <0> Jobs, <1> Queues and <5> Nodes in total for scheduling.
I0714 09:24:29.898133       1 session.go:190] Open Session 1a97245d-acdc-4ac5-96a6-b559c0f12b32 with <0> Job and <1> Queues
I0714 09:24:29.900021       1 enqueue.go:79] Try to enqueue PodGroup to 0 Queues
I0714 09:24:29.900100       1 allocate.go:64] Try to allocate resource to 0 Queues
I0714 09:24:29.900354       1 session.go:244] Close Session 1a97245d-acdc-4ac5-96a6-b559c0f12b32
I0714 09:24:30.902795       1 cache.go:1363] There are <0> Jobs, <1> Queues and <5> Nodes in total for scheduling.
I0714 09:24:30.902916       1 session.go:190] Open Session 02f2d446-0ef3-4ad5-9e4d-014c60d83245 with <0> Job and <1> Queues
I0714 09:24:30.904551       1 enqueue.go:79] Try to enqueue PodGroup to 0 Queues
I0714 09:24:30.904622       1 allocate.go:64] Try to allocate resource to 0 Queues
I0714 09:24:30.904811       1 session.go:244] Close Session 02f2d446-0ef3-4ad5-9e4d-014c60d83245
I0714 09:24:31.906889       1 cache.go:1363] There are <0> Jobs, <1> Queues and <5> Nodes in total for scheduling.
I0714 09:24:31.907018       1 session.go:190] Open Session 39d028b1-6617-43c2-9fc3-1c075d144055 with <0> Job and <1> Queues
I0714 09:24:31.908714       1 enqueue.go:79] Try to enqueue PodGroup to 0 Queues
I0714 09:24:31.908777       1 allocate.go:64] Try to allocate resource to 0 Queues
I0714 09:24:31.908961       1 session.go:244] Close Session 39d028b1-6617-43c2-9fc3-1c075d144055
W0714 09:24:32.298566       1 event_handlers.go:181] Not support non-csi pvc.
I0714 09:24:32.911751       1 cache.go:1363] There are <0> Jobs, <1> Queues and <5> Nodes in total for scheduling.
I0714 09:24:32.911915       1 session.go:190] Open Session 02deb1d8-2212-46c0-843d-ed4bf2c9d4ca with <0> Job and <1> Queues
I0714 09:24:32.914093       1 enqueue.go:79] Try to enqueue PodGroup to 0 Queues
I0714 09:24:32.914176       1 allocate.go:64] Try to allocate resource to 0 Queues
I0714 09:24:32.914410       1 session.go:244] Close Session 02deb1d8-2212-46c0-843d-ed4bf2c9d4ca
I0714 09:24:33.916881       1 cache.go:1363] There are <0> Jobs, <1> Queues and <5> Nodes in total for scheduling.
I0714 09:24:33.917055       1 session.go:190] Open Session 8225998e-03c7-4d18-b091-34f6c20df819 with <0> Job and <1> Queues
I0714 09:24:33.918970       1 enqueue.go:79] Try to enqueue PodGroup to 0 Queues
I0714 09:24:33.919044       1 allocate.go:64] Try to allocate resource to 0 Queues
I0714 09:24:33.919269       1 session.go:244] Close Session 8225998e-03c7-4d18-b091-34f6c20df819
I0714 09:24:34.921806       1 cache.go:1363] There are <0> Jobs, <1> Queues and <5> Nodes in total for scheduling.
I0714 09:24:34.921999       1 session.go:190] Open Session 432d36a8-7332-430a-8b9d-ea9bbfc350a1 with <0> Job and <1> Queues
I0714 09:24:34.924078       1 enqueue.go:79] Try to enqueue PodGroup to 0 Queues
I0714 09:24:34.924146       1 allocate.go:64] Try to allocate resource to 0 Queues
I0714 09:24:34.924410       1 session.go:244] Close Session 432d36a8-7332-430a-8b9d-ea9bbfc350a1
I0714 09:24:35.927529       1 cache.go:1363] There are <0> Jobs, <1> Queues and <5> Nodes in total for scheduling.
I0714 09:24:35.927719       1 session.go:190] Open Session 291b1ea2-eefc-4ee4-9f16-fc42aa9af8c7 with <0> Job and <1> Queues
I0714 09:24:35.929792       1 enqueue.go:79] Try to enqueue PodGroup to 0 Queues
I0714 09:24:35.929874       1 allocate.go:64] Try to allocate resource to 0 Queues
I0714 09:24:35.930389       1 session.go:244] Close Session 291b1ea2-eefc-4ee4-9f16-fc42aa9af8c7
W0714 09:24:36.223649       1 event_handlers.go:181] Not support non-csi pvc.
I0714 09:24:36.223785       1 event_handlers.go:387] Added pod <default/yolo-pos> into cache.
W0714 09:24:36.249673       1 event_handlers.go:181] Not support non-csi pvc.
I0714 09:24:36.663576       1 cache.go:1489] The metrics type is not set in the volcano scheduler configmap file. As a result, the CPU and memory load information of the node is not collected.
I0714 09:24:36.933283       1 cache.go:1363] There are <1> Jobs, <1> Queues and <5> Nodes in total for scheduling.
I0714 09:24:36.933438       1 session.go:190] Open Session 67b464fe-28a6-4385-b63f-37902eb33345 with <1> Job and <1> Queues
I0714 09:24:36.935586       1 enqueue.go:79] Try to enqueue PodGroup to 1 Queues
I0714 09:24:36.935811       1 allocate.go:64] Try to allocate resource to 1 Queues
I0714 09:24:36.935866       1 allocate.go:129] Try to allocate resource to Jobs in Queue <default>
I0714 09:24:36.935902       1 allocate.go:161] Try to allocate resource to 1 tasks of Job <default/podgroup-44897649-41ac-472c-a685-5742048da3c1>
I0714 09:24:36.935943       1 allocate.go:181] There are <5> nodes for Job <default/podgroup-44897649-41ac-472c-a685-5742048da3c1>
I0714 09:24:36.936259       1 predicate_helper.go:75] Predicates failed: task default/yolo-pos on node gpu-master fit failed: Insufficient nvidia.com/gpu
I0714 09:24:36.936676       1 predicate_helper.go:75] Predicates failed: task default/yolo-pos on node gpuorin4-desktop fit failed: plugin NodeAffinity predicates failed node(s) didn't match Pod's node affinity/selector
I0714 09:24:36.936726       1 predicate_helper.go:75] Predicates failed: task default/yolo-pos on node gpuorin5-desktop fit failed: plugin NodeAffinity predicates failed node(s) didn't match Pod's node affinity/selector
I0714 09:24:36.937559       1 allocate.go:249] Binding Task <default/yolo-pos> to node <gpu-orin3>
I0714 09:24:36.937792       1 statement.go:266] After allocated Task <default/yolo-pos> to Node <gpu-orin3>: idle <cpu 5900.00, memory 7832723456.00, pods 103.00, ephemeral-storage 111715275387000.00, hugepages-1Gi 0.00, hugepages-2Mi 0.00, hugepages-32Mi 0.00, hugepages-64Ki 0.00, nvidia.com/gpu 2000.00>, used <cpu 100.00, memory 52428800.00, pods 7.00, nvidia.com/gpu 3000.00>, releasing <cpu 0.00, memory 0.00>
I0714 09:24:36.938338       1 statement.go:284] Allocating operations ...
I0714 09:24:36.938463       1 statement.go:378] Committing operations ...
I0714 09:24:36.938577       1 proportion.go:302] Queue <default>: deserved <cpu 0.00, memory 0.00, pods 1.00, nvidia.com/gpu 1000.00>, allocated <cpu 0.00, memory 0.00, nvidia.com/gpu 1000.00, pods 1.00>, share <1>
I0714 09:24:36.938634       1 allocate.go:125] Queue <default> is overused, ignore it.
I0714 09:24:36.959005       1 session.go:244] Close Session 67b464fe-28a6-4385-b63f-37902eb33345
I0714 09:24:36.967651       1 cache.go:900] bind ok, latency 14.61128ms
W0714 09:24:36.970081       1 event_handlers.go:181] Not support non-csi pvc.
W0714 09:24:37.007015       1 event_handlers.go:181] Not support non-csi pvc.
W0714 09:24:37.409008       1 event_handlers.go:181] Not support non-csi pvc.
I0714 09:24:37.412367       1 event_handlers.go:442] Deleted pod <default/yolo-pos> from cache.
I0714 09:24:37.416527       1 cache.go:1013] Try to delete Job <default/podgroup-44897649-41ac-472c-a685-5742048da3c1:default/podgroup-44897649-41ac-472c-a685-5742048da3c1>
I0714 09:24:37.416743       1 cache.go:1054] Job <default/podgroup-44897649-41ac-472c-a685-5742048da3c1:default/podgroup-44897649-41ac-472c-a685-5742048da3c1> was deleted.
W0714 09:24:37.549907       1 event_handlers.go:181] Not support non-csi pvc.
I0714 09:24:37.550003       1 event_handlers.go:387] Added pod <default/yolo-pos> into cache.
W0714 09:24:37.581953       1 event_handlers.go:181] Not support non-csi pvc.
I0714 09:24:37.961856       1 cache.go:1363] There are <0> Jobs, <1> Queues and <5> Nodes in total for scheduling.
I0714 09:24:37.961977       1 session.go:190] Open Session 60112f44-6e5e-4272-9b19-6395bfa9adff with <0> Job and <1> Queues
I0714 09:24:37.963891       1 enqueue.go:79] Try to enqueue PodGroup to 0 Queues
I0714 09:24:37.963962       1 allocate.go:64] Try to allocate resource to 0 Queues
I0714 09:24:37.964174       1 session.go:244] Close Session 60112f44-6e5e-4272-9b19-6395bfa9adff
I0714 09:24:38.967032       1 cache.go:1363] There are <0> Jobs, <1> Queues and <5> Nodes in total for scheduling.
I0714 09:24:38.967203       1 session.go:190] Open Session de0f4810-d208-4af9-8bbc-e659820d5fd2 with <0> Job and <1> Queues
I0714 09:24:38.969426       1 enqueue.go:79] Try to enqueue PodGroup to 0 Queues
I0714 09:24:38.969504       1 allocate.go:64] Try to allocate resource to 0 Queues
I0714 09:24:38.969730       1 session.go:244] Close Session de0f4810-d208-4af9-8bbc-e659820d5fd2
I0714 09:24:39.972845       1 cache.go:1363] There are <0> Jobs, <1> Queues and <5> Nodes in total for scheduling.
I0714 09:24:39.973010       1 session.go:190] Open Session 01ded6ee-e532-4cf8-83a4-a6b17ab3e7ea with <0> Job and <1> Queues
I0714 09:24:39.974962       1 enqueue.go:79] Try to enqueue PodGroup to 0 Queues
I0714 09:24:39.975036       1 allocate.go:64] Try to allocate resource to 0 Queues
I0714 09:24:39.975238       1 session.go:244] Close Session 01ded6ee-e532-4cf8-83a4-a6b17ab3e7ea
I0714 09:24:40.978106       1 cache.go:1363] There are <0> Jobs, <1> Queues and <5> Nodes in total for scheduling.
I0714 09:24:40.978285       1 session.go:190] Open Session 4c9fcd69-ec42-4060-9c02-e006258d13da with <0> Job and <1> Queues
I0714 09:24:40.980345       1 enqueue.go:79] Try to enqueue PodGroup to 0 Queues
I0714 09:24:40.980421       1 allocate.go:64] Try to allocate resource to 0 Queues
I0714 09:24:40.980655       1 session.go:244] Close Session 4c9fcd69-ec42-4060-9c02-e006258d13da
I0714 09:24:41.983081       1 cache.go:1363] There are <0> Jobs, <1> Queues and <5> Nodes in total for scheduling.
I0714 09:24:41.983224       1 session.go:190] Open Session 984022bd-0ad5-48f9-a756-4bb6dadececb with <0> Job and <1> Queues
I0714 09:24:41.985175       1 enqueue.go:79] Try to enqueue PodGroup to 0 Queues
I0714 09:24:41.985248       1 allocate.go:64] Try to allocate resource to 0 Queues
I0714 09:24:41.985480       1 session.go:244] Close Session 984022bd-0ad5-48f9-a756-4bb6dadececb
I0714 09:24:42.987909       1 cache.go:1363] There are <0> Jobs, <1> Queues and <5> Nodes in total for scheduling.
I0714 09:24:42.988092       1 session.go:190] Open Session 94c2c777-40c7-495d-aada-69d3a3a08635 with <0> Job and <1> Queues
I0714 09:24:42.990363       1 enqueue.go:79] Try to enqueue PodGroup to 0 Queues
I0714 09:24:42.990446       1 allocate.go:64] Try to allocate resource to 0 Queues
I0714 09:24:42.990664       1 session.go:244] Close Session 94c2c777-40c7-495d-aada-69d3a3a08635
I0714 09:24:43.993102       1 cache.go:1363] There are <0> Jobs, <1> Queues and <5> Nodes in total for scheduling.
I0714 09:24:43.993264       1 session.go:190] Open Session 7c201109-863d-4c23-bb21-5cb108883305 with <0> Job and <1> Queues
I0714 09:24:43.995156       1 enqueue.go:79] Try to enqueue PodGroup to 0 Queues
I0714 09:24:43.995236       1 allocate.go:64] Try to allocate resource to 0 Queues
I0714 09:24:43.995445       1 session.go:244] Close Session 7c201109-863d-4c23-bb21-5cb108883305
I0714 09:24:44.998128       1 cache.go:1363] There are <0> Jobs, <1> Queues and <5> Nodes in total for scheduling.
I0714 09:24:44.998321       1 session.go:190] Open Session beb933dc-3b2f-41be-b95b-61be19105c52 with <0> Job and <1> Queues
I0714 09:24:45.000228       1 enqueue.go:79] Try to enqueue PodGroup to 0 Queues
I0714 09:24:45.000378       1 allocate.go:64] Try to allocate resource to 0 Queues
I0714 09:24:45.000641       1 session.go:244] Close Session beb933dc-3b2f-41be-b95b-61be19105c52
I0714 09:24:46.002856       1 cache.go:1363] There are <0> Jobs, <1> Queues and <5> Nodes in total for scheduling.
I0714 09:24:46.003022       1 session.go:190] Open Session 6a43fe53-08d3-4fb3-9848-22d7b0ca93b5 with <0> Job and <1> Queues
I0714 09:24:46.006479       1 enqueue.go:79] Try to enqueue PodGroup to 0 Queues
I0714 09:24:46.006589       1 allocate.go:64] Try to allocate resource to 0 Queues
I0714 09:24:46.006862       1 session.go:244] Close Session 6a43fe53-08d3-4fb3-9848-22d7b0ca93b5
I0714 09:24:47.009962       1 cache.go:1363] There are <0> Jobs, <1> Queues and <5> Nodes in total for scheduling.
I0714 09:24:47.010144       1 session.go:190] Open Session db20dad6-4598-4d27-a9eb-54d089cf2a8a with <0> Job and <1> Queues
I0714 09:24:47.012055       1 enqueue.go:79] Try to enqueue PodGroup to 0 Queues
I0714 09:24:47.012133       1 allocate.go:64] Try to allocate resource to 0 Queues
I0714 09:24:47.012374       1 session.go:244] Close Session db20dad6-4598-4d27-a9eb-54d089cf2a8a
I0714 09:24:48.014694       1 cache.go:1363] There are <0> Jobs, <1> Queues and <5> Nodes in total for scheduling.
I0714 09:24:48.014856       1 session.go:190] Open Session dcef2ac1-9b8a-4e25-929f-790f4c347cdd with <0> Job and <1> Queues
I0714 09:24:48.016728       1 enqueue.go:79] Try to enqueue PodGroup to 0 Queues
I0714 09:24:48.016792       1 allocate.go:64] Try to allocate resource to 0 Queues
I0714 09:24:48.017022       1 session.go:244] Close Session dcef2ac1-9b8a-4e25-929f-790f4c347cdd
I0714 09:24:49.019775       1 cache.go:1363] There are <0> Jobs, <1> Queues and <5> Nodes in total for scheduling.
I0714 09:24:49.019965       1 session.go:190] Open Session 1e3addeb-8ea6-43aa-b6b2-e1c0a88b0cf1 with <0> Job and <1> Queues
I0714 09:24:49.021987       1 enqueue.go:79] Try to enqueue PodGroup to 0 Queues
I0714 09:24:49.022065       1 allocate.go:64] Try to allocate resource to 0 Queues
I0714 09:24:49.022294       1 session.go:244] Close Session 1e3addeb-8ea6-43aa-b6b2-e1c0a88b0cf1
I0714 09:24:50.024580       1 cache.go:1363] There are <0> Jobs, <1> Queues and <5> Nodes in total for scheduling.
I0714 09:24:50.024761       1 session.go:190] Open Session 41cf24c4-5d1e-4f7d-88c3-c174a593d1c2 with <0> Job and <1> Queues
I0714 09:24:50.026739       1 enqueue.go:79] Try to enqueue PodGroup to 0 Queues
I0714 09:24:50.026820       1 allocate.go:64] Try to allocate resource to 0 Queues
I0714 09:24:50.027044       1 session.go:244] Close Session 41cf24c4-5d1e-4f7d-88c3-c174a593d1c2
I0714 09:24:51.029491       1 cache.go:1363] There are <0> Jobs, <1> Queues and <5> Nodes in total for scheduling.
I0714 09:24:51.029669       1 session.go:190] Open Session 3b02ffd8-6f4c-4b6f-85fe-c8bea02488cb with <0> Job and <1> Queues
I0714 09:24:51.031539       1 enqueue.go:79] Try to enqueue PodGroup to 0 Queues
I0714 09:24:51.031612       1 allocate.go:64] Try to allocate resource to 0 Queues
I0714 09:24:51.031844       1 session.go:244] Close Session 3b02ffd8-6f4c-4b6f-85fe-c8bea02488cb
I0714 09:24:52.034306       1 cache.go:1363] There are <0> Jobs, <1> Queues and <5> Nodes in total for scheduling.
I0714 09:24:52.034485       1 session.go:190] Open Session 1f5ad212-afc9-4048-ab17-73056bf66630 with <0> Job and <1> Queues
I0714 09:24:52.036687       1 enqueue.go:79] Try to enqueue PodGroup to 0 Queues
I0714 09:24:52.036763       1 allocate.go:64] Try to allocate resource to 0 Queues
I0714 09:24:52.036969       1 session.go:244] Close Session 1f5ad212-afc9-4048-ab17-73056bf66630
I0714 09:24:53.040122       1 cache.go:1363] There are <0> Jobs, <1> Queues and <5> Nodes in total for scheduling.
I0714 09:24:53.040336       1 session.go:190] Open Session f1d07823-9fa7-4a31-a3f6-44c191c8fb3f with <0> Job and <1> Queues
I0714 09:24:53.042207       1 enqueue.go:79] Try to enqueue PodGroup to 0 Queues
I0714 09:24:53.042282       1 allocate.go:64] Try to allocate resource to 0 Queues
I0714 09:24:53.042487       1 session.go:244] Close Session f1d07823-9fa7-4a31-a3f6-44c191c8fb3f
I0714 09:24:54.045416       1 cache.go:1363] There are <0> Jobs, <1> Queues and <5> Nodes in total for scheduling.
I0714 09:24:54.045591       1 session.go:190] Open Session d8fa494a-6968-4c67-be0f-0fead0d45cdc with <0> Job and <1> Queues
I0714 09:24:54.047527       1 enqueue.go:79] Try to enqueue PodGroup to 0 Queues
I0714 09:24:54.047609       1 allocate.go:64] Try to allocate resource to 0 Queues
I0714 09:24:54.047828       1 session.go:244] Close Session d8fa494a-6968-4c67-be0f-0fead0d45cdc
W0714 09:24:54.116736       1 event_handlers.go:181] Not support non-csi pvc.
I0714 09:24:55.049198       1 cache.go:1363] There are <0> Jobs, <1> Queues and <5> Nodes in total for scheduling.
I0714 09:24:55.049292       1 session.go:190] Open Session 07db6c2c-780d-4a17-a60f-007ffb0258ab with <0> Job and <1> Queues
I0714 09:24:55.050439       1 enqueue.go:79] Try to enqueue PodGroup to 0 Queues
I0714 09:24:55.050490       1 allocate.go:64] Try to allocate resource to 0 Queues
I0714 09:24:55.050609       1 session.go:244] Close Session 07db6c2c-780d-4a17-a60f-007ffb0258ab
I0714 09:24:56.053077       1 cache.go:1363] There are <0> Jobs, <1> Queues and <5> Nodes in total for scheduling.
I0714 09:24:56.053295       1 session.go:190] Open Session fb31fb6c-f979-4202-bbc1-1c359e1110f9 with <0> Job and <1> Queues
I0714 09:24:56.055205       1 enqueue.go:79] Try to enqueue PodGroup to 0 Queues
I0714 09:24:56.055275       1 allocate.go:64] Try to allocate resource to 0 Queues
I0714 09:24:56.055491       1 session.go:244] Close Session fb31fb6c-f979-4202-bbc1-1c359e1110f9
I0714 09:24:57.058568       1 cache.go:1363] There are <0> Jobs, <1> Queues and <5> Nodes in total for scheduling.
I0714 09:24:57.058726       1 session.go:190] Open Session d5414456-8f07-458a-8272-0772898c6fbc with <0> Job and <1> Queues
I0714 09:24:57.060639       1 enqueue.go:79] Try to enqueue PodGroup to 0 Queues
I0714 09:24:57.060718       1 allocate.go:64] Try to allocate resource to 0 Queues
I0714 09:24:57.060925       1 session.go:244] Close Session d5414456-8f07-458a-8272-0772898c6fbc
I0714 09:24:58.063904       1 cache.go:1363] There are <0> Jobs, <1> Queues and <5> Nodes in total for scheduling.
I0714 09:24:58.064031       1 session.go:190] Open Session 1f4e09bc-0be0-42ab-ba1c-64e9786c203e with <0> Job and <1> Queues
I0714 09:24:58.065971       1 enqueue.go:79] Try to enqueue PodGroup to 0 Queues
I0714 09:24:58.066054       1 allocate.go:64] Try to allocate resource to 0 Queues
I0714 09:24:58.066276       1 session.go:244] Close Session 1f4e09bc-0be0-42ab-ba1c-64e9786c203e
I0714 09:24:59.068997       1 cache.go:1363] There are <0> Jobs, <1> Queues and <5> Nodes in total for scheduling.
I0714 09:24:59.069213       1 session.go:190] Open Session 15d1d874-02e5-4f09-b5de-dbec02491752 with <0> Job and <1> Queues
I0714 09:24:59.071117       1 enqueue.go:79] Try to enqueue PodGroup to 0 Queues
I0714 09:24:59.071219       1 allocate.go:64] Try to allocate resource to 0 Queues
I0714 09:24:59.071436       1 session.go:244] Close Session 15d1d874-02e5-4f09-b5de-dbec02491752
I0714 09:25:00.074235       1 cache.go:1363] There are <0> Jobs, <1> Queues and <5> Nodes in total for scheduling.
I0714 09:25:00.074415       1 session.go:190] Open Session 4f6a7621-c966-4732-860b-f4b46c5993a1 with <0> Job and <1> Queues
I0714 09:25:00.076162       1 enqueue.go:79] Try to enqueue PodGroup to 0 Queues
I0714 09:25:00.076258       1 allocate.go:64] Try to allocate resource to 0 Queues
I0714 09:25:00.076543       1 session.go:244] Close Session 4f6a7621-c966-4732-860b-f4b46c5993a1
I0714 09:25:01.078977       1 cache.go:1363] There are <0> Jobs, <1> Queues and <5> Nodes in total for scheduling.
I0714 09:25:01.079151       1 session.go:190] Open Session 493bf56a-0fa1-4762-aa71-30f44231f3c7 with <0> Job and <1> Queues
I0714 09:25:01.081114       1 enqueue.go:79] Try to enqueue PodGroup to 0 Queues
I0714 09:25:01.081189       1 allocate.go:64] Try to allocate resource to 0 Queues
I0714 09:25:01.081426       1 session.go:244] Close Session 493bf56a-0fa1-4762-aa71-30f44231f3c7
I0714 09:25:02.084366       1 cache.go:1363] There are <0> Jobs, <1> Queues and <5> Nodes in total for scheduling.
I0714 09:25:02.084536       1 session.go:190] Open Session fe650af6-11a7-4f95-a66e-e9da058b4ff7 with <0> Job and <1> Queues
I0714 09:25:02.086448       1 enqueue.go:79] Try to enqueue PodGroup to 0 Queues
I0714 09:25:02.086534       1 allocate.go:64] Try to allocate resource to 0 Queues
I0714 09:25:02.086752       1 session.go:244] Close Session fe650af6-11a7-4f95-a66e-e9da058b4ff7
I0714 09:25:03.089672       1 cache.go:1363] There are <0> Jobs, <1> Queues and <5> Nodes in total for scheduling.
I0714 09:25:03.089853       1 session.go:190] Open Session d4e594aa-b3a8-4b6e-b914-109730173dc0 with <0> Job and <1> Queues
I0714 09:25:03.091721       1 enqueue.go:79] Try to enqueue PodGroup to 0 Queues
I0714 09:25:03.091807       1 allocate.go:64] Try to allocate resource to 0 Queues
I0714 09:25:03.092022       1 session.go:244] Close Session d4e594aa-b3a8-4b6e-b914-109730173dc0
I0714 09:25:04.094668       1 cache.go:1363] There are <0> Jobs, <1> Queues and <5> Nodes in total for scheduling.
I0714 09:25:04.094845       1 session.go:190] Open Session 120d7c45-f202-4c7d-b353-b186c8e5d5e7 with <0> Job and <1> Queues
I0714 09:25:04.097143       1 enqueue.go:79] Try to enqueue PodGroup to 0 Queues
I0714 09:25:04.097238       1 allocate.go:64] Try to allocate resource to 0 Queues
I0714 09:25:04.097501       1 session.go:244] Close Session 120d7c45-f202-4c7d-b353-b186c8e5d5e7
I0714 09:25:05.098782       1 cache.go:1363] There are <0> Jobs, <1> Queues and <5> Nodes in total for scheduling.
I0714 09:25:05.098861       1 session.go:190] Open Session 645e9fe7-a2f8-4417-9c61-87635d380949 with <0> Job and <1> Queues
I0714 09:25:05.099806       1 enqueue.go:79] Try to enqueue PodGroup to 0 Queues
I0714 09:25:05.099856       1 allocate.go:64] Try to allocate resource to 0 Queues
I0714 09:25:05.099973       1 session.go:244] Close Session 645e9fe7-a2f8-4417-9c61-87635d380949
I0714 09:25:06.103161       1 cache.go:1363] There are <0> Jobs, <1> Queues and <5> Nodes in total for scheduling.
I0714 09:25:06.103327       1 session.go:190] Open Session 43d55bb5-a8d5-433b-b7be-9159abb5179f with <0> Job and <1> Queues
I0714 09:25:06.105319       1 enqueue.go:79] Try to enqueue PodGroup to 0 Queues
I0714 09:25:06.105393       1 allocate.go:64] Try to allocate resource to 0 Queues
I0714 09:25:06.105625       1 session.go:244] Close Session 43d55bb5-a8d5-433b-b7be-9159abb5179f
I0714 09:25:06.664065       1 cache.go:1489] The metrics type is not set in the volcano scheduler configmap file. As a result, the CPU and memory load information of the node is not collected.
I0714 09:25:07.108487       1 cache.go:1363] There are <0> Jobs, <1> Queues and <5> Nodes in total for scheduling.
I0714 09:25:07.108683       1 session.go:190] Open Session 6e67de88-d915-4fe0-9bbe-c72afa787bb1 with <0> Job and <1> Queues
I0714 09:25:07.110563       1 enqueue.go:79] Try to enqueue PodGroup to 0 Queues
I0714 09:25:07.110629       1 allocate.go:64] Try to allocate resource to 0 Queues
I0714 09:25:07.110851       1 session.go:244] Close Session 6e67de88-d915-4fe0-9bbe-c72afa787bb1
I0714 09:25:08.113629       1 cache.go:1363] There are <0> Jobs, <1> Queues and <5> Nodes in total for scheduling.
I0714 09:25:08.113791       1 session.go:190] Open Session b3b5cf4b-c52b-46df-8b98-42dcbd997a97 with <0> Job and <1> Queues
I0714 09:25:08.116075       1 enqueue.go:79] Try to enqueue PodGroup to 0 Queues
I0714 09:25:08.116163       1 allocate.go:64] Try to allocate resource to 0 Queues
I0714 09:25:08.116427       1 session.go:244] Close Session b3b5cf4b-c52b-46df-8b98-42dcbd997a97
I0714 09:25:09.119669       1 cache.go:1363] There are <0> Jobs, <1> Queues and <5> Nodes in total for scheduling.
I0714 09:25:09.119845       1 session.go:190] Open Session 0bc6b2f8-ae05-4b59-b957-d43c53a70ab9 with <0> Job and <1> Queues
I0714 09:25:09.122093       1 enqueue.go:79] Try to enqueue PodGroup to 0 Queues
I0714 09:25:09.122172       1 allocate.go:64] Try to allocate resource to 0 Queues
I0714 09:25:09.122421       1 session.go:244] Close Session 0bc6b2f8-ae05-4b59-b957-d43c53a70ab9
I0714 09:25:10.125471       1 cache.go:1363] There are <0> Jobs, <1> Queues and <5> Nodes in total for scheduling.
I0714 09:25:10.125645       1 session.go:190] Open Session 731dd497-9569-4fce-8cee-bfeed849838a with <0> Job and <1> Queues
I0714 09:25:10.127591       1 enqueue.go:79] Try to enqueue PodGroup to 0 Queues
I0714 09:25:10.127667       1 allocate.go:64] Try to allocate resource to 0 Queues
I0714 09:25:10.127878       1 session.go:244] Close Session 731dd497-9569-4fce-8cee-bfeed849838a
I0714 09:25:11.130339       1 cache.go:1363] There are <0> Jobs, <1> Queues and <5> Nodes in total for scheduling.
I0714 09:25:11.130515       1 session.go:190] Open Session 39e35ae0-1c0f-4dbe-941a-96239238acee with <0> Job and <1> Queues
I0714 09:25:11.132441       1 enqueue.go:79] Try to enqueue PodGroup to 0 Queues
I0714 09:25:11.132518       1 allocate.go:64] Try to allocate resource to 0 Queues
I0714 09:25:11.132749       1 session.go:244] Close Session 39e35ae0-1c0f-4dbe-941a-96239238acee
I0714 09:25:12.135050       1 cache.go:1363] There are <0> Jobs, <1> Queues and <5> Nodes in total for scheduling.
I0714 09:25:12.135191       1 session.go:190] Open Session 9dd520af-ec0a-4bd9-982b-4167fff72091 with <0> Job and <1> Queues
I0714 09:25:12.137040       1 enqueue.go:79] Try to enqueue PodGroup to 0 Queues
I0714 09:25:12.137108       1 allocate.go:64] Try to allocate resource to 0 Queues
I0714 09:25:12.137321       1 session.go:244] Close Session 9dd520af-ec0a-4bd9-982b-4167fff72091
I0714 09:25:13.139980       1 cache.go:1363] There are <0> Jobs, <1> Queues and <5> Nodes in total for scheduling.
I0714 09:25:13.140149       1 session.go:190] Open Session ce7c58f2-bb3e-4806-afa3-d4d1eff6bb20 with <0> Job and <1> Queues
I0714 09:25:13.142020       1 enqueue.go:79] Try to enqueue PodGroup to 0 Queues
I0714 09:25:13.142111       1 allocate.go:64] Try to allocate resource to 0 Queues
I0714 09:25:13.142320       1 session.go:244] Close Session ce7c58f2-bb3e-4806-afa3-d4d1eff6bb20
I0714 09:25:14.145567       1 cache.go:1363] There are <0> Jobs, <1> Queues and <5> Nodes in total for scheduling.
I0714 09:25:14.145749       1 session.go:190] Open Session a95679fe-ecb6-47fc-bdef-05f9f4bd8318 with <0> Job and <1> Queues
I0714 09:25:14.147773       1 enqueue.go:79] Try to enqueue PodGroup to 0 Queues
I0714 09:25:14.147853       1 allocate.go:64] Try to allocate resource to 0 Queues
I0714 09:25:14.148101       1 session.go:244] Close Session a95679fe-ecb6-47fc-bdef-05f9f4bd8318
I0714 09:25:15.151306       1 cache.go:1363] There are <0> Jobs, <1> Queues and <5> Nodes in total for scheduling.
I0714 09:25:15.151479       1 session.go:190] Open Session 95270425-5966-4d06-ba7f-444f1b89d1e2 with <0> Job and <1> Queues
I0714 09:25:15.153401       1 enqueue.go:79] Try to enqueue PodGroup to 0 Queues
I0714 09:25:15.153474       1 allocate.go:64] Try to allocate resource to 0 Queues
I0714 09:25:15.153679       1 session.go:244] Close Session 95270425-5966-4d06-ba7f-444f1b89d1e2
I0714 09:25:16.155895       1 cache.go:1363] There are <0> Jobs, <1> Queues and <5> Nodes in total for scheduling.
I0714 09:25:16.156080       1 session.go:190] Open Session f85a608e-91fb-48fb-afa1-63586435f517 with <0> Job and <1> Queues
I0714 09:25:16.158047       1 enqueue.go:79] Try to enqueue PodGroup to 0 Queues
I0714 09:25:16.158119       1 allocate.go:64] Try to allocate resource to 0 Queues
I0714 09:25:16.158351       1 session.go:244] Close Session f85a608e-91fb-48fb-afa1-63586435f517
I0714 09:25:17.161168       1 cache.go:1363] There are <0> Jobs, <1> Queues and <5> Nodes in total for scheduling.
I0714 09:25:17.161316       1 session.go:190] Open Session 1088e1f9-cc28-4473-9c8f-ef84fac3163c with <0> Job and <1> Queues
I0714 09:25:17.163221       1 enqueue.go:79] Try to enqueue PodGroup to 0 Queues
I0714 09:25:17.163295       1 allocate.go:64] Try to allocate resource to 0 Queues
I0714 09:25:17.163514       1 session.go:244] Close Session 1088e1f9-cc28-4473-9c8f-ef84fac3163c
I0714 09:25:18.165656       1 cache.go:1363] There are <0> Jobs, <1> Queues and <5> Nodes in total for scheduling.
I0714 09:25:18.165799       1 session.go:190] Open Session f190eff4-5619-4983-967b-b3ca6d4ed308 with <0> Job and <1> Queues
I0714 09:25:18.167728       1 enqueue.go:79] Try to enqueue PodGroup to 0 Queues
I0714 09:25:18.167792       1 allocate.go:64] Try to allocate resource to 0 Queues
I0714 09:25:18.167994       1 session.go:244] Close Session f190eff4-5619-4983-967b-b3ca6d4ed308
I0714 09:25:19.171083       1 cache.go:1363] There are <0> Jobs, <1> Queues and <5> Nodes in total for scheduling.
I0714 09:25:19.171260       1 session.go:190] Open Session 53915b45-adf3-400f-b7e3-761e213a0cb7 with <0> Job and <1> Queues
I0714 09:25:19.173278       1 enqueue.go:79] Try to enqueue PodGroup to 0 Queues
I0714 09:25:19.173359       1 allocate.go:64] Try to allocate resource to 0 Queues
I0714 09:25:19.173603       1 session.go:244] Close Session 53915b45-adf3-400f-b7e3-761e213a0cb7
I0714 09:25:20.176806       1 cache.go:1363] There are <0> Jobs, <1> Queues and <5> Nodes in total for scheduling.
I0714 09:25:20.176983       1 session.go:190] Open Session c38c9c2a-fb5f-4c44-b478-e12520a15083 with <0> Job and <1> Queues
I0714 09:25:20.178931       1 enqueue.go:79] Try to enqueue PodGroup to 0 Queues
I0714 09:25:20.179013       1 allocate.go:64] Try to allocate resource to 0 Queues
I0714 09:25:20.179234       1 session.go:244] Close Session c38c9c2a-fb5f-4c44-b478-e12520a15083
I0714 09:25:21.181781       1 cache.go:1363] There are <0> Jobs, <1> Queues and <5> Nodes in total for scheduling.
I0714 09:25:21.181979       1 session.go:190] Open Session 10d3e897-0497-44de-9849-29993982d93c with <0> Job and <1> Queues
I0714 09:25:21.183980       1 enqueue.go:79] Try to enqueue PodGroup to 0 Queues
I0714 09:25:21.184067       1 allocate.go:64] Try to allocate resource to 0 Queues
I0714 09:25:21.184380       1 session.go:244] Close Session 10d3e897-0497-44de-9849-29993982d93c
I0714 09:25:22.186567       1 cache.go:1363] There are <0> Jobs, <1> Queues and <5> Nodes in total for scheduling.
I0714 09:25:22.186761       1 session.go:190] Open Session 15d37602-3f63-4537-968d-38023a0d496c with <0> Job and <1> Queues
I0714 09:25:22.188793       1 enqueue.go:79] Try to enqueue PodGroup to 0 Queues
I0714 09:25:22.188884       1 allocate.go:64] Try to allocate resource to 0 Queues
I0714 09:25:22.189114       1 session.go:244] Close Session 15d37602-3f63-4537-968d-38023a0d496c
I0714 09:25:23.191686       1 cache.go:1363] There are <0> Jobs, <1> Queues and <5> Nodes in total for scheduling.
I0714 09:25:23.191891       1 session.go:190] Open Session 9949e65e-6908-4a3b-9b29-8f039e3e9cfa with <0> Job and <1> Queues
I0714 09:25:23.193948       1 enqueue.go:79] Try to enqueue PodGroup to 0 Queues
I0714 09:25:23.194048       1 allocate.go:64] Try to allocate resource to 0 Queues
I0714 09:25:23.194282       1 session.go:244] Close Session 9949e65e-6908-4a3b-9b29-8f039e3e9cfa
I0714 09:25:24.196709       1 cache.go:1363] There are <0> Jobs, <1> Queues and <5> Nodes in total for scheduling.
I0714 09:25:24.196894       1 session.go:190] Open Session 7b4b253d-a8ea-424d-b7f8-03e4431003c4 with <0> Job and <1> Queues
I0714 09:25:24.198850       1 enqueue.go:79] Try to enqueue PodGroup to 0 Queues
I0714 09:25:24.198935       1 allocate.go:64] Try to allocate resource to 0 Queues
I0714 09:25:24.199175       1 session.go:244] Close Session 7b4b253d-a8ea-424d-b7f8-03e4431003c4
I0714 09:25:25.201835       1 cache.go:1363] There are <0> Jobs, <1> Queues and <5> Nodes in total for scheduling.
I0714 09:25:25.202036       1 session.go:190] Open Session 51938f61-1276-4a3d-ba4e-c3ee254120d6 with <0> Job and <1> Queues
I0714 09:25:25.204012       1 enqueue.go:79] Try to enqueue PodGroup to 0 Queues
I0714 09:25:25.204122       1 allocate.go:64] Try to allocate resource to 0 Queues
I0714 09:25:25.204397       1 session.go:244] Close Session 51938f61-1276-4a3d-ba4e-c3ee254120d6
I0714 09:25:26.206862       1 cache.go:1363] There are <0> Jobs, <1> Queues and <5> Nodes in total for scheduling.
I0714 09:25:26.207053       1 session.go:190] Open Session b0ac7f17-506d-40aa-92b0-8dc483876f3b with <0> Job and <1> Queues
I0714 09:25:26.208951       1 enqueue.go:79] Try to enqueue PodGroup to 0 Queues
I0714 09:25:26.209036       1 allocate.go:64] Try to allocate resource to 0 Queues
I0714 09:25:26.209251       1 session.go:244] Close Session b0ac7f17-506d-40aa-92b0-8dc483876f3b
I0714 09:25:27.211866       1 cache.go:1363] There are <0> Jobs, <1> Queues and <5> Nodes in total for scheduling.
I0714 09:25:27.212043       1 session.go:190] Open Session cd8fd649-fa50-4dff-b76c-e19a01c8bc13 with <0> Job and <1> Queues
I0714 09:25:27.213976       1 enqueue.go:79] Try to enqueue PodGroup to 0 Queues
I0714 09:25:27.214062       1 allocate.go:64] Try to allocate resource to 0 Queues
I0714 09:25:27.214291       1 session.go:244] Close Session cd8fd649-fa50-4dff-b76c-e19a01c8bc13
I0714 09:25:28.216203       1 cache.go:1363] There are <0> Jobs, <1> Queues and <5> Nodes in total for scheduling.
I0714 09:25:28.216393       1 session.go:190] Open Session e19097de-f5b4-4124-9774-c45ce17523de with <0> Job and <1> Queues
I0714 09:25:28.218237       1 enqueue.go:79] Try to enqueue PodGroup to 0 Queues
I0714 09:25:28.218322       1 allocate.go:64] Try to allocate resource to 0 Queues
I0714 09:25:28.218558       1 session.go:244] Close Session e19097de-f5b4-4124-9774-c45ce17523de
I0714 09:25:29.220747       1 cache.go:1363] There are <0> Jobs, <1> Queues and <5> Nodes in total for scheduling.
I0714 09:25:29.220962       1 session.go:190] Open Session c13d3573-a46a-4fba-8106-31881d777d4d with <0> Job and <1> Queues
I0714 09:25:29.222843       1 enqueue.go:79] Try to enqueue PodGroup to 0 Queues
I0714 09:25:29.222940       1 allocate.go:64] Try to allocate resource to 0 Queues
I0714 09:25:29.223165       1 session.go:244] Close Session c13d3573-a46a-4fba-8106-31881d777d4d
I0714 09:25:30.225284       1 cache.go:1363] There are <0> Jobs, <1> Queues and <5> Nodes in total for scheduling.
I0714 09:25:30.225458       1 session.go:190] Open Session b0c6b858-7090-400c-b62c-3957219bb606 with <0> Job and <1> Queues
I0714 09:25:30.227310       1 enqueue.go:79] Try to enqueue PodGroup to 0 Queues
I0714 09:25:30.227396       1 allocate.go:64] Try to allocate resource to 0 Queues
I0714 09:25:30.227612       1 session.go:244] Close Session b0c6b858-7090-400c-b62c-3957219bb606
I0714 09:25:31.230390       1 cache.go:1363] There are <0> Jobs, <1> Queues and <5> Nodes in total for scheduling.
I0714 09:25:31.230575       1 session.go:190] Open Session d3e89987-55bb-447e-a7d9-c50be1753694 with <0> Job and <1> Queues
I0714 09:25:31.232558       1 enqueue.go:79] Try to enqueue PodGroup to 0 Queues
I0714 09:25:31.232638       1 allocate.go:64] Try to allocate resource to 0 Queues
I0714 09:25:31.232858       1 session.go:244] Close Session d3e89987-55bb-447e-a7d9-c50be1753694
W0714 09:25:32.170649       1 event_handlers.go:181] Not support non-csi pvc.
I0714 09:25:32.174964       1 event_handlers.go:442] Deleted pod <default/yolo-cls> from cache.
I0714 09:25:32.235273       1 cache.go:1363] There are <0> Jobs, <1> Queues and <5> Nodes in total for scheduling.
I0714 09:25:32.235419       1 session.go:190] Open Session 5a5c9467-1150-40b2-b40c-4fe3e243c776 with <0> Job and <1> Queues
W0714 09:25:32.236035       1 event_handlers.go:181] Not support non-csi pvc.
I0714 09:25:32.237313       1 enqueue.go:79] Try to enqueue PodGroup to 0 Queues
I0714 09:25:32.237386       1 allocate.go:64] Try to allocate resource to 0 Queues
I0714 09:25:32.237601       1 session.go:244] Close Session 5a5c9467-1150-40b2-b40c-4fe3e243c776
I0714 09:25:32.239684       1 event_handlers.go:442] Deleted pod <default/yolo-det> from cache.
W0714 09:25:32.313881       1 event_handlers.go:181] Not support non-csi pvc.
I0714 09:25:32.320790       1 event_handlers.go:442] Deleted pod <default/yolo-seg> from cache.
W0714 09:25:32.377063       1 event_handlers.go:181] Not support non-csi pvc.
I0714 09:25:32.381522       1 event_handlers.go:442] Deleted pod <default/yolo-obb> from cache.
W0714 09:25:32.438490       1 event_handlers.go:181] Not support non-csi pvc.
I0714 09:25:32.442896       1 event_handlers.go:442] Deleted pod <default/yolo-pos> from cache.
I0714 09:25:33.240282       1 cache.go:1363] There are <0> Jobs, <1> Queues and <5> Nodes in total for scheduling.
I0714 09:25:33.240495       1 session.go:190] Open Session 38338fe8-fff6-4447-9d3a-be16b2840813 with <0> Job and <1> Queues
I0714 09:25:33.242283       1 enqueue.go:79] Try to enqueue PodGroup to 0 Queues
I0714 09:25:33.242350       1 allocate.go:64] Try to allocate resource to 0 Queues
I0714 09:25:33.242617       1 session.go:244] Close Session 38338fe8-fff6-4447-9d3a-be16b2840813
I0714 09:25:34.245281       1 cache.go:1363] There are <0> Jobs, <1> Queues and <5> Nodes in total for scheduling.
I0714 09:25:34.245444       1 session.go:190] Open Session b3fee4f5-4ba7-4dae-b7d1-491cf7a667ad with <0> Job and <1> Queues
I0714 09:25:34.247163       1 enqueue.go:79] Try to enqueue PodGroup to 0 Queues
I0714 09:25:34.247230       1 allocate.go:64] Try to allocate resource to 0 Queues
I0714 09:25:34.247448       1 session.go:244] Close Session b3fee4f5-4ba7-4dae-b7d1-491cf7a667ad
I0714 09:25:35.249682       1 cache.go:1363] There are <0> Jobs, <1> Queues and <5> Nodes in total for scheduling.
I0714 09:25:35.249845       1 session.go:190] Open Session 9ebd96d4-9acc-41fc-8c87-979998b3da22 with <0> Job and <1> Queues
I0714 09:25:35.252947       1 enqueue.go:79] Try to enqueue PodGroup to 0 Queues
I0714 09:25:35.253030       1 allocate.go:64] Try to allocate resource to 0 Queues
I0714 09:25:35.253543       1 session.go:244] Close Session 9ebd96d4-9acc-41fc-8c87-979998b3da22
I0714 09:25:36.256341       1 cache.go:1363] There are <0> Jobs, <1> Queues and <5> Nodes in total for scheduling.
I0714 09:25:36.256533       1 session.go:190] Open Session 893b74da-dbee-4a3a-82a3-1798d76d517d with <0> Job and <1> Queues
I0714 09:25:36.258417       1 enqueue.go:79] Try to enqueue PodGroup to 0 Queues
I0714 09:25:36.258486       1 allocate.go:64] Try to allocate resource to 0 Queues
I0714 09:25:36.258707       1 session.go:244] Close Session 893b74da-dbee-4a3a-82a3-1798d76d517d
I0714 09:25:36.664544       1 cache.go:1489] The metrics type is not set in the volcano scheduler configmap file. As a result, the CPU and memory load information of the node is not collected.
I0714 09:25:37.261492       1 cache.go:1363] There are <0> Jobs, <1> Queues and <5> Nodes in total for scheduling.
I0714 09:25:37.261625       1 session.go:190] Open Session 938cadbc-75b5-4578-9555-635f73bde92b with <0> Job and <1> Queues
I0714 09:25:37.263366       1 enqueue.go:79] Try to enqueue PodGroup to 0 Queues
I0714 09:25:37.263430       1 allocate.go:64] Try to allocate resource to 0 Queues
I0714 09:25:37.263655       1 session.go:244] Close Session 938cadbc-75b5-4578-9555-635f73bde92b
I0714 09:25:38.265761       1 cache.go:1363] There are <0> Jobs, <1> Queues and <5> Nodes in total for scheduling.
I0714 09:25:38.265915       1 session.go:190] Open Session 2378dc7f-b9dc-494f-88dd-8898ce296baa with <0> Job and <1> Queues
I0714 09:25:38.267642       1 enqueue.go:79] Try to enqueue PodGroup to 0 Queues
I0714 09:25:38.267706       1 allocate.go:64] Try to allocate resource to 0 Queues
I0714 09:25:38.267930       1 session.go:244] Close Session 2378dc7f-b9dc-494f-88dd-8898ce296baa
I0714 09:25:39.270189       1 cache.go:1363] There are <0> Jobs, <1> Queues and <5> Nodes in total for scheduling.
I0714 09:25:39.270350       1 session.go:190] Open Session 2e97051c-fe5a-4598-b068-2147a22d37f5 with <0> Job and <1> Queues
I0714 09:25:39.272178       1 enqueue.go:79] Try to enqueue PodGroup to 0 Queues
I0714 09:25:39.272239       1 allocate.go:64] Try to allocate resource to 0 Queues
I0714 09:25:39.272497       1 session.go:244] Close Session 2e97051c-fe5a-4598-b068-2147a22d37f5
I0714 09:25:40.275264       1 cache.go:1363] There are <0> Jobs, <1> Queues and <5> Nodes in total for scheduling.
I0714 09:25:40.275507       1 session.go:190] Open Session 714963e1-e054-4bfa-88f6-7bd7c0d1d3f8 with <0> Job and <1> Queues
I0714 09:25:40.277320       1 enqueue.go:79] Try to enqueue PodGroup to 0 Queues
I0714 09:25:40.277383       1 allocate.go:64] Try to allocate resource to 0 Queues
I0714 09:25:40.277621       1 session.go:244] Close Session 714963e1-e054-4bfa-88f6-7bd7c0d1d3f8
I0714 09:25:41.280621       1 cache.go:1363] There are <0> Jobs, <1> Queues and <5> Nodes in total for scheduling.
I0714 09:25:41.280784       1 session.go:190] Open Session fcc82d6b-5364-4452-92d1-d5d5fd7e5113 with <0> Job and <1> Queues
I0714 09:25:41.282491       1 enqueue.go:79] Try to enqueue PodGroup to 0 Queues
I0714 09:25:41.282555       1 allocate.go:64] Try to allocate resource to 0 Queues
I0714 09:25:41.282784       1 session.go:244] Close Session fcc82d6b-5364-4452-92d1-d5d5fd7e5113
I0714 09:25:42.285616       1 cache.go:1363] There are <0> Jobs, <1> Queues and <5> Nodes in total for scheduling.
I0714 09:25:42.285777       1 session.go:190] Open Session 7c20461d-e10d-43b3-a0c9-4b56c9c9c5ef with <0> Job and <1> Queues
I0714 09:25:42.287633       1 enqueue.go:79] Try to enqueue PodGroup to 0 Queues
I0714 09:25:42.287697       1 allocate.go:64] Try to allocate resource to 0 Queues
I0714 09:25:42.287892       1 session.go:244] Close Session 7c20461d-e10d-43b3-a0c9-4b56c9c9c5ef
I0714 09:25:43.289999       1 cache.go:1363] There are <0> Jobs, <1> Queues and <5> Nodes in total for scheduling.
I0714 09:25:43.290166       1 session.go:190] Open Session 9ae5ec5d-4478-473c-9d29-47c8131d121e with <0> Job and <1> Queues
I0714 09:25:43.291899       1 enqueue.go:79] Try to enqueue PodGroup to 0 Queues
I0714 09:25:43.291966       1 allocate.go:64] Try to allocate resource to 0 Queues
I0714 09:25:43.292170       1 session.go:244] Close Session 9ae5ec5d-4478-473c-9d29-47c8131d121e
I0714 09:25:44.294802       1 cache.go:1363] There are <0> Jobs, <1> Queues and <5> Nodes in total for scheduling.
I0714 09:25:44.294978       1 session.go:190] Open Session 383f53cb-0308-4a18-816c-4d54e9f48b02 with <0> Job and <1> Queues
I0714 09:25:44.296884       1 enqueue.go:79] Try to enqueue PodGroup to 0 Queues
I0714 09:25:44.296952       1 allocate.go:64] Try to allocate resource to 0 Queues
I0714 09:25:44.297160       1 session.go:244] Close Session 383f53cb-0308-4a18-816c-4d54e9f48b02
I0714 09:25:45.299591       1 cache.go:1363] There are <0> Jobs, <1> Queues and <5> Nodes in total for scheduling.
I0714 09:25:45.299746       1 session.go:190] Open Session db8fed2e-08b2-48f7-bb5f-1888a3d3ba97 with <0> Job and <1> Queues
I0714 09:25:45.301547       1 enqueue.go:79] Try to enqueue PodGroup to 0 Queues
I0714 09:25:45.301617       1 allocate.go:64] Try to allocate resource to 0 Queues
I0714 09:25:45.301821       1 session.go:244] Close Session db8fed2e-08b2-48f7-bb5f-1888a3d3ba97
I0714 09:25:46.304246       1 cache.go:1363] There are <0> Jobs, <1> Queues and <5> Nodes in total for scheduling.
I0714 09:25:46.304466       1 session.go:190] Open Session f2413144-7f20-49b1-840a-b5b2108d52c2 with <0> Job and <1> Queues
I0714 09:25:46.306146       1 enqueue.go:79] Try to enqueue PodGroup to 0 Queues
I0714 09:25:46.306214       1 allocate.go:64] Try to allocate resource to 0 Queues
I0714 09:25:46.306418       1 session.go:244] Close Session f2413144-7f20-49b1-840a-b5b2108d52c2
I0714 09:25:47.309151       1 cache.go:1363] There are <0> Jobs, <1> Queues and <5> Nodes in total for scheduling.
I0714 09:25:47.309333       1 session.go:190] Open Session fed819c3-3cfb-436e-af05-2ff7d345eb24 with <0> Job and <1> Queues
I0714 09:25:47.311110       1 enqueue.go:79] Try to enqueue PodGroup to 0 Queues
I0714 09:25:47.311183       1 allocate.go:64] Try to allocate resource to 0 Queues
I0714 09:25:47.311401       1 session.go:244] Close Session fed819c3-3cfb-436e-af05-2ff7d345eb24
I0714 09:25:48.312820       1 cache.go:1363] There are <0> Jobs, <1> Queues and <5> Nodes in total for scheduling.
I0714 09:25:48.312911       1 session.go:190] Open Session ca8d48cf-3792-48f4-99c3-7d30439734e6 with <0> Job and <1> Queues
I0714 09:25:48.313693       1 enqueue.go:79] Try to enqueue PodGroup to 0 Queues
I0714 09:25:48.313734       1 allocate.go:64] Try to allocate resource to 0 Queues
I0714 09:25:48.313825       1 session.go:244] Close Session ca8d48cf-3792-48f4-99c3-7d30439734e6
I0714 09:25:49.314954       1 cache.go:1363] There are <0> Jobs, <1> Queues and <5> Nodes in total for scheduling.
I0714 09:25:49.315074       1 session.go:190] Open Session 448bcc98-688a-462e-94a0-9354e7dda02e with <0> Job and <1> Queues
I0714 09:25:49.316006       1 enqueue.go:79] Try to enqueue PodGroup to 0 Queues
I0714 09:25:49.316046       1 allocate.go:64] Try to allocate resource to 0 Queues
I0714 09:25:49.316160       1 session.go:244] Close Session 448bcc98-688a-462e-94a0-9354e7dda02e
I0714 09:25:50.318334       1 cache.go:1363] There are <0> Jobs, <1> Queues and <5> Nodes in total for scheduling.
I0714 09:25:50.318511       1 session.go:190] Open Session acd8e0b9-4cc7-4454-ab06-6cf9b4740280 with <0> Job and <1> Queues
I0714 09:25:50.320504       1 enqueue.go:79] Try to enqueue PodGroup to 0 Queues
I0714 09:25:50.320581       1 allocate.go:64] Try to allocate resource to 0 Queues
I0714 09:25:50.320825       1 session.go:244] Close Session acd8e0b9-4cc7-4454-ab06-6cf9b4740280
I0714 09:25:51.323515       1 cache.go:1363] There are <0> Jobs, <1> Queues and <5> Nodes in total for scheduling.
I0714 09:25:51.323681       1 session.go:190] Open Session 3a75372b-1913-4fd5-85b3-8e10bff76406 with <0> Job and <1> Queues
I0714 09:25:51.325486       1 enqueue.go:79] Try to enqueue PodGroup to 0 Queues
I0714 09:25:51.325552       1 allocate.go:64] Try to allocate resource to 0 Queues
I0714 09:25:51.325772       1 session.go:244] Close Session 3a75372b-1913-4fd5-85b3-8e10bff76406
I0714 09:25:52.328024       1 cache.go:1363] There are <0> Jobs, <1> Queues and <5> Nodes in total for scheduling.
I0714 09:25:52.328206       1 session.go:190] Open Session 7ced9a2f-4c57-446e-8a9c-01a75b58e624 with <0> Job and <1> Queues
I0714 09:25:52.329970       1 enqueue.go:79] Try to enqueue PodGroup to 0 Queues
I0714 09:25:52.330047       1 allocate.go:64] Try to allocate resource to 0 Queues
I0714 09:25:52.330260       1 session.go:244] Close Session 7ced9a2f-4c57-446e-8a9c-01a75b58e624
I0714 09:25:53.332564       1 cache.go:1363] There are <0> Jobs, <1> Queues and <5> Nodes in total for scheduling.
I0714 09:25:53.332736       1 session.go:190] Open Session c1fde3df-6dca-4e3a-8abe-4759445bf116 with <0> Job and <1> Queues
I0714 09:25:53.334674       1 enqueue.go:79] Try to enqueue PodGroup to 0 Queues
I0714 09:25:53.334740       1 allocate.go:64] Try to allocate resource to 0 Queues
I0714 09:25:53.334967       1 session.go:244] Close Session c1fde3df-6dca-4e3a-8abe-4759445bf116
I0714 09:25:54.337859       1 cache.go:1363] There are <0> Jobs, <1> Queues and <5> Nodes in total for scheduling.
I0714 09:25:54.338030       1 session.go:190] Open Session 0ff8614e-0c41-49f1-afe3-db026ebb9bbb with <0> Job and <1> Queues
I0714 09:25:54.339854       1 enqueue.go:79] Try to enqueue PodGroup to 0 Queues
I0714 09:25:54.339924       1 allocate.go:64] Try to allocate resource to 0 Queues
I0714 09:25:54.340164       1 session.go:244] Close Session 0ff8614e-0c41-49f1-afe3-db026ebb9bbb
I0714 09:25:55.342210       1 cache.go:1363] There are <0> Jobs, <1> Queues and <5> Nodes in total for scheduling.
I0714 09:25:55.342382       1 session.go:190] Open Session 251f93d2-a3b3-4839-9817-99490b2206cc with <0> Job and <1> Queues
I0714 09:25:55.344097       1 enqueue.go:79] Try to enqueue PodGroup to 0 Queues
I0714 09:25:55.344177       1 allocate.go:64] Try to allocate resource to 0 Queues
I0714 09:25:55.344437       1 session.go:244] Close Session 251f93d2-a3b3-4839-9817-99490b2206cc
I0714 09:25:56.347444       1 cache.go:1363] There are <0> Jobs, <1> Queues and <5> Nodes in total for scheduling.
I0714 09:25:56.347620       1 session.go:190] Open Session b9f43476-211c-400c-b519-34e7f66931b5 with <0> Job and <1> Queues
I0714 09:25:56.349448       1 enqueue.go:79] Try to enqueue PodGroup to 0 Queues
I0714 09:25:56.349522       1 allocate.go:64] Try to allocate resource to 0 Queues
I0714 09:25:56.349731       1 session.go:244] Close Session b9f43476-211c-400c-b519-34e7f66931b5
I0714 09:25:57.351832       1 cache.go:1363] There are <0> Jobs, <1> Queues and <5> Nodes in total for scheduling.
I0714 09:25:57.351985       1 session.go:190] Open Session 738f0a9d-3ae7-42c8-9089-4ee2aa0e8fad with <0> Job and <1> Queues
I0714 09:25:57.353797       1 enqueue.go:79] Try to enqueue PodGroup to 0 Queues
I0714 09:25:57.353869       1 allocate.go:64] Try to allocate resource to 0 Queues
I0714 09:25:57.354084       1 session.go:244] Close Session 738f0a9d-3ae7-42c8-9089-4ee2aa0e8fad
I0714 09:25:58.356371       1 cache.go:1363] There are <0> Jobs, <1> Queues and <5> Nodes in total for scheduling.
I0714 09:25:58.356516       1 session.go:190] Open Session a76a68da-6b91-4af6-b6ab-69efd14fe106 with <0> Job and <1> Queues
I0714 09:25:58.358164       1 enqueue.go:79] Try to enqueue PodGroup to 0 Queues
I0714 09:25:58.358229       1 allocate.go:64] Try to allocate resource to 0 Queues
I0714 09:25:58.358452       1 session.go:244] Close Session a76a68da-6b91-4af6-b6ab-69efd14fe106
I0714 09:25:59.361192       1 cache.go:1363] There are <0> Jobs, <1> Queues and <5> Nodes in total for scheduling.
I0714 09:25:59.361373       1 session.go:190] Open Session 35148d2b-a113-426a-bd86-6cc1b764832d with <0> Job and <1> Queues
I0714 09:25:59.363211       1 enqueue.go:79] Try to enqueue PodGroup to 0 Queues
I0714 09:25:59.363286       1 allocate.go:64] Try to allocate resource to 0 Queues
I0714 09:25:59.363495       1 session.go:244] Close Session 35148d2b-a113-426a-bd86-6cc1b764832d
I0714 09:26:00.365479       1 cache.go:1363] There are <0> Jobs, <1> Queues and <5> Nodes in total for scheduling.
I0714 09:26:00.365644       1 session.go:190] Open Session a4b2c02f-19ba-41fd-8028-d66f009f8882 with <0> Job and <1> Queues
I0714 09:26:00.367379       1 enqueue.go:79] Try to enqueue PodGroup to 0 Queues
I0714 09:26:00.367459       1 allocate.go:64] Try to allocate resource to 0 Queues
I0714 09:26:00.367683       1 session.go:244] Close Session a4b2c02f-19ba-41fd-8028-d66f009f8882
I0714 09:26:01.370611       1 cache.go:1363] There are <0> Jobs, <1> Queues and <5> Nodes in total for scheduling.
I0714 09:26:01.370800       1 session.go:190] Open Session 4f09367a-6c7b-4d8f-922b-778ebec308b7 with <0> Job and <1> Queues
I0714 09:26:01.372725       1 enqueue.go:79] Try to enqueue PodGroup to 0 Queues
I0714 09:26:01.372801       1 allocate.go:64] Try to allocate resource to 0 Queues
I0714 09:26:01.373030       1 session.go:244] Close Session 4f09367a-6c7b-4d8f-922b-778ebec308b7
I0714 09:26:02.375169       1 cache.go:1363] There are <0> Jobs, <1> Queues and <5> Nodes in total for scheduling.
I0714 09:26:02.375317       1 session.go:190] Open Session f09545b1-bfce-4db2-9dbf-6a2906c350fc with <0> Job and <1> Queues
I0714 09:26:02.377076       1 enqueue.go:79] Try to enqueue PodGroup to 0 Queues
I0714 09:26:02.377154       1 allocate.go:64] Try to allocate resource to 0 Queues
I0714 09:26:02.377390       1 session.go:244] Close Session f09545b1-bfce-4db2-9dbf-6a2906c350fc
I0714 09:26:03.379425       1 cache.go:1363] There are <0> Jobs, <1> Queues and <5> Nodes in total for scheduling.
I0714 09:26:03.379592       1 session.go:190] Open Session 00f16fff-dfd8-45db-b7ce-a5f9c038725c with <0> Job and <1> Queues
I0714 09:26:03.381454       1 enqueue.go:79] Try to enqueue PodGroup to 0 Queues
I0714 09:26:03.381534       1 allocate.go:64] Try to allocate resource to 0 Queues
I0714 09:26:03.381776       1 session.go:244] Close Session 00f16fff-dfd8-45db-b7ce-a5f9c038725c
I0714 09:26:04.384149       1 cache.go:1363] There are <0> Jobs, <1> Queues and <5> Nodes in total for scheduling.
I0714 09:26:04.384330       1 session.go:190] Open Session 29267e0a-3a9e-42e0-9190-70b60997a507 with <0> Job and <1> Queues
I0714 09:26:04.386236       1 enqueue.go:79] Try to enqueue PodGroup to 0 Queues
I0714 09:26:04.386308       1 allocate.go:64] Try to allocate resource to 0 Queues
I0714 09:26:04.386529       1 session.go:244] Close Session 29267e0a-3a9e-42e0-9190-70b60997a507
I0714 09:26:05.389221       1 cache.go:1363] There are <0> Jobs, <1> Queues and <5> Nodes in total for scheduling.
I0714 09:26:05.389394       1 session.go:190] Open Session 8a6ff6a5-7b61-459a-8162-04d022e174a4 with <0> Job and <1> Queues
I0714 09:26:05.391444       1 enqueue.go:79] Try to enqueue PodGroup to 0 Queues
I0714 09:26:05.391516       1 allocate.go:64] Try to allocate resource to 0 Queues
I0714 09:26:05.391740       1 session.go:244] Close Session 8a6ff6a5-7b61-459a-8162-04d022e174a4
I0714 09:26:06.393849       1 cache.go:1363] There are <0> Jobs, <1> Queues and <5> Nodes in total for scheduling.
I0714 09:26:06.394018       1 session.go:190] Open Session af2d7762-b407-4079-baf1-85e2710e9f5e with <0> Job and <1> Queues
I0714 09:26:06.395843       1 enqueue.go:79] Try to enqueue PodGroup to 0 Queues
I0714 09:26:06.395910       1 allocate.go:64] Try to allocate resource to 0 Queues
I0714 09:26:06.396129       1 session.go:244] Close Session af2d7762-b407-4079-baf1-85e2710e9f5e
I0714 09:26:06.665328       1 cache.go:1489] The metrics type is not set in the volcano scheduler configmap file. As a result, the CPU and memory load information of the node is not collected.
I0714 09:26:07.399203       1 cache.go:1363] There are <0> Jobs, <1> Queues and <5> Nodes in total for scheduling.
I0714 09:26:07.399375       1 session.go:190] Open Session 85c7834e-c0ec-40c8-80ac-75363e42d656 with <0> Job and <1> Queues
I0714 09:26:07.401205       1 enqueue.go:79] Try to enqueue PodGroup to 0 Queues
I0714 09:26:07.401280       1 allocate.go:64] Try to allocate resource to 0 Queues
I0714 09:26:07.401493       1 session.go:244] Close Session 85c7834e-c0ec-40c8-80ac-75363e42d656
I0714 09:26:08.403500       1 cache.go:1363] There are <0> Jobs, <1> Queues and <5> Nodes in total for scheduling.
I0714 09:26:08.403676       1 session.go:190] Open Session 028a98fa-7cb1-4dfc-b4f4-ae6ed9810e00 with <0> Job and <1> Queues
I0714 09:26:08.405490       1 enqueue.go:79] Try to enqueue PodGroup to 0 Queues
I0714 09:26:08.405868       1 allocate.go:64] Try to allocate resource to 0 Queues
I0714 09:26:08.406112       1 session.go:244] Close Session 028a98fa-7cb1-4dfc-b4f4-ae6ed9810e00
I0714 09:26:09.408987       1 cache.go:1363] There are <0> Jobs, <1> Queues and <5> Nodes in total for scheduling.
I0714 09:26:09.409156       1 session.go:190] Open Session 2ccd86d5-5867-4247-8de1-a61a51474bfb with <0> Job and <1> Queues
I0714 09:26:09.410941       1 enqueue.go:79] Try to enqueue PodGroup to 0 Queues
I0714 09:26:09.411013       1 allocate.go:64] Try to allocate resource to 0 Queues
I0714 09:26:09.411229       1 session.go:244] Close Session 2ccd86d5-5867-4247-8de1-a61a51474bfb
I0714 09:26:10.413812       1 cache.go:1363] There are <0> Jobs, <1> Queues and <5> Nodes in total for scheduling.
I0714 09:26:10.413992       1 session.go:190] Open Session f076ea78-6224-4338-a991-b16ff568a393 with <0> Job and <1> Queues
I0714 09:26:10.415684       1 enqueue.go:79] Try to enqueue PodGroup to 0 Queues
I0714 09:26:10.415777       1 allocate.go:64] Try to allocate resource to 0 Queues
I0714 09:26:10.416052       1 session.go:244] Close Session f076ea78-6224-4338-a991-b16ff568a393
I0714 09:26:11.418499       1 cache.go:1363] There are <0> Jobs, <1> Queues and <5> Nodes in total for scheduling.
I0714 09:26:11.418680       1 session.go:190] Open Session d3774976-d93c-450b-8aaf-277456c6e7ad with <0> Job and <1> Queues
I0714 09:26:11.420512       1 enqueue.go:79] Try to enqueue PodGroup to 0 Queues
I0714 09:26:11.420590       1 allocate.go:64] Try to allocate resource to 0 Queues
I0714 09:26:11.420798       1 session.go:244] Close Session d3774976-d93c-450b-8aaf-277456c6e7ad
I0714 09:26:12.423703       1 cache.go:1363] There are <0> Jobs, <1> Queues and <5> Nodes in total for scheduling.
I0714 09:26:12.423867       1 session.go:190] Open Session 188769ed-3d56-4122-9f51-91ede0e2af7c with <0> Job and <1> Queues
I0714 09:26:12.425647       1 enqueue.go:79] Try to enqueue PodGroup to 0 Queues
I0714 09:26:12.425733       1 allocate.go:64] Try to allocate resource to 0 Queues
I0714 09:26:12.425949       1 session.go:244] Close Session 188769ed-3d56-4122-9f51-91ede0e2af7c
I0714 09:26:13.428574       1 cache.go:1363] There are <0> Jobs, <1> Queues and <5> Nodes in total for scheduling.
I0714 09:26:13.428744       1 session.go:190] Open Session 494da3c8-870c-41a1-b2e3-af3b03b6e509 with <0> Job and <1> Queues
I0714 09:26:13.430468       1 enqueue.go:79] Try to enqueue PodGroup to 0 Queues
I0714 09:26:13.430553       1 allocate.go:64] Try to allocate resource to 0 Queues
I0714 09:26:13.430763       1 session.go:244] Close Session 494da3c8-870c-41a1-b2e3-af3b03b6e509
I0714 09:26:14.433407       1 cache.go:1363] There are <0> Jobs, <1> Queues and <5> Nodes in total for scheduling.
I0714 09:26:14.433582       1 session.go:190] Open Session 934719a6-95d1-43d5-a13d-656c51b6b8fc with <0> Job and <1> Queues
I0714 09:26:14.435295       1 enqueue.go:79] Try to enqueue PodGroup to 0 Queues
I0714 09:26:14.435371       1 allocate.go:64] Try to allocate resource to 0 Queues
I0714 09:26:14.435598       1 session.go:244] Close Session 934719a6-95d1-43d5-a13d-656c51b6b8fc
I0714 09:26:15.438143       1 cache.go:1363] There are <0> Jobs, <1> Queues and <5> Nodes in total for scheduling.
I0714 09:26:15.438313       1 session.go:190] Open Session 92229703-6679-470e-826f-24804478f401 with <0> Job and <1> Queues
I0714 09:26:15.440082       1 enqueue.go:79] Try to enqueue PodGroup to 0 Queues
I0714 09:26:15.440162       1 allocate.go:64] Try to allocate resource to 0 Queues
I0714 09:26:15.440430       1 session.go:244] Close Session 92229703-6679-470e-826f-24804478f401
I0714 09:26:16.442805       1 cache.go:1363] There are <0> Jobs, <1> Queues and <5> Nodes in total for scheduling.
I0714 09:26:16.442991       1 session.go:190] Open Session 44248f95-750f-49c1-97c9-a50212efc066 with <0> Job and <1> Queues
I0714 09:26:16.444934       1 enqueue.go:79] Try to enqueue PodGroup to 0 Queues
I0714 09:26:16.445021       1 allocate.go:64] Try to allocate resource to 0 Queues
I0714 09:26:16.445240       1 session.go:244] Close Session 44248f95-750f-49c1-97c9-a50212efc066
I0714 09:26:17.447674       1 cache.go:1363] There are <0> Jobs, <1> Queues and <5> Nodes in total for scheduling.
I0714 09:26:17.447818       1 session.go:190] Open Session 9a272a8e-8dbf-4415-a28f-8ce5b811757e with <0> Job and <1> Queues
I0714 09:26:17.449991       1 enqueue.go:79] Try to enqueue PodGroup to 0 Queues
I0714 09:26:17.450080       1 allocate.go:64] Try to allocate resource to 0 Queues
I0714 09:26:17.450302       1 session.go:244] Close Session 9a272a8e-8dbf-4415-a28f-8ce5b811757e
I0714 09:26:18.452557       1 cache.go:1363] There are <0> Jobs, <1> Queues and <5> Nodes in total for scheduling.
I0714 09:26:18.452687       1 session.go:190] Open Session ae466fb5-cc59-428a-a691-647f47261632 with <0> Job and <1> Queues
I0714 09:26:18.454382       1 enqueue.go:79] Try to enqueue PodGroup to 0 Queues
I0714 09:26:18.454458       1 allocate.go:64] Try to allocate resource to 0 Queues
I0714 09:26:18.454650       1 session.go:244] Close Session ae466fb5-cc59-428a-a691-647f47261632
I0714 09:26:19.456723       1 cache.go:1363] There are <0> Jobs, <1> Queues and <5> Nodes in total for scheduling.
I0714 09:26:19.456824       1 session.go:190] Open Session 9ea27c1f-0dbe-4995-94fd-2f63aa3f8a77 with <0> Job and <1> Queues
I0714 09:26:19.457843       1 enqueue.go:79] Try to enqueue PodGroup to 0 Queues
I0714 09:26:19.457893       1 allocate.go:64] Try to allocate resource to 0 Queues
I0714 09:26:19.458014       1 session.go:244] Close Session 9ea27c1f-0dbe-4995-94fd-2f63aa3f8a77
I0714 09:26:20.460727       1 cache.go:1363] There are <0> Jobs, <1> Queues and <5> Nodes in total for scheduling.
I0714 09:26:20.460873       1 session.go:190] Open Session 882d3bfd-eaae-44a0-ad8a-cdb5d8032e7d with <0> Job and <1> Queues
I0714 09:26:20.462861       1 enqueue.go:79] Try to enqueue PodGroup to 0 Queues
I0714 09:26:20.462940       1 allocate.go:64] Try to allocate resource to 0 Queues
I0714 09:26:20.463159       1 session.go:244] Close Session 882d3bfd-eaae-44a0-ad8a-cdb5d8032e7d
W0714 09:26:20.731563       1 event_handlers.go:181] Not support non-csi pvc.
I0714 09:26:20.731694       1 event_handlers.go:387] Added pod <default/yolo-cls> into cache.
W0714 09:26:20.767420       1 event_handlers.go:181] Not support non-csi pvc.
I0714 09:26:21.465832       1 cache.go:1363] There are <1> Jobs, <1> Queues and <5> Nodes in total for scheduling.
I0714 09:26:21.466009       1 session.go:190] Open Session 6437ceb0-340c-4791-9a41-dd3fe20f9a5f with <1> Job and <1> Queues
I0714 09:26:21.468272       1 enqueue.go:79] Try to enqueue PodGroup to 1 Queues
I0714 09:26:21.468567       1 allocate.go:64] Try to allocate resource to 1 Queues
I0714 09:26:21.468622       1 allocate.go:129] Try to allocate resource to Jobs in Queue <default>
I0714 09:26:21.468665       1 allocate.go:161] Try to allocate resource to 1 tasks of Job <default/podgroup-0f19262b-66a2-4efb-95fe-57b0e11d58e1>
I0714 09:26:21.468708       1 allocate.go:181] There are <5> nodes for Job <default/podgroup-0f19262b-66a2-4efb-95fe-57b0e11d58e1>
I0714 09:26:21.469038       1 predicate_helper.go:75] Predicates failed: task default/yolo-cls on node gpu-master fit failed: Insufficient nvidia.com/gpu
I0714 09:26:21.469422       1 predicate_helper.go:75] Predicates failed: task default/yolo-cls on node gpuorin4-desktop fit failed: plugin NodeAffinity predicates failed node(s) didn't match Pod's node affinity/selector
I0714 09:26:21.469530       1 predicate_helper.go:75] Predicates failed: task default/yolo-cls on node gpuorin5-desktop fit failed: plugin NodeAffinity predicates failed node(s) didn't match Pod's node affinity/selector
I0714 09:26:21.470626       1 allocate.go:249] Binding Task <default/yolo-cls> to node <gpu-orin3>
I0714 09:26:21.470856       1 statement.go:266] After allocated Task <default/yolo-cls> to Node <gpu-orin3>: idle <cpu 5900.00, memory 7832723456.00, ephemeral-storage 111715275387000.00, hugepages-64Ki 0.00, hugepages-2Mi 0.00, hugepages-32Mi 0.00, hugepages-1Gi 0.00, nvidia.com/gpu 4000.00, pods 105.00>, used <cpu 100.00, memory 52428800.00, pods 5.00, nvidia.com/gpu 1000.00>, releasing <cpu 0.00, memory 0.00>
I0714 09:26:21.471392       1 statement.go:284] Allocating operations ...
I0714 09:26:21.471526       1 statement.go:378] Committing operations ...
I0714 09:26:21.471645       1 proportion.go:302] Queue <default>: deserved <cpu 0.00, memory 0.00, pods 1.00, nvidia.com/gpu 1000.00>, allocated <cpu 0.00, memory 0.00, nvidia.com/gpu 1000.00, pods 1.00>, share <1>
I0714 09:26:21.471711       1 allocate.go:125] Queue <default> is overused, ignore it.
I0714 09:26:21.493116       1 session.go:244] Close Session 6437ceb0-340c-4791-9a41-dd3fe20f9a5f
I0714 09:26:21.498952       1 cache.go:900] bind ok, latency 17.510195ms
W0714 09:26:21.500883       1 event_handlers.go:181] Not support non-csi pvc.
W0714 09:26:21.541606       1 event_handlers.go:181] Not support non-csi pvc.
W0714 09:26:21.969950       1 event_handlers.go:181] Not support non-csi pvc.
I0714 09:26:21.977007       1 event_handlers.go:442] Deleted pod <default/yolo-cls> from cache.
I0714 09:26:21.990330       1 cache.go:1013] Try to delete Job <default/podgroup-0f19262b-66a2-4efb-95fe-57b0e11d58e1:default/podgroup-0f19262b-66a2-4efb-95fe-57b0e11d58e1>
I0714 09:26:21.990816       1 cache.go:1054] Job <default/podgroup-0f19262b-66a2-4efb-95fe-57b0e11d58e1:default/podgroup-0f19262b-66a2-4efb-95fe-57b0e11d58e1> was deleted.
W0714 09:26:22.137832       1 event_handlers.go:181] Not support non-csi pvc.
I0714 09:26:22.137961       1 event_handlers.go:387] Added pod <default/yolo-cls> into cache.
W0714 09:26:22.191185       1 event_handlers.go:181] Not support non-csi pvc.
I0714 09:26:22.495738       1 cache.go:1363] There are <0> Jobs, <1> Queues and <5> Nodes in total for scheduling.
I0714 09:26:22.495879       1 session.go:190] Open Session ecedf3f7-29ba-4b71-9200-d5841eb6890c with <0> Job and <1> Queues
I0714 09:26:22.497831       1 enqueue.go:79] Try to enqueue PodGroup to 0 Queues
I0714 09:26:22.497907       1 allocate.go:64] Try to allocate resource to 0 Queues
I0714 09:26:22.498129       1 session.go:244] Close Session ecedf3f7-29ba-4b71-9200-d5841eb6890c
I0714 09:26:23.501870       1 cache.go:1363] There are <0> Jobs, <1> Queues and <5> Nodes in total for scheduling.
I0714 09:26:23.502096       1 session.go:190] Open Session 4a69deb1-ee62-49e7-a560-6d9817616dff with <0> Job and <1> Queues
I0714 09:26:23.506485       1 enqueue.go:79] Try to enqueue PodGroup to 0 Queues
I0714 09:26:23.506660       1 allocate.go:64] Try to allocate resource to 0 Queues
I0714 09:26:23.506894       1 session.go:244] Close Session 4a69deb1-ee62-49e7-a560-6d9817616dff
I0714 09:26:24.509361       1 cache.go:1363] There are <0> Jobs, <1> Queues and <5> Nodes in total for scheduling.
I0714 09:26:24.509541       1 session.go:190] Open Session 44b75a48-3278-485f-98e4-7f2fd533137f with <0> Job and <1> Queues
I0714 09:26:24.511292       1 enqueue.go:79] Try to enqueue PodGroup to 0 Queues
I0714 09:26:24.511367       1 allocate.go:64] Try to allocate resource to 0 Queues
I0714 09:26:24.511608       1 session.go:244] Close Session 44b75a48-3278-485f-98e4-7f2fd533137f
W0714 09:26:24.748407       1 event_handlers.go:181] Not support non-csi pvc.
I0714 09:26:25.514002       1 cache.go:1363] There are <0> Jobs, <1> Queues and <5> Nodes in total for scheduling.
I0714 09:26:25.514170       1 session.go:190] Open Session 1a52736a-c1b8-472f-bff7-b6d6c7a1b772 with <0> Job and <1> Queues
I0714 09:26:25.515991       1 enqueue.go:79] Try to enqueue PodGroup to 0 Queues
I0714 09:26:25.516069       1 allocate.go:64] Try to allocate resource to 0 Queues
I0714 09:26:25.516282       1 session.go:244] Close Session 1a52736a-c1b8-472f-bff7-b6d6c7a1b772
I0714 09:26:26.518474       1 cache.go:1363] There are <0> Jobs, <1> Queues and <5> Nodes in total for scheduling.
I0714 09:26:26.518641       1 session.go:190] Open Session 70fa58b1-c473-48fd-a399-97891bea55b0 with <0> Job and <1> Queues
I0714 09:26:26.520723       1 enqueue.go:79] Try to enqueue PodGroup to 0 Queues
I0714 09:26:26.520802       1 allocate.go:64] Try to allocate resource to 0 Queues
I0714 09:26:26.521129       1 session.go:244] Close Session 70fa58b1-c473-48fd-a399-97891bea55b0
I0714 09:26:27.523716       1 cache.go:1363] There are <0> Jobs, <1> Queues and <5> Nodes in total for scheduling.
I0714 09:26:27.523875       1 session.go:190] Open Session 7c684b66-2585-4984-ad98-edd5ffe763ab with <0> Job and <1> Queues
I0714 09:26:27.525867       1 enqueue.go:79] Try to enqueue PodGroup to 0 Queues
I0714 09:26:27.525949       1 allocate.go:64] Try to allocate resource to 0 Queues
I0714 09:26:27.526184       1 session.go:244] Close Session 7c684b66-2585-4984-ad98-edd5ffe763ab
I0714 09:26:28.529146       1 cache.go:1363] There are <0> Jobs, <1> Queues and <5> Nodes in total for scheduling.
I0714 09:26:28.529286       1 session.go:190] Open Session 62927a3e-90fd-404c-8303-25d6ada54239 with <0> Job and <1> Queues
I0714 09:26:28.530975       1 enqueue.go:79] Try to enqueue PodGroup to 0 Queues
I0714 09:26:28.531049       1 allocate.go:64] Try to allocate resource to 0 Queues
I0714 09:26:28.531271       1 session.go:244] Close Session 62927a3e-90fd-404c-8303-25d6ada54239
W0714 09:26:28.877605       1 event_handlers.go:181] Not support non-csi pvc.
I0714 09:26:28.877721       1 event_handlers.go:387] Added pod <default/yolo-det> into cache.
W0714 09:26:28.904500       1 event_handlers.go:181] Not support non-csi pvc.
I0714 09:26:29.534714       1 cache.go:1363] There are <1> Jobs, <1> Queues and <5> Nodes in total for scheduling.
I0714 09:26:29.534903       1 session.go:190] Open Session 0bc038ae-44c2-436d-b457-0825c1a096f5 with <1> Job and <1> Queues
I0714 09:26:29.537438       1 enqueue.go:79] Try to enqueue PodGroup to 1 Queues
I0714 09:26:29.537741       1 allocate.go:64] Try to allocate resource to 1 Queues
I0714 09:26:29.537793       1 allocate.go:129] Try to allocate resource to Jobs in Queue <default>
I0714 09:26:29.537832       1 allocate.go:161] Try to allocate resource to 1 tasks of Job <default/podgroup-4d9dcc31-c80c-465f-a27a-91d16a8ffef8>
I0714 09:26:29.537875       1 allocate.go:181] There are <5> nodes for Job <default/podgroup-4d9dcc31-c80c-465f-a27a-91d16a8ffef8>
I0714 09:26:29.538190       1 predicate_helper.go:75] Predicates failed: task default/yolo-det on node gpu-master fit failed: Insufficient nvidia.com/gpu
I0714 09:26:29.538748       1 predicate_helper.go:75] Predicates failed: task default/yolo-det on node gpuorin5-desktop fit failed: plugin NodeAffinity predicates failed node(s) didn't match Pod's node affinity/selector
I0714 09:26:29.538803       1 predicate_helper.go:75] Predicates failed: task default/yolo-det on node gpuorin4-desktop fit failed: plugin NodeAffinity predicates failed node(s) didn't match Pod's node affinity/selector
I0714 09:26:29.540019       1 allocate.go:249] Binding Task <default/yolo-det> to node <gpu-orin2>
I0714 09:26:29.540240       1 statement.go:266] After allocated Task <default/yolo-det> to Node <gpu-orin2>: idle <cpu 5900.00, memory 7832690688.00, nvidia.com/gpu 4000.00, pods 105.00, ephemeral-storage 225118140453000.00, hugepages-1Gi 0.00, hugepages-32Mi 0.00, hugepages-2Mi 0.00, hugepages-64Ki 0.00>, used <cpu 100.00, memory 52428800.00, pods 5.00, nvidia.com/gpu 1000.00>, releasing <cpu 0.00, memory 0.00>
I0714 09:26:29.540767       1 statement.go:284] Allocating operations ...
I0714 09:26:29.540889       1 statement.go:378] Committing operations ...
I0714 09:26:29.541008       1 proportion.go:302] Queue <default>: deserved <cpu 0.00, memory 0.00, pods 1.00, nvidia.com/gpu 1000.00>, allocated <cpu 0.00, memory 0.00, nvidia.com/gpu 1000.00, pods 1.00>, share <1>
I0714 09:26:29.541062       1 allocate.go:125] Queue <default> is overused, ignore it.
I0714 09:26:29.563488       1 session.go:244] Close Session 0bc038ae-44c2-436d-b457-0825c1a096f5
I0714 09:26:29.581953       1 cache.go:900] bind ok, latency 18.143681ms
W0714 09:26:29.584008       1 event_handlers.go:181] Not support non-csi pvc.
W0714 09:26:29.615410       1 event_handlers.go:181] Not support non-csi pvc.
W0714 09:26:30.108973       1 event_handlers.go:181] Not support non-csi pvc.
I0714 09:26:30.114559       1 event_handlers.go:442] Deleted pod <default/yolo-det> from cache.
I0714 09:26:30.120444       1 cache.go:1013] Try to delete Job <default/podgroup-4d9dcc31-c80c-465f-a27a-91d16a8ffef8:default/podgroup-4d9dcc31-c80c-465f-a27a-91d16a8ffef8>
I0714 09:26:30.120646       1 cache.go:1054] Job <default/podgroup-4d9dcc31-c80c-465f-a27a-91d16a8ffef8:default/podgroup-4d9dcc31-c80c-465f-a27a-91d16a8ffef8> was deleted.
W0714 09:26:30.242277       1 event_handlers.go:181] Not support non-csi pvc.
I0714 09:26:30.242404       1 event_handlers.go:387] Added pod <default/yolo-det> into cache.
W0714 09:26:30.276625       1 event_handlers.go:181] Not support non-csi pvc.
I0714 09:26:30.565671       1 cache.go:1363] There are <0> Jobs, <1> Queues and <5> Nodes in total for scheduling.
I0714 09:26:30.565802       1 session.go:190] Open Session 1b041c51-5fe1-44bc-8326-2e660c170e3d with <0> Job and <1> Queues
I0714 09:26:30.567823       1 enqueue.go:79] Try to enqueue PodGroup to 0 Queues
I0714 09:26:30.567902       1 allocate.go:64] Try to allocate resource to 0 Queues
I0714 09:26:30.568137       1 session.go:244] Close Session 1b041c51-5fe1-44bc-8326-2e660c170e3d
I0714 09:26:31.570450       1 cache.go:1363] There are <0> Jobs, <1> Queues and <5> Nodes in total for scheduling.
I0714 09:26:31.570635       1 session.go:190] Open Session 36551d76-5f2c-421f-85dc-e3684df85e40 with <0> Job and <1> Queues
I0714 09:26:31.572830       1 enqueue.go:79] Try to enqueue PodGroup to 0 Queues
I0714 09:26:31.572914       1 allocate.go:64] Try to allocate resource to 0 Queues
I0714 09:26:31.573139       1 session.go:244] Close Session 36551d76-5f2c-421f-85dc-e3684df85e40
I0714 09:26:32.575837       1 cache.go:1363] There are <0> Jobs, <1> Queues and <5> Nodes in total for scheduling.
I0714 09:26:32.575990       1 session.go:190] Open Session d323da04-3178-4009-a563-d823a2e5cea7 with <0> Job and <1> Queues
I0714 09:26:32.577979       1 enqueue.go:79] Try to enqueue PodGroup to 0 Queues
I0714 09:26:32.578062       1 allocate.go:64] Try to allocate resource to 0 Queues
I0714 09:26:32.578286       1 session.go:244] Close Session d323da04-3178-4009-a563-d823a2e5cea7
W0714 09:26:32.785792       1 event_handlers.go:181] Not support non-csi pvc.
I0714 09:26:33.580657       1 cache.go:1363] There are <0> Jobs, <1> Queues and <5> Nodes in total for scheduling.
I0714 09:26:33.580813       1 session.go:190] Open Session 44d9fc2a-47cd-4e0e-a8df-d344377a2212 with <0> Job and <1> Queues
I0714 09:26:33.582601       1 enqueue.go:79] Try to enqueue PodGroup to 0 Queues
I0714 09:26:33.582678       1 allocate.go:64] Try to allocate resource to 0 Queues
I0714 09:26:33.582905       1 session.go:244] Close Session 44d9fc2a-47cd-4e0e-a8df-d344377a2212
I0714 09:26:34.585478       1 cache.go:1363] There are <0> Jobs, <1> Queues and <5> Nodes in total for scheduling.
I0714 09:26:34.585659       1 session.go:190] Open Session b410c62c-3658-4d65-882c-8937a39a0d05 with <0> Job and <1> Queues
I0714 09:26:34.587478       1 enqueue.go:79] Try to enqueue PodGroup to 0 Queues
I0714 09:26:34.587551       1 allocate.go:64] Try to allocate resource to 0 Queues
I0714 09:26:34.587785       1 session.go:244] Close Session b410c62c-3658-4d65-882c-8937a39a0d05
I0714 09:26:35.590712       1 cache.go:1363] There are <0> Jobs, <1> Queues and <5> Nodes in total for scheduling.
I0714 09:26:35.590894       1 session.go:190] Open Session d658f1fa-4f97-4009-8556-7ddfd5780ceb with <0> Job and <1> Queues
I0714 09:26:35.592870       1 enqueue.go:79] Try to enqueue PodGroup to 0 Queues
I0714 09:26:35.592949       1 allocate.go:64] Try to allocate resource to 0 Queues
I0714 09:26:35.593203       1 session.go:244] Close Session d658f1fa-4f97-4009-8556-7ddfd5780ceb
W0714 09:26:36.364244       1 event_handlers.go:181] Not support non-csi pvc.
I0714 09:26:36.364413       1 event_handlers.go:387] Added pod <default/yolo-seg> into cache.
W0714 09:26:36.390187       1 event_handlers.go:181] Not support non-csi pvc.
I0714 09:26:36.595780       1 cache.go:1363] There are <1> Jobs, <1> Queues and <5> Nodes in total for scheduling.
I0714 09:26:36.595921       1 session.go:190] Open Session 7b741586-eb5c-4a89-8d26-7e3ffd547853 with <1> Job and <1> Queues
I0714 09:26:36.598261       1 enqueue.go:79] Try to enqueue PodGroup to 1 Queues
I0714 09:26:36.598507       1 allocate.go:64] Try to allocate resource to 1 Queues
I0714 09:26:36.598554       1 allocate.go:129] Try to allocate resource to Jobs in Queue <default>
I0714 09:26:36.598588       1 allocate.go:161] Try to allocate resource to 1 tasks of Job <default/podgroup-42826902-c752-4a05-9037-718448cdeee7>
I0714 09:26:36.598627       1 allocate.go:181] There are <5> nodes for Job <default/podgroup-42826902-c752-4a05-9037-718448cdeee7>
I0714 09:26:36.598928       1 predicate_helper.go:75] Predicates failed: task default/yolo-seg on node gpu-master fit failed: Insufficient nvidia.com/gpu
I0714 09:26:36.599304       1 predicate_helper.go:75] Predicates failed: task default/yolo-seg on node gpuorin4-desktop fit failed: plugin NodeAffinity predicates failed node(s) didn't match Pod's node affinity/selector
I0714 09:26:36.599376       1 predicate_helper.go:75] Predicates failed: task default/yolo-seg on node gpuorin5-desktop fit failed: plugin NodeAffinity predicates failed node(s) didn't match Pod's node affinity/selector
I0714 09:26:36.600030       1 allocate.go:249] Binding Task <default/yolo-seg> to node <gpu-orin2>
I0714 09:26:36.600248       1 statement.go:266] After allocated Task <default/yolo-seg> to Node <gpu-orin2>: idle <cpu 5900.00, memory 7832690688.00, pods 104.00, hugepages-2Mi 0.00, hugepages-64Ki 0.00, nvidia.com/gpu 3000.00, ephemeral-storage 225118140453000.00, hugepages-1Gi 0.00, hugepages-32Mi 0.00>, used <cpu 100.00, memory 52428800.00, pods 6.00, nvidia.com/gpu 2000.00>, releasing <cpu 0.00, memory 0.00>
I0714 09:26:36.600731       1 statement.go:284] Allocating operations ...
I0714 09:26:36.600868       1 statement.go:378] Committing operations ...
I0714 09:26:36.600985       1 proportion.go:302] Queue <default>: deserved <cpu 0.00, memory 0.00, nvidia.com/gpu 1000.00, pods 1.00>, allocated <cpu 0.00, memory 0.00, nvidia.com/gpu 1000.00, pods 1.00>, share <1>
I0714 09:26:36.601063       1 allocate.go:125] Queue <default> is overused, ignore it.
I0714 09:26:36.626953       1 session.go:244] Close Session 7b741586-eb5c-4a89-8d26-7e3ffd547853
I0714 09:26:36.635411       1 cache.go:900] bind ok, latency 23.592606ms
W0714 09:26:36.636183       1 event_handlers.go:181] Not support non-csi pvc.
I0714 09:26:36.666193       1 cache.go:1489] The metrics type is not set in the volcano scheduler configmap file. As a result, the CPU and memory load information of the node is not collected.
W0714 09:26:36.679149       1 event_handlers.go:181] Not support non-csi pvc.
W0714 09:26:37.072705       1 event_handlers.go:181] Not support non-csi pvc.
I0714 09:26:37.073920       1 event_handlers.go:442] Deleted pod <default/yolo-seg> from cache.
I0714 09:26:37.080616       1 cache.go:1013] Try to delete Job <default/podgroup-42826902-c752-4a05-9037-718448cdeee7:default/podgroup-42826902-c752-4a05-9037-718448cdeee7>
I0714 09:26:37.080837       1 cache.go:1054] Job <default/podgroup-42826902-c752-4a05-9037-718448cdeee7:default/podgroup-42826902-c752-4a05-9037-718448cdeee7> was deleted.
W0714 09:26:37.214564       1 event_handlers.go:181] Not support non-csi pvc.
I0714 09:26:37.214728       1 event_handlers.go:387] Added pod <default/yolo-seg> into cache.
W0714 09:26:37.247078       1 event_handlers.go:181] Not support non-csi pvc.
I0714 09:26:37.629806       1 cache.go:1363] There are <0> Jobs, <1> Queues and <5> Nodes in total for scheduling.
I0714 09:26:37.629937       1 session.go:190] Open Session 2c938b78-47ea-401d-9e12-e37f52370eee with <0> Job and <1> Queues
I0714 09:26:37.631735       1 enqueue.go:79] Try to enqueue PodGroup to 0 Queues
I0714 09:26:37.631807       1 allocate.go:64] Try to allocate resource to 0 Queues
I0714 09:26:37.632011       1 session.go:244] Close Session 2c938b78-47ea-401d-9e12-e37f52370eee
I0714 09:26:38.634466       1 cache.go:1363] There are <0> Jobs, <1> Queues and <5> Nodes in total for scheduling.
I0714 09:26:38.634621       1 session.go:190] Open Session 6dc873ee-ed0d-4800-a654-ac15498ea41e with <0> Job and <1> Queues
I0714 09:26:38.636446       1 enqueue.go:79] Try to enqueue PodGroup to 0 Queues
I0714 09:26:38.636518       1 allocate.go:64] Try to allocate resource to 0 Queues
I0714 09:26:38.636749       1 session.go:244] Close Session 6dc873ee-ed0d-4800-a654-ac15498ea41e
I0714 09:26:39.639496       1 cache.go:1363] There are <0> Jobs, <1> Queues and <5> Nodes in total for scheduling.
I0714 09:26:39.639684       1 session.go:190] Open Session e087439b-7ec0-4eb9-85f2-af88bd518280 with <0> Job and <1> Queues
I0714 09:26:39.641573       1 enqueue.go:79] Try to enqueue PodGroup to 0 Queues
I0714 09:26:39.641655       1 allocate.go:64] Try to allocate resource to 0 Queues
I0714 09:26:39.641881       1 session.go:244] Close Session e087439b-7ec0-4eb9-85f2-af88bd518280
W0714 09:26:39.808417       1 event_handlers.go:181] Not support non-csi pvc.
I0714 09:26:40.644869       1 cache.go:1363] There are <0> Jobs, <1> Queues and <5> Nodes in total for scheduling.
I0714 09:26:40.644985       1 session.go:190] Open Session a208dd41-284e-4a00-8863-f53e000d91fa with <0> Job and <1> Queues
I0714 09:26:40.646734       1 enqueue.go:79] Try to enqueue PodGroup to 0 Queues
I0714 09:26:40.646803       1 allocate.go:64] Try to allocate resource to 0 Queues
I0714 09:26:40.647024       1 session.go:244] Close Session a208dd41-284e-4a00-8863-f53e000d91fa
I0714 09:26:41.649835       1 cache.go:1363] There are <0> Jobs, <1> Queues and <5> Nodes in total for scheduling.
I0714 09:26:41.650000       1 session.go:190] Open Session 1b17adaa-b9ae-4b41-bcc1-ce22db6cd426 with <0> Job and <1> Queues
I0714 09:26:41.652003       1 enqueue.go:79] Try to enqueue PodGroup to 0 Queues
I0714 09:26:41.652086       1 allocate.go:64] Try to allocate resource to 0 Queues
I0714 09:26:41.652349       1 session.go:244] Close Session 1b17adaa-b9ae-4b41-bcc1-ce22db6cd426
I0714 09:26:42.654614       1 cache.go:1363] There are <0> Jobs, <1> Queues and <5> Nodes in total for scheduling.
I0714 09:26:42.654782       1 session.go:190] Open Session 2836116a-8855-42ae-bf51-3209d861468b with <0> Job and <1> Queues
I0714 09:26:42.656965       1 enqueue.go:79] Try to enqueue PodGroup to 0 Queues
I0714 09:26:42.657056       1 allocate.go:64] Try to allocate resource to 0 Queues
I0714 09:26:42.657279       1 session.go:244] Close Session 2836116a-8855-42ae-bf51-3209d861468b
W0714 09:26:43.292087       1 event_handlers.go:181] Not support non-csi pvc.
I0714 09:26:43.292203       1 event_handlers.go:387] Added pod <default/yolo-obb> into cache.
W0714 09:26:43.316417       1 event_handlers.go:181] Not support non-csi pvc.
I0714 09:26:43.659866       1 cache.go:1363] There are <1> Jobs, <1> Queues and <5> Nodes in total for scheduling.
I0714 09:26:43.659986       1 session.go:190] Open Session e671af48-eeb5-46c2-b0f2-26bb2d7897be with <1> Job and <1> Queues
I0714 09:26:43.662276       1 enqueue.go:79] Try to enqueue PodGroup to 1 Queues
I0714 09:26:43.662514       1 allocate.go:64] Try to allocate resource to 1 Queues
I0714 09:26:43.662569       1 allocate.go:129] Try to allocate resource to Jobs in Queue <default>
I0714 09:26:43.662600       1 allocate.go:161] Try to allocate resource to 1 tasks of Job <default/podgroup-a02cf702-7cd9-45d8-ac3e-36490cfe7841>
I0714 09:26:43.662645       1 allocate.go:181] There are <5> nodes for Job <default/podgroup-a02cf702-7cd9-45d8-ac3e-36490cfe7841>
I0714 09:26:43.662961       1 predicate_helper.go:75] Predicates failed: task default/yolo-obb on node gpu-master fit failed: Insufficient nvidia.com/gpu
I0714 09:26:43.663456       1 predicate_helper.go:75] Predicates failed: task default/yolo-obb on node gpuorin5-desktop fit failed: plugin NodeAffinity predicates failed node(s) didn't match Pod's node affinity/selector
I0714 09:26:43.663812       1 predicate_helper.go:75] Predicates failed: task default/yolo-obb on node gpuorin4-desktop fit failed: plugin NodeAffinity predicates failed node(s) didn't match Pod's node affinity/selector
I0714 09:26:43.664581       1 allocate.go:249] Binding Task <default/yolo-obb> to node <gpu-orin3>
I0714 09:26:43.664798       1 statement.go:266] After allocated Task <default/yolo-obb> to Node <gpu-orin3>: idle <cpu 5900.00, memory 7832723456.00, hugepages-64Ki 0.00, nvidia.com/gpu 3000.00, pods 104.00, ephemeral-storage 111715275387000.00, hugepages-1Gi 0.00, hugepages-2Mi 0.00, hugepages-32Mi 0.00>, used <cpu 100.00, memory 52428800.00, pods 6.00, nvidia.com/gpu 2000.00>, releasing <cpu 0.00, memory 0.00>
I0714 09:26:43.665225       1 statement.go:284] Allocating operations ...
I0714 09:26:43.665361       1 statement.go:378] Committing operations ...
I0714 09:26:43.665477       1 proportion.go:302] Queue <default>: deserved <cpu 0.00, memory 0.00, nvidia.com/gpu 1000.00, pods 1.00>, allocated <cpu 0.00, memory 0.00, nvidia.com/gpu 1000.00, pods 1.00>, share <1>
I0714 09:26:43.665543       1 allocate.go:125] Queue <default> is overused, ignore it.
I0714 09:26:43.678920       1 session.go:244] Close Session e671af48-eeb5-46c2-b0f2-26bb2d7897be
I0714 09:26:43.692482       1 cache.go:900] bind ok, latency 10.69967ms
W0714 09:26:43.695053       1 event_handlers.go:181] Not support non-csi pvc.
W0714 09:26:43.734195       1 event_handlers.go:181] Not support non-csi pvc.
W0714 09:26:43.947866       1 event_handlers.go:181] Not support non-csi pvc.
I0714 09:26:43.952917       1 event_handlers.go:442] Deleted pod <default/yolo-obb> from cache.
I0714 09:26:43.964954       1 cache.go:1013] Try to delete Job <default/podgroup-a02cf702-7cd9-45d8-ac3e-36490cfe7841:default/podgroup-a02cf702-7cd9-45d8-ac3e-36490cfe7841>
I0714 09:26:43.965318       1 cache.go:1054] Job <default/podgroup-a02cf702-7cd9-45d8-ac3e-36490cfe7841:default/podgroup-a02cf702-7cd9-45d8-ac3e-36490cfe7841> was deleted.
W0714 09:26:44.086150       1 event_handlers.go:181] Not support non-csi pvc.
I0714 09:26:44.086372       1 event_handlers.go:387] Added pod <default/yolo-obb> into cache.
W0714 09:26:44.120575       1 event_handlers.go:181] Not support non-csi pvc.
I0714 09:26:44.681774       1 cache.go:1363] There are <0> Jobs, <1> Queues and <5> Nodes in total for scheduling.
I0714 09:26:44.681920       1 session.go:190] Open Session 778d2441-6e87-4eef-87fb-9d1d1ce279c0 with <0> Job and <1> Queues
I0714 09:26:44.683813       1 enqueue.go:79] Try to enqueue PodGroup to 0 Queues
I0714 09:26:44.683906       1 allocate.go:64] Try to allocate resource to 0 Queues
I0714 09:26:44.684140       1 session.go:244] Close Session 778d2441-6e87-4eef-87fb-9d1d1ce279c0
I0714 09:26:45.687018       1 cache.go:1363] There are <0> Jobs, <1> Queues and <5> Nodes in total for scheduling.
I0714 09:26:45.687174       1 session.go:190] Open Session ecd2f3ce-baba-466b-8b30-9a5f295a9604 with <0> Job and <1> Queues
I0714 09:26:45.689135       1 enqueue.go:79] Try to enqueue PodGroup to 0 Queues
I0714 09:26:45.689209       1 allocate.go:64] Try to allocate resource to 0 Queues
I0714 09:26:45.689435       1 session.go:244] Close Session ecd2f3ce-baba-466b-8b30-9a5f295a9604
I0714 09:26:46.691824       1 cache.go:1363] There are <0> Jobs, <1> Queues and <5> Nodes in total for scheduling.
I0714 09:26:46.691981       1 session.go:190] Open Session 77499817-9e59-4d60-9b11-f8894fe20a52 with <0> Job and <1> Queues
I0714 09:26:46.693883       1 enqueue.go:79] Try to enqueue PodGroup to 0 Queues
I0714 09:26:46.693959       1 allocate.go:64] Try to allocate resource to 0 Queues
I0714 09:26:46.694183       1 session.go:244] Close Session 77499817-9e59-4d60-9b11-f8894fe20a52
W0714 09:26:46.857914       1 event_handlers.go:181] Not support non-csi pvc.
I0714 09:26:47.696874       1 cache.go:1363] There are <0> Jobs, <1> Queues and <5> Nodes in total for scheduling.
I0714 09:26:47.697014       1 session.go:190] Open Session 970ff43a-21c4-4618-9e50-31d159f37d7b with <0> Job and <1> Queues
I0714 09:26:47.698836       1 enqueue.go:79] Try to enqueue PodGroup to 0 Queues
I0714 09:26:47.698906       1 allocate.go:64] Try to allocate resource to 0 Queues
I0714 09:26:47.699111       1 session.go:244] Close Session 970ff43a-21c4-4618-9e50-31d159f37d7b
I0714 09:26:48.701419       1 cache.go:1363] There are <0> Jobs, <1> Queues and <5> Nodes in total for scheduling.
I0714 09:26:48.701568       1 session.go:190] Open Session 877f62b6-62a6-47ab-bafb-bba122a1ac5a with <0> Job and <1> Queues
I0714 09:26:48.703417       1 enqueue.go:79] Try to enqueue PodGroup to 0 Queues
I0714 09:26:48.703488       1 allocate.go:64] Try to allocate resource to 0 Queues
I0714 09:26:48.703716       1 session.go:244] Close Session 877f62b6-62a6-47ab-bafb-bba122a1ac5a
I0714 09:26:49.706425       1 cache.go:1363] There are <0> Jobs, <1> Queues and <5> Nodes in total for scheduling.
I0714 09:26:49.706598       1 session.go:190] Open Session 9d82c1b4-cd54-4e3b-ace8-c9fe9cf14849 with <0> Job and <1> Queues
I0714 09:26:49.708662       1 enqueue.go:79] Try to enqueue PodGroup to 0 Queues
I0714 09:26:49.708739       1 allocate.go:64] Try to allocate resource to 0 Queues
I0714 09:26:49.708954       1 session.go:244] Close Session 9d82c1b4-cd54-4e3b-ace8-c9fe9cf14849
I0714 09:26:50.711694       1 cache.go:1363] There are <0> Jobs, <1> Queues and <5> Nodes in total for scheduling.
I0714 09:26:50.711885       1 session.go:190] Open Session 0b7473f6-8aa4-48e3-b7d2-5b22460d1d17 with <0> Job and <1> Queues
I0714 09:26:50.713877       1 enqueue.go:79] Try to enqueue PodGroup to 0 Queues
I0714 09:26:50.713954       1 allocate.go:64] Try to allocate resource to 0 Queues
I0714 09:26:50.714189       1 session.go:244] Close Session 0b7473f6-8aa4-48e3-b7d2-5b22460d1d17
W0714 09:26:50.831008       1 event_handlers.go:181] Not support non-csi pvc.
I0714 09:26:50.831131       1 event_handlers.go:387] Added pod <default/yolo-pos> into cache.
W0714 09:26:50.855942       1 event_handlers.go:181] Not support non-csi pvc.
I0714 09:26:51.717358       1 cache.go:1363] There are <1> Jobs, <1> Queues and <5> Nodes in total for scheduling.
I0714 09:26:51.717537       1 session.go:190] Open Session 3c5cafb5-e0d6-4df8-8692-ff1609146be5 with <1> Job and <1> Queues
I0714 09:26:51.719810       1 enqueue.go:79] Try to enqueue PodGroup to 1 Queues
I0714 09:26:51.720069       1 allocate.go:64] Try to allocate resource to 1 Queues
I0714 09:26:51.720128       1 allocate.go:129] Try to allocate resource to Jobs in Queue <default>
I0714 09:26:51.720177       1 allocate.go:161] Try to allocate resource to 1 tasks of Job <default/podgroup-fcfcd1f0-171f-42e4-9964-23323c80edc7>
I0714 09:26:51.720226       1 allocate.go:181] There are <5> nodes for Job <default/podgroup-fcfcd1f0-171f-42e4-9964-23323c80edc7>
I0714 09:26:51.720569       1 predicate_helper.go:75] Predicates failed: task default/yolo-pos on node gpu-master fit failed: Insufficient nvidia.com/gpu
I0714 09:26:51.720974       1 predicate_helper.go:75] Predicates failed: task default/yolo-pos on node gpuorin4-desktop fit failed: plugin NodeAffinity predicates failed node(s) didn't match Pod's node affinity/selector
I0714 09:26:51.721101       1 predicate_helper.go:75] Predicates failed: task default/yolo-pos on node gpuorin5-desktop fit failed: plugin NodeAffinity predicates failed node(s) didn't match Pod's node affinity/selector
I0714 09:26:51.721983       1 allocate.go:249] Binding Task <default/yolo-pos> to node <gpu-orin2>
I0714 09:26:51.722233       1 statement.go:266] After allocated Task <default/yolo-pos> to Node <gpu-orin2>: idle <cpu 5900.00, memory 7832690688.00, hugepages-2Mi 0.00, hugepages-64Ki 0.00, nvidia.com/gpu 2000.00, pods 103.00, ephemeral-storage 225118140453000.00, hugepages-1Gi 0.00, hugepages-32Mi 0.00>, used <cpu 100.00, memory 52428800.00, nvidia.com/gpu 3000.00, pods 7.00>, releasing <cpu 0.00, memory 0.00>
I0714 09:26:51.722684       1 statement.go:284] Allocating operations ...
I0714 09:26:51.722803       1 statement.go:378] Committing operations ...
I0714 09:26:51.722926       1 proportion.go:302] Queue <default>: deserved <cpu 0.00, memory 0.00, pods 1.00, nvidia.com/gpu 1000.00>, allocated <cpu 0.00, memory 0.00, nvidia.com/gpu 1000.00, pods 1.00>, share <1>
I0714 09:26:51.722995       1 allocate.go:125] Queue <default> is overused, ignore it.
I0714 09:26:51.736750       1 session.go:244] Close Session 3c5cafb5-e0d6-4df8-8692-ff1609146be5
I0714 09:26:51.750032       1 cache.go:900] bind ok, latency 9.029104ms
W0714 09:26:51.753173       1 event_handlers.go:181] Not support non-csi pvc.
W0714 09:26:51.789974       1 event_handlers.go:181] Not support non-csi pvc.
W0714 09:26:52.015431       1 event_handlers.go:181] Not support non-csi pvc.
I0714 09:26:52.025317       1 event_handlers.go:442] Deleted pod <default/yolo-pos> from cache.
I0714 09:26:52.033985       1 cache.go:1013] Try to delete Job <default/podgroup-fcfcd1f0-171f-42e4-9964-23323c80edc7:default/podgroup-fcfcd1f0-171f-42e4-9964-23323c80edc7>
I0714 09:26:52.034212       1 cache.go:1054] Job <default/podgroup-fcfcd1f0-171f-42e4-9964-23323c80edc7:default/podgroup-fcfcd1f0-171f-42e4-9964-23323c80edc7> was deleted.
W0714 09:26:52.154614       1 event_handlers.go:181] Not support non-csi pvc.
I0714 09:26:52.154735       1 event_handlers.go:387] Added pod <default/yolo-pos> into cache.
W0714 09:26:52.181591       1 event_handlers.go:181] Not support non-csi pvc.
I0714 09:26:52.739707       1 cache.go:1363] There are <0> Jobs, <1> Queues and <5> Nodes in total for scheduling.
I0714 09:26:52.739878       1 session.go:190] Open Session d954a2ea-1c08-42ca-a79c-b2792f3666ce with <0> Job and <1> Queues
I0714 09:26:52.741890       1 enqueue.go:79] Try to enqueue PodGroup to 0 Queues
I0714 09:26:52.741977       1 allocate.go:64] Try to allocate resource to 0 Queues
I0714 09:26:52.742202       1 session.go:244] Close Session d954a2ea-1c08-42ca-a79c-b2792f3666ce
I0714 09:26:53.744634       1 cache.go:1363] There are <0> Jobs, <1> Queues and <5> Nodes in total for scheduling.
I0714 09:26:53.744789       1 session.go:190] Open Session a01fadd9-5876-46ee-843b-cf86eafc2aca with <0> Job and <1> Queues
I0714 09:26:53.746766       1 enqueue.go:79] Try to enqueue PodGroup to 0 Queues
I0714 09:26:53.746845       1 allocate.go:64] Try to allocate resource to 0 Queues
I0714 09:26:53.747083       1 session.go:244] Close Session a01fadd9-5876-46ee-843b-cf86eafc2aca
I0714 09:26:54.749462       1 cache.go:1363] There are <0> Jobs, <1> Queues and <5> Nodes in total for scheduling.
I0714 09:26:54.749644       1 session.go:190] Open Session e356721e-850e-4470-bee6-d323d3c461d4 with <0> Job and <1> Queues
I0714 09:26:54.751472       1 enqueue.go:79] Try to enqueue PodGroup to 0 Queues
I0714 09:26:54.751549       1 allocate.go:64] Try to allocate resource to 0 Queues
I0714 09:26:54.751783       1 session.go:244] Close Session e356721e-850e-4470-bee6-d323d3c461d4
W0714 09:26:54.901250       1 event_handlers.go:181] Not support non-csi pvc.
I0714 09:26:55.754854       1 cache.go:1363] There are <0> Jobs, <1> Queues and <5> Nodes in total for scheduling.
I0714 09:26:55.755047       1 session.go:190] Open Session 6710bd24-42f2-4b0c-82cb-7ccea93ff9f5 with <0> Job and <1> Queues
I0714 09:26:55.758711       1 enqueue.go:79] Try to enqueue PodGroup to 0 Queues
I0714 09:26:55.758854       1 allocate.go:64] Try to allocate resource to 0 Queues
I0714 09:26:55.759151       1 session.go:244] Close Session 6710bd24-42f2-4b0c-82cb-7ccea93ff9f5
I0714 09:26:56.762390       1 cache.go:1363] There are <0> Jobs, <1> Queues and <5> Nodes in total for scheduling.
I0714 09:26:56.762576       1 session.go:190] Open Session ed563c8e-2b08-448f-acb5-cd97263e5ce0 with <0> Job and <1> Queues
I0714 09:26:56.764593       1 enqueue.go:79] Try to enqueue PodGroup to 0 Queues
I0714 09:26:56.764681       1 allocate.go:64] Try to allocate resource to 0 Queues
I0714 09:26:56.764902       1 session.go:244] Close Session ed563c8e-2b08-448f-acb5-cd97263e5ce0
I0714 09:26:57.767997       1 cache.go:1363] There are <0> Jobs, <1> Queues and <5> Nodes in total for scheduling.
I0714 09:26:57.768183       1 session.go:190] Open Session 893b81a4-13fd-4c70-a6a4-f44c152b02b7 with <0> Job and <1> Queues
I0714 09:26:57.770404       1 enqueue.go:79] Try to enqueue PodGroup to 0 Queues
I0714 09:26:57.770489       1 allocate.go:64] Try to allocate resource to 0 Queues
I0714 09:26:57.770708       1 session.go:244] Close Session 893b81a4-13fd-4c70-a6a4-f44c152b02b7
I0714 09:26:58.773206       1 cache.go:1363] There are <0> Jobs, <1> Queues and <5> Nodes in total for scheduling.
I0714 09:26:58.773355       1 session.go:190] Open Session 2b32ebed-4752-4581-9360-bc63a518d418 with <0> Job and <1> Queues
I0714 09:26:58.775299       1 enqueue.go:79] Try to enqueue PodGroup to 0 Queues
I0714 09:26:58.775370       1 allocate.go:64] Try to allocate resource to 0 Queues
I0714 09:26:58.775571       1 session.go:244] Close Session 2b32ebed-4752-4581-9360-bc63a518d418
I0714 09:26:59.778035       1 cache.go:1363] There are <0> Jobs, <1> Queues and <5> Nodes in total for scheduling.
I0714 09:26:59.778251       1 session.go:190] Open Session 77ecc40e-1e6f-4617-9904-dae7bc880f22 with <0> Job and <1> Queues
I0714 09:26:59.780253       1 enqueue.go:79] Try to enqueue PodGroup to 0 Queues
I0714 09:26:59.780357       1 allocate.go:64] Try to allocate resource to 0 Queues
I0714 09:26:59.780579       1 session.go:244] Close Session 77ecc40e-1e6f-4617-9904-dae7bc880f22
I0714 09:27:00.782892       1 cache.go:1363] There are <0> Jobs, <1> Queues and <5> Nodes in total for scheduling.
I0714 09:27:00.783083       1 session.go:190] Open Session f2ff0c7d-044b-4ff3-b943-dfeec4927f06 with <0> Job and <1> Queues
I0714 09:27:00.785001       1 enqueue.go:79] Try to enqueue PodGroup to 0 Queues
I0714 09:27:00.785080       1 allocate.go:64] Try to allocate resource to 0 Queues
I0714 09:27:00.785316       1 session.go:244] Close Session f2ff0c7d-044b-4ff3-b943-dfeec4927f06
I0714 09:27:01.787940       1 cache.go:1363] There are <0> Jobs, <1> Queues and <5> Nodes in total for scheduling.
I0714 09:27:01.788109       1 session.go:190] Open Session 80021fe5-2f94-47ee-8b51-6d44a5285aa7 with <0> Job and <1> Queues
I0714 09:27:01.790048       1 enqueue.go:79] Try to enqueue PodGroup to 0 Queues
I0714 09:27:01.790126       1 allocate.go:64] Try to allocate resource to 0 Queues
I0714 09:27:01.790361       1 session.go:244] Close Session 80021fe5-2f94-47ee-8b51-6d44a5285aa7
I0714 09:27:02.793012       1 cache.go:1363] There are <0> Jobs, <1> Queues and <5> Nodes in total for scheduling.
I0714 09:27:02.793177       1 session.go:190] Open Session c1d86dec-28b8-4966-a711-62c27efb2c43 with <0> Job and <1> Queues
I0714 09:27:02.795129       1 enqueue.go:79] Try to enqueue PodGroup to 0 Queues
I0714 09:27:02.795201       1 allocate.go:64] Try to allocate resource to 0 Queues
I0714 09:27:02.795442       1 session.go:244] Close Session c1d86dec-28b8-4966-a711-62c27efb2c43
I0714 09:27:03.797709       1 cache.go:1363] There are <0> Jobs, <1> Queues and <5> Nodes in total for scheduling.
I0714 09:27:03.797855       1 session.go:190] Open Session 9ef5142d-7e96-4255-9820-8f0ced88fd40 with <0> Job and <1> Queues
I0714 09:27:03.799703       1 enqueue.go:79] Try to enqueue PodGroup to 0 Queues
I0714 09:27:03.799773       1 allocate.go:64] Try to allocate resource to 0 Queues
I0714 09:27:03.799996       1 session.go:244] Close Session 9ef5142d-7e96-4255-9820-8f0ced88fd40
I0714 09:27:04.802307       1 cache.go:1363] There are <0> Jobs, <1> Queues and <5> Nodes in total for scheduling.
I0714 09:27:04.802497       1 session.go:190] Open Session 10b57311-3d02-4c60-8dfb-d48c6c943bf0 with <0> Job and <1> Queues
I0714 09:27:04.804751       1 enqueue.go:79] Try to enqueue PodGroup to 0 Queues
I0714 09:27:04.804837       1 allocate.go:64] Try to allocate resource to 0 Queues
I0714 09:27:04.805062       1 session.go:244] Close Session 10b57311-3d02-4c60-8dfb-d48c6c943bf0
I0714 09:27:05.807890       1 cache.go:1363] There are <0> Jobs, <1> Queues and <5> Nodes in total for scheduling.
I0714 09:27:05.808074       1 session.go:190] Open Session 8b535641-8fa0-4df6-b7f1-4f9672035d28 with <0> Job and <1> Queues
I0714 09:27:05.809988       1 enqueue.go:79] Try to enqueue PodGroup to 0 Queues
I0714 09:27:05.810066       1 allocate.go:64] Try to allocate resource to 0 Queues
I0714 09:27:05.810295       1 session.go:244] Close Session 8b535641-8fa0-4df6-b7f1-4f9672035d28
I0714 09:27:06.666845       1 cache.go:1489] The metrics type is not set in the volcano scheduler configmap file. As a result, the CPU and memory load information of the node is not collected.
I0714 09:27:06.813220       1 cache.go:1363] There are <0> Jobs, <1> Queues and <5> Nodes in total for scheduling.
I0714 09:27:06.813389       1 session.go:190] Open Session 1cfac350-8457-4d5d-a225-6a94665434a8 with <0> Job and <1> Queues
I0714 09:27:06.815244       1 enqueue.go:79] Try to enqueue PodGroup to 0 Queues
I0714 09:27:06.815321       1 allocate.go:64] Try to allocate resource to 0 Queues
I0714 09:27:06.815547       1 session.go:244] Close Session 1cfac350-8457-4d5d-a225-6a94665434a8
I0714 09:27:07.818393       1 cache.go:1363] There are <0> Jobs, <1> Queues and <5> Nodes in total for scheduling.
I0714 09:27:07.818564       1 session.go:190] Open Session 5a0bd390-6399-4364-b90a-15ae36200861 with <0> Job and <1> Queues
I0714 09:27:07.820651       1 enqueue.go:79] Try to enqueue PodGroup to 0 Queues
I0714 09:27:07.820729       1 allocate.go:64] Try to allocate resource to 0 Queues
I0714 09:27:07.820964       1 session.go:244] Close Session 5a0bd390-6399-4364-b90a-15ae36200861
I0714 09:27:08.823472       1 cache.go:1363] There are <0> Jobs, <1> Queues and <5> Nodes in total for scheduling.
I0714 09:27:08.823635       1 session.go:190] Open Session 5ca7b199-4322-4015-bad4-481ad1678b4f with <0> Job and <1> Queues
I0714 09:27:08.825641       1 enqueue.go:79] Try to enqueue PodGroup to 0 Queues
I0714 09:27:08.825722       1 allocate.go:64] Try to allocate resource to 0 Queues
I0714 09:27:08.825942       1 session.go:244] Close Session 5ca7b199-4322-4015-bad4-481ad1678b4f
I0714 09:27:09.828843       1 cache.go:1363] There are <0> Jobs, <1> Queues and <5> Nodes in total for scheduling.
I0714 09:27:09.829027       1 session.go:190] Open Session 74560429-40b7-481d-93b7-0fe0f2390cac with <0> Job and <1> Queues
I0714 09:27:09.830967       1 enqueue.go:79] Try to enqueue PodGroup to 0 Queues
I0714 09:27:09.831065       1 allocate.go:64] Try to allocate resource to 0 Queues
I0714 09:27:09.831578       1 session.go:244] Close Session 74560429-40b7-481d-93b7-0fe0f2390cac
I0714 09:27:10.833771       1 cache.go:1363] There are <0> Jobs, <1> Queues and <5> Nodes in total for scheduling.
I0714 09:27:10.833948       1 session.go:190] Open Session 90133c22-8ae0-4bd7-b32c-d5f87e6368e3 with <0> Job and <1> Queues
I0714 09:27:10.836485       1 enqueue.go:79] Try to enqueue PodGroup to 0 Queues
I0714 09:27:10.836575       1 allocate.go:64] Try to allocate resource to 0 Queues
I0714 09:27:10.836806       1 session.go:244] Close Session 90133c22-8ae0-4bd7-b32c-d5f87e6368e3
I0714 09:27:11.839197       1 cache.go:1363] There are <0> Jobs, <1> Queues and <5> Nodes in total for scheduling.
I0714 09:27:11.839365       1 session.go:190] Open Session ceafbfb2-27cb-4d4a-89c3-ec63915d1010 with <0> Job and <1> Queues
I0714 09:27:11.841350       1 enqueue.go:79] Try to enqueue PodGroup to 0 Queues
I0714 09:27:11.841428       1 allocate.go:64] Try to allocate resource to 0 Queues
I0714 09:27:11.841638       1 session.go:244] Close Session ceafbfb2-27cb-4d4a-89c3-ec63915d1010
I0714 09:27:12.844711       1 cache.go:1363] There are <0> Jobs, <1> Queues and <5> Nodes in total for scheduling.
I0714 09:27:12.844870       1 session.go:190] Open Session cfa6202f-0520-426a-811c-fc253ed4f046 with <0> Job and <1> Queues
I0714 09:27:12.847019       1 enqueue.go:79] Try to enqueue PodGroup to 0 Queues
I0714 09:27:12.847097       1 allocate.go:64] Try to allocate resource to 0 Queues
I0714 09:27:12.847333       1 session.go:244] Close Session cfa6202f-0520-426a-811c-fc253ed4f046
I0714 09:27:13.850259       1 cache.go:1363] There are <0> Jobs, <1> Queues and <5> Nodes in total for scheduling.
I0714 09:27:13.850410       1 session.go:190] Open Session edd6c321-e891-45c7-aa0d-d184b8aaf9ae with <0> Job and <1> Queues
I0714 09:27:13.852512       1 enqueue.go:79] Try to enqueue PodGroup to 0 Queues
I0714 09:27:13.852590       1 allocate.go:64] Try to allocate resource to 0 Queues
I0714 09:27:13.852812       1 session.go:244] Close Session edd6c321-e891-45c7-aa0d-d184b8aaf9ae
I0714 09:27:14.855224       1 cache.go:1363] There are <0> Jobs, <1> Queues and <5> Nodes in total for scheduling.
I0714 09:27:14.855402       1 session.go:190] Open Session 42d92d5e-0f10-4ab7-b82f-77443c8343a1 with <0> Job and <1> Queues
I0714 09:27:14.857377       1 enqueue.go:79] Try to enqueue PodGroup to 0 Queues
I0714 09:27:14.857461       1 allocate.go:64] Try to allocate resource to 0 Queues
I0714 09:27:14.857652       1 session.go:244] Close Session 42d92d5e-0f10-4ab7-b82f-77443c8343a1
I0714 09:27:15.859937       1 cache.go:1363] There are <0> Jobs, <1> Queues and <5> Nodes in total for scheduling.
I0714 09:27:15.860089       1 session.go:190] Open Session e78fb585-dc9b-4c5b-b42b-c52a872510fa with <0> Job and <1> Queues
I0714 09:27:15.862135       1 enqueue.go:79] Try to enqueue PodGroup to 0 Queues
I0714 09:27:15.862217       1 allocate.go:64] Try to allocate resource to 0 Queues
I0714 09:27:15.862448       1 session.go:244] Close Session e78fb585-dc9b-4c5b-b42b-c52a872510fa
I0714 09:27:16.865652       1 cache.go:1363] There are <0> Jobs, <1> Queues and <5> Nodes in total for scheduling.
I0714 09:27:16.865849       1 session.go:190] Open Session d3b632c9-d788-4cc9-a3b0-22ba5747fa3d with <0> Job and <1> Queues
I0714 09:27:16.868198       1 enqueue.go:79] Try to enqueue PodGroup to 0 Queues
I0714 09:27:16.868276       1 allocate.go:64] Try to allocate resource to 0 Queues
I0714 09:27:16.868586       1 session.go:244] Close Session d3b632c9-d788-4cc9-a3b0-22ba5747fa3d
I0714 09:27:17.871017       1 cache.go:1363] There are <0> Jobs, <1> Queues and <5> Nodes in total for scheduling.
I0714 09:27:17.871183       1 session.go:190] Open Session 71e9c2b5-dea3-4430-a124-c2a6aa733e8b with <0> Job and <1> Queues
I0714 09:27:17.873127       1 enqueue.go:79] Try to enqueue PodGroup to 0 Queues
I0714 09:27:17.873203       1 allocate.go:64] Try to allocate resource to 0 Queues
I0714 09:27:17.873422       1 session.go:244] Close Session 71e9c2b5-dea3-4430-a124-c2a6aa733e8b
I0714 09:27:18.875574       1 cache.go:1363] There are <0> Jobs, <1> Queues and <5> Nodes in total for scheduling.
I0714 09:27:18.875744       1 session.go:190] Open Session 9c5667cb-6d29-4f7c-bd8d-961a33467791 with <0> Job and <1> Queues
I0714 09:27:18.877717       1 enqueue.go:79] Try to enqueue PodGroup to 0 Queues
I0714 09:27:18.877792       1 allocate.go:64] Try to allocate resource to 0 Queues
I0714 09:27:18.878033       1 session.go:244] Close Session 9c5667cb-6d29-4f7c-bd8d-961a33467791
I0714 09:27:19.880944       1 cache.go:1363] There are <0> Jobs, <1> Queues and <5> Nodes in total for scheduling.
I0714 09:27:19.881126       1 session.go:190] Open Session 38de0347-b4ef-4124-9fc3-2d3ae80a94d4 with <0> Job and <1> Queues
I0714 09:27:19.883118       1 enqueue.go:79] Try to enqueue PodGroup to 0 Queues
I0714 09:27:19.883194       1 allocate.go:64] Try to allocate resource to 0 Queues
I0714 09:27:19.883420       1 session.go:244] Close Session 38de0347-b4ef-4124-9fc3-2d3ae80a94d4
I0714 09:27:20.886672       1 cache.go:1363] There are <0> Jobs, <1> Queues and <5> Nodes in total for scheduling.
I0714 09:27:20.886842       1 session.go:190] Open Session 2125dc8c-6042-4839-a819-f277e63b2e70 with <0> Job and <1> Queues
I0714 09:27:20.888777       1 enqueue.go:79] Try to enqueue PodGroup to 0 Queues
I0714 09:27:20.888848       1 allocate.go:64] Try to allocate resource to 0 Queues
I0714 09:27:20.889071       1 session.go:244] Close Session 2125dc8c-6042-4839-a819-f277e63b2e70
I0714 09:27:21.891406       1 cache.go:1363] There are <0> Jobs, <1> Queues and <5> Nodes in total for scheduling.
I0714 09:27:21.891582       1 session.go:190] Open Session 9d07acf4-7c3d-4c73-b116-800e1e147c44 with <0> Job and <1> Queues
I0714 09:27:21.893572       1 enqueue.go:79] Try to enqueue PodGroup to 0 Queues
I0714 09:27:21.893641       1 allocate.go:64] Try to allocate resource to 0 Queues
I0714 09:27:21.893874       1 session.go:244] Close Session 9d07acf4-7c3d-4c73-b116-800e1e147c44
I0714 09:27:22.896842       1 cache.go:1363] There are <0> Jobs, <1> Queues and <5> Nodes in total for scheduling.
I0714 09:27:22.897013       1 session.go:190] Open Session 29633870-ab08-4a8f-8dde-983208d02987 with <0> Job and <1> Queues
I0714 09:27:22.899016       1 enqueue.go:79] Try to enqueue PodGroup to 0 Queues
I0714 09:27:22.899094       1 allocate.go:64] Try to allocate resource to 0 Queues
I0714 09:27:22.899313       1 session.go:244] Close Session 29633870-ab08-4a8f-8dde-983208d02987
I0714 09:27:23.901823       1 cache.go:1363] There are <0> Jobs, <1> Queues and <5> Nodes in total for scheduling.
I0714 09:27:23.901983       1 session.go:190] Open Session 6412c50e-ba78-494e-9036-7ca15bdfb532 with <0> Job and <1> Queues
I0714 09:27:23.903805       1 enqueue.go:79] Try to enqueue PodGroup to 0 Queues
I0714 09:27:23.903871       1 allocate.go:64] Try to allocate resource to 0 Queues
I0714 09:27:23.904101       1 session.go:244] Close Session 6412c50e-ba78-494e-9036-7ca15bdfb532
I0714 09:27:24.906440       1 cache.go:1363] There are <0> Jobs, <1> Queues and <5> Nodes in total for scheduling.
I0714 09:27:24.906611       1 session.go:190] Open Session c72a99d8-3abf-4f86-908e-fb92195b0e2e with <0> Job and <1> Queues
I0714 09:27:24.908727       1 enqueue.go:79] Try to enqueue PodGroup to 0 Queues
I0714 09:27:24.908802       1 allocate.go:64] Try to allocate resource to 0 Queues
I0714 09:27:24.909034       1 session.go:244] Close Session c72a99d8-3abf-4f86-908e-fb92195b0e2e
I0714 09:27:25.911554       1 cache.go:1363] There are <0> Jobs, <1> Queues and <5> Nodes in total for scheduling.
I0714 09:27:25.911697       1 session.go:190] Open Session c417c6c6-dc8a-4288-81b4-ef05350e85a3 with <0> Job and <1> Queues
I0714 09:27:25.913895       1 enqueue.go:79] Try to enqueue PodGroup to 0 Queues
I0714 09:27:25.913959       1 allocate.go:64] Try to allocate resource to 0 Queues
I0714 09:27:25.914183       1 session.go:244] Close Session c417c6c6-dc8a-4288-81b4-ef05350e85a3
I0714 09:27:26.916800       1 cache.go:1363] There are <0> Jobs, <1> Queues and <5> Nodes in total for scheduling.
I0714 09:27:26.916990       1 session.go:190] Open Session 21a1d65e-aa71-414f-a4c8-c5bf86df0b09 with <0> Job and <1> Queues
I0714 09:27:26.918985       1 enqueue.go:79] Try to enqueue PodGroup to 0 Queues
I0714 09:27:26.919058       1 allocate.go:64] Try to allocate resource to 0 Queues
I0714 09:27:26.919293       1 session.go:244] Close Session 21a1d65e-aa71-414f-a4c8-c5bf86df0b09
I0714 09:27:27.921447       1 cache.go:1363] There are <0> Jobs, <1> Queues and <5> Nodes in total for scheduling.
I0714 09:27:27.921621       1 session.go:190] Open Session 7062a902-39af-454f-8e26-905f059c4370 with <0> Job and <1> Queues
I0714 09:27:27.923506       1 enqueue.go:79] Try to enqueue PodGroup to 0 Queues
I0714 09:27:27.923586       1 allocate.go:64] Try to allocate resource to 0 Queues
I0714 09:27:27.923831       1 session.go:244] Close Session 7062a902-39af-454f-8e26-905f059c4370
I0714 09:27:28.926680       1 cache.go:1363] There are <0> Jobs, <1> Queues and <5> Nodes in total for scheduling.
I0714 09:27:28.926851       1 session.go:190] Open Session 3f72ae67-21cf-4110-aeb9-e17979279d37 with <0> Job and <1> Queues
I0714 09:27:28.928946       1 enqueue.go:79] Try to enqueue PodGroup to 0 Queues
I0714 09:27:28.929036       1 allocate.go:64] Try to allocate resource to 0 Queues
I0714 09:27:28.929263       1 session.go:244] Close Session 3f72ae67-21cf-4110-aeb9-e17979279d37
I0714 09:27:29.931981       1 cache.go:1363] There are <0> Jobs, <1> Queues and <5> Nodes in total for scheduling.
I0714 09:27:29.932181       1 session.go:190] Open Session aec3edd8-a962-4679-80c9-e562929a39a8 with <0> Job and <1> Queues
I0714 09:27:29.934112       1 enqueue.go:79] Try to enqueue PodGroup to 0 Queues
I0714 09:27:29.934191       1 allocate.go:64] Try to allocate resource to 0 Queues
I0714 09:27:29.934444       1 session.go:244] Close Session aec3edd8-a962-4679-80c9-e562929a39a8
I0714 09:27:30.936856       1 cache.go:1363] There are <0> Jobs, <1> Queues and <5> Nodes in total for scheduling.
I0714 09:27:30.937002       1 session.go:190] Open Session 687c3b23-4b14-44e2-b70d-763d41b7709f with <0> Job and <1> Queues
I0714 09:27:30.938845       1 enqueue.go:79] Try to enqueue PodGroup to 0 Queues
I0714 09:27:30.938911       1 allocate.go:64] Try to allocate resource to 0 Queues
I0714 09:27:30.939126       1 session.go:244] Close Session 687c3b23-4b14-44e2-b70d-763d41b7709f
I0714 09:27:31.941908       1 cache.go:1363] There are <0> Jobs, <1> Queues and <5> Nodes in total for scheduling.
I0714 09:27:31.942056       1 session.go:190] Open Session a04f467a-e2c3-4fec-9337-442c7bbc4ce8 with <0> Job and <1> Queues
I0714 09:27:31.943993       1 enqueue.go:79] Try to enqueue PodGroup to 0 Queues
I0714 09:27:31.944074       1 allocate.go:64] Try to allocate resource to 0 Queues
I0714 09:27:31.944330       1 session.go:244] Close Session a04f467a-e2c3-4fec-9337-442c7bbc4ce8
I0714 09:27:32.947019       1 cache.go:1363] There are <0> Jobs, <1> Queues and <5> Nodes in total for scheduling.
I0714 09:27:32.947189       1 session.go:190] Open Session 10493575-14a4-4154-bc2f-8630b7344d6f with <0> Job and <1> Queues
I0714 09:27:32.949104       1 enqueue.go:79] Try to enqueue PodGroup to 0 Queues
I0714 09:27:32.949176       1 allocate.go:64] Try to allocate resource to 0 Queues
I0714 09:27:32.949404       1 session.go:244] Close Session 10493575-14a4-4154-bc2f-8630b7344d6f
I0714 09:27:33.951684       1 cache.go:1363] There are <0> Jobs, <1> Queues and <5> Nodes in total for scheduling.
I0714 09:27:33.951838       1 session.go:190] Open Session 7d8d23ef-0516-4c68-b697-ef943ed6dafd with <0> Job and <1> Queues
I0714 09:27:33.953736       1 enqueue.go:79] Try to enqueue PodGroup to 0 Queues
I0714 09:27:33.953812       1 allocate.go:64] Try to allocate resource to 0 Queues
I0714 09:27:33.954029       1 session.go:244] Close Session 7d8d23ef-0516-4c68-b697-ef943ed6dafd
I0714 09:27:34.956918       1 cache.go:1363] There are <0> Jobs, <1> Queues and <5> Nodes in total for scheduling.
I0714 09:27:34.957100       1 session.go:190] Open Session f9320e31-0585-4653-8d1e-f087841d132f with <0> Job and <1> Queues
I0714 09:27:34.958968       1 enqueue.go:79] Try to enqueue PodGroup to 0 Queues
I0714 09:27:34.959049       1 allocate.go:64] Try to allocate resource to 0 Queues
I0714 09:27:34.959267       1 session.go:244] Close Session f9320e31-0585-4653-8d1e-f087841d132f
I0714 09:27:35.961719       1 cache.go:1363] There are <0> Jobs, <1> Queues and <5> Nodes in total for scheduling.
I0714 09:27:35.961888       1 session.go:190] Open Session 004743cd-a5ce-4904-b761-7219705b7502 with <0> Job and <1> Queues
I0714 09:27:35.963769       1 enqueue.go:79] Try to enqueue PodGroup to 0 Queues
I0714 09:27:35.963840       1 allocate.go:64] Try to allocate resource to 0 Queues
I0714 09:27:35.964062       1 session.go:244] Close Session 004743cd-a5ce-4904-b761-7219705b7502
I0714 09:27:36.667641       1 cache.go:1489] The metrics type is not set in the volcano scheduler configmap file. As a result, the CPU and memory load information of the node is not collected.
I0714 09:27:36.966879       1 cache.go:1363] There are <0> Jobs, <1> Queues and <5> Nodes in total for scheduling.
I0714 09:27:36.967033       1 session.go:190] Open Session 378833ff-cd3d-450f-9cff-532357c78347 with <0> Job and <1> Queues
I0714 09:27:36.968967       1 enqueue.go:79] Try to enqueue PodGroup to 0 Queues
I0714 09:27:36.969045       1 allocate.go:64] Try to allocate resource to 0 Queues
I0714 09:27:36.969257       1 session.go:244] Close Session 378833ff-cd3d-450f-9cff-532357c78347
I0714 09:27:37.971471       1 cache.go:1363] There are <0> Jobs, <1> Queues and <5> Nodes in total for scheduling.
I0714 09:27:37.971648       1 session.go:190] Open Session 69d034b6-efb7-4af3-b7a5-20ce251f8dfe with <0> Job and <1> Queues
I0714 09:27:37.973584       1 enqueue.go:79] Try to enqueue PodGroup to 0 Queues
I0714 09:27:37.973666       1 allocate.go:64] Try to allocate resource to 0 Queues
I0714 09:27:37.973896       1 session.go:244] Close Session 69d034b6-efb7-4af3-b7a5-20ce251f8dfe
I0714 09:27:38.976928       1 cache.go:1363] There are <0> Jobs, <1> Queues and <5> Nodes in total for scheduling.
I0714 09:27:38.977083       1 session.go:190] Open Session f8aae572-6470-4431-9b4e-3b5d2fca77f6 with <0> Job and <1> Queues
I0714 09:27:38.978915       1 enqueue.go:79] Try to enqueue PodGroup to 0 Queues
I0714 09:27:38.978985       1 allocate.go:64] Try to allocate resource to 0 Queues
I0714 09:27:38.979212       1 session.go:244] Close Session f8aae572-6470-4431-9b4e-3b5d2fca77f6
I0714 09:27:39.982215       1 cache.go:1363] There are <0> Jobs, <1> Queues and <5> Nodes in total for scheduling.
I0714 09:27:39.982387       1 session.go:190] Open Session 44227a4b-5151-4724-a292-783de65bb355 with <0> Job and <1> Queues
I0714 09:27:39.984350       1 enqueue.go:79] Try to enqueue PodGroup to 0 Queues
I0714 09:27:39.984423       1 allocate.go:64] Try to allocate resource to 0 Queues
I0714 09:27:39.984640       1 session.go:244] Close Session 44227a4b-5151-4724-a292-783de65bb355
I0714 09:27:40.987805       1 cache.go:1363] There are <0> Jobs, <1> Queues and <5> Nodes in total for scheduling.
I0714 09:27:40.987954       1 session.go:190] Open Session d24215be-6946-4d47-aae2-e60f0355fc35 with <0> Job and <1> Queues
I0714 09:27:40.989895       1 enqueue.go:79] Try to enqueue PodGroup to 0 Queues
I0714 09:27:40.989973       1 allocate.go:64] Try to allocate resource to 0 Queues
I0714 09:27:40.990182       1 session.go:244] Close Session d24215be-6946-4d47-aae2-e60f0355fc35
I0714 09:27:41.993305       1 cache.go:1363] There are <0> Jobs, <1> Queues and <5> Nodes in total for scheduling.
I0714 09:27:41.993489       1 session.go:190] Open Session df3f5417-1720-4a6e-b8ff-70111e583da5 with <0> Job and <1> Queues
I0714 09:27:41.995326       1 enqueue.go:79] Try to enqueue PodGroup to 0 Queues
I0714 09:27:41.995394       1 allocate.go:64] Try to allocate resource to 0 Queues
I0714 09:27:41.995626       1 session.go:244] Close Session df3f5417-1720-4a6e-b8ff-70111e583da5
I0714 09:27:42.997916       1 cache.go:1363] There are <0> Jobs, <1> Queues and <5> Nodes in total for scheduling.
I0714 09:27:42.998097       1 session.go:190] Open Session a07ad837-9aa6-4c91-b09a-320a4e3995b1 with <0> Job and <1> Queues
I0714 09:27:42.999984       1 enqueue.go:79] Try to enqueue PodGroup to 0 Queues
I0714 09:27:43.000052       1 allocate.go:64] Try to allocate resource to 0 Queues
I0714 09:27:43.000261       1 session.go:244] Close Session a07ad837-9aa6-4c91-b09a-320a4e3995b1
I0714 09:27:44.003232       1 cache.go:1363] There are <0> Jobs, <1> Queues and <5> Nodes in total for scheduling.
I0714 09:27:44.003385       1 session.go:190] Open Session 12e9af7e-b53a-460b-a38d-d1867cdfa85a with <0> Job and <1> Queues
I0714 09:27:44.005268       1 enqueue.go:79] Try to enqueue PodGroup to 0 Queues
I0714 09:27:44.005346       1 allocate.go:64] Try to allocate resource to 0 Queues
I0714 09:27:44.005537       1 session.go:244] Close Session 12e9af7e-b53a-460b-a38d-d1867cdfa85a
I0714 09:27:45.008519       1 cache.go:1363] There are <0> Jobs, <1> Queues and <5> Nodes in total for scheduling.
I0714 09:27:45.008690       1 session.go:190] Open Session 8a0bb1d3-20ff-4a05-b218-0583020ad5ef with <0> Job and <1> Queues
I0714 09:27:45.010662       1 enqueue.go:79] Try to enqueue PodGroup to 0 Queues
I0714 09:27:45.010730       1 allocate.go:64] Try to allocate resource to 0 Queues
I0714 09:27:45.010932       1 session.go:244] Close Session 8a0bb1d3-20ff-4a05-b218-0583020ad5ef
I0714 09:27:46.013323       1 cache.go:1363] There are <0> Jobs, <1> Queues and <5> Nodes in total for scheduling.
I0714 09:27:46.013460       1 session.go:190] Open Session 20faa487-101f-444b-8a53-64894b2c3fd6 with <0> Job and <1> Queues
I0714 09:27:46.015388       1 enqueue.go:79] Try to enqueue PodGroup to 0 Queues
I0714 09:27:46.015459       1 allocate.go:64] Try to allocate resource to 0 Queues
I0714 09:27:46.015666       1 session.go:244] Close Session 20faa487-101f-444b-8a53-64894b2c3fd6
I0714 09:27:47.018603       1 cache.go:1363] There are <0> Jobs, <1> Queues and <5> Nodes in total for scheduling.
I0714 09:27:47.018767       1 session.go:190] Open Session 3809dc82-8a80-48e0-a21c-92d84c78bf64 with <0> Job and <1> Queues
I0714 09:27:47.020824       1 enqueue.go:79] Try to enqueue PodGroup to 0 Queues
I0714 09:27:47.020900       1 allocate.go:64] Try to allocate resource to 0 Queues
I0714 09:27:47.021150       1 session.go:244] Close Session 3809dc82-8a80-48e0-a21c-92d84c78bf64
I0714 09:27:48.023581       1 cache.go:1363] There are <0> Jobs, <1> Queues and <5> Nodes in total for scheduling.
I0714 09:27:48.023725       1 session.go:190] Open Session c84c08b4-b78a-490e-aa1d-2b750f85e0aa with <0> Job and <1> Queues
I0714 09:27:48.025769       1 enqueue.go:79] Try to enqueue PodGroup to 0 Queues
I0714 09:27:48.025843       1 allocate.go:64] Try to allocate resource to 0 Queues
I0714 09:27:48.026061       1 session.go:244] Close Session c84c08b4-b78a-490e-aa1d-2b750f85e0aa
I0714 09:27:49.028810       1 cache.go:1363] There are <0> Jobs, <1> Queues and <5> Nodes in total for scheduling.
I0714 09:27:49.028986       1 session.go:190] Open Session dc84ec73-9458-4524-9bf2-b11872bfccdd with <0> Job and <1> Queues
I0714 09:27:49.030839       1 enqueue.go:79] Try to enqueue PodGroup to 0 Queues
I0714 09:27:49.030923       1 allocate.go:64] Try to allocate resource to 0 Queues
I0714 09:27:49.031127       1 session.go:244] Close Session dc84ec73-9458-4524-9bf2-b11872bfccdd
I0714 09:27:50.033835       1 cache.go:1363] There are <0> Jobs, <1> Queues and <5> Nodes in total for scheduling.
I0714 09:27:50.034012       1 session.go:190] Open Session 31e606c9-b8db-4d70-ac1e-087c2ddb9676 with <0> Job and <1> Queues
I0714 09:27:50.035948       1 enqueue.go:79] Try to enqueue PodGroup to 0 Queues
I0714 09:27:50.036018       1 allocate.go:64] Try to allocate resource to 0 Queues
I0714 09:27:50.036217       1 session.go:244] Close Session 31e606c9-b8db-4d70-ac1e-087c2ddb9676
W0714 09:27:50.177805       1 event_handlers.go:181] Not support non-csi pvc.
I0714 09:27:50.194267       1 event_handlers.go:442] Deleted pod <default/yolo-cls> from cache.
W0714 09:27:50.258735       1 event_handlers.go:181] Not support non-csi pvc.
I0714 09:27:50.264818       1 event_handlers.go:442] Deleted pod <default/yolo-det> from cache.
W0714 09:27:50.336441       1 event_handlers.go:181] Not support non-csi pvc.
I0714 09:27:50.340688       1 event_handlers.go:442] Deleted pod <default/yolo-seg> from cache.
W0714 09:27:50.401255       1 event_handlers.go:181] Not support non-csi pvc.
I0714 09:27:50.405180       1 event_handlers.go:442] Deleted pod <default/yolo-obb> from cache.
W0714 09:27:50.451304       1 event_handlers.go:181] Not support non-csi pvc.
I0714 09:27:50.463405       1 event_handlers.go:442] Deleted pod <default/yolo-pos> from cache.
I0714 09:27:51.039502       1 cache.go:1363] There are <0> Jobs, <1> Queues and <5> Nodes in total for scheduling.
I0714 09:27:51.039664       1 session.go:190] Open Session b8cd5ecb-192c-40e4-a84b-c3780a553c34 with <0> Job and <1> Queues
I0714 09:27:51.041599       1 enqueue.go:79] Try to enqueue PodGroup to 0 Queues
I0714 09:27:51.041667       1 allocate.go:64] Try to allocate resource to 0 Queues
I0714 09:27:51.041890       1 session.go:244] Close Session b8cd5ecb-192c-40e4-a84b-c3780a553c34
I0714 09:27:52.044721       1 cache.go:1363] There are <0> Jobs, <1> Queues and <5> Nodes in total for scheduling.
I0714 09:27:52.044930       1 session.go:190] Open Session 9745828c-5b7d-47e2-b8c3-6bd10aabec4f with <0> Job and <1> Queues
I0714 09:27:52.046810       1 enqueue.go:79] Try to enqueue PodGroup to 0 Queues
I0714 09:27:52.046885       1 allocate.go:64] Try to allocate resource to 0 Queues
I0714 09:27:52.047102       1 session.go:244] Close Session 9745828c-5b7d-47e2-b8c3-6bd10aabec4f
I0714 09:27:53.049497       1 cache.go:1363] There are <0> Jobs, <1> Queues and <5> Nodes in total for scheduling.
I0714 09:27:53.049682       1 session.go:190] Open Session b545a687-dbbe-48e9-8f8c-68427c85ca46 with <0> Job and <1> Queues
I0714 09:27:53.051457       1 enqueue.go:79] Try to enqueue PodGroup to 0 Queues
I0714 09:27:53.051522       1 allocate.go:64] Try to allocate resource to 0 Queues
I0714 09:27:53.051736       1 session.go:244] Close Session b545a687-dbbe-48e9-8f8c-68427c85ca46
I0714 09:27:54.054553       1 cache.go:1363] There are <0> Jobs, <1> Queues and <5> Nodes in total for scheduling.
I0714 09:27:54.054726       1 session.go:190] Open Session fc96f83c-5b17-4695-9ac8-3cdc696d0c75 with <0> Job and <1> Queues
I0714 09:27:54.056617       1 enqueue.go:79] Try to enqueue PodGroup to 0 Queues
I0714 09:27:54.056688       1 allocate.go:64] Try to allocate resource to 0 Queues
I0714 09:27:54.056890       1 session.go:244] Close Session fc96f83c-5b17-4695-9ac8-3cdc696d0c75
I0714 09:27:55.059186       1 cache.go:1363] There are <0> Jobs, <1> Queues and <5> Nodes in total for scheduling.
I0714 09:27:55.059359       1 session.go:190] Open Session 0ab8b213-851b-44d3-bfcc-f3d7d84f5a05 with <0> Job and <1> Queues
I0714 09:27:55.061228       1 enqueue.go:79] Try to enqueue PodGroup to 0 Queues
I0714 09:27:55.061298       1 allocate.go:64] Try to allocate resource to 0 Queues
I0714 09:27:55.061517       1 session.go:244] Close Session 0ab8b213-851b-44d3-bfcc-f3d7d84f5a05
I0714 09:27:56.064199       1 cache.go:1363] There are <0> Jobs, <1> Queues and <5> Nodes in total for scheduling.
I0714 09:27:56.064379       1 session.go:190] Open Session 9eeee320-3f64-4f78-8d3a-59c5c87ca8d3 with <0> Job and <1> Queues
I0714 09:27:56.066181       1 enqueue.go:79] Try to enqueue PodGroup to 0 Queues
I0714 09:27:56.066242       1 allocate.go:64] Try to allocate resource to 0 Queues
I0714 09:27:56.066443       1 session.go:244] Close Session 9eeee320-3f64-4f78-8d3a-59c5c87ca8d3
I0714 09:27:57.069447       1 cache.go:1363] There are <0> Jobs, <1> Queues and <5> Nodes in total for scheduling.
I0714 09:27:57.069650       1 session.go:190] Open Session c2b1da58-acf5-42d6-b3d8-0e678ea3820d with <0> Job and <1> Queues
I0714 09:27:57.071525       1 enqueue.go:79] Try to enqueue PodGroup to 0 Queues
I0714 09:27:57.071610       1 allocate.go:64] Try to allocate resource to 0 Queues
I0714 09:27:57.071836       1 session.go:244] Close Session c2b1da58-acf5-42d6-b3d8-0e678ea3820d
I0714 09:27:58.074533       1 cache.go:1363] There are <0> Jobs, <1> Queues and <5> Nodes in total for scheduling.
I0714 09:27:58.074693       1 session.go:190] Open Session 0a463fbe-c751-4452-bd30-d0f3466b9928 with <0> Job and <1> Queues
I0714 09:27:58.076686       1 enqueue.go:79] Try to enqueue PodGroup to 0 Queues
I0714 09:27:58.076759       1 allocate.go:64] Try to allocate resource to 0 Queues
I0714 09:27:58.076981       1 session.go:244] Close Session 0a463fbe-c751-4452-bd30-d0f3466b9928
I0714 09:27:59.079158       1 cache.go:1363] There are <0> Jobs, <1> Queues and <5> Nodes in total for scheduling.
I0714 09:27:59.079310       1 session.go:190] Open Session 74c3cb60-ce30-4314-8715-b2c96c5a40e4 with <0> Job and <1> Queues
I0714 09:27:59.081091       1 enqueue.go:79] Try to enqueue PodGroup to 0 Queues
I0714 09:27:59.081155       1 allocate.go:64] Try to allocate resource to 0 Queues
I0714 09:27:59.081345       1 session.go:244] Close Session 74c3cb60-ce30-4314-8715-b2c96c5a40e4
I0714 09:28:00.084446       1 cache.go:1363] There are <0> Jobs, <1> Queues and <5> Nodes in total for scheduling.
I0714 09:28:00.084623       1 session.go:190] Open Session 3d9acdae-1f5f-46e4-85a3-8b067f559162 with <0> Job and <1> Queues
I0714 09:28:00.086435       1 enqueue.go:79] Try to enqueue PodGroup to 0 Queues
I0714 09:28:00.086503       1 allocate.go:64] Try to allocate resource to 0 Queues
I0714 09:28:00.086788       1 session.go:244] Close Session 3d9acdae-1f5f-46e4-85a3-8b067f559162
I0714 09:28:01.089151       1 cache.go:1363] There are <0> Jobs, <1> Queues and <5> Nodes in total for scheduling.
I0714 09:28:01.089313       1 session.go:190] Open Session ae3dcad5-5553-428a-8551-e86a9dfff936 with <0> Job and <1> Queues
I0714 09:28:01.090965       1 enqueue.go:79] Try to enqueue PodGroup to 0 Queues
I0714 09:28:01.091030       1 allocate.go:64] Try to allocate resource to 0 Queues
I0714 09:28:01.091238       1 session.go:244] Close Session ae3dcad5-5553-428a-8551-e86a9dfff936
I0714 09:28:02.093603       1 cache.go:1363] There are <0> Jobs, <1> Queues and <5> Nodes in total for scheduling.
I0714 09:28:02.093792       1 session.go:190] Open Session 74bb67e6-d9e4-4a15-a64a-373fa0cb73ae with <0> Job and <1> Queues
I0714 09:28:02.095577       1 enqueue.go:79] Try to enqueue PodGroup to 0 Queues
I0714 09:28:02.095647       1 allocate.go:64] Try to allocate resource to 0 Queues
I0714 09:28:02.095895       1 session.go:244] Close Session 74bb67e6-d9e4-4a15-a64a-373fa0cb73ae
I0714 09:28:03.098962       1 cache.go:1363] There are <0> Jobs, <1> Queues and <5> Nodes in total for scheduling.
I0714 09:28:03.099162       1 session.go:190] Open Session 6e2526d5-bcbd-4e95-b192-26509865e0e8 with <0> Job and <1> Queues
I0714 09:28:03.100948       1 enqueue.go:79] Try to enqueue PodGroup to 0 Queues
I0714 09:28:03.101018       1 allocate.go:64] Try to allocate resource to 0 Queues
I0714 09:28:03.101225       1 session.go:244] Close Session 6e2526d5-bcbd-4e95-b192-26509865e0e8
I0714 09:28:04.103536       1 cache.go:1363] There are <0> Jobs, <1> Queues and <5> Nodes in total for scheduling.
I0714 09:28:04.103686       1 session.go:190] Open Session 6552e840-7d74-4186-b9dc-7c9715fa5400 with <0> Job and <1> Queues
I0714 09:28:04.105318       1 enqueue.go:79] Try to enqueue PodGroup to 0 Queues
I0714 09:28:04.105373       1 allocate.go:64] Try to allocate resource to 0 Queues
I0714 09:28:04.105573       1 session.go:244] Close Session 6552e840-7d74-4186-b9dc-7c9715fa5400
I0714 09:28:05.107879       1 cache.go:1363] There are <0> Jobs, <1> Queues and <5> Nodes in total for scheduling.
I0714 09:28:05.108051       1 session.go:190] Open Session f1950f88-9b03-4950-97e8-0e860fa96e2d with <0> Job and <1> Queues
I0714 09:28:05.109891       1 enqueue.go:79] Try to enqueue PodGroup to 0 Queues
I0714 09:28:05.109961       1 allocate.go:64] Try to allocate resource to 0 Queues
I0714 09:28:05.110168       1 session.go:244] Close Session f1950f88-9b03-4950-97e8-0e860fa96e2d
I0714 09:28:06.112759       1 cache.go:1363] There are <0> Jobs, <1> Queues and <5> Nodes in total for scheduling.
I0714 09:28:06.112924       1 session.go:190] Open Session 261215c8-87e1-4554-992a-50b0a9545fe0 with <0> Job and <1> Queues
I0714 09:28:06.114845       1 enqueue.go:79] Try to enqueue PodGroup to 0 Queues
I0714 09:28:06.114911       1 allocate.go:64] Try to allocate resource to 0 Queues
I0714 09:28:06.115117       1 session.go:244] Close Session 261215c8-87e1-4554-992a-50b0a9545fe0
I0714 09:28:06.668596       1 cache.go:1489] The metrics type is not set in the volcano scheduler configmap file. As a result, the CPU and memory load information of the node is not collected.
I0714 09:28:07.118374       1 cache.go:1363] There are <0> Jobs, <1> Queues and <5> Nodes in total for scheduling.
I0714 09:28:07.118555       1 session.go:190] Open Session bce19910-3747-4dcd-955c-63982618a68b with <0> Job and <1> Queues
I0714 09:28:07.120437       1 enqueue.go:79] Try to enqueue PodGroup to 0 Queues
I0714 09:28:07.120506       1 allocate.go:64] Try to allocate resource to 0 Queues
I0714 09:28:07.120717       1 session.go:244] Close Session bce19910-3747-4dcd-955c-63982618a68b
I0714 09:28:08.123383       1 cache.go:1363] There are <0> Jobs, <1> Queues and <5> Nodes in total for scheduling.
I0714 09:28:08.123573       1 session.go:190] Open Session 04156eca-08d1-4707-9466-6d794cfbfec6 with <0> Job and <1> Queues
I0714 09:28:08.125461       1 enqueue.go:79] Try to enqueue PodGroup to 0 Queues
I0714 09:28:08.125536       1 allocate.go:64] Try to allocate resource to 0 Queues
I0714 09:28:08.125766       1 session.go:244] Close Session 04156eca-08d1-4707-9466-6d794cfbfec6
I0714 09:28:09.127911       1 cache.go:1363] There are <0> Jobs, <1> Queues and <5> Nodes in total for scheduling.
I0714 09:28:09.128090       1 session.go:190] Open Session fc767e0a-5e1c-4b22-b237-af261e7d6bfb with <0> Job and <1> Queues
I0714 09:28:09.129474       1 enqueue.go:79] Try to enqueue PodGroup to 0 Queues
I0714 09:28:09.129523       1 allocate.go:64] Try to allocate resource to 0 Queues
I0714 09:28:09.129628       1 session.go:244] Close Session fc767e0a-5e1c-4b22-b237-af261e7d6bfb
I0714 09:28:10.132679       1 cache.go:1363] There are <0> Jobs, <1> Queues and <5> Nodes in total for scheduling.
I0714 09:28:10.132866       1 session.go:190] Open Session 8c5fe67e-8c4c-434e-b0b3-c6ae332549f8 with <0> Job and <1> Queues
I0714 09:28:10.134657       1 enqueue.go:79] Try to enqueue PodGroup to 0 Queues
I0714 09:28:10.134725       1 allocate.go:64] Try to allocate resource to 0 Queues
I0714 09:28:10.134955       1 session.go:244] Close Session 8c5fe67e-8c4c-434e-b0b3-c6ae332549f8
I0714 09:28:11.137891       1 cache.go:1363] There are <0> Jobs, <1> Queues and <5> Nodes in total for scheduling.
I0714 09:28:11.138075       1 session.go:190] Open Session 2f29d7c3-9895-42ed-ab76-fa486c698ce7 with <0> Job and <1> Queues
I0714 09:28:11.139882       1 enqueue.go:79] Try to enqueue PodGroup to 0 Queues
I0714 09:28:11.139947       1 allocate.go:64] Try to allocate resource to 0 Queues
I0714 09:28:11.140185       1 session.go:244] Close Session 2f29d7c3-9895-42ed-ab76-fa486c698ce7
I0714 09:28:12.142847       1 cache.go:1363] There are <0> Jobs, <1> Queues and <5> Nodes in total for scheduling.
I0714 09:28:12.143029       1 session.go:190] Open Session 311bcc95-3440-48c3-91c7-c64929142fcd with <0> Job and <1> Queues
I0714 09:28:12.144840       1 enqueue.go:79] Try to enqueue PodGroup to 0 Queues
I0714 09:28:12.144911       1 allocate.go:64] Try to allocate resource to 0 Queues
I0714 09:28:12.145120       1 session.go:244] Close Session 311bcc95-3440-48c3-91c7-c64929142fcd
I0714 09:28:13.147570       1 cache.go:1363] There are <0> Jobs, <1> Queues and <5> Nodes in total for scheduling.
I0714 09:28:13.147761       1 session.go:190] Open Session 1d6450c8-5fbc-4e3e-81ef-1f5d56a66c0c with <0> Job and <1> Queues
I0714 09:28:13.149659       1 enqueue.go:79] Try to enqueue PodGroup to 0 Queues
I0714 09:28:13.149731       1 allocate.go:64] Try to allocate resource to 0 Queues
I0714 09:28:13.149973       1 session.go:244] Close Session 1d6450c8-5fbc-4e3e-81ef-1f5d56a66c0c
I0714 09:28:14.151709       1 cache.go:1363] There are <0> Jobs, <1> Queues and <5> Nodes in total for scheduling.
I0714 09:28:14.151811       1 session.go:190] Open Session dc85222e-1325-4d7f-a673-b6a54bdc4307 with <0> Job and <1> Queues
I0714 09:28:14.152822       1 enqueue.go:79] Try to enqueue PodGroup to 0 Queues
I0714 09:28:14.152871       1 allocate.go:64] Try to allocate resource to 0 Queues
I0714 09:28:14.152984       1 session.go:244] Close Session dc85222e-1325-4d7f-a673-b6a54bdc4307
I0714 09:28:15.154944       1 cache.go:1363] There are <0> Jobs, <1> Queues and <5> Nodes in total for scheduling.
I0714 09:28:15.155115       1 session.go:190] Open Session 3c0d3f12-0fea-49ac-9996-c9d2dd3e7752 with <0> Job and <1> Queues
I0714 09:28:15.156972       1 enqueue.go:79] Try to enqueue PodGroup to 0 Queues
I0714 09:28:15.157047       1 allocate.go:64] Try to allocate resource to 0 Queues
I0714 09:28:15.157266       1 session.go:244] Close Session 3c0d3f12-0fea-49ac-9996-c9d2dd3e7752
I0714 09:28:16.159368       1 cache.go:1363] There are <0> Jobs, <1> Queues and <5> Nodes in total for scheduling.
I0714 09:28:16.159509       1 session.go:190] Open Session eb507485-2920-4363-a0f7-bbd55e5f5750 with <0> Job and <1> Queues
I0714 09:28:16.161075       1 enqueue.go:79] Try to enqueue PodGroup to 0 Queues
I0714 09:28:16.161157       1 allocate.go:64] Try to allocate resource to 0 Queues
I0714 09:28:16.161359       1 session.go:244] Close Session eb507485-2920-4363-a0f7-bbd55e5f5750
I0714 09:28:17.164483       1 cache.go:1363] There are <0> Jobs, <1> Queues and <5> Nodes in total for scheduling.
I0714 09:28:17.164673       1 session.go:190] Open Session 7d76033d-a958-4eb4-8922-85b89262c2fc with <0> Job and <1> Queues
I0714 09:28:17.166459       1 enqueue.go:79] Try to enqueue PodGroup to 0 Queues
I0714 09:28:17.166535       1 allocate.go:64] Try to allocate resource to 0 Queues
I0714 09:28:17.166762       1 session.go:244] Close Session 7d76033d-a958-4eb4-8922-85b89262c2fc
I0714 09:28:18.168830       1 cache.go:1363] There are <0> Jobs, <1> Queues and <5> Nodes in total for scheduling.
I0714 09:28:18.169015       1 session.go:190] Open Session d03cb88d-3f5b-4780-886f-e4eabc838eb3 with <0> Job and <1> Queues
I0714 09:28:18.170820       1 enqueue.go:79] Try to enqueue PodGroup to 0 Queues
I0714 09:28:18.170891       1 allocate.go:64] Try to allocate resource to 0 Queues
I0714 09:28:18.171114       1 session.go:244] Close Session d03cb88d-3f5b-4780-886f-e4eabc838eb3
I0714 09:28:19.172474       1 cache.go:1363] There are <0> Jobs, <1> Queues and <5> Nodes in total for scheduling.
I0714 09:28:19.172567       1 session.go:190] Open Session 37a67bc3-8b43-471b-8645-51f367868161 with <0> Job and <1> Queues
I0714 09:28:19.173480       1 enqueue.go:79] Try to enqueue PodGroup to 0 Queues
I0714 09:28:19.173531       1 allocate.go:64] Try to allocate resource to 0 Queues
I0714 09:28:19.173649       1 session.go:244] Close Session 37a67bc3-8b43-471b-8645-51f367868161
I0714 09:28:20.175944       1 cache.go:1363] There are <0> Jobs, <1> Queues and <5> Nodes in total for scheduling.
I0714 09:28:20.176118       1 session.go:190] Open Session 4d2156b7-732b-4f02-aaa3-81a83ecacc8c with <0> Job and <1> Queues
I0714 09:28:20.178037       1 enqueue.go:79] Try to enqueue PodGroup to 0 Queues
I0714 09:28:20.178113       1 allocate.go:64] Try to allocate resource to 0 Queues
I0714 09:28:20.178354       1 session.go:244] Close Session 4d2156b7-732b-4f02-aaa3-81a83ecacc8c
I0714 09:28:21.180833       1 cache.go:1363] There are <0> Jobs, <1> Queues and <5> Nodes in total for scheduling.
I0714 09:28:21.181016       1 session.go:190] Open Session dc665add-9d66-4d1d-a4aa-01d3901b02ce with <0> Job and <1> Queues
I0714 09:28:21.182812       1 enqueue.go:79] Try to enqueue PodGroup to 0 Queues
I0714 09:28:21.182890       1 allocate.go:64] Try to allocate resource to 0 Queues
I0714 09:28:21.183109       1 session.go:244] Close Session dc665add-9d66-4d1d-a4aa-01d3901b02ce
I0714 09:28:22.185384       1 cache.go:1363] There are <0> Jobs, <1> Queues and <5> Nodes in total for scheduling.
I0714 09:28:22.185563       1 session.go:190] Open Session 12a90511-1edb-46bd-9901-1dbf543ba025 with <0> Job and <1> Queues
I0714 09:28:22.187323       1 enqueue.go:79] Try to enqueue PodGroup to 0 Queues
I0714 09:28:22.187393       1 allocate.go:64] Try to allocate resource to 0 Queues
I0714 09:28:22.187618       1 session.go:244] Close Session 12a90511-1edb-46bd-9901-1dbf543ba025
I0714 09:28:23.190023       1 cache.go:1363] There are <0> Jobs, <1> Queues and <5> Nodes in total for scheduling.
I0714 09:28:23.190199       1 session.go:190] Open Session e5c35b4c-87b3-4ec8-91ec-a1b25ac41302 with <0> Job and <1> Queues
I0714 09:28:23.191931       1 enqueue.go:79] Try to enqueue PodGroup to 0 Queues
I0714 09:28:23.191998       1 allocate.go:64] Try to allocate resource to 0 Queues
I0714 09:28:23.192223       1 session.go:244] Close Session e5c35b4c-87b3-4ec8-91ec-a1b25ac41302
I0714 09:28:24.193711       1 cache.go:1363] There are <0> Jobs, <1> Queues and <5> Nodes in total for scheduling.
I0714 09:28:24.193799       1 session.go:190] Open Session c71cb491-27af-469b-9e1c-d899a3c4efb8 with <0> Job and <1> Queues
I0714 09:28:24.194702       1 enqueue.go:79] Try to enqueue PodGroup to 0 Queues
I0714 09:28:24.194758       1 allocate.go:64] Try to allocate resource to 0 Queues
I0714 09:28:24.194916       1 session.go:244] Close Session c71cb491-27af-469b-9e1c-d899a3c4efb8
I0714 09:28:25.197618       1 cache.go:1363] There are <0> Jobs, <1> Queues and <5> Nodes in total for scheduling.
I0714 09:28:25.197768       1 session.go:190] Open Session 2249fb93-84a1-41b2-8467-2771e9e8ac39 with <0> Job and <1> Queues
I0714 09:28:25.199562       1 enqueue.go:79] Try to enqueue PodGroup to 0 Queues
I0714 09:28:25.199627       1 allocate.go:64] Try to allocate resource to 0 Queues
I0714 09:28:25.199847       1 session.go:244] Close Session 2249fb93-84a1-41b2-8467-2771e9e8ac39
I0714 09:28:26.202719       1 cache.go:1363] There are <0> Jobs, <1> Queues and <5> Nodes in total for scheduling.
I0714 09:28:26.202890       1 session.go:190] Open Session 9607916e-abf8-473c-96e7-0ca389bb00b4 with <0> Job and <1> Queues
I0714 09:28:26.204733       1 enqueue.go:79] Try to enqueue PodGroup to 0 Queues
I0714 09:28:26.204822       1 allocate.go:64] Try to allocate resource to 0 Queues
I0714 09:28:26.205048       1 session.go:244] Close Session 9607916e-abf8-473c-96e7-0ca389bb00b4
I0714 09:28:27.207511       1 cache.go:1363] There are <0> Jobs, <1> Queues and <5> Nodes in total for scheduling.
I0714 09:28:27.207691       1 session.go:190] Open Session c6e5f4bf-b5fb-4659-96f3-000ebac19c20 with <0> Job and <1> Queues
I0714 09:28:27.209521       1 enqueue.go:79] Try to enqueue PodGroup to 0 Queues
I0714 09:28:27.209613       1 allocate.go:64] Try to allocate resource to 0 Queues
I0714 09:28:27.209839       1 session.go:244] Close Session c6e5f4bf-b5fb-4659-96f3-000ebac19c20
I0714 09:28:28.212681       1 cache.go:1363] There are <0> Jobs, <1> Queues and <5> Nodes in total for scheduling.
I0714 09:28:28.212837       1 session.go:190] Open Session 6e5de215-4b5b-4909-a927-7d84e6b05c4d with <0> Job and <1> Queues
I0714 09:28:28.214644       1 enqueue.go:79] Try to enqueue PodGroup to 0 Queues
I0714 09:28:28.214713       1 allocate.go:64] Try to allocate resource to 0 Queues
I0714 09:28:28.214926       1 session.go:244] Close Session 6e5de215-4b5b-4909-a927-7d84e6b05c4d
I0714 09:28:29.216750       1 cache.go:1363] There are <0> Jobs, <1> Queues and <5> Nodes in total for scheduling.
I0714 09:28:29.216837       1 session.go:190] Open Session bb9b0c47-2ac1-43ad-94f6-1e362de0d44a with <0> Job and <1> Queues
I0714 09:28:29.217704       1 enqueue.go:79] Try to enqueue PodGroup to 0 Queues
I0714 09:28:29.217753       1 allocate.go:64] Try to allocate resource to 0 Queues
I0714 09:28:29.217863       1 session.go:244] Close Session bb9b0c47-2ac1-43ad-94f6-1e362de0d44a
I0714 09:28:30.220527       1 cache.go:1363] There are <0> Jobs, <1> Queues and <5> Nodes in total for scheduling.
I0714 09:28:30.220706       1 session.go:190] Open Session 65d455c0-d0dd-44a8-83c0-05f67e6f4e34 with <0> Job and <1> Queues
I0714 09:28:30.222464       1 enqueue.go:79] Try to enqueue PodGroup to 0 Queues
I0714 09:28:30.222550       1 allocate.go:64] Try to allocate resource to 0 Queues
I0714 09:28:30.222749       1 session.go:244] Close Session 65d455c0-d0dd-44a8-83c0-05f67e6f4e34
I0714 09:28:31.225487       1 cache.go:1363] There are <0> Jobs, <1> Queues and <5> Nodes in total for scheduling.
I0714 09:28:31.225657       1 session.go:190] Open Session 12bcbd0d-3365-42ba-8450-23605f6d97ae with <0> Job and <1> Queues
I0714 09:28:31.227343       1 enqueue.go:79] Try to enqueue PodGroup to 0 Queues
I0714 09:28:31.227430       1 allocate.go:64] Try to allocate resource to 0 Queues
I0714 09:28:31.227657       1 session.go:244] Close Session 12bcbd0d-3365-42ba-8450-23605f6d97ae
I0714 09:28:32.230564       1 cache.go:1363] There are <0> Jobs, <1> Queues and <5> Nodes in total for scheduling.
I0714 09:28:32.230763       1 session.go:190] Open Session 38307e9b-dbc1-4d9c-93b4-a68e0c0484da with <0> Job and <1> Queues
I0714 09:28:32.232660       1 enqueue.go:79] Try to enqueue PodGroup to 0 Queues
I0714 09:28:32.232745       1 allocate.go:64] Try to allocate resource to 0 Queues
I0714 09:28:32.232982       1 session.go:244] Close Session 38307e9b-dbc1-4d9c-93b4-a68e0c0484da
I0714 09:28:33.235135       1 cache.go:1363] There are <0> Jobs, <1> Queues and <5> Nodes in total for scheduling.
I0714 09:28:33.235316       1 session.go:190] Open Session ad762df1-52da-4b11-9ff0-ecf82d399f73 with <0> Job and <1> Queues
I0714 09:28:33.237230       1 enqueue.go:79] Try to enqueue PodGroup to 0 Queues
I0714 09:28:33.237318       1 allocate.go:64] Try to allocate resource to 0 Queues
I0714 09:28:33.237539       1 session.go:244] Close Session ad762df1-52da-4b11-9ff0-ecf82d399f73
I0714 09:28:34.239697       1 cache.go:1363] There are <0> Jobs, <1> Queues and <5> Nodes in total for scheduling.
I0714 09:28:34.239876       1 session.go:190] Open Session a830dacb-d329-403c-b08c-824414b18a12 with <0> Job and <1> Queues
I0714 09:28:34.241702       1 enqueue.go:79] Try to enqueue PodGroup to 0 Queues
I0714 09:28:34.241783       1 allocate.go:64] Try to allocate resource to 0 Queues
I0714 09:28:34.242024       1 session.go:244] Close Session a830dacb-d329-403c-b08c-824414b18a12
I0714 09:28:35.244421       1 cache.go:1363] There are <0> Jobs, <1> Queues and <5> Nodes in total for scheduling.
I0714 09:28:35.244579       1 session.go:190] Open Session 8bed3d3b-d7f4-4fc8-9c08-50cd1ccb0d1e with <0> Job and <1> Queues
I0714 09:28:35.246396       1 enqueue.go:79] Try to enqueue PodGroup to 0 Queues
I0714 09:28:35.246482       1 allocate.go:64] Try to allocate resource to 0 Queues
I0714 09:28:35.246706       1 session.go:244] Close Session 8bed3d3b-d7f4-4fc8-9c08-50cd1ccb0d1e
I0714 09:28:36.248909       1 cache.go:1363] There are <0> Jobs, <1> Queues and <5> Nodes in total for scheduling.
I0714 09:28:36.249100       1 session.go:190] Open Session 59c886aa-d5f4-4e4c-b96e-5cbb8abe7c5f with <0> Job and <1> Queues
I0714 09:28:36.250871       1 enqueue.go:79] Try to enqueue PodGroup to 0 Queues
I0714 09:28:36.250950       1 allocate.go:64] Try to allocate resource to 0 Queues
I0714 09:28:36.251158       1 session.go:244] Close Session 59c886aa-d5f4-4e4c-b96e-5cbb8abe7c5f
I0714 09:28:36.669586       1 cache.go:1489] The metrics type is not set in the volcano scheduler configmap file. As a result, the CPU and memory load information of the node is not collected.
I0714 09:28:37.253805       1 cache.go:1363] There are <0> Jobs, <1> Queues and <5> Nodes in total for scheduling.
I0714 09:28:37.253974       1 session.go:190] Open Session 9c3c9d53-35a5-444b-9eef-96c4c17468f7 with <0> Job and <1> Queues
I0714 09:28:37.255817       1 enqueue.go:79] Try to enqueue PodGroup to 0 Queues
I0714 09:28:37.255908       1 allocate.go:64] Try to allocate resource to 0 Queues
I0714 09:28:37.256112       1 session.go:244] Close Session 9c3c9d53-35a5-444b-9eef-96c4c17468f7
I0714 09:28:38.258949       1 cache.go:1363] There are <0> Jobs, <1> Queues and <5> Nodes in total for scheduling.
I0714 09:28:38.259122       1 session.go:190] Open Session f19610c5-0428-4325-bbc6-a6f495ab3688 with <0> Job and <1> Queues
I0714 09:28:38.260897       1 enqueue.go:79] Try to enqueue PodGroup to 0 Queues
I0714 09:28:38.260981       1 allocate.go:64] Try to allocate resource to 0 Queues
I0714 09:28:38.261198       1 session.go:244] Close Session f19610c5-0428-4325-bbc6-a6f495ab3688
W0714 09:28:38.780471       1 event_handlers.go:181] Not support non-csi pvc.
I0714 09:28:38.780640       1 event_handlers.go:387] Added pod <default/yolo-cls> into cache.
W0714 09:28:38.804547       1 event_handlers.go:181] Not support non-csi pvc.
I0714 09:28:39.264127       1 cache.go:1363] There are <1> Jobs, <1> Queues and <5> Nodes in total for scheduling.
I0714 09:28:39.264769       1 session.go:190] Open Session 9b94f487-2a52-4d29-8f8a-cfb171cd1e62 with <1> Job and <1> Queues
I0714 09:28:39.267924       1 enqueue.go:79] Try to enqueue PodGroup to 1 Queues
I0714 09:28:39.268568       1 allocate.go:64] Try to allocate resource to 1 Queues
I0714 09:28:39.268802       1 allocate.go:129] Try to allocate resource to Jobs in Queue <default>
I0714 09:28:39.268988       1 allocate.go:161] Try to allocate resource to 1 tasks of Job <default/podgroup-b0b8c6f3-0a31-46fb-a4b8-a94ac7747225>
I0714 09:28:39.269192       1 allocate.go:181] There are <5> nodes for Job <default/podgroup-b0b8c6f3-0a31-46fb-a4b8-a94ac7747225>
I0714 09:28:39.269746       1 predicate_helper.go:75] Predicates failed: task default/yolo-cls on node gpu-master fit failed: Insufficient nvidia.com/gpu
I0714 09:28:39.270396       1 predicate_helper.go:75] Predicates failed: task default/yolo-cls on node gpuorin5-desktop fit failed: plugin NodeAffinity predicates failed node(s) didn't match Pod's node affinity/selector
I0714 09:28:39.270723       1 predicate_helper.go:75] Predicates failed: task default/yolo-cls on node gpuorin4-desktop fit failed: plugin NodeAffinity predicates failed node(s) didn't match Pod's node affinity/selector
I0714 09:28:39.271731       1 allocate.go:249] Binding Task <default/yolo-cls> to node <gpu-orin3>
I0714 09:28:39.271945       1 statement.go:266] After allocated Task <default/yolo-cls> to Node <gpu-orin3>: idle <cpu 5900.00, memory 7832723456.00, ephemeral-storage 111715275387000.00, hugepages-1Gi 0.00, nvidia.com/gpu 4000.00, pods 105.00, hugepages-32Mi 0.00, hugepages-64Ki 0.00, hugepages-2Mi 0.00>, used <cpu 100.00, memory 52428800.00, pods 5.00, nvidia.com/gpu 1000.00>, releasing <cpu 0.00, memory 0.00>
I0714 09:28:39.272681       1 statement.go:284] Allocating operations ...
I0714 09:28:39.272817       1 statement.go:378] Committing operations ...
I0714 09:28:39.272948       1 proportion.go:302] Queue <default>: deserved <cpu 0.00, memory 0.00, nvidia.com/gpu 1000.00, pods 1.00>, allocated <cpu 0.00, memory 0.00, nvidia.com/gpu 1000.00, pods 1.00>, share <1>
I0714 09:28:39.273033       1 allocate.go:125] Queue <default> is overused, ignore it.
I0714 09:28:39.303592       1 session.go:244] Close Session 9b94f487-2a52-4d29-8f8a-cfb171cd1e62
I0714 09:28:39.304950       1 cache.go:900] bind ok, latency 16.963334ms
W0714 09:28:39.305715       1 event_handlers.go:181] Not support non-csi pvc.
W0714 09:28:39.341044       1 event_handlers.go:181] Not support non-csi pvc.
W0714 09:28:39.418743       1 event_handlers.go:181] Not support non-csi pvc.
I0714 09:28:39.423002       1 event_handlers.go:442] Deleted pod <default/yolo-cls> from cache.
I0714 09:28:39.436439       1 cache.go:1013] Try to delete Job <default/podgroup-b0b8c6f3-0a31-46fb-a4b8-a94ac7747225:default/podgroup-b0b8c6f3-0a31-46fb-a4b8-a94ac7747225>
I0714 09:28:39.436655       1 cache.go:1054] Job <default/podgroup-b0b8c6f3-0a31-46fb-a4b8-a94ac7747225:default/podgroup-b0b8c6f3-0a31-46fb-a4b8-a94ac7747225> was deleted.
W0714 09:28:39.621508       1 event_handlers.go:181] Not support non-csi pvc.
I0714 09:28:39.621634       1 event_handlers.go:387] Added pod <default/yolo-cls> into cache.
W0714 09:28:39.657504       1 event_handlers.go:181] Not support non-csi pvc.
I0714 09:28:40.305847       1 cache.go:1363] There are <0> Jobs, <1> Queues and <5> Nodes in total for scheduling.
I0714 09:28:40.306009       1 session.go:190] Open Session fc60ff77-8074-4622-9958-75b7bced16c7 with <0> Job and <1> Queues
I0714 09:28:40.308039       1 enqueue.go:79] Try to enqueue PodGroup to 0 Queues
I0714 09:28:40.308110       1 allocate.go:64] Try to allocate resource to 0 Queues
I0714 09:28:40.308351       1 session.go:244] Close Session fc60ff77-8074-4622-9958-75b7bced16c7
I0714 09:28:41.311205       1 cache.go:1363] There are <0> Jobs, <1> Queues and <5> Nodes in total for scheduling.
I0714 09:28:41.311360       1 session.go:190] Open Session aa289689-c163-437b-ba66-64da47a669d6 with <0> Job and <1> Queues
I0714 09:28:41.313476       1 enqueue.go:79] Try to enqueue PodGroup to 0 Queues
I0714 09:28:41.313565       1 allocate.go:64] Try to allocate resource to 0 Queues
I0714 09:28:41.313795       1 session.go:244] Close Session aa289689-c163-437b-ba66-64da47a669d6
I0714 09:28:42.316427       1 cache.go:1363] There are <0> Jobs, <1> Queues and <5> Nodes in total for scheduling.
I0714 09:28:42.316610       1 session.go:190] Open Session a45a49ab-8a94-44ba-a4a9-5a902f60eb5d with <0> Job and <1> Queues
I0714 09:28:42.318399       1 enqueue.go:79] Try to enqueue PodGroup to 0 Queues
I0714 09:28:42.318474       1 allocate.go:64] Try to allocate resource to 0 Queues
I0714 09:28:42.318715       1 session.go:244] Close Session a45a49ab-8a94-44ba-a4a9-5a902f60eb5d
W0714 09:28:42.492920       1 event_handlers.go:181] Not support non-csi pvc.
I0714 09:28:43.321627       1 cache.go:1363] There are <0> Jobs, <1> Queues and <5> Nodes in total for scheduling.
I0714 09:28:43.321785       1 session.go:190] Open Session 39371fe5-251a-4075-8dbd-0d16ae9cf9f6 with <0> Job and <1> Queues
I0714 09:28:43.323531       1 enqueue.go:79] Try to enqueue PodGroup to 0 Queues
I0714 09:28:43.323600       1 allocate.go:64] Try to allocate resource to 0 Queues
I0714 09:28:43.323851       1 session.go:244] Close Session 39371fe5-251a-4075-8dbd-0d16ae9cf9f6
I0714 09:28:44.326398       1 cache.go:1363] There are <0> Jobs, <1> Queues and <5> Nodes in total for scheduling.
I0714 09:28:44.326588       1 session.go:190] Open Session f30ee2cd-aff7-4e43-848b-a626417bc4e5 with <0> Job and <1> Queues
I0714 09:28:44.328804       1 enqueue.go:79] Try to enqueue PodGroup to 0 Queues
I0714 09:28:44.328889       1 allocate.go:64] Try to allocate resource to 0 Queues
I0714 09:28:44.329113       1 session.go:244] Close Session f30ee2cd-aff7-4e43-848b-a626417bc4e5
I0714 09:28:45.331822       1 cache.go:1363] There are <0> Jobs, <1> Queues and <5> Nodes in total for scheduling.
I0714 09:28:45.331980       1 session.go:190] Open Session e892f4b7-c505-44e2-8570-2f0cfc78d824 with <0> Job and <1> Queues
I0714 09:28:45.334082       1 enqueue.go:79] Try to enqueue PodGroup to 0 Queues
I0714 09:28:45.334165       1 allocate.go:64] Try to allocate resource to 0 Queues
I0714 09:28:45.334411       1 session.go:244] Close Session e892f4b7-c505-44e2-8570-2f0cfc78d824
W0714 09:28:46.307375       1 event_handlers.go:181] Not support non-csi pvc.
I0714 09:28:46.307498       1 event_handlers.go:387] Added pod <default/yolo-det> into cache.
W0714 09:28:46.333215       1 event_handlers.go:181] Not support non-csi pvc.
I0714 09:28:46.337122       1 cache.go:1363] There are <1> Jobs, <1> Queues and <5> Nodes in total for scheduling.
I0714 09:28:46.337230       1 session.go:190] Open Session c293a310-589f-45ea-b11e-1778ebcce730 with <1> Job and <1> Queues
I0714 09:28:46.339247       1 enqueue.go:79] Try to enqueue PodGroup to 1 Queues
I0714 09:28:46.339698       1 allocate.go:64] Try to allocate resource to 1 Queues
I0714 09:28:46.339856       1 allocate.go:129] Try to allocate resource to Jobs in Queue <default>
I0714 09:28:46.339969       1 allocate.go:161] Try to allocate resource to 1 tasks of Job <default/podgroup-f590cdb3-9623-412c-9877-b53c29d9611e>
I0714 09:28:46.340101       1 allocate.go:181] There are <5> nodes for Job <default/podgroup-f590cdb3-9623-412c-9877-b53c29d9611e>
I0714 09:28:46.340511       1 predicate_helper.go:75] Predicates failed: task default/yolo-det on node gpu-master fit failed: Insufficient nvidia.com/gpu
I0714 09:28:46.341258       1 predicate_helper.go:75] Predicates failed: task default/yolo-det on node gpuorin4-desktop fit failed: plugin NodeAffinity predicates failed node(s) didn't match Pod's node affinity/selector
I0714 09:28:46.341342       1 predicate_helper.go:75] Predicates failed: task default/yolo-det on node gpuorin5-desktop fit failed: plugin NodeAffinity predicates failed node(s) didn't match Pod's node affinity/selector
I0714 09:28:46.342206       1 allocate.go:249] Binding Task <default/yolo-det> to node <gpu-orin2>
I0714 09:28:46.342408       1 statement.go:266] After allocated Task <default/yolo-det> to Node <gpu-orin2>: idle <cpu 5900.00, memory 7832690688.00, hugepages-2Mi 0.00, hugepages-64Ki 0.00, hugepages-32Mi 0.00, ephemeral-storage 225118140453000.00, hugepages-1Gi 0.00, nvidia.com/gpu 4000.00, pods 105.00>, used <cpu 100.00, memory 52428800.00, pods 5.00, nvidia.com/gpu 1000.00>, releasing <cpu 0.00, memory 0.00>
I0714 09:28:46.342800       1 statement.go:284] Allocating operations ...
I0714 09:28:46.342926       1 statement.go:378] Committing operations ...
I0714 09:28:46.343071       1 proportion.go:302] Queue <default>: deserved <cpu 0.00, memory 0.00, nvidia.com/gpu 1000.00, pods 1.00>, allocated <cpu 0.00, memory 0.00, nvidia.com/gpu 1000.00, pods 1.00>, share <1>
I0714 09:28:46.343129       1 allocate.go:125] Queue <default> is overused, ignore it.
I0714 09:28:46.352404       1 session.go:244] Close Session c293a310-589f-45ea-b11e-1778ebcce730
I0714 09:28:46.367198       1 cache.go:900] bind ok, latency 10.149001ms
W0714 09:28:46.369814       1 event_handlers.go:181] Not support non-csi pvc.
W0714 09:28:46.431012       1 event_handlers.go:181] Not support non-csi pvc.
W0714 09:28:46.942730       1 event_handlers.go:181] Not support non-csi pvc.
I0714 09:28:46.944617       1 event_handlers.go:442] Deleted pod <default/yolo-det> from cache.
I0714 09:28:46.951056       1 cache.go:1013] Try to delete Job <default/podgroup-f590cdb3-9623-412c-9877-b53c29d9611e:default/podgroup-f590cdb3-9623-412c-9877-b53c29d9611e>
I0714 09:28:46.951268       1 cache.go:1054] Job <default/podgroup-f590cdb3-9623-412c-9877-b53c29d9611e:default/podgroup-f590cdb3-9623-412c-9877-b53c29d9611e> was deleted.
W0714 09:28:47.116508       1 event_handlers.go:181] Not support non-csi pvc.
I0714 09:28:47.116660       1 event_handlers.go:387] Added pod <default/yolo-det> into cache.
W0714 09:28:47.153822       1 event_handlers.go:181] Not support non-csi pvc.
I0714 09:28:47.354249       1 cache.go:1363] There are <0> Jobs, <1> Queues and <5> Nodes in total for scheduling.
I0714 09:28:47.354380       1 session.go:190] Open Session 2962cc96-14fb-46da-957f-7460aaf7baf8 with <0> Job and <1> Queues
I0714 09:28:47.356244       1 enqueue.go:79] Try to enqueue PodGroup to 0 Queues
I0714 09:28:47.356372       1 allocate.go:64] Try to allocate resource to 0 Queues
I0714 09:28:47.356596       1 session.go:244] Close Session 2962cc96-14fb-46da-957f-7460aaf7baf8
I0714 09:28:48.359237       1 cache.go:1363] There are <0> Jobs, <1> Queues and <5> Nodes in total for scheduling.
I0714 09:28:48.359372       1 session.go:190] Open Session 28fb5640-86d4-4da9-858b-94055504190c with <0> Job and <1> Queues
I0714 09:28:48.361181       1 enqueue.go:79] Try to enqueue PodGroup to 0 Queues
I0714 09:28:48.361254       1 allocate.go:64] Try to allocate resource to 0 Queues
I0714 09:28:48.361467       1 session.go:244] Close Session 28fb5640-86d4-4da9-858b-94055504190c
I0714 09:28:49.363726       1 cache.go:1363] There are <0> Jobs, <1> Queues and <5> Nodes in total for scheduling.
I0714 09:28:49.363905       1 session.go:190] Open Session 562ac883-8cd9-4296-a3de-443231282d18 with <0> Job and <1> Queues
I0714 09:28:49.365956       1 enqueue.go:79] Try to enqueue PodGroup to 0 Queues
I0714 09:28:49.366035       1 allocate.go:64] Try to allocate resource to 0 Queues
I0714 09:28:49.366267       1 session.go:244] Close Session 562ac883-8cd9-4296-a3de-443231282d18
W0714 09:28:49.438043       1 event_handlers.go:181] Not support non-csi pvc.
I0714 09:28:50.368694       1 cache.go:1363] There are <0> Jobs, <1> Queues and <5> Nodes in total for scheduling.
I0714 09:28:50.368849       1 session.go:190] Open Session 1d931fc2-7890-4aba-9354-1fdb5e37ee1d with <0> Job and <1> Queues
I0714 09:28:50.370649       1 enqueue.go:79] Try to enqueue PodGroup to 0 Queues
I0714 09:28:50.370734       1 allocate.go:64] Try to allocate resource to 0 Queues
I0714 09:28:50.370950       1 session.go:244] Close Session 1d931fc2-7890-4aba-9354-1fdb5e37ee1d
I0714 09:28:51.373963       1 cache.go:1363] There are <0> Jobs, <1> Queues and <5> Nodes in total for scheduling.
I0714 09:28:51.374140       1 session.go:190] Open Session 5ca713b1-9808-448c-8f98-7f2386904ace with <0> Job and <1> Queues
I0714 09:28:51.376267       1 enqueue.go:79] Try to enqueue PodGroup to 0 Queues
I0714 09:28:51.376382       1 allocate.go:64] Try to allocate resource to 0 Queues
I0714 09:28:51.376603       1 session.go:244] Close Session 5ca713b1-9808-448c-8f98-7f2386904ace
I0714 09:28:52.378492       1 cache.go:1363] There are <0> Jobs, <1> Queues and <5> Nodes in total for scheduling.
I0714 09:28:52.378630       1 session.go:190] Open Session 98ff680d-d6db-4566-b727-5cf4d9e75adf with <0> Job and <1> Queues
I0714 09:28:52.380182       1 enqueue.go:79] Try to enqueue PodGroup to 0 Queues
I0714 09:28:52.380243       1 allocate.go:64] Try to allocate resource to 0 Queues
I0714 09:28:52.380473       1 session.go:244] Close Session 98ff680d-d6db-4566-b727-5cf4d9e75adf
W0714 09:28:53.159579       1 event_handlers.go:181] Not support non-csi pvc.
I0714 09:28:53.159695       1 event_handlers.go:387] Added pod <default/yolo-seg> into cache.
W0714 09:28:53.188275       1 event_handlers.go:181] Not support non-csi pvc.
I0714 09:28:53.383154       1 cache.go:1363] There are <1> Jobs, <1> Queues and <5> Nodes in total for scheduling.
I0714 09:28:53.383297       1 session.go:190] Open Session 7c428c58-afb7-4e2e-996b-8c9c4c9be572 with <1> Job and <1> Queues
I0714 09:28:53.385776       1 enqueue.go:79] Try to enqueue PodGroup to 1 Queues
I0714 09:28:53.386014       1 allocate.go:64] Try to allocate resource to 1 Queues
I0714 09:28:53.386065       1 allocate.go:129] Try to allocate resource to Jobs in Queue <default>
I0714 09:28:53.386103       1 allocate.go:161] Try to allocate resource to 1 tasks of Job <default/podgroup-7aa5aaa8-821a-49bf-8715-789a4dc2b7e9>
I0714 09:28:53.386155       1 allocate.go:181] There are <5> nodes for Job <default/podgroup-7aa5aaa8-821a-49bf-8715-789a4dc2b7e9>
I0714 09:28:53.386457       1 predicate_helper.go:75] Predicates failed: task default/yolo-seg on node gpu-master fit failed: Insufficient nvidia.com/gpu
I0714 09:28:53.386878       1 predicate_helper.go:75] Predicates failed: task default/yolo-seg on node gpuorin5-desktop fit failed: plugin NodeAffinity predicates failed node(s) didn't match Pod's node affinity/selector
I0714 09:28:53.386878       1 predicate_helper.go:75] Predicates failed: task default/yolo-seg on node gpuorin4-desktop fit failed: plugin NodeAffinity predicates failed node(s) didn't match Pod's node affinity/selector
I0714 09:28:53.388272       1 allocate.go:249] Binding Task <default/yolo-seg> to node <gpu-orin2>
I0714 09:28:53.388525       1 statement.go:266] After allocated Task <default/yolo-seg> to Node <gpu-orin2>: idle <cpu 5900.00, memory 7832690688.00, hugepages-32Mi 0.00, ephemeral-storage 225118140453000.00, hugepages-1Gi 0.00, nvidia.com/gpu 3000.00, pods 104.00, hugepages-2Mi 0.00, hugepages-64Ki 0.00>, used <cpu 100.00, memory 52428800.00, pods 6.00, nvidia.com/gpu 2000.00>, releasing <cpu 0.00, memory 0.00>
I0714 09:28:53.388923       1 statement.go:284] Allocating operations ...
I0714 09:28:53.389060       1 statement.go:378] Committing operations ...
I0714 09:28:53.389170       1 proportion.go:302] Queue <default>: deserved <cpu 0.00, memory 0.00, pods 1.00, nvidia.com/gpu 1000.00>, allocated <cpu 0.00, memory 0.00, nvidia.com/gpu 1000.00, pods 1.00>, share <1>
I0714 09:28:53.389225       1 allocate.go:125] Queue <default> is overused, ignore it.
I0714 09:28:53.400440       1 session.go:244] Close Session 7c428c58-afb7-4e2e-996b-8c9c4c9be572
I0714 09:28:53.420982       1 cache.go:900] bind ok, latency 12.489535ms
W0714 09:28:53.423530       1 event_handlers.go:181] Not support non-csi pvc.
W0714 09:28:53.471623       1 event_handlers.go:181] Not support non-csi pvc.
W0714 09:28:53.813285       1 event_handlers.go:181] Not support non-csi pvc.
I0714 09:28:53.820067       1 event_handlers.go:442] Deleted pod <default/yolo-seg> from cache.
I0714 09:28:53.828761       1 cache.go:1013] Try to delete Job <default/podgroup-7aa5aaa8-821a-49bf-8715-789a4dc2b7e9:default/podgroup-7aa5aaa8-821a-49bf-8715-789a4dc2b7e9>
I0714 09:28:53.829005       1 cache.go:1054] Job <default/podgroup-7aa5aaa8-821a-49bf-8715-789a4dc2b7e9:default/podgroup-7aa5aaa8-821a-49bf-8715-789a4dc2b7e9> was deleted.
W0714 09:28:53.959535       1 event_handlers.go:181] Not support non-csi pvc.
I0714 09:28:53.959656       1 event_handlers.go:387] Added pod <default/yolo-seg> into cache.
W0714 09:28:53.995959       1 event_handlers.go:181] Not support non-csi pvc.
I0714 09:28:54.403725       1 cache.go:1363] There are <0> Jobs, <1> Queues and <5> Nodes in total for scheduling.
I0714 09:28:54.403865       1 session.go:190] Open Session f3fa0a4b-aba3-488b-ae7f-749e64d6168c with <0> Job and <1> Queues
I0714 09:28:54.406203       1 enqueue.go:79] Try to enqueue PodGroup to 0 Queues
I0714 09:28:54.406290       1 allocate.go:64] Try to allocate resource to 0 Queues
I0714 09:28:54.406506       1 session.go:244] Close Session f3fa0a4b-aba3-488b-ae7f-749e64d6168c
I0714 09:28:55.409431       1 cache.go:1363] There are <0> Jobs, <1> Queues and <5> Nodes in total for scheduling.
I0714 09:28:55.409610       1 session.go:190] Open Session 9ada41a9-08c7-4c5a-9163-ab9319c0612e with <0> Job and <1> Queues
I0714 09:28:55.411948       1 enqueue.go:79] Try to enqueue PodGroup to 0 Queues
I0714 09:28:55.412033       1 allocate.go:64] Try to allocate resource to 0 Queues
I0714 09:28:55.412261       1 session.go:244] Close Session 9ada41a9-08c7-4c5a-9163-ab9319c0612e
I0714 09:28:56.414596       1 cache.go:1363] There are <0> Jobs, <1> Queues and <5> Nodes in total for scheduling.
I0714 09:28:56.414768       1 session.go:190] Open Session 82ed3a10-43fe-41ff-96d6-abacd061f24f with <0> Job and <1> Queues
I0714 09:28:56.416659       1 enqueue.go:79] Try to enqueue PodGroup to 0 Queues
I0714 09:28:56.416729       1 allocate.go:64] Try to allocate resource to 0 Queues
I0714 09:28:56.416974       1 session.go:244] Close Session 82ed3a10-43fe-41ff-96d6-abacd061f24f
W0714 09:28:56.498213       1 event_handlers.go:181] Not support non-csi pvc.
I0714 09:28:57.420122       1 cache.go:1363] There are <0> Jobs, <1> Queues and <5> Nodes in total for scheduling.
I0714 09:28:57.420330       1 session.go:190] Open Session f9ee7e0c-5cee-4a25-b1ae-533381278300 with <0> Job and <1> Queues
I0714 09:28:57.422224       1 enqueue.go:79] Try to enqueue PodGroup to 0 Queues
I0714 09:28:57.422295       1 allocate.go:64] Try to allocate resource to 0 Queues
I0714 09:28:57.422524       1 session.go:244] Close Session f9ee7e0c-5cee-4a25-b1ae-533381278300
I0714 09:28:58.425381       1 cache.go:1363] There are <0> Jobs, <1> Queues and <5> Nodes in total for scheduling.
I0714 09:28:58.425555       1 session.go:190] Open Session c4aee16b-b69e-490c-ac85-4804126ebf15 with <0> Job and <1> Queues
I0714 09:28:58.427789       1 enqueue.go:79] Try to enqueue PodGroup to 0 Queues
I0714 09:28:58.427874       1 allocate.go:64] Try to allocate resource to 0 Queues
I0714 09:28:58.428087       1 session.go:244] Close Session c4aee16b-b69e-490c-ac85-4804126ebf15
I0714 09:28:59.431039       1 cache.go:1363] There are <0> Jobs, <1> Queues and <5> Nodes in total for scheduling.
I0714 09:28:59.431232       1 session.go:190] Open Session 9fb85dc2-3c4a-4a02-a745-5bb43490f0ed with <0> Job and <1> Queues
I0714 09:28:59.433180       1 enqueue.go:79] Try to enqueue PodGroup to 0 Queues
I0714 09:28:59.433257       1 allocate.go:64] Try to allocate resource to 0 Queues
I0714 09:28:59.433485       1 session.go:244] Close Session 9fb85dc2-3c4a-4a02-a745-5bb43490f0ed
W0714 09:29:00.027764       1 event_handlers.go:181] Not support non-csi pvc.
I0714 09:29:00.027889       1 event_handlers.go:387] Added pod <default/yolo-obb> into cache.
W0714 09:29:00.048548       1 event_handlers.go:181] Not support non-csi pvc.
I0714 09:29:00.435819       1 cache.go:1363] There are <1> Jobs, <1> Queues and <5> Nodes in total for scheduling.
I0714 09:29:00.435998       1 session.go:190] Open Session 5dc06d5b-bf04-4060-b0c2-5cb87ced4d5d with <1> Job and <1> Queues
I0714 09:29:00.438553       1 enqueue.go:79] Try to enqueue PodGroup to 1 Queues
I0714 09:29:00.438800       1 allocate.go:64] Try to allocate resource to 1 Queues
I0714 09:29:00.438852       1 allocate.go:129] Try to allocate resource to Jobs in Queue <default>
I0714 09:29:00.438890       1 allocate.go:161] Try to allocate resource to 1 tasks of Job <default/podgroup-90ed3a85-2934-4baa-b355-9ba3dc0dd532>
I0714 09:29:00.438951       1 allocate.go:181] There are <5> nodes for Job <default/podgroup-90ed3a85-2934-4baa-b355-9ba3dc0dd532>
I0714 09:29:00.439279       1 predicate_helper.go:75] Predicates failed: task default/yolo-obb on node gpu-master fit failed: Insufficient nvidia.com/gpu
I0714 09:29:00.439606       1 predicate_helper.go:75] Predicates failed: task default/yolo-obb on node gpuorin4-desktop fit failed: plugin NodeAffinity predicates failed node(s) didn't match Pod's node affinity/selector
I0714 09:29:00.439682       1 predicate_helper.go:75] Predicates failed: task default/yolo-obb on node gpuorin5-desktop fit failed: plugin NodeAffinity predicates failed node(s) didn't match Pod's node affinity/selector
I0714 09:29:00.440391       1 allocate.go:249] Binding Task <default/yolo-obb> to node <gpu-orin3>
I0714 09:29:00.440596       1 statement.go:266] After allocated Task <default/yolo-obb> to Node <gpu-orin3>: idle <cpu 5900.00, memory 7832723456.00, pods 104.00, ephemeral-storage 111715275387000.00, hugepages-64Ki 0.00, hugepages-2Mi 0.00, hugepages-32Mi 0.00, hugepages-1Gi 0.00, nvidia.com/gpu 3000.00>, used <cpu 100.00, memory 52428800.00, nvidia.com/gpu 2000.00, pods 6.00>, releasing <cpu 0.00, memory 0.00>
I0714 09:29:00.441100       1 statement.go:284] Allocating operations ...
I0714 09:29:00.441243       1 statement.go:378] Committing operations ...
I0714 09:29:00.441364       1 proportion.go:302] Queue <default>: deserved <cpu 0.00, memory 0.00, nvidia.com/gpu 1000.00, pods 1.00>, allocated <cpu 0.00, memory 0.00, nvidia.com/gpu 1000.00, pods 1.00>, share <1>
I0714 09:29:00.441417       1 allocate.go:125] Queue <default> is overused, ignore it.
I0714 09:29:00.457859       1 session.go:244] Close Session 5dc06d5b-bf04-4060-b0c2-5cb87ced4d5d
I0714 09:29:00.470843       1 cache.go:900] bind ok, latency 12.180889ms
W0714 09:29:00.473980       1 event_handlers.go:181] Not support non-csi pvc.
W0714 09:29:00.506846       1 event_handlers.go:181] Not support non-csi pvc.
W0714 09:29:00.649425       1 event_handlers.go:181] Not support non-csi pvc.
I0714 09:29:00.650561       1 event_handlers.go:442] Deleted pod <default/yolo-obb> from cache.
I0714 09:29:00.654494       1 cache.go:1013] Try to delete Job <default/podgroup-90ed3a85-2934-4baa-b355-9ba3dc0dd532:default/podgroup-90ed3a85-2934-4baa-b355-9ba3dc0dd532>
I0714 09:29:00.654881       1 cache.go:1054] Job <default/podgroup-90ed3a85-2934-4baa-b355-9ba3dc0dd532:default/podgroup-90ed3a85-2934-4baa-b355-9ba3dc0dd532> was deleted.
W0714 09:29:00.775124       1 event_handlers.go:181] Not support non-csi pvc.
I0714 09:29:00.775249       1 event_handlers.go:387] Added pod <default/yolo-obb> into cache.
W0714 09:29:00.811610       1 event_handlers.go:181] Not support non-csi pvc.
I0714 09:29:01.460682       1 cache.go:1363] There are <0> Jobs, <1> Queues and <5> Nodes in total for scheduling.
I0714 09:29:01.460803       1 session.go:190] Open Session f843b3dd-0989-43dd-8dbb-4f6f44304fb6 with <0> Job and <1> Queues
I0714 09:29:01.462618       1 enqueue.go:79] Try to enqueue PodGroup to 0 Queues
I0714 09:29:01.462695       1 allocate.go:64] Try to allocate resource to 0 Queues
I0714 09:29:01.462900       1 session.go:244] Close Session f843b3dd-0989-43dd-8dbb-4f6f44304fb6
I0714 09:29:02.465843       1 cache.go:1363] There are <0> Jobs, <1> Queues and <5> Nodes in total for scheduling.
I0714 09:29:02.466005       1 session.go:190] Open Session 43401eaf-a8fe-4588-a2e6-297c58d0a887 with <0> Job and <1> Queues
I0714 09:29:02.467993       1 enqueue.go:79] Try to enqueue PodGroup to 0 Queues
I0714 09:29:02.468089       1 allocate.go:64] Try to allocate resource to 0 Queues
I0714 09:29:02.468342       1 session.go:244] Close Session 43401eaf-a8fe-4588-a2e6-297c58d0a887
I0714 09:29:03.471095       1 cache.go:1363] There are <0> Jobs, <1> Queues and <5> Nodes in total for scheduling.
I0714 09:29:03.471263       1 session.go:190] Open Session be57c273-58f7-4869-a231-c056b5baf842 with <0> Job and <1> Queues
I0714 09:29:03.473200       1 enqueue.go:79] Try to enqueue PodGroup to 0 Queues
I0714 09:29:03.473292       1 allocate.go:64] Try to allocate resource to 0 Queues
I0714 09:29:03.473513       1 session.go:244] Close Session be57c273-58f7-4869-a231-c056b5baf842
W0714 09:29:03.594924       1 event_handlers.go:181] Not support non-csi pvc.
I0714 09:29:04.475737       1 cache.go:1363] There are <0> Jobs, <1> Queues and <5> Nodes in total for scheduling.
I0714 09:29:04.475911       1 session.go:190] Open Session 11ef3bc2-8533-460b-a75e-153f3a3aac1f with <0> Job and <1> Queues
I0714 09:29:04.477895       1 enqueue.go:79] Try to enqueue PodGroup to 0 Queues
I0714 09:29:04.477995       1 allocate.go:64] Try to allocate resource to 0 Queues
I0714 09:29:04.478236       1 session.go:244] Close Session 11ef3bc2-8533-460b-a75e-153f3a3aac1f
I0714 09:29:05.480475       1 cache.go:1363] There are <0> Jobs, <1> Queues and <5> Nodes in total for scheduling.
I0714 09:29:05.480631       1 session.go:190] Open Session 1bb6b68c-b705-4f7c-8259-131380eb512c with <0> Job and <1> Queues
I0714 09:29:05.482569       1 enqueue.go:79] Try to enqueue PodGroup to 0 Queues
I0714 09:29:05.482645       1 allocate.go:64] Try to allocate resource to 0 Queues
I0714 09:29:05.482850       1 session.go:244] Close Session 1bb6b68c-b705-4f7c-8259-131380eb512c
I0714 09:29:06.485718       1 cache.go:1363] There are <0> Jobs, <1> Queues and <5> Nodes in total for scheduling.
I0714 09:29:06.485894       1 session.go:190] Open Session f9391fd1-5c2a-4d8a-8371-487fc1f0f32e with <0> Job and <1> Queues
I0714 09:29:06.487758       1 enqueue.go:79] Try to enqueue PodGroup to 0 Queues
I0714 09:29:06.487840       1 allocate.go:64] Try to allocate resource to 0 Queues
I0714 09:29:06.488050       1 session.go:244] Close Session f9391fd1-5c2a-4d8a-8371-487fc1f0f32e
I0714 09:29:06.669898       1 cache.go:1489] The metrics type is not set in the volcano scheduler configmap file. As a result, the CPU and memory load information of the node is not collected.
I0714 09:29:07.490919       1 cache.go:1363] There are <0> Jobs, <1> Queues and <5> Nodes in total for scheduling.
I0714 09:29:07.491099       1 session.go:190] Open Session b109398f-3981-4914-b6d7-b5835957ab80 with <0> Job and <1> Queues
I0714 09:29:07.493058       1 enqueue.go:79] Try to enqueue PodGroup to 0 Queues
I0714 09:29:07.493148       1 allocate.go:64] Try to allocate resource to 0 Queues
I0714 09:29:07.493373       1 session.go:244] Close Session b109398f-3981-4914-b6d7-b5835957ab80
W0714 09:29:07.541757       1 event_handlers.go:181] Not support non-csi pvc.
I0714 09:29:07.541836       1 event_handlers.go:387] Added pod <default/yolo-pos> into cache.
W0714 09:29:07.566911       1 event_handlers.go:181] Not support non-csi pvc.
I0714 09:29:08.495859       1 cache.go:1363] There are <1> Jobs, <1> Queues and <5> Nodes in total for scheduling.
I0714 09:29:08.496032       1 session.go:190] Open Session f7fe995e-7003-452b-b4f3-6a5f2b7800dd with <1> Job and <1> Queues
I0714 09:29:08.498386       1 enqueue.go:79] Try to enqueue PodGroup to 1 Queues
I0714 09:29:08.498631       1 allocate.go:64] Try to allocate resource to 1 Queues
I0714 09:29:08.498685       1 allocate.go:129] Try to allocate resource to Jobs in Queue <default>
I0714 09:29:08.498725       1 allocate.go:161] Try to allocate resource to 1 tasks of Job <default/podgroup-4633552b-703a-40a8-abb2-2ed5ad29f0b9>
I0714 09:29:08.498834       1 allocate.go:181] There are <5> nodes for Job <default/podgroup-4633552b-703a-40a8-abb2-2ed5ad29f0b9>
I0714 09:29:08.499165       1 predicate_helper.go:75] Predicates failed: task default/yolo-pos on node gpu-master fit failed: Insufficient nvidia.com/gpu
I0714 09:29:08.499517       1 predicate_helper.go:75] Predicates failed: task default/yolo-pos on node gpuorin4-desktop fit failed: plugin NodeAffinity predicates failed node(s) didn't match Pod's node affinity/selector
I0714 09:29:08.499583       1 predicate_helper.go:75] Predicates failed: task default/yolo-pos on node gpuorin5-desktop fit failed: plugin NodeAffinity predicates failed node(s) didn't match Pod's node affinity/selector
I0714 09:29:08.500517       1 allocate.go:249] Binding Task <default/yolo-pos> to node <gpu-orin3>
I0714 09:29:08.500727       1 statement.go:266] After allocated Task <default/yolo-pos> to Node <gpu-orin3>: idle <cpu 5900.00, memory 7832723456.00, hugepages-2Mi 0.00, ephemeral-storage 111715275387000.00, hugepages-1Gi 0.00, nvidia.com/gpu 2000.00, pods 103.00, hugepages-32Mi 0.00, hugepages-64Ki 0.00>, used <cpu 100.00, memory 52428800.00, pods 7.00, nvidia.com/gpu 3000.00>, releasing <cpu 0.00, memory 0.00>
I0714 09:29:08.501129       1 statement.go:284] Allocating operations ...
I0714 09:29:08.501253       1 statement.go:378] Committing operations ...
I0714 09:29:08.501371       1 proportion.go:302] Queue <default>: deserved <cpu 0.00, memory 0.00, pods 1.00, nvidia.com/gpu 1000.00>, allocated <cpu 0.00, memory 0.00, nvidia.com/gpu 1000.00, pods 1.00>, share <1>
I0714 09:29:08.501431       1 allocate.go:125] Queue <default> is overused, ignore it.
I0714 09:29:08.518450       1 session.go:244] Close Session f7fe995e-7003-452b-b4f3-6a5f2b7800dd
I0714 09:29:08.524740       1 cache.go:900] bind ok, latency 9.370423ms
W0714 09:29:08.527175       1 event_handlers.go:181] Not support non-csi pvc.
W0714 09:29:08.557571       1 event_handlers.go:181] Not support non-csi pvc.
W0714 09:29:08.751454       1 event_handlers.go:181] Not support non-csi pvc.
I0714 09:29:08.756374       1 event_handlers.go:442] Deleted pod <default/yolo-pos> from cache.
I0714 09:29:08.766246       1 cache.go:1013] Try to delete Job <default/podgroup-4633552b-703a-40a8-abb2-2ed5ad29f0b9:default/podgroup-4633552b-703a-40a8-abb2-2ed5ad29f0b9>
I0714 09:29:08.766469       1 cache.go:1054] Job <default/podgroup-4633552b-703a-40a8-abb2-2ed5ad29f0b9:default/podgroup-4633552b-703a-40a8-abb2-2ed5ad29f0b9> was deleted.
W0714 09:29:08.890366       1 event_handlers.go:181] Not support non-csi pvc.
I0714 09:29:08.890483       1 event_handlers.go:387] Added pod <default/yolo-pos> into cache.
W0714 09:29:08.927243       1 event_handlers.go:181] Not support non-csi pvc.
I0714 09:29:09.521154       1 cache.go:1363] There are <0> Jobs, <1> Queues and <5> Nodes in total for scheduling.
I0714 09:29:09.521325       1 session.go:190] Open Session 3208d86e-4883-4734-af77-68d02c44ce16 with <0> Job and <1> Queues
I0714 09:29:09.524784       1 enqueue.go:79] Try to enqueue PodGroup to 0 Queues
I0714 09:29:09.524931       1 allocate.go:64] Try to allocate resource to 0 Queues
I0714 09:29:09.525772       1 session.go:244] Close Session 3208d86e-4883-4734-af77-68d02c44ce16
I0714 09:29:10.528843       1 cache.go:1363] There are <0> Jobs, <1> Queues and <5> Nodes in total for scheduling.
I0714 09:29:10.529018       1 session.go:190] Open Session dcc3a96a-2592-4858-badb-110a50d5bf3a with <0> Job and <1> Queues
I0714 09:29:10.530930       1 enqueue.go:79] Try to enqueue PodGroup to 0 Queues
I0714 09:29:10.531023       1 allocate.go:64] Try to allocate resource to 0 Queues
I0714 09:29:10.531242       1 session.go:244] Close Session dcc3a96a-2592-4858-badb-110a50d5bf3a
I0714 09:29:11.533937       1 cache.go:1363] There are <0> Jobs, <1> Queues and <5> Nodes in total for scheduling.
I0714 09:29:11.534106       1 session.go:190] Open Session 2f67d101-0a0e-474d-ab9d-4e27ded03ec8 with <0> Job and <1> Queues
I0714 09:29:11.536021       1 enqueue.go:79] Try to enqueue PodGroup to 0 Queues
I0714 09:29:11.536101       1 allocate.go:64] Try to allocate resource to 0 Queues
I0714 09:29:11.536375       1 session.go:244] Close Session 2f67d101-0a0e-474d-ab9d-4e27ded03ec8
W0714 09:29:11.648950       1 event_handlers.go:181] Not support non-csi pvc.
I0714 09:29:12.538946       1 cache.go:1363] There are <0> Jobs, <1> Queues and <5> Nodes in total for scheduling.
I0714 09:29:12.539126       1 session.go:190] Open Session c4cbf00f-adda-4af9-9898-432727216528 with <0> Job and <1> Queues
I0714 09:29:12.541182       1 enqueue.go:79] Try to enqueue PodGroup to 0 Queues
I0714 09:29:12.541262       1 allocate.go:64] Try to allocate resource to 0 Queues
I0714 09:29:12.541480       1 session.go:244] Close Session c4cbf00f-adda-4af9-9898-432727216528
I0714 09:29:13.544224       1 cache.go:1363] There are <0> Jobs, <1> Queues and <5> Nodes in total for scheduling.
I0714 09:29:13.544437       1 session.go:190] Open Session 8f9befdd-1c0d-4221-8dc6-d6bb00239a5b with <0> Job and <1> Queues
I0714 09:29:13.546296       1 enqueue.go:79] Try to enqueue PodGroup to 0 Queues
I0714 09:29:13.546367       1 allocate.go:64] Try to allocate resource to 0 Queues
I0714 09:29:13.546588       1 session.go:244] Close Session 8f9befdd-1c0d-4221-8dc6-d6bb00239a5b
I0714 09:29:14.549310       1 cache.go:1363] There are <0> Jobs, <1> Queues and <5> Nodes in total for scheduling.
I0714 09:29:14.549494       1 session.go:190] Open Session 95da885b-5714-4c15-a5e5-6e491b970a90 with <0> Job and <1> Queues
I0714 09:29:14.551647       1 enqueue.go:79] Try to enqueue PodGroup to 0 Queues
I0714 09:29:14.551727       1 allocate.go:64] Try to allocate resource to 0 Queues
I0714 09:29:14.551967       1 session.go:244] Close Session 95da885b-5714-4c15-a5e5-6e491b970a90
I0714 09:29:15.554931       1 cache.go:1363] There are <0> Jobs, <1> Queues and <5> Nodes in total for scheduling.
I0714 09:29:15.555098       1 session.go:190] Open Session d7549855-e6d0-4c8f-abcd-dac7e5f0b045 with <0> Job and <1> Queues
I0714 09:29:15.557069       1 enqueue.go:79] Try to enqueue PodGroup to 0 Queues
I0714 09:29:15.557150       1 allocate.go:64] Try to allocate resource to 0 Queues
I0714 09:29:15.557383       1 session.go:244] Close Session d7549855-e6d0-4c8f-abcd-dac7e5f0b045
I0714 09:29:16.559922       1 cache.go:1363] There are <0> Jobs, <1> Queues and <5> Nodes in total for scheduling.
I0714 09:29:16.560078       1 session.go:190] Open Session e28ebdcc-82aa-4daf-bcc9-eadc7b9635f8 with <0> Job and <1> Queues
I0714 09:29:16.561935       1 enqueue.go:79] Try to enqueue PodGroup to 0 Queues
I0714 09:29:16.562013       1 allocate.go:64] Try to allocate resource to 0 Queues
I0714 09:29:16.562214       1 session.go:244] Close Session e28ebdcc-82aa-4daf-bcc9-eadc7b9635f8
I0714 09:29:17.564781       1 cache.go:1363] There are <0> Jobs, <1> Queues and <5> Nodes in total for scheduling.
I0714 09:29:17.564946       1 session.go:190] Open Session 3005a867-ce4b-4987-a82c-9b6a84eff165 with <0> Job and <1> Queues
I0714 09:29:17.566968       1 enqueue.go:79] Try to enqueue PodGroup to 0 Queues
I0714 09:29:17.567050       1 allocate.go:64] Try to allocate resource to 0 Queues
I0714 09:29:17.567277       1 session.go:244] Close Session 3005a867-ce4b-4987-a82c-9b6a84eff165
I0714 09:29:18.570031       1 cache.go:1363] There are <0> Jobs, <1> Queues and <5> Nodes in total for scheduling.
I0714 09:29:18.570186       1 session.go:190] Open Session 77142a24-ee37-4cde-97cb-e0b150a7f123 with <0> Job and <1> Queues
I0714 09:29:18.572189       1 enqueue.go:79] Try to enqueue PodGroup to 0 Queues
I0714 09:29:18.572263       1 allocate.go:64] Try to allocate resource to 0 Queues
I0714 09:29:18.572516       1 session.go:244] Close Session 77142a24-ee37-4cde-97cb-e0b150a7f123
I0714 09:29:19.575466       1 cache.go:1363] There are <0> Jobs, <1> Queues and <5> Nodes in total for scheduling.
I0714 09:29:19.575641       1 session.go:190] Open Session b3ec918e-35f7-47f5-a26e-e6131db9ab76 with <0> Job and <1> Queues
I0714 09:29:19.577935       1 enqueue.go:79] Try to enqueue PodGroup to 0 Queues
I0714 09:29:19.578016       1 allocate.go:64] Try to allocate resource to 0 Queues
I0714 09:29:19.578289       1 session.go:244] Close Session b3ec918e-35f7-47f5-a26e-e6131db9ab76
I0714 09:29:20.580775       1 cache.go:1363] There are <0> Jobs, <1> Queues and <5> Nodes in total for scheduling.
I0714 09:29:20.580956       1 session.go:190] Open Session 4f1a6f4d-2449-44cd-99a9-20a80d78af7e with <0> Job and <1> Queues
I0714 09:29:20.582805       1 enqueue.go:79] Try to enqueue PodGroup to 0 Queues
I0714 09:29:20.582871       1 allocate.go:64] Try to allocate resource to 0 Queues
I0714 09:29:20.583072       1 session.go:244] Close Session 4f1a6f4d-2449-44cd-99a9-20a80d78af7e
I0714 09:29:21.585668       1 cache.go:1363] There are <0> Jobs, <1> Queues and <5> Nodes in total for scheduling.
I0714 09:29:21.585843       1 session.go:190] Open Session ff9b4102-ef2f-46e3-b8cf-7540dc8b2505 with <0> Job and <1> Queues
I0714 09:29:21.587930       1 enqueue.go:79] Try to enqueue PodGroup to 0 Queues
I0714 09:29:21.588007       1 allocate.go:64] Try to allocate resource to 0 Queues
I0714 09:29:21.588219       1 session.go:244] Close Session ff9b4102-ef2f-46e3-b8cf-7540dc8b2505
I0714 09:29:22.590519       1 cache.go:1363] There are <0> Jobs, <1> Queues and <5> Nodes in total for scheduling.
I0714 09:29:22.590694       1 session.go:190] Open Session 4293a91b-24fb-4326-a434-a2a21adf1895 with <0> Job and <1> Queues
I0714 09:29:22.592695       1 enqueue.go:79] Try to enqueue PodGroup to 0 Queues
I0714 09:29:22.592766       1 allocate.go:64] Try to allocate resource to 0 Queues
I0714 09:29:22.592973       1 session.go:244] Close Session 4293a91b-24fb-4326-a434-a2a21adf1895
I0714 09:29:23.596112       1 cache.go:1363] There are <0> Jobs, <1> Queues and <5> Nodes in total for scheduling.
I0714 09:29:23.596252       1 session.go:190] Open Session 398ea8de-77c1-42d9-8e55-f0f035f40ea9 with <0> Job and <1> Queues
I0714 09:29:23.598158       1 enqueue.go:79] Try to enqueue PodGroup to 0 Queues
I0714 09:29:23.598245       1 allocate.go:64] Try to allocate resource to 0 Queues
I0714 09:29:23.598468       1 session.go:244] Close Session 398ea8de-77c1-42d9-8e55-f0f035f40ea9
I0714 09:29:24.601444       1 cache.go:1363] There are <0> Jobs, <1> Queues and <5> Nodes in total for scheduling.
I0714 09:29:24.601606       1 session.go:190] Open Session ee6146a3-ea85-4d12-aae6-012b6c4119e6 with <0> Job and <1> Queues
I0714 09:29:24.603551       1 enqueue.go:79] Try to enqueue PodGroup to 0 Queues
I0714 09:29:24.603705       1 allocate.go:64] Try to allocate resource to 0 Queues
I0714 09:29:24.603934       1 session.go:244] Close Session ee6146a3-ea85-4d12-aae6-012b6c4119e6
I0714 09:29:25.606754       1 cache.go:1363] There are <0> Jobs, <1> Queues and <5> Nodes in total for scheduling.
I0714 09:29:25.606921       1 session.go:190] Open Session fb647bd7-8019-4d1e-91d7-32f9473e4948 with <0> Job and <1> Queues
I0714 09:29:25.608960       1 enqueue.go:79] Try to enqueue PodGroup to 0 Queues
I0714 09:29:25.609031       1 allocate.go:64] Try to allocate resource to 0 Queues
I0714 09:29:25.609249       1 session.go:244] Close Session fb647bd7-8019-4d1e-91d7-32f9473e4948
I0714 09:29:26.611649       1 cache.go:1363] There are <0> Jobs, <1> Queues and <5> Nodes in total for scheduling.
I0714 09:29:26.611810       1 session.go:190] Open Session 92e3f36e-cd19-43d6-9bef-99b2ff149d09 with <0> Job and <1> Queues
I0714 09:29:26.613771       1 enqueue.go:79] Try to enqueue PodGroup to 0 Queues
I0714 09:29:26.613837       1 allocate.go:64] Try to allocate resource to 0 Queues
I0714 09:29:26.614044       1 session.go:244] Close Session 92e3f36e-cd19-43d6-9bef-99b2ff149d09
I0714 09:29:27.617259       1 cache.go:1363] There are <0> Jobs, <1> Queues and <5> Nodes in total for scheduling.
I0714 09:29:27.617419       1 session.go:190] Open Session 28d9ae52-1e76-44b0-a0bb-550d177ca800 with <0> Job and <1> Queues
I0714 09:29:27.619316       1 enqueue.go:79] Try to enqueue PodGroup to 0 Queues
I0714 09:29:27.619390       1 allocate.go:64] Try to allocate resource to 0 Queues
I0714 09:29:27.619595       1 session.go:244] Close Session 28d9ae52-1e76-44b0-a0bb-550d177ca800
I0714 09:29:28.622080       1 cache.go:1363] There are <0> Jobs, <1> Queues and <5> Nodes in total for scheduling.
I0714 09:29:28.622237       1 session.go:190] Open Session 0655f374-ebca-493b-93b0-6e98b0a4d606 with <0> Job and <1> Queues
I0714 09:29:28.624018       1 enqueue.go:79] Try to enqueue PodGroup to 0 Queues
I0714 09:29:28.624088       1 allocate.go:64] Try to allocate resource to 0 Queues
I0714 09:29:28.624352       1 session.go:244] Close Session 0655f374-ebca-493b-93b0-6e98b0a4d606
I0714 09:29:29.627298       1 cache.go:1363] There are <0> Jobs, <1> Queues and <5> Nodes in total for scheduling.
I0714 09:29:29.627465       1 session.go:190] Open Session 248c3519-c4d2-4a3f-a8fc-fd39272ffd7c with <0> Job and <1> Queues
I0714 09:29:29.629410       1 enqueue.go:79] Try to enqueue PodGroup to 0 Queues
I0714 09:29:29.629477       1 allocate.go:64] Try to allocate resource to 0 Queues
I0714 09:29:29.629705       1 session.go:244] Close Session 248c3519-c4d2-4a3f-a8fc-fd39272ffd7c
I0714 09:29:30.632398       1 cache.go:1363] There are <0> Jobs, <1> Queues and <5> Nodes in total for scheduling.
I0714 09:29:30.632560       1 session.go:190] Open Session 9ebb73ae-b2dd-4957-9426-e6629f380d26 with <0> Job and <1> Queues
I0714 09:29:30.634381       1 enqueue.go:79] Try to enqueue PodGroup to 0 Queues
I0714 09:29:30.634457       1 allocate.go:64] Try to allocate resource to 0 Queues
I0714 09:29:30.634678       1 session.go:244] Close Session 9ebb73ae-b2dd-4957-9426-e6629f380d26
I0714 09:29:31.637354       1 cache.go:1363] There are <0> Jobs, <1> Queues and <5> Nodes in total for scheduling.
I0714 09:29:31.637490       1 session.go:190] Open Session d5904936-81e0-4242-afb4-eded0c034a7c with <0> Job and <1> Queues
I0714 09:29:31.639297       1 enqueue.go:79] Try to enqueue PodGroup to 0 Queues
I0714 09:29:31.639371       1 allocate.go:64] Try to allocate resource to 0 Queues
I0714 09:29:31.639604       1 session.go:244] Close Session d5904936-81e0-4242-afb4-eded0c034a7c
I0714 09:29:32.642231       1 cache.go:1363] There are <0> Jobs, <1> Queues and <5> Nodes in total for scheduling.
I0714 09:29:32.642407       1 session.go:190] Open Session a0962a67-2da8-44c5-a88f-712b9c6858b2 with <0> Job and <1> Queues
I0714 09:29:32.644342       1 enqueue.go:79] Try to enqueue PodGroup to 0 Queues
I0714 09:29:32.644419       1 allocate.go:64] Try to allocate resource to 0 Queues
I0714 09:29:32.644633       1 session.go:244] Close Session a0962a67-2da8-44c5-a88f-712b9c6858b2
I0714 09:29:33.647133       1 cache.go:1363] There are <0> Jobs, <1> Queues and <5> Nodes in total for scheduling.
I0714 09:29:33.647289       1 session.go:190] Open Session 28f9a6d4-2720-41cb-8cec-1855912bc26f with <0> Job and <1> Queues
I0714 09:29:33.649178       1 enqueue.go:79] Try to enqueue PodGroup to 0 Queues
I0714 09:29:33.649250       1 allocate.go:64] Try to allocate resource to 0 Queues
I0714 09:29:33.649575       1 session.go:244] Close Session 28f9a6d4-2720-41cb-8cec-1855912bc26f
I0714 09:29:34.651745       1 cache.go:1363] There are <0> Jobs, <1> Queues and <5> Nodes in total for scheduling.
I0714 09:29:34.651902       1 session.go:190] Open Session f4f4abfa-8dd1-4ba2-b717-19a5912b5a87 with <0> Job and <1> Queues
I0714 09:29:34.653880       1 enqueue.go:79] Try to enqueue PodGroup to 0 Queues
I0714 09:29:34.653956       1 allocate.go:64] Try to allocate resource to 0 Queues
I0714 09:29:34.654178       1 session.go:244] Close Session f4f4abfa-8dd1-4ba2-b717-19a5912b5a87
I0714 09:29:35.656702       1 cache.go:1363] There are <0> Jobs, <1> Queues and <5> Nodes in total for scheduling.
I0714 09:29:35.656876       1 session.go:190] Open Session 9a7ff7da-6e9f-4e9c-bbf9-e23aef097ddc with <0> Job and <1> Queues
I0714 09:29:35.658765       1 enqueue.go:79] Try to enqueue PodGroup to 0 Queues
I0714 09:29:35.658837       1 allocate.go:64] Try to allocate resource to 0 Queues
I0714 09:29:35.659066       1 session.go:244] Close Session 9a7ff7da-6e9f-4e9c-bbf9-e23aef097ddc
I0714 09:29:36.662142       1 cache.go:1363] There are <0> Jobs, <1> Queues and <5> Nodes in total for scheduling.
I0714 09:29:36.662321       1 session.go:190] Open Session 6b35c3cb-322c-4bb9-b5b9-70dca93fb779 with <0> Job and <1> Queues
I0714 09:29:36.664318       1 enqueue.go:79] Try to enqueue PodGroup to 0 Queues
I0714 09:29:36.664395       1 allocate.go:64] Try to allocate resource to 0 Queues
I0714 09:29:36.664616       1 session.go:244] Close Session 6b35c3cb-322c-4bb9-b5b9-70dca93fb779
I0714 09:29:36.670474       1 cache.go:1489] The metrics type is not set in the volcano scheduler configmap file. As a result, the CPU and memory load information of the node is not collected.
I0714 09:29:37.666967       1 cache.go:1363] There are <0> Jobs, <1> Queues and <5> Nodes in total for scheduling.
I0714 09:29:37.667139       1 session.go:190] Open Session 9e1adaa3-e7e4-4402-bca6-758f4434ed6d with <0> Job and <1> Queues
I0714 09:29:37.669102       1 enqueue.go:79] Try to enqueue PodGroup to 0 Queues
I0714 09:29:37.669176       1 allocate.go:64] Try to allocate resource to 0 Queues
I0714 09:29:37.669396       1 session.go:244] Close Session 9e1adaa3-e7e4-4402-bca6-758f4434ed6d
I0714 09:29:38.672859       1 cache.go:1363] There are <0> Jobs, <1> Queues and <5> Nodes in total for scheduling.
I0714 09:29:38.673032       1 session.go:190] Open Session ea7dd041-dde6-4bfc-b277-92010c9c9fb5 with <0> Job and <1> Queues
I0714 09:29:38.674877       1 enqueue.go:79] Try to enqueue PodGroup to 0 Queues
I0714 09:29:38.674954       1 allocate.go:64] Try to allocate resource to 0 Queues
I0714 09:29:38.675177       1 session.go:244] Close Session ea7dd041-dde6-4bfc-b277-92010c9c9fb5
I0714 09:29:39.678112       1 cache.go:1363] There are <0> Jobs, <1> Queues and <5> Nodes in total for scheduling.
I0714 09:29:39.678287       1 session.go:190] Open Session cc716b49-03b9-4401-bf22-7056b2fee3f0 with <0> Job and <1> Queues
I0714 09:29:39.680241       1 enqueue.go:79] Try to enqueue PodGroup to 0 Queues
I0714 09:29:39.680354       1 allocate.go:64] Try to allocate resource to 0 Queues
I0714 09:29:39.680600       1 session.go:244] Close Session cc716b49-03b9-4401-bf22-7056b2fee3f0
I0714 09:29:40.683521       1 cache.go:1363] There are <0> Jobs, <1> Queues and <5> Nodes in total for scheduling.
I0714 09:29:40.683706       1 session.go:190] Open Session 32a78004-0571-4971-b66e-945c8734f936 with <0> Job and <1> Queues
I0714 09:29:40.685768       1 enqueue.go:79] Try to enqueue PodGroup to 0 Queues
I0714 09:29:40.685854       1 allocate.go:64] Try to allocate resource to 0 Queues
I0714 09:29:40.686071       1 session.go:244] Close Session 32a78004-0571-4971-b66e-945c8734f936
I0714 09:29:41.688772       1 cache.go:1363] There are <0> Jobs, <1> Queues and <5> Nodes in total for scheduling.
I0714 09:29:41.688929       1 session.go:190] Open Session 06ea7e71-da7d-424f-b14e-2d9851734b6e with <0> Job and <1> Queues
I0714 09:29:41.691100       1 enqueue.go:79] Try to enqueue PodGroup to 0 Queues
I0714 09:29:41.691182       1 allocate.go:64] Try to allocate resource to 0 Queues
I0714 09:29:41.691418       1 session.go:244] Close Session 06ea7e71-da7d-424f-b14e-2d9851734b6e
I0714 09:29:42.694476       1 cache.go:1363] There are <0> Jobs, <1> Queues and <5> Nodes in total for scheduling.
I0714 09:29:42.694662       1 session.go:190] Open Session 35ab80cb-cffc-40b6-a657-0171e6b7fd9f with <0> Job and <1> Queues
I0714 09:29:42.696694       1 enqueue.go:79] Try to enqueue PodGroup to 0 Queues
I0714 09:29:42.696779       1 allocate.go:64] Try to allocate resource to 0 Queues
I0714 09:29:42.697011       1 session.go:244] Close Session 35ab80cb-cffc-40b6-a657-0171e6b7fd9f
I0714 09:29:43.700024       1 cache.go:1363] There are <0> Jobs, <1> Queues and <5> Nodes in total for scheduling.
I0714 09:29:43.700185       1 session.go:190] Open Session b2b3f774-0e35-4067-973d-aed79946cd3f with <0> Job and <1> Queues
I0714 09:29:43.702136       1 enqueue.go:79] Try to enqueue PodGroup to 0 Queues
I0714 09:29:43.702216       1 allocate.go:64] Try to allocate resource to 0 Queues
I0714 09:29:43.702446       1 session.go:244] Close Session b2b3f774-0e35-4067-973d-aed79946cd3f
I0714 09:29:44.705294       1 cache.go:1363] There are <0> Jobs, <1> Queues and <5> Nodes in total for scheduling.
I0714 09:29:44.705458       1 session.go:190] Open Session 1b6b09af-b367-4bc4-bd07-cf14bfda6c00 with <0> Job and <1> Queues
I0714 09:29:44.707283       1 enqueue.go:79] Try to enqueue PodGroup to 0 Queues
I0714 09:29:44.707354       1 allocate.go:64] Try to allocate resource to 0 Queues
I0714 09:29:44.707584       1 session.go:244] Close Session 1b6b09af-b367-4bc4-bd07-cf14bfda6c00
I0714 09:29:45.710385       1 cache.go:1363] There are <0> Jobs, <1> Queues and <5> Nodes in total for scheduling.
I0714 09:29:45.710561       1 session.go:190] Open Session e41a0bcc-43c9-40d6-8abb-4775a058797a with <0> Job and <1> Queues
I0714 09:29:45.712680       1 enqueue.go:79] Try to enqueue PodGroup to 0 Queues
I0714 09:29:45.712763       1 allocate.go:64] Try to allocate resource to 0 Queues
I0714 09:29:45.712979       1 session.go:244] Close Session e41a0bcc-43c9-40d6-8abb-4775a058797a
I0714 09:29:46.715162       1 cache.go:1363] There are <0> Jobs, <1> Queues and <5> Nodes in total for scheduling.
I0714 09:29:46.715316       1 session.go:190] Open Session cf1f760f-cec1-43c9-bc85-a3606941c402 with <0> Job and <1> Queues
I0714 09:29:46.717168       1 enqueue.go:79] Try to enqueue PodGroup to 0 Queues
I0714 09:29:46.717240       1 allocate.go:64] Try to allocate resource to 0 Queues
I0714 09:29:46.717455       1 session.go:244] Close Session cf1f760f-cec1-43c9-bc85-a3606941c402
I0714 09:29:47.720475       1 cache.go:1363] There are <0> Jobs, <1> Queues and <5> Nodes in total for scheduling.
I0714 09:29:47.720659       1 session.go:190] Open Session bf8df0e0-d52f-4229-ba4d-c26366978805 with <0> Job and <1> Queues
I0714 09:29:47.722599       1 enqueue.go:79] Try to enqueue PodGroup to 0 Queues
I0714 09:29:47.722681       1 allocate.go:64] Try to allocate resource to 0 Queues
I0714 09:29:47.722916       1 session.go:244] Close Session bf8df0e0-d52f-4229-ba4d-c26366978805
I0714 09:29:48.725665       1 cache.go:1363] There are <0> Jobs, <1> Queues and <5> Nodes in total for scheduling.
I0714 09:29:48.725847       1 session.go:190] Open Session 0d4ab771-8e57-4924-ab51-c940653ac051 with <0> Job and <1> Queues
I0714 09:29:48.727948       1 enqueue.go:79] Try to enqueue PodGroup to 0 Queues
I0714 09:29:48.728028       1 allocate.go:64] Try to allocate resource to 0 Queues
I0714 09:29:48.728250       1 session.go:244] Close Session 0d4ab771-8e57-4924-ab51-c940653ac051
I0714 09:29:49.730635       1 cache.go:1363] There are <0> Jobs, <1> Queues and <5> Nodes in total for scheduling.
I0714 09:29:49.730813       1 session.go:190] Open Session 7c195859-804e-4644-9d67-468302043156 with <0> Job and <1> Queues
I0714 09:29:49.732957       1 enqueue.go:79] Try to enqueue PodGroup to 0 Queues
I0714 09:29:49.733051       1 allocate.go:64] Try to allocate resource to 0 Queues
I0714 09:29:49.733267       1 session.go:244] Close Session 7c195859-804e-4644-9d67-468302043156
I0714 09:29:50.735858       1 cache.go:1363] There are <0> Jobs, <1> Queues and <5> Nodes in total for scheduling.
I0714 09:29:50.736047       1 session.go:190] Open Session dc39c896-30b7-4136-83fe-c47e926c886a with <0> Job and <1> Queues
I0714 09:29:50.738094       1 enqueue.go:79] Try to enqueue PodGroup to 0 Queues
I0714 09:29:50.738173       1 allocate.go:64] Try to allocate resource to 0 Queues
I0714 09:29:50.738405       1 session.go:244] Close Session dc39c896-30b7-4136-83fe-c47e926c886a
I0714 09:29:51.740770       1 cache.go:1363] There are <0> Jobs, <1> Queues and <5> Nodes in total for scheduling.
I0714 09:29:51.740945       1 session.go:190] Open Session e017195a-3eb7-4bb3-97e3-8e2e74bb31dd with <0> Job and <1> Queues
I0714 09:29:51.743207       1 enqueue.go:79] Try to enqueue PodGroup to 0 Queues
I0714 09:29:51.743280       1 allocate.go:64] Try to allocate resource to 0 Queues
I0714 09:29:51.743493       1 session.go:244] Close Session e017195a-3eb7-4bb3-97e3-8e2e74bb31dd
I0714 09:29:52.746728       1 cache.go:1363] There are <0> Jobs, <1> Queues and <5> Nodes in total for scheduling.
I0714 09:29:52.746910       1 session.go:190] Open Session 0226e214-262f-424a-8202-53663265a35d with <0> Job and <1> Queues
I0714 09:29:52.748955       1 enqueue.go:79] Try to enqueue PodGroup to 0 Queues
I0714 09:29:52.749033       1 allocate.go:64] Try to allocate resource to 0 Queues
I0714 09:29:52.749242       1 session.go:244] Close Session 0226e214-262f-424a-8202-53663265a35d
I0714 09:29:53.752416       1 cache.go:1363] There are <0> Jobs, <1> Queues and <5> Nodes in total for scheduling.
I0714 09:29:53.752596       1 session.go:190] Open Session 794e9a9d-cefe-4849-ae53-c24bc95bd141 with <0> Job and <1> Queues
I0714 09:29:53.754531       1 enqueue.go:79] Try to enqueue PodGroup to 0 Queues
I0714 09:29:53.754606       1 allocate.go:64] Try to allocate resource to 0 Queues
I0714 09:29:53.754821       1 session.go:244] Close Session 794e9a9d-cefe-4849-ae53-c24bc95bd141
I0714 09:29:54.757740       1 cache.go:1363] There are <0> Jobs, <1> Queues and <5> Nodes in total for scheduling.
I0714 09:29:54.757912       1 session.go:190] Open Session e07722c4-a567-45d5-9a26-6d2f9463b18f with <0> Job and <1> Queues
I0714 09:29:54.759941       1 enqueue.go:79] Try to enqueue PodGroup to 0 Queues
I0714 09:29:54.760011       1 allocate.go:64] Try to allocate resource to 0 Queues
I0714 09:29:54.760240       1 session.go:244] Close Session e07722c4-a567-45d5-9a26-6d2f9463b18f
I0714 09:29:55.762491       1 cache.go:1363] There are <0> Jobs, <1> Queues and <5> Nodes in total for scheduling.
I0714 09:29:55.762662       1 session.go:190] Open Session f0c60d87-6684-478b-a61a-b2fa98e724d1 with <0> Job and <1> Queues
I0714 09:29:55.764626       1 enqueue.go:79] Try to enqueue PodGroup to 0 Queues
I0714 09:29:55.764703       1 allocate.go:64] Try to allocate resource to 0 Queues
I0714 09:29:55.764927       1 session.go:244] Close Session f0c60d87-6684-478b-a61a-b2fa98e724d1
I0714 09:29:56.767589       1 cache.go:1363] There are <0> Jobs, <1> Queues and <5> Nodes in total for scheduling.
I0714 09:29:56.767727       1 session.go:190] Open Session 97c0b46a-cef6-4512-b571-a6f4eb97983a with <0> Job and <1> Queues
I0714 09:29:56.769535       1 enqueue.go:79] Try to enqueue PodGroup to 0 Queues
I0714 09:29:56.769609       1 allocate.go:64] Try to allocate resource to 0 Queues
I0714 09:29:56.769829       1 session.go:244] Close Session 97c0b46a-cef6-4512-b571-a6f4eb97983a
I0714 09:29:57.772582       1 cache.go:1363] There are <0> Jobs, <1> Queues and <5> Nodes in total for scheduling.
I0714 09:29:57.772747       1 session.go:190] Open Session e50ef8f3-b043-4dc8-803b-489ceaeb8115 with <0> Job and <1> Queues
I0714 09:29:57.774628       1 enqueue.go:79] Try to enqueue PodGroup to 0 Queues
I0714 09:29:57.774696       1 allocate.go:64] Try to allocate resource to 0 Queues
I0714 09:29:57.774920       1 session.go:244] Close Session e50ef8f3-b043-4dc8-803b-489ceaeb8115
I0714 09:29:58.777195       1 cache.go:1363] There are <0> Jobs, <1> Queues and <5> Nodes in total for scheduling.
I0714 09:29:58.777372       1 session.go:190] Open Session 783b3371-0a95-40a6-8148-f3606e6da051 with <0> Job and <1> Queues
I0714 09:29:58.793819       1 enqueue.go:79] Try to enqueue PodGroup to 0 Queues
I0714 09:29:58.794006       1 allocate.go:64] Try to allocate resource to 0 Queues
I0714 09:29:58.794516       1 session.go:244] Close Session 783b3371-0a95-40a6-8148-f3606e6da051
I0714 09:29:59.797448       1 cache.go:1363] There are <0> Jobs, <1> Queues and <5> Nodes in total for scheduling.
I0714 09:29:59.797652       1 session.go:190] Open Session 5f6e128c-eb81-4703-9bdd-efcb898f21f4 with <0> Job and <1> Queues
I0714 09:29:59.799535       1 enqueue.go:79] Try to enqueue PodGroup to 0 Queues
I0714 09:29:59.799613       1 allocate.go:64] Try to allocate resource to 0 Queues
I0714 09:29:59.799848       1 session.go:244] Close Session 5f6e128c-eb81-4703-9bdd-efcb898f21f4
I0714 09:30:00.802632       1 cache.go:1363] There are <0> Jobs, <1> Queues and <5> Nodes in total for scheduling.
I0714 09:30:00.802802       1 session.go:190] Open Session 67330b50-2170-4437-a965-af394151d2d3 with <0> Job and <1> Queues
I0714 09:30:00.804741       1 enqueue.go:79] Try to enqueue PodGroup to 0 Queues
I0714 09:30:00.804822       1 allocate.go:64] Try to allocate resource to 0 Queues
I0714 09:30:00.805043       1 session.go:244] Close Session 67330b50-2170-4437-a965-af394151d2d3
I0714 09:30:01.807630       1 cache.go:1363] There are <0> Jobs, <1> Queues and <5> Nodes in total for scheduling.
I0714 09:30:01.807834       1 session.go:190] Open Session 522ea3f7-9ae2-4046-86d0-47805d16f1a9 with <0> Job and <1> Queues
I0714 09:30:01.809771       1 enqueue.go:79] Try to enqueue PodGroup to 0 Queues
I0714 09:30:01.809855       1 allocate.go:64] Try to allocate resource to 0 Queues
I0714 09:30:01.810082       1 session.go:244] Close Session 522ea3f7-9ae2-4046-86d0-47805d16f1a9
I0714 09:30:02.812248       1 cache.go:1363] There are <0> Jobs, <1> Queues and <5> Nodes in total for scheduling.
I0714 09:30:02.812488       1 session.go:190] Open Session 170e4e55-00f2-4575-b91d-1cb653280f68 with <0> Job and <1> Queues
I0714 09:30:02.814449       1 enqueue.go:79] Try to enqueue PodGroup to 0 Queues
I0714 09:30:02.814525       1 allocate.go:64] Try to allocate resource to 0 Queues
I0714 09:30:02.814751       1 session.go:244] Close Session 170e4e55-00f2-4575-b91d-1cb653280f68
I0714 09:30:03.817357       1 cache.go:1363] There are <0> Jobs, <1> Queues and <5> Nodes in total for scheduling.
I0714 09:30:03.817532       1 session.go:190] Open Session 2b060293-ca50-40fc-9ca1-efadd10e30ab with <0> Job and <1> Queues
I0714 09:30:03.819302       1 enqueue.go:79] Try to enqueue PodGroup to 0 Queues
I0714 09:30:03.819379       1 allocate.go:64] Try to allocate resource to 0 Queues
I0714 09:30:03.819609       1 session.go:244] Close Session 2b060293-ca50-40fc-9ca1-efadd10e30ab
I0714 09:30:04.822049       1 cache.go:1363] There are <0> Jobs, <1> Queues and <5> Nodes in total for scheduling.
I0714 09:30:04.822203       1 session.go:190] Open Session 388e9ffb-0034-4f3c-81e4-fd45963c3287 with <0> Job and <1> Queues
I0714 09:30:04.824112       1 enqueue.go:79] Try to enqueue PodGroup to 0 Queues
I0714 09:30:04.824200       1 allocate.go:64] Try to allocate resource to 0 Queues
I0714 09:30:04.824473       1 session.go:244] Close Session 388e9ffb-0034-4f3c-81e4-fd45963c3287
I0714 09:30:05.826884       1 cache.go:1363] There are <0> Jobs, <1> Queues and <5> Nodes in total for scheduling.
I0714 09:30:05.827057       1 session.go:190] Open Session d59000a5-ace8-4a89-b960-9221eca06c54 with <0> Job and <1> Queues
I0714 09:30:05.829119       1 enqueue.go:79] Try to enqueue PodGroup to 0 Queues
I0714 09:30:05.829206       1 allocate.go:64] Try to allocate resource to 0 Queues
I0714 09:30:05.829451       1 session.go:244] Close Session d59000a5-ace8-4a89-b960-9221eca06c54
I0714 09:30:06.670757       1 cache.go:1489] The metrics type is not set in the volcano scheduler configmap file. As a result, the CPU and memory load information of the node is not collected.
I0714 09:30:06.832057       1 cache.go:1363] There are <0> Jobs, <1> Queues and <5> Nodes in total for scheduling.
I0714 09:30:06.832196       1 session.go:190] Open Session 15b8f7bc-2947-406a-867b-5e238e2cdafb with <0> Job and <1> Queues
I0714 09:30:06.834249       1 enqueue.go:79] Try to enqueue PodGroup to 0 Queues
I0714 09:30:06.834329       1 allocate.go:64] Try to allocate resource to 0 Queues
I0714 09:30:06.834557       1 session.go:244] Close Session 15b8f7bc-2947-406a-867b-5e238e2cdafb
I0714 09:30:07.837586       1 cache.go:1363] There are <0> Jobs, <1> Queues and <5> Nodes in total for scheduling.
I0714 09:30:07.837773       1 session.go:190] Open Session 2d78fa79-1f9b-49c2-bbc1-3896e1f6ab77 with <0> Job and <1> Queues
I0714 09:30:07.839690       1 enqueue.go:79] Try to enqueue PodGroup to 0 Queues
I0714 09:30:07.839779       1 allocate.go:64] Try to allocate resource to 0 Queues
I0714 09:30:07.840022       1 session.go:244] Close Session 2d78fa79-1f9b-49c2-bbc1-3896e1f6ab77
I0714 09:30:08.842485       1 cache.go:1363] There are <0> Jobs, <1> Queues and <5> Nodes in total for scheduling.
I0714 09:30:08.842662       1 session.go:190] Open Session 0a14e3a9-691b-41ec-b36d-64f10f3b359b with <0> Job and <1> Queues
I0714 09:30:08.844608       1 enqueue.go:79] Try to enqueue PodGroup to 0 Queues
I0714 09:30:08.844697       1 allocate.go:64] Try to allocate resource to 0 Queues
I0714 09:30:08.844917       1 session.go:244] Close Session 0a14e3a9-691b-41ec-b36d-64f10f3b359b
I0714 09:30:09.847238       1 cache.go:1363] There are <0> Jobs, <1> Queues and <5> Nodes in total for scheduling.
I0714 09:30:09.847422       1 session.go:190] Open Session dc3f5681-86c4-4b79-9fde-d64a06396eef with <0> Job and <1> Queues
I0714 09:30:09.849426       1 enqueue.go:79] Try to enqueue PodGroup to 0 Queues
I0714 09:30:09.849501       1 allocate.go:64] Try to allocate resource to 0 Queues
I0714 09:30:09.849715       1 session.go:244] Close Session dc3f5681-86c4-4b79-9fde-d64a06396eef
I0714 09:30:10.852141       1 cache.go:1363] There are <0> Jobs, <1> Queues and <5> Nodes in total for scheduling.
I0714 09:30:10.852353       1 session.go:190] Open Session b8ded850-60d5-4aeb-823b-e441b8491add with <0> Job and <1> Queues
I0714 09:30:10.854241       1 enqueue.go:79] Try to enqueue PodGroup to 0 Queues
I0714 09:30:10.854318       1 allocate.go:64] Try to allocate resource to 0 Queues
I0714 09:30:10.854563       1 session.go:244] Close Session b8ded850-60d5-4aeb-823b-e441b8491add
I0714 09:30:11.856885       1 cache.go:1363] There are <0> Jobs, <1> Queues and <5> Nodes in total for scheduling.
I0714 09:30:11.857041       1 session.go:190] Open Session 07ef6400-869d-498e-a75b-e163607af051 with <0> Job and <1> Queues
I0714 09:30:11.859000       1 enqueue.go:79] Try to enqueue PodGroup to 0 Queues
I0714 09:30:11.859073       1 allocate.go:64] Try to allocate resource to 0 Queues
I0714 09:30:11.859295       1 session.go:244] Close Session 07ef6400-869d-498e-a75b-e163607af051
I0714 09:30:12.861921       1 cache.go:1363] There are <0> Jobs, <1> Queues and <5> Nodes in total for scheduling.
I0714 09:30:12.862110       1 session.go:190] Open Session a00c7f2f-ff1e-4928-8680-93cddd80b898 with <0> Job and <1> Queues
I0714 09:30:12.864398       1 enqueue.go:79] Try to enqueue PodGroup to 0 Queues
I0714 09:30:12.864485       1 allocate.go:64] Try to allocate resource to 0 Queues
I0714 09:30:12.864710       1 session.go:244] Close Session a00c7f2f-ff1e-4928-8680-93cddd80b898
I0714 09:30:13.867616       1 cache.go:1363] There are <0> Jobs, <1> Queues and <5> Nodes in total for scheduling.
I0714 09:30:13.867771       1 session.go:190] Open Session 71cd2b71-9c00-4f13-9e6e-f363b92e1dcc with <0> Job and <1> Queues
I0714 09:30:13.869741       1 enqueue.go:79] Try to enqueue PodGroup to 0 Queues
I0714 09:30:13.869819       1 allocate.go:64] Try to allocate resource to 0 Queues
I0714 09:30:13.870060       1 session.go:244] Close Session 71cd2b71-9c00-4f13-9e6e-f363b92e1dcc
I0714 09:30:14.872676       1 cache.go:1363] There are <0> Jobs, <1> Queues and <5> Nodes in total for scheduling.
I0714 09:30:14.872825       1 session.go:190] Open Session 3b5a4da5-80b1-44c0-bfe0-56c0c8828a7e with <0> Job and <1> Queues
I0714 09:30:14.874576       1 enqueue.go:79] Try to enqueue PodGroup to 0 Queues
I0714 09:30:14.874645       1 allocate.go:64] Try to allocate resource to 0 Queues
I0714 09:30:14.874854       1 session.go:244] Close Session 3b5a4da5-80b1-44c0-bfe0-56c0c8828a7e
I0714 09:30:15.877550       1 cache.go:1363] There are <0> Jobs, <1> Queues and <5> Nodes in total for scheduling.
I0714 09:30:15.877710       1 session.go:190] Open Session 8fd1b916-5f55-410d-abf5-b834d1caf946 with <0> Job and <1> Queues
I0714 09:30:15.879512       1 enqueue.go:79] Try to enqueue PodGroup to 0 Queues
I0714 09:30:15.879580       1 allocate.go:64] Try to allocate resource to 0 Queues
I0714 09:30:15.879796       1 session.go:244] Close Session 8fd1b916-5f55-410d-abf5-b834d1caf946
I0714 09:30:16.882187       1 cache.go:1363] There are <0> Jobs, <1> Queues and <5> Nodes in total for scheduling.
I0714 09:30:16.882348       1 session.go:190] Open Session 926b20b9-9f16-4675-a67d-5408e735326a with <0> Job and <1> Queues
I0714 09:30:16.884158       1 enqueue.go:79] Try to enqueue PodGroup to 0 Queues
I0714 09:30:16.884226       1 allocate.go:64] Try to allocate resource to 0 Queues
I0714 09:30:16.884472       1 session.go:244] Close Session 926b20b9-9f16-4675-a67d-5408e735326a
W0714 09:30:17.341567       1 event_handlers.go:181] Not support non-csi pvc.
I0714 09:30:17.346095       1 event_handlers.go:442] Deleted pod <default/yolo-cls> from cache.
W0714 09:30:17.399467       1 event_handlers.go:181] Not support non-csi pvc.
I0714 09:30:17.404403       1 event_handlers.go:442] Deleted pod <default/yolo-det> from cache.
W0714 09:30:17.478311       1 event_handlers.go:181] Not support non-csi pvc.
I0714 09:30:17.483063       1 event_handlers.go:442] Deleted pod <default/yolo-seg> from cache.
W0714 09:30:17.542570       1 event_handlers.go:181] Not support non-csi pvc.
I0714 09:30:17.548957       1 event_handlers.go:442] Deleted pod <default/yolo-obb> from cache.
W0714 09:30:17.602934       1 event_handlers.go:181] Not support non-csi pvc.
I0714 09:30:17.607752       1 event_handlers.go:442] Deleted pod <default/yolo-pos> from cache.
I0714 09:30:17.886749       1 cache.go:1363] There are <0> Jobs, <1> Queues and <5> Nodes in total for scheduling.
I0714 09:30:17.886868       1 session.go:190] Open Session 994bac3e-1f0d-419f-8839-7078e0abdabd with <0> Job and <1> Queues
I0714 09:30:17.888739       1 enqueue.go:79] Try to enqueue PodGroup to 0 Queues
I0714 09:30:17.888814       1 allocate.go:64] Try to allocate resource to 0 Queues
I0714 09:30:17.889014       1 session.go:244] Close Session 994bac3e-1f0d-419f-8839-7078e0abdabd
I0714 09:30:18.891174       1 cache.go:1363] There are <0> Jobs, <1> Queues and <5> Nodes in total for scheduling.
I0714 09:30:18.891348       1 session.go:190] Open Session cf66ea8e-cf4f-425e-98a6-f950c8ced79d with <0> Job and <1> Queues
I0714 09:30:18.893124       1 enqueue.go:79] Try to enqueue PodGroup to 0 Queues
I0714 09:30:18.893194       1 allocate.go:64] Try to allocate resource to 0 Queues
I0714 09:30:18.893416       1 session.go:244] Close Session cf66ea8e-cf4f-425e-98a6-f950c8ced79d
I0714 09:30:19.895636       1 cache.go:1363] There are <0> Jobs, <1> Queues and <5> Nodes in total for scheduling.
I0714 09:30:19.895829       1 session.go:190] Open Session 2b6a4e34-3e0a-425e-8e1d-500ab4a3ceaf with <0> Job and <1> Queues
I0714 09:30:19.897668       1 enqueue.go:79] Try to enqueue PodGroup to 0 Queues
I0714 09:30:19.897744       1 allocate.go:64] Try to allocate resource to 0 Queues
I0714 09:30:19.897969       1 session.go:244] Close Session 2b6a4e34-3e0a-425e-8e1d-500ab4a3ceaf
I0714 09:30:20.900786       1 cache.go:1363] There are <0> Jobs, <1> Queues and <5> Nodes in total for scheduling.
I0714 09:30:20.900967       1 session.go:190] Open Session 6672e547-f95d-4937-a1d4-22d0c455e795 with <0> Job and <1> Queues
I0714 09:30:20.902689       1 enqueue.go:79] Try to enqueue PodGroup to 0 Queues
I0714 09:30:20.902762       1 allocate.go:64] Try to allocate resource to 0 Queues
I0714 09:30:20.902978       1 session.go:244] Close Session 6672e547-f95d-4937-a1d4-22d0c455e795
I0714 09:30:21.905308       1 cache.go:1363] There are <0> Jobs, <1> Queues and <5> Nodes in total for scheduling.
I0714 09:30:21.905488       1 session.go:190] Open Session f24e7463-c2ef-4401-b472-6e6eae524143 with <0> Job and <1> Queues
I0714 09:30:21.907282       1 enqueue.go:79] Try to enqueue PodGroup to 0 Queues
I0714 09:30:21.907346       1 allocate.go:64] Try to allocate resource to 0 Queues
I0714 09:30:21.907582       1 session.go:244] Close Session f24e7463-c2ef-4401-b472-6e6eae524143
I0714 09:30:22.910033       1 cache.go:1363] There are <0> Jobs, <1> Queues and <5> Nodes in total for scheduling.
I0714 09:30:22.910224       1 session.go:190] Open Session 7043bc29-6374-49ad-9364-a682b8ae7e3f with <0> Job and <1> Queues
I0714 09:30:22.912130       1 enqueue.go:79] Try to enqueue PodGroup to 0 Queues
I0714 09:30:22.912200       1 allocate.go:64] Try to allocate resource to 0 Queues
I0714 09:30:22.912441       1 session.go:244] Close Session 7043bc29-6374-49ad-9364-a682b8ae7e3f
I0714 09:30:23.914677       1 cache.go:1363] There are <0> Jobs, <1> Queues and <5> Nodes in total for scheduling.
I0714 09:30:23.914815       1 session.go:190] Open Session 590629da-aaec-4f1f-8c71-59a2d049ba7c with <0> Job and <1> Queues
I0714 09:30:23.916516       1 enqueue.go:79] Try to enqueue PodGroup to 0 Queues
I0714 09:30:23.916578       1 allocate.go:64] Try to allocate resource to 0 Queues
I0714 09:30:23.916779       1 session.go:244] Close Session 590629da-aaec-4f1f-8c71-59a2d049ba7c
I0714 09:30:24.919414       1 cache.go:1363] There are <0> Jobs, <1> Queues and <5> Nodes in total for scheduling.
I0714 09:30:24.919573       1 session.go:190] Open Session f9048514-40be-4f7b-bcb7-d81c2502efe7 with <0> Job and <1> Queues
I0714 09:30:24.921401       1 enqueue.go:79] Try to enqueue PodGroup to 0 Queues
I0714 09:30:24.921474       1 allocate.go:64] Try to allocate resource to 0 Queues
I0714 09:30:24.921698       1 session.go:244] Close Session f9048514-40be-4f7b-bcb7-d81c2502efe7
I0714 09:30:25.924186       1 cache.go:1363] There are <0> Jobs, <1> Queues and <5> Nodes in total for scheduling.
I0714 09:30:25.924336       1 session.go:190] Open Session 27bb2fba-2ffb-46c4-a438-1bb6e6bd561d with <0> Job and <1> Queues
I0714 09:30:25.925936       1 enqueue.go:79] Try to enqueue PodGroup to 0 Queues
I0714 09:30:25.925998       1 allocate.go:64] Try to allocate resource to 0 Queues
I0714 09:30:25.926204       1 session.go:244] Close Session 27bb2fba-2ffb-46c4-a438-1bb6e6bd561d
I0714 09:30:26.928164       1 cache.go:1363] There are <0> Jobs, <1> Queues and <5> Nodes in total for scheduling.
I0714 09:30:26.928349       1 session.go:190] Open Session fc8b1ffc-c1ef-4e93-b696-53c2ee7d4152 with <0> Job and <1> Queues
I0714 09:30:26.929898       1 enqueue.go:79] Try to enqueue PodGroup to 0 Queues
I0714 09:30:26.929965       1 allocate.go:64] Try to allocate resource to 0 Queues
I0714 09:30:26.930160       1 session.go:244] Close Session fc8b1ffc-c1ef-4e93-b696-53c2ee7d4152
I0714 09:30:27.932710       1 cache.go:1363] There are <0> Jobs, <1> Queues and <5> Nodes in total for scheduling.
I0714 09:30:27.932880       1 session.go:190] Open Session 391339a1-bfe6-4fa8-9617-ff6745938767 with <0> Job and <1> Queues
I0714 09:30:27.934672       1 enqueue.go:79] Try to enqueue PodGroup to 0 Queues
I0714 09:30:27.934737       1 allocate.go:64] Try to allocate resource to 0 Queues
I0714 09:30:27.934948       1 session.go:244] Close Session 391339a1-bfe6-4fa8-9617-ff6745938767
I0714 09:30:28.937781       1 cache.go:1363] There are <0> Jobs, <1> Queues and <5> Nodes in total for scheduling.
I0714 09:30:28.937960       1 session.go:190] Open Session f77b52d8-4b5a-40e2-a552-e151c7eeaee9 with <0> Job and <1> Queues
I0714 09:30:28.939707       1 enqueue.go:79] Try to enqueue PodGroup to 0 Queues
I0714 09:30:28.939778       1 allocate.go:64] Try to allocate resource to 0 Queues
I0714 09:30:28.939990       1 session.go:244] Close Session f77b52d8-4b5a-40e2-a552-e151c7eeaee9
I0714 09:30:29.942650       1 cache.go:1363] There are <0> Jobs, <1> Queues and <5> Nodes in total for scheduling.
I0714 09:30:29.942822       1 session.go:190] Open Session 5710fadf-ba51-4632-b6ba-0d304bd02f6f with <0> Job and <1> Queues
I0714 09:30:29.944689       1 enqueue.go:79] Try to enqueue PodGroup to 0 Queues
I0714 09:30:29.944768       1 allocate.go:64] Try to allocate resource to 0 Queues
I0714 09:30:29.944999       1 session.go:244] Close Session 5710fadf-ba51-4632-b6ba-0d304bd02f6f
I0714 09:30:30.947757       1 cache.go:1363] There are <0> Jobs, <1> Queues and <5> Nodes in total for scheduling.
I0714 09:30:30.947927       1 session.go:190] Open Session 25b7a2e5-f215-426b-b61a-fe8b9a942cdc with <0> Job and <1> Queues
I0714 09:30:30.949747       1 enqueue.go:79] Try to enqueue PodGroup to 0 Queues
I0714 09:30:30.949821       1 allocate.go:64] Try to allocate resource to 0 Queues
I0714 09:30:30.950027       1 session.go:244] Close Session 25b7a2e5-f215-426b-b61a-fe8b9a942cdc
I0714 09:30:31.952835       1 cache.go:1363] There are <0> Jobs, <1> Queues and <5> Nodes in total for scheduling.
I0714 09:30:31.953017       1 session.go:190] Open Session 34424075-c240-40ef-b2ec-aa2ec76ea53e with <0> Job and <1> Queues
I0714 09:30:31.954759       1 enqueue.go:79] Try to enqueue PodGroup to 0 Queues
I0714 09:30:31.954835       1 allocate.go:64] Try to allocate resource to 0 Queues
I0714 09:30:31.955050       1 session.go:244] Close Session 34424075-c240-40ef-b2ec-aa2ec76ea53e
I0714 09:30:32.956503       1 cache.go:1363] There are <0> Jobs, <1> Queues and <5> Nodes in total for scheduling.
I0714 09:30:32.956596       1 session.go:190] Open Session f12189c8-d423-4527-ac31-f15af29a5a13 with <0> Job and <1> Queues
I0714 09:30:32.957958       1 enqueue.go:79] Try to enqueue PodGroup to 0 Queues
I0714 09:30:32.958009       1 allocate.go:64] Try to allocate resource to 0 Queues
I0714 09:30:32.958128       1 session.go:244] Close Session f12189c8-d423-4527-ac31-f15af29a5a13
I0714 09:30:33.960630       1 cache.go:1363] There are <0> Jobs, <1> Queues and <5> Nodes in total for scheduling.
I0714 09:30:33.960814       1 session.go:190] Open Session 7f1fedde-036c-4d98-aa39-69706305082f with <0> Job and <1> Queues
I0714 09:30:33.962538       1 enqueue.go:79] Try to enqueue PodGroup to 0 Queues
I0714 09:30:33.962612       1 allocate.go:64] Try to allocate resource to 0 Queues
I0714 09:30:33.962831       1 session.go:244] Close Session 7f1fedde-036c-4d98-aa39-69706305082f
I0714 09:30:34.965700       1 cache.go:1363] There are <0> Jobs, <1> Queues and <5> Nodes in total for scheduling.
I0714 09:30:34.965842       1 session.go:190] Open Session 055be7e7-f72f-4dee-9dc8-c64249ad2824 with <0> Job and <1> Queues
I0714 09:30:34.968831       1 enqueue.go:79] Try to enqueue PodGroup to 0 Queues
I0714 09:30:34.968916       1 allocate.go:64] Try to allocate resource to 0 Queues
I0714 09:30:34.969167       1 session.go:244] Close Session 055be7e7-f72f-4dee-9dc8-c64249ad2824
I0714 09:30:35.971657       1 cache.go:1363] There are <0> Jobs, <1> Queues and <5> Nodes in total for scheduling.
I0714 09:30:35.971838       1 session.go:190] Open Session e15098dc-5ab7-4975-b455-917861448055 with <0> Job and <1> Queues
I0714 09:30:35.973684       1 enqueue.go:79] Try to enqueue PodGroup to 0 Queues
I0714 09:30:35.973761       1 allocate.go:64] Try to allocate resource to 0 Queues
I0714 09:30:35.973988       1 session.go:244] Close Session e15098dc-5ab7-4975-b455-917861448055
I0714 09:30:36.671847       1 cache.go:1489] The metrics type is not set in the volcano scheduler configmap file. As a result, the CPU and memory load information of the node is not collected.
I0714 09:30:36.976678       1 cache.go:1363] There are <0> Jobs, <1> Queues and <5> Nodes in total for scheduling.
I0714 09:30:36.976856       1 session.go:190] Open Session ece1cf6b-33fb-4ccd-9437-efb4a0008dff with <0> Job and <1> Queues
I0714 09:30:36.978714       1 enqueue.go:79] Try to enqueue PodGroup to 0 Queues
I0714 09:30:36.978792       1 allocate.go:64] Try to allocate resource to 0 Queues
I0714 09:30:36.979010       1 session.go:244] Close Session ece1cf6b-33fb-4ccd-9437-efb4a0008dff
I0714 09:30:37.982180       1 cache.go:1363] There are <0> Jobs, <1> Queues and <5> Nodes in total for scheduling.
I0714 09:30:37.982359       1 session.go:190] Open Session 70327c6e-8a4d-45e4-adb9-35301b05b0a5 with <0> Job and <1> Queues
I0714 09:30:37.984168       1 enqueue.go:79] Try to enqueue PodGroup to 0 Queues
I0714 09:30:37.984238       1 allocate.go:64] Try to allocate resource to 0 Queues
I0714 09:30:37.984473       1 session.go:244] Close Session 70327c6e-8a4d-45e4-adb9-35301b05b0a5
I0714 09:30:38.987100       1 cache.go:1363] There are <0> Jobs, <1> Queues and <5> Nodes in total for scheduling.
I0714 09:30:38.987256       1 session.go:190] Open Session 3634b5b0-6064-4cdb-8edd-475c0a4c6d21 with <0> Job and <1> Queues
I0714 09:30:38.989119       1 enqueue.go:79] Try to enqueue PodGroup to 0 Queues
I0714 09:30:38.989202       1 allocate.go:64] Try to allocate resource to 0 Queues
I0714 09:30:38.989436       1 session.go:244] Close Session 3634b5b0-6064-4cdb-8edd-475c0a4c6d21
I0714 09:30:39.991851       1 cache.go:1363] There are <0> Jobs, <1> Queues and <5> Nodes in total for scheduling.
I0714 09:30:39.992023       1 session.go:190] Open Session 24f7f8b4-b3a5-4be0-90c2-7bf0ecb1a318 with <0> Job and <1> Queues
I0714 09:30:39.993871       1 enqueue.go:79] Try to enqueue PodGroup to 0 Queues
I0714 09:30:39.993957       1 allocate.go:64] Try to allocate resource to 0 Queues
I0714 09:30:39.994190       1 session.go:244] Close Session 24f7f8b4-b3a5-4be0-90c2-7bf0ecb1a318
I0714 09:30:40.997107       1 cache.go:1363] There are <0> Jobs, <1> Queues and <5> Nodes in total for scheduling.
I0714 09:30:40.997297       1 session.go:190] Open Session 008964dc-ab5d-49b7-a77f-3599795cc73f with <0> Job and <1> Queues
I0714 09:30:40.999028       1 enqueue.go:79] Try to enqueue PodGroup to 0 Queues
I0714 09:30:40.999117       1 allocate.go:64] Try to allocate resource to 0 Queues
I0714 09:30:40.999371       1 session.go:244] Close Session 008964dc-ab5d-49b7-a77f-3599795cc73f
I0714 09:30:42.001608       1 cache.go:1363] There are <0> Jobs, <1> Queues and <5> Nodes in total for scheduling.
I0714 09:30:42.001756       1 session.go:190] Open Session aaf332b2-85ec-4ac6-8ac1-56ff9387c412 with <0> Job and <1> Queues
I0714 09:30:42.003399       1 enqueue.go:79] Try to enqueue PodGroup to 0 Queues
I0714 09:30:42.003475       1 allocate.go:64] Try to allocate resource to 0 Queues
I0714 09:30:42.003678       1 session.go:244] Close Session aaf332b2-85ec-4ac6-8ac1-56ff9387c412
I0714 09:30:43.005836       1 cache.go:1363] There are <0> Jobs, <1> Queues and <5> Nodes in total for scheduling.
I0714 09:30:43.006016       1 session.go:190] Open Session 1abc5ee8-5ac4-4c46-9eec-f6f5cac2c165 with <0> Job and <1> Queues
I0714 09:30:43.007871       1 enqueue.go:79] Try to enqueue PodGroup to 0 Queues
I0714 09:30:43.007951       1 allocate.go:64] Try to allocate resource to 0 Queues
I0714 09:30:43.008190       1 session.go:244] Close Session 1abc5ee8-5ac4-4c46-9eec-f6f5cac2c165
I0714 09:30:44.010699       1 cache.go:1363] There are <0> Jobs, <1> Queues and <5> Nodes in total for scheduling.
I0714 09:30:44.010847       1 session.go:190] Open Session 949400e0-788c-49b4-943a-150b2de520c9 with <0> Job and <1> Queues
I0714 09:30:44.012639       1 enqueue.go:79] Try to enqueue PodGroup to 0 Queues
I0714 09:30:44.012716       1 allocate.go:64] Try to allocate resource to 0 Queues
I0714 09:30:44.012913       1 session.go:244] Close Session 949400e0-788c-49b4-943a-150b2de520c9
I0714 09:30:45.015720       1 cache.go:1363] There are <0> Jobs, <1> Queues and <5> Nodes in total for scheduling.
I0714 09:30:45.015901       1 session.go:190] Open Session 5e745816-c5ad-4f0a-8b5b-be0c6405050f with <0> Job and <1> Queues
I0714 09:30:45.017742       1 enqueue.go:79] Try to enqueue PodGroup to 0 Queues
I0714 09:30:45.017815       1 allocate.go:64] Try to allocate resource to 0 Queues
I0714 09:30:45.018035       1 session.go:244] Close Session 5e745816-c5ad-4f0a-8b5b-be0c6405050f
I0714 09:30:46.020664       1 cache.go:1363] There are <0> Jobs, <1> Queues and <5> Nodes in total for scheduling.
I0714 09:30:46.020808       1 session.go:190] Open Session 41a8355f-fe48-4ae5-a67d-65a0b5ebf008 with <0> Job and <1> Queues
I0714 09:30:46.022455       1 enqueue.go:79] Try to enqueue PodGroup to 0 Queues
I0714 09:30:46.022529       1 allocate.go:64] Try to allocate resource to 0 Queues
I0714 09:30:46.022751       1 session.go:244] Close Session 41a8355f-fe48-4ae5-a67d-65a0b5ebf008
I0714 09:30:47.025442       1 cache.go:1363] There are <0> Jobs, <1> Queues and <5> Nodes in total for scheduling.
I0714 09:30:47.025592       1 session.go:190] Open Session 4aab604b-8483-48cc-b787-2c275b375226 with <0> Job and <1> Queues
I0714 09:30:47.027191       1 enqueue.go:79] Try to enqueue PodGroup to 0 Queues
I0714 09:30:47.027266       1 allocate.go:64] Try to allocate resource to 0 Queues
I0714 09:30:47.027476       1 session.go:244] Close Session 4aab604b-8483-48cc-b787-2c275b375226
I0714 09:30:48.031890       1 cache.go:1363] There are <0> Jobs, <1> Queues and <5> Nodes in total for scheduling.
I0714 09:30:48.032174       1 session.go:190] Open Session 19b9c314-308d-4d5e-8318-ee3051e347c8 with <0> Job and <1> Queues
I0714 09:30:48.034302       1 enqueue.go:79] Try to enqueue PodGroup to 0 Queues
I0714 09:30:48.034433       1 allocate.go:64] Try to allocate resource to 0 Queues
I0714 09:30:48.034689       1 session.go:244] Close Session 19b9c314-308d-4d5e-8318-ee3051e347c8
I0714 09:30:49.037560       1 cache.go:1363] There are <0> Jobs, <1> Queues and <5> Nodes in total for scheduling.
I0714 09:30:49.037764       1 session.go:190] Open Session aa412f1b-1007-44a4-831d-a53ffbbaab79 with <0> Job and <1> Queues
I0714 09:30:49.039593       1 enqueue.go:79] Try to enqueue PodGroup to 0 Queues
I0714 09:30:49.039655       1 allocate.go:64] Try to allocate resource to 0 Queues
I0714 09:30:49.039885       1 session.go:244] Close Session aa412f1b-1007-44a4-831d-a53ffbbaab79
I0714 09:30:50.042368       1 cache.go:1363] There are <0> Jobs, <1> Queues and <5> Nodes in total for scheduling.
I0714 09:30:50.042545       1 session.go:190] Open Session f5984f7e-446f-40a0-b45b-cd14efb05e0d with <0> Job and <1> Queues
I0714 09:30:50.044412       1 enqueue.go:79] Try to enqueue PodGroup to 0 Queues
I0714 09:30:50.044483       1 allocate.go:64] Try to allocate resource to 0 Queues
I0714 09:30:50.044705       1 session.go:244] Close Session f5984f7e-446f-40a0-b45b-cd14efb05e0d
I0714 09:30:51.047641       1 cache.go:1363] There are <0> Jobs, <1> Queues and <5> Nodes in total for scheduling.
I0714 09:30:51.047821       1 session.go:190] Open Session dc0d3a15-29ef-44ec-9284-66303c36bffe with <0> Job and <1> Queues
I0714 09:30:51.049733       1 enqueue.go:79] Try to enqueue PodGroup to 0 Queues
I0714 09:30:51.049809       1 allocate.go:64] Try to allocate resource to 0 Queues
I0714 09:30:51.050053       1 session.go:244] Close Session dc0d3a15-29ef-44ec-9284-66303c36bffe
I0714 09:30:52.053479       1 cache.go:1363] There are <0> Jobs, <1> Queues and <5> Nodes in total for scheduling.
I0714 09:30:52.053695       1 session.go:190] Open Session e5d94fae-1b89-4135-9ade-59f701cdb7e6 with <0> Job and <1> Queues
I0714 09:30:52.055516       1 enqueue.go:79] Try to enqueue PodGroup to 0 Queues
I0714 09:30:52.055587       1 allocate.go:64] Try to allocate resource to 0 Queues
I0714 09:30:52.055818       1 session.go:244] Close Session e5d94fae-1b89-4135-9ade-59f701cdb7e6
I0714 09:30:53.057974       1 cache.go:1363] There are <0> Jobs, <1> Queues and <5> Nodes in total for scheduling.
I0714 09:30:53.058148       1 session.go:190] Open Session 0597e28d-29ea-496e-9ce3-2bf465abe444 with <0> Job and <1> Queues
I0714 09:30:53.059829       1 enqueue.go:79] Try to enqueue PodGroup to 0 Queues
I0714 09:30:53.059908       1 allocate.go:64] Try to allocate resource to 0 Queues
I0714 09:30:53.060125       1 session.go:244] Close Session 0597e28d-29ea-496e-9ce3-2bf465abe444
I0714 09:30:54.061921       1 cache.go:1363] There are <0> Jobs, <1> Queues and <5> Nodes in total for scheduling.
I0714 09:30:54.062085       1 session.go:190] Open Session 09ec4eeb-8086-4f2d-a2a4-0988f91f5fb9 with <0> Job and <1> Queues
I0714 09:30:54.063899       1 enqueue.go:79] Try to enqueue PodGroup to 0 Queues
I0714 09:30:54.064180       1 allocate.go:64] Try to allocate resource to 0 Queues
I0714 09:30:54.064443       1 session.go:244] Close Session 09ec4eeb-8086-4f2d-a2a4-0988f91f5fb9
I0714 09:30:55.066657       1 cache.go:1363] There are <0> Jobs, <1> Queues and <5> Nodes in total for scheduling.
I0714 09:30:55.066804       1 session.go:190] Open Session 280f4a49-7f5a-487b-89ca-e2bee0f94f53 with <0> Job and <1> Queues
I0714 09:30:55.068848       1 enqueue.go:79] Try to enqueue PodGroup to 0 Queues
I0714 09:30:55.068928       1 allocate.go:64] Try to allocate resource to 0 Queues
I0714 09:30:55.069153       1 session.go:244] Close Session 280f4a49-7f5a-487b-89ca-e2bee0f94f53
I0714 09:30:56.071521       1 cache.go:1363] There are <0> Jobs, <1> Queues and <5> Nodes in total for scheduling.
I0714 09:30:56.071663       1 session.go:190] Open Session fa8b7ae7-f156-40c8-ab1c-b2bfc94e62e5 with <0> Job and <1> Queues
I0714 09:30:56.073330       1 enqueue.go:79] Try to enqueue PodGroup to 0 Queues
I0714 09:30:56.073406       1 allocate.go:64] Try to allocate resource to 0 Queues
I0714 09:30:56.073618       1 session.go:244] Close Session fa8b7ae7-f156-40c8-ab1c-b2bfc94e62e5
I0714 09:30:57.075649       1 cache.go:1363] There are <0> Jobs, <1> Queues and <5> Nodes in total for scheduling.
I0714 09:30:57.075788       1 session.go:190] Open Session 2fd14dcf-0f35-4401-8b36-e2d392d94751 with <0> Job and <1> Queues
I0714 09:30:57.077831       1 enqueue.go:79] Try to enqueue PodGroup to 0 Queues
I0714 09:30:57.077917       1 allocate.go:64] Try to allocate resource to 0 Queues
I0714 09:30:57.078149       1 session.go:244] Close Session 2fd14dcf-0f35-4401-8b36-e2d392d94751
I0714 09:30:58.080092       1 cache.go:1363] There are <0> Jobs, <1> Queues and <5> Nodes in total for scheduling.
I0714 09:30:58.080256       1 session.go:190] Open Session bb1494c6-92a5-4d91-a04a-1299fae36d43 with <0> Job and <1> Queues
I0714 09:30:58.082026       1 enqueue.go:79] Try to enqueue PodGroup to 0 Queues
I0714 09:30:58.082100       1 allocate.go:64] Try to allocate resource to 0 Queues
I0714 09:30:58.082310       1 session.go:244] Close Session bb1494c6-92a5-4d91-a04a-1299fae36d43
I0714 09:30:59.084860       1 cache.go:1363] There are <0> Jobs, <1> Queues and <5> Nodes in total for scheduling.
I0714 09:30:59.085034       1 session.go:190] Open Session ddc3ad54-85c8-46fd-9a73-767ab9e98325 with <0> Job and <1> Queues
I0714 09:30:59.087245       1 enqueue.go:79] Try to enqueue PodGroup to 0 Queues
I0714 09:30:59.087326       1 allocate.go:64] Try to allocate resource to 0 Queues
I0714 09:30:59.087572       1 session.go:244] Close Session ddc3ad54-85c8-46fd-9a73-767ab9e98325
I0714 09:31:00.089707       1 cache.go:1363] There are <0> Jobs, <1> Queues and <5> Nodes in total for scheduling.
I0714 09:31:00.089898       1 session.go:190] Open Session 2e16873f-e33a-44be-9afb-bca50bf946d7 with <0> Job and <1> Queues
I0714 09:31:00.092120       1 enqueue.go:79] Try to enqueue PodGroup to 0 Queues
I0714 09:31:00.092201       1 allocate.go:64] Try to allocate resource to 0 Queues
I0714 09:31:00.092596       1 session.go:244] Close Session 2e16873f-e33a-44be-9afb-bca50bf946d7
I0714 09:31:01.095016       1 cache.go:1363] There are <0> Jobs, <1> Queues and <5> Nodes in total for scheduling.
I0714 09:31:01.095182       1 session.go:190] Open Session 018bdcde-114b-4481-ad15-3845cfbb7e67 with <0> Job and <1> Queues
I0714 09:31:01.097081       1 enqueue.go:79] Try to enqueue PodGroup to 0 Queues
I0714 09:31:01.097172       1 allocate.go:64] Try to allocate resource to 0 Queues
I0714 09:31:01.097387       1 session.go:244] Close Session 018bdcde-114b-4481-ad15-3845cfbb7e67
I0714 09:31:02.099514       1 cache.go:1363] There are <0> Jobs, <1> Queues and <5> Nodes in total for scheduling.
I0714 09:31:02.099673       1 session.go:190] Open Session 623733f7-b193-4e46-a842-8da7b80e3bc5 with <0> Job and <1> Queues
I0714 09:31:02.101366       1 enqueue.go:79] Try to enqueue PodGroup to 0 Queues
I0714 09:31:02.101443       1 allocate.go:64] Try to allocate resource to 0 Queues
I0714 09:31:02.101668       1 session.go:244] Close Session 623733f7-b193-4e46-a842-8da7b80e3bc5
I0714 09:31:03.103800       1 cache.go:1363] There are <0> Jobs, <1> Queues and <5> Nodes in total for scheduling.
I0714 09:31:03.103990       1 session.go:190] Open Session 2dcba4f2-b4a7-43da-b829-a5ff577f9973 with <0> Job and <1> Queues
I0714 09:31:03.105809       1 enqueue.go:79] Try to enqueue PodGroup to 0 Queues
I0714 09:31:03.105898       1 allocate.go:64] Try to allocate resource to 0 Queues
I0714 09:31:03.106115       1 session.go:244] Close Session 2dcba4f2-b4a7-43da-b829-a5ff577f9973
I0714 09:31:04.108990       1 cache.go:1363] There are <0> Jobs, <1> Queues and <5> Nodes in total for scheduling.
I0714 09:31:04.109151       1 session.go:190] Open Session 1a355bc9-ee63-4b46-abad-e99502ad3832 with <0> Job and <1> Queues
I0714 09:31:04.110841       1 enqueue.go:79] Try to enqueue PodGroup to 0 Queues
I0714 09:31:04.110914       1 allocate.go:64] Try to allocate resource to 0 Queues
I0714 09:31:04.111110       1 session.go:244] Close Session 1a355bc9-ee63-4b46-abad-e99502ad3832
I0714 09:31:05.113517       1 cache.go:1363] There are <0> Jobs, <1> Queues and <5> Nodes in total for scheduling.
I0714 09:31:05.113682       1 session.go:190] Open Session de3bbc1a-dfc5-4545-bbe0-18889ee801b5 with <0> Job and <1> Queues
I0714 09:31:05.115430       1 enqueue.go:79] Try to enqueue PodGroup to 0 Queues
I0714 09:31:05.115746       1 allocate.go:64] Try to allocate resource to 0 Queues
I0714 09:31:05.115992       1 session.go:244] Close Session de3bbc1a-dfc5-4545-bbe0-18889ee801b5
W0714 09:31:05.992389       1 event_handlers.go:181] Not support non-csi pvc.
I0714 09:31:05.992515       1 event_handlers.go:387] Added pod <default/yolo-cls> into cache.
W0714 09:31:06.020352       1 event_handlers.go:181] Not support non-csi pvc.
I0714 09:31:06.117834       1 cache.go:1363] There are <1> Jobs, <1> Queues and <5> Nodes in total for scheduling.
I0714 09:31:06.117953       1 session.go:190] Open Session 69791961-c52f-4ec0-9706-a6296734c3d4 with <1> Job and <1> Queues
I0714 09:31:06.120037       1 enqueue.go:79] Try to enqueue PodGroup to 1 Queues
I0714 09:31:06.120268       1 allocate.go:64] Try to allocate resource to 1 Queues
I0714 09:31:06.120348       1 allocate.go:129] Try to allocate resource to Jobs in Queue <default>
I0714 09:31:06.120385       1 allocate.go:161] Try to allocate resource to 1 tasks of Job <default/podgroup-9cf513a5-697d-4bb0-a594-9aee1dca288b>
I0714 09:31:06.120441       1 allocate.go:181] There are <5> nodes for Job <default/podgroup-9cf513a5-697d-4bb0-a594-9aee1dca288b>
I0714 09:31:06.120724       1 predicate_helper.go:75] Predicates failed: task default/yolo-cls on node gpu-master fit failed: Insufficient nvidia.com/gpu
I0714 09:31:06.121035       1 predicate_helper.go:75] Predicates failed: task default/yolo-cls on node gpuorin4-desktop fit failed: plugin NodeAffinity predicates failed node(s) didn't match Pod's node affinity/selector
I0714 09:31:06.121112       1 predicate_helper.go:75] Predicates failed: task default/yolo-cls on node gpuorin5-desktop fit failed: plugin NodeAffinity predicates failed node(s) didn't match Pod's node affinity/selector
I0714 09:31:06.122155       1 allocate.go:249] Binding Task <default/yolo-cls> to node <gpu-orin2>
I0714 09:31:06.122349       1 statement.go:266] After allocated Task <default/yolo-cls> to Node <gpu-orin2>: idle <cpu 5900.00, memory 7832690688.00, ephemeral-storage 225118140453000.00, hugepages-1Gi 0.00, hugepages-32Mi 0.00, nvidia.com/gpu 4000.00, pods 105.00, hugepages-2Mi 0.00, hugepages-64Ki 0.00>, used <cpu 100.00, memory 52428800.00, pods 5.00, nvidia.com/gpu 1000.00>, releasing <cpu 0.00, memory 0.00>
I0714 09:31:06.122758       1 statement.go:284] Allocating operations ...
I0714 09:31:06.122863       1 statement.go:378] Committing operations ...
I0714 09:31:06.122964       1 proportion.go:302] Queue <default>: deserved <cpu 0.00, memory 0.00, nvidia.com/gpu 1000.00, pods 1.00>, allocated <cpu 0.00, memory 0.00, pods 1.00, nvidia.com/gpu 1000.00>, share <1>
I0714 09:31:06.123023       1 allocate.go:125] Queue <default> is overused, ignore it.
I0714 09:31:06.139871       1 session.go:244] Close Session 69791961-c52f-4ec0-9706-a6296734c3d4
I0714 09:31:06.144665       1 cache.go:900] bind ok, latency 13.092941ms
W0714 09:31:06.146807       1 event_handlers.go:181] Not support non-csi pvc.
W0714 09:31:06.177674       1 event_handlers.go:181] Not support non-csi pvc.
W0714 09:31:06.653111       1 event_handlers.go:181] Not support non-csi pvc.
I0714 09:31:06.656762       1 event_handlers.go:442] Deleted pod <default/yolo-cls> from cache.
I0714 09:31:06.671762       1 cache.go:1013] Try to delete Job <default/podgroup-9cf513a5-697d-4bb0-a594-9aee1dca288b:default/podgroup-9cf513a5-697d-4bb0-a594-9aee1dca288b>
I0714 09:31:06.672007       1 cache.go:1054] Job <default/podgroup-9cf513a5-697d-4bb0-a594-9aee1dca288b:default/podgroup-9cf513a5-697d-4bb0-a594-9aee1dca288b> was deleted.
I0714 09:31:06.672224       1 cache.go:1489] The metrics type is not set in the volcano scheduler configmap file. As a result, the CPU and memory load information of the node is not collected.
W0714 09:31:06.812395       1 event_handlers.go:181] Not support non-csi pvc.
I0714 09:31:06.812536       1 event_handlers.go:387] Added pod <default/yolo-cls> into cache.
W0714 09:31:06.857689       1 event_handlers.go:181] Not support non-csi pvc.
I0714 09:31:07.141953       1 cache.go:1363] There are <0> Jobs, <1> Queues and <5> Nodes in total for scheduling.
I0714 09:31:07.142089       1 session.go:190] Open Session f62bab51-3e33-43e5-a254-f589f2c7dbd7 with <0> Job and <1> Queues
I0714 09:31:07.143990       1 enqueue.go:79] Try to enqueue PodGroup to 0 Queues
I0714 09:31:07.144058       1 allocate.go:64] Try to allocate resource to 0 Queues
I0714 09:31:07.144271       1 session.go:244] Close Session f62bab51-3e33-43e5-a254-f589f2c7dbd7
I0714 09:31:08.146923       1 cache.go:1363] There are <0> Jobs, <1> Queues and <5> Nodes in total for scheduling.
I0714 09:31:08.147101       1 session.go:190] Open Session 5794a5c7-29cf-4e4a-a7f0-a31ffde04369 with <0> Job and <1> Queues
I0714 09:31:08.148988       1 enqueue.go:79] Try to enqueue PodGroup to 0 Queues
I0714 09:31:08.149068       1 allocate.go:64] Try to allocate resource to 0 Queues
I0714 09:31:08.149287       1 session.go:244] Close Session 5794a5c7-29cf-4e4a-a7f0-a31ffde04369
W0714 09:31:09.116243       1 event_handlers.go:181] Not support non-csi pvc.
I0714 09:31:09.151714       1 cache.go:1363] There are <0> Jobs, <1> Queues and <5> Nodes in total for scheduling.
I0714 09:31:09.151830       1 session.go:190] Open Session 3a66d650-a417-45f4-aa6a-83d0d7132c0d with <0> Job and <1> Queues
I0714 09:31:09.153746       1 enqueue.go:79] Try to enqueue PodGroup to 0 Queues
I0714 09:31:09.153819       1 allocate.go:64] Try to allocate resource to 0 Queues
I0714 09:31:09.154034       1 session.go:244] Close Session 3a66d650-a417-45f4-aa6a-83d0d7132c0d
I0714 09:31:10.156968       1 cache.go:1363] There are <0> Jobs, <1> Queues and <5> Nodes in total for scheduling.
I0714 09:31:10.157133       1 session.go:190] Open Session aa88ff67-e71d-4cc8-b008-9af28a0c90b0 with <0> Job and <1> Queues
I0714 09:31:10.158928       1 enqueue.go:79] Try to enqueue PodGroup to 0 Queues
I0714 09:31:10.159017       1 allocate.go:64] Try to allocate resource to 0 Queues
I0714 09:31:10.159236       1 session.go:244] Close Session aa88ff67-e71d-4cc8-b008-9af28a0c90b0
I0714 09:31:11.162052       1 cache.go:1363] There are <0> Jobs, <1> Queues and <5> Nodes in total for scheduling.
I0714 09:31:11.162231       1 session.go:190] Open Session 98302110-fad3-4ef1-9725-6a484fd0586d with <0> Job and <1> Queues
I0714 09:31:11.164057       1 enqueue.go:79] Try to enqueue PodGroup to 0 Queues
I0714 09:31:11.164139       1 allocate.go:64] Try to allocate resource to 0 Queues
I0714 09:31:11.164383       1 session.go:244] Close Session 98302110-fad3-4ef1-9725-6a484fd0586d
I0714 09:31:12.167228       1 cache.go:1363] There are <0> Jobs, <1> Queues and <5> Nodes in total for scheduling.
I0714 09:31:12.167393       1 session.go:190] Open Session 5b045e80-b5d5-46bd-ae73-268accc3b842 with <0> Job and <1> Queues
I0714 09:31:12.169256       1 enqueue.go:79] Try to enqueue PodGroup to 0 Queues
I0714 09:31:12.169340       1 allocate.go:64] Try to allocate resource to 0 Queues
I0714 09:31:12.169563       1 session.go:244] Close Session 5b045e80-b5d5-46bd-ae73-268accc3b842
W0714 09:31:12.940852       1 event_handlers.go:181] Not support non-csi pvc.
I0714 09:31:12.940973       1 event_handlers.go:387] Added pod <default/yolo-det> into cache.
W0714 09:31:12.969056       1 event_handlers.go:181] Not support non-csi pvc.
I0714 09:31:13.171552       1 cache.go:1363] There are <1> Jobs, <1> Queues and <5> Nodes in total for scheduling.
I0714 09:31:13.171702       1 session.go:190] Open Session 7c2378ca-7e56-4348-82c8-a5b28b6dd240 with <1> Job and <1> Queues
I0714 09:31:13.174110       1 enqueue.go:79] Try to enqueue PodGroup to 1 Queues
I0714 09:31:13.174362       1 allocate.go:64] Try to allocate resource to 1 Queues
I0714 09:31:13.174418       1 allocate.go:129] Try to allocate resource to Jobs in Queue <default>
I0714 09:31:13.174457       1 allocate.go:161] Try to allocate resource to 1 tasks of Job <default/podgroup-abe85a11-8b4a-45e8-9afb-d1b6d04afb4c>
I0714 09:31:13.174506       1 allocate.go:181] There are <5> nodes for Job <default/podgroup-abe85a11-8b4a-45e8-9afb-d1b6d04afb4c>
I0714 09:31:13.174794       1 predicate_helper.go:75] Predicates failed: task default/yolo-det on node gpu-master fit failed: Insufficient nvidia.com/gpu
I0714 09:31:13.175136       1 predicate_helper.go:75] Predicates failed: task default/yolo-det on node gpuorin5-desktop fit failed: plugin NodeAffinity predicates failed node(s) didn't match Pod's node affinity/selector
I0714 09:31:13.175136       1 predicate_helper.go:75] Predicates failed: task default/yolo-det on node gpuorin4-desktop fit failed: plugin NodeAffinity predicates failed node(s) didn't match Pod's node affinity/selector
I0714 09:31:13.175829       1 allocate.go:249] Binding Task <default/yolo-det> to node <gpu-orin3>
I0714 09:31:13.176015       1 statement.go:266] After allocated Task <default/yolo-det> to Node <gpu-orin3>: idle <cpu 5900.00, memory 7832723456.00, hugepages-32Mi 0.00, nvidia.com/gpu 4000.00, ephemeral-storage 111715275387000.00, hugepages-2Mi 0.00, hugepages-64Ki 0.00, pods 105.00, hugepages-1Gi 0.00>, used <cpu 100.00, memory 52428800.00, nvidia.com/gpu 1000.00, pods 5.00>, releasing <cpu 0.00, memory 0.00>
I0714 09:31:13.176500       1 statement.go:284] Allocating operations ...
I0714 09:31:13.176613       1 statement.go:378] Committing operations ...
I0714 09:31:13.176729       1 proportion.go:302] Queue <default>: deserved <cpu 0.00, memory 0.00, nvidia.com/gpu 1000.00, pods 1.00>, allocated <cpu 0.00, memory 0.00, nvidia.com/gpu 1000.00, pods 1.00>, share <1>
I0714 09:31:13.176786       1 allocate.go:125] Queue <default> is overused, ignore it.
I0714 09:31:13.198593       1 cache.go:900] bind ok, latency 21.611729ms
W0714 09:31:13.200802       1 event_handlers.go:181] Not support non-csi pvc.
I0714 09:31:13.201893       1 session.go:244] Close Session 7c2378ca-7e56-4348-82c8-a5b28b6dd240
W0714 09:31:13.243525       1 event_handlers.go:181] Not support non-csi pvc.
W0714 09:31:13.629439       1 event_handlers.go:181] Not support non-csi pvc.
I0714 09:31:13.631688       1 event_handlers.go:442] Deleted pod <default/yolo-det> from cache.
I0714 09:31:13.647147       1 cache.go:1013] Try to delete Job <default/podgroup-abe85a11-8b4a-45e8-9afb-d1b6d04afb4c:default/podgroup-abe85a11-8b4a-45e8-9afb-d1b6d04afb4c>
I0714 09:31:13.647396       1 cache.go:1054] Job <default/podgroup-abe85a11-8b4a-45e8-9afb-d1b6d04afb4c:default/podgroup-abe85a11-8b4a-45e8-9afb-d1b6d04afb4c> was deleted.
W0714 09:31:13.791716       1 event_handlers.go:181] Not support non-csi pvc.
I0714 09:31:13.792270       1 event_handlers.go:387] Added pod <default/yolo-det> into cache.
W0714 09:31:13.833947       1 event_handlers.go:181] Not support non-csi pvc.
I0714 09:31:14.204690       1 cache.go:1363] There are <0> Jobs, <1> Queues and <5> Nodes in total for scheduling.
I0714 09:31:14.204871       1 session.go:190] Open Session a8693bd2-6d78-45d7-ba4c-1f7ec3991e0f with <0> Job and <1> Queues
I0714 09:31:14.206638       1 enqueue.go:79] Try to enqueue PodGroup to 0 Queues
I0714 09:31:14.206709       1 allocate.go:64] Try to allocate resource to 0 Queues
I0714 09:31:14.206925       1 session.go:244] Close Session a8693bd2-6d78-45d7-ba4c-1f7ec3991e0f
I0714 09:31:15.209922       1 cache.go:1363] There are <0> Jobs, <1> Queues and <5> Nodes in total for scheduling.
I0714 09:31:15.210104       1 session.go:190] Open Session fa7ca0f2-4c90-4783-8da9-17108fcbe4c9 with <0> Job and <1> Queues
I0714 09:31:15.212241       1 enqueue.go:79] Try to enqueue PodGroup to 0 Queues
I0714 09:31:15.212350       1 allocate.go:64] Try to allocate resource to 0 Queues
I0714 09:31:15.212592       1 session.go:244] Close Session fa7ca0f2-4c90-4783-8da9-17108fcbe4c9
I0714 09:31:16.215029       1 cache.go:1363] There are <0> Jobs, <1> Queues and <5> Nodes in total for scheduling.
I0714 09:31:16.215180       1 session.go:190] Open Session c93ff9f0-0c16-4836-b612-164706b5ab25 with <0> Job and <1> Queues
I0714 09:31:16.217447       1 enqueue.go:79] Try to enqueue PodGroup to 0 Queues
I0714 09:31:16.217527       1 allocate.go:64] Try to allocate resource to 0 Queues
I0714 09:31:16.217743       1 session.go:244] Close Session c93ff9f0-0c16-4836-b612-164706b5ab25
W0714 09:31:16.384575       1 event_handlers.go:181] Not support non-csi pvc.
I0714 09:31:17.219999       1 cache.go:1363] There are <0> Jobs, <1> Queues and <5> Nodes in total for scheduling.
I0714 09:31:17.220131       1 session.go:190] Open Session cc4ca6b0-b60f-40f8-813f-d3616c81f906 with <0> Job and <1> Queues
I0714 09:31:17.221977       1 enqueue.go:79] Try to enqueue PodGroup to 0 Queues
I0714 09:31:17.222051       1 allocate.go:64] Try to allocate resource to 0 Queues
I0714 09:31:17.222262       1 session.go:244] Close Session cc4ca6b0-b60f-40f8-813f-d3616c81f906
I0714 09:31:18.224631       1 cache.go:1363] There are <0> Jobs, <1> Queues and <5> Nodes in total for scheduling.
I0714 09:31:18.224817       1 session.go:190] Open Session c36c3e9d-a919-4b99-9401-02edd447999f with <0> Job and <1> Queues
I0714 09:31:18.226597       1 enqueue.go:79] Try to enqueue PodGroup to 0 Queues
I0714 09:31:18.226667       1 allocate.go:64] Try to allocate resource to 0 Queues
I0714 09:31:18.226888       1 session.go:244] Close Session c36c3e9d-a919-4b99-9401-02edd447999f
I0714 09:31:19.229589       1 cache.go:1363] There are <0> Jobs, <1> Queues and <5> Nodes in total for scheduling.
I0714 09:31:19.229780       1 session.go:190] Open Session 2bbbc0d6-d407-4d7f-89f6-604dd6affe43 with <0> Job and <1> Queues
I0714 09:31:19.231789       1 enqueue.go:79] Try to enqueue PodGroup to 0 Queues
I0714 09:31:19.231874       1 allocate.go:64] Try to allocate resource to 0 Queues
I0714 09:31:19.232109       1 session.go:244] Close Session 2bbbc0d6-d407-4d7f-89f6-604dd6affe43
I0714 09:31:20.234592       1 cache.go:1363] There are <0> Jobs, <1> Queues and <5> Nodes in total for scheduling.
I0714 09:31:20.234765       1 session.go:190] Open Session f3c3ae51-3910-4cbc-9a22-dfd038be43bb with <0> Job and <1> Queues
I0714 09:31:20.236713       1 enqueue.go:79] Try to enqueue PodGroup to 0 Queues
I0714 09:31:20.236789       1 allocate.go:64] Try to allocate resource to 0 Queues
I0714 09:31:20.237012       1 session.go:244] Close Session f3c3ae51-3910-4cbc-9a22-dfd038be43bb
W0714 09:31:20.458600       1 event_handlers.go:181] Not support non-csi pvc.
I0714 09:31:20.458707       1 event_handlers.go:387] Added pod <default/yolo-seg> into cache.
W0714 09:31:20.486951       1 event_handlers.go:181] Not support non-csi pvc.
I0714 09:31:21.240276       1 cache.go:1363] There are <1> Jobs, <1> Queues and <5> Nodes in total for scheduling.
I0714 09:31:21.240481       1 session.go:190] Open Session dc2fdf75-7668-47ff-a924-2f68f7d5e247 with <1> Job and <1> Queues
I0714 09:31:21.242646       1 enqueue.go:79] Try to enqueue PodGroup to 1 Queues
I0714 09:31:21.242877       1 allocate.go:64] Try to allocate resource to 1 Queues
I0714 09:31:21.242933       1 allocate.go:129] Try to allocate resource to Jobs in Queue <default>
I0714 09:31:21.242975       1 allocate.go:161] Try to allocate resource to 1 tasks of Job <default/podgroup-47f2cae6-ff3a-4b47-bae1-aa2680540843>
I0714 09:31:21.243015       1 allocate.go:181] There are <5> nodes for Job <default/podgroup-47f2cae6-ff3a-4b47-bae1-aa2680540843>
I0714 09:31:21.243337       1 predicate_helper.go:75] Predicates failed: task default/yolo-seg on node gpu-master fit failed: Insufficient nvidia.com/gpu
I0714 09:31:21.243722       1 predicate_helper.go:75] Predicates failed: task default/yolo-seg on node gpuorin4-desktop fit failed: plugin NodeAffinity predicates failed node(s) didn't match Pod's node affinity/selector
I0714 09:31:21.243846       1 predicate_helper.go:75] Predicates failed: task default/yolo-seg on node gpuorin5-desktop fit failed: plugin NodeAffinity predicates failed node(s) didn't match Pod's node affinity/selector
I0714 09:31:21.244785       1 allocate.go:249] Binding Task <default/yolo-seg> to node <gpu-orin2>
I0714 09:31:21.245002       1 statement.go:266] After allocated Task <default/yolo-seg> to Node <gpu-orin2>: idle <cpu 5900.00, memory 7832690688.00, hugepages-32Mi 0.00, nvidia.com/gpu 3000.00, pods 104.00, ephemeral-storage 225118140453000.00, hugepages-1Gi 0.00, hugepages-64Ki 0.00, hugepages-2Mi 0.00>, used <cpu 100.00, memory 52428800.00, pods 6.00, nvidia.com/gpu 2000.00>, releasing <cpu 0.00, memory 0.00>
I0714 09:31:21.245389       1 statement.go:284] Allocating operations ...
I0714 09:31:21.245510       1 statement.go:378] Committing operations ...
I0714 09:31:21.245630       1 proportion.go:302] Queue <default>: deserved <cpu 0.00, memory 0.00, nvidia.com/gpu 1000.00, pods 1.00>, allocated <cpu 0.00, memory 0.00, pods 1.00, nvidia.com/gpu 1000.00>, share <1>
I0714 09:31:21.245687       1 allocate.go:125] Queue <default> is overused, ignore it.
I0714 09:31:21.270900       1 session.go:244] Close Session dc2fdf75-7668-47ff-a924-2f68f7d5e247
I0714 09:31:21.275939       1 cache.go:900] bind ok, latency 17.946781ms
W0714 09:31:21.279113       1 event_handlers.go:181] Not support non-csi pvc.
W0714 09:31:21.309135       1 event_handlers.go:181] Not support non-csi pvc.
W0714 09:31:21.684707       1 event_handlers.go:181] Not support non-csi pvc.
I0714 09:31:21.692472       1 event_handlers.go:442] Deleted pod <default/yolo-seg> from cache.
I0714 09:31:21.701373       1 cache.go:1013] Try to delete Job <default/podgroup-47f2cae6-ff3a-4b47-bae1-aa2680540843:default/podgroup-47f2cae6-ff3a-4b47-bae1-aa2680540843>
I0714 09:31:21.701623       1 cache.go:1054] Job <default/podgroup-47f2cae6-ff3a-4b47-bae1-aa2680540843:default/podgroup-47f2cae6-ff3a-4b47-bae1-aa2680540843> was deleted.
W0714 09:31:21.821967       1 event_handlers.go:181] Not support non-csi pvc.
I0714 09:31:21.822097       1 event_handlers.go:387] Added pod <default/yolo-seg> into cache.
W0714 09:31:21.858740       1 event_handlers.go:181] Not support non-csi pvc.
I0714 09:31:22.274022       1 cache.go:1363] There are <0> Jobs, <1> Queues and <5> Nodes in total for scheduling.
I0714 09:31:22.274175       1 session.go:190] Open Session 8cc4f809-8f16-48b0-9959-79dd38fddc61 with <0> Job and <1> Queues
I0714 09:31:22.276030       1 enqueue.go:79] Try to enqueue PodGroup to 0 Queues
I0714 09:31:22.276100       1 allocate.go:64] Try to allocate resource to 0 Queues
I0714 09:31:22.276381       1 session.go:244] Close Session 8cc4f809-8f16-48b0-9959-79dd38fddc61
I0714 09:31:23.278748       1 cache.go:1363] There are <0> Jobs, <1> Queues and <5> Nodes in total for scheduling.
I0714 09:31:23.278920       1 session.go:190] Open Session 6c382eb7-dcee-4e91-a1bb-f08110f0d729 with <0> Job and <1> Queues
I0714 09:31:23.280941       1 enqueue.go:79] Try to enqueue PodGroup to 0 Queues
I0714 09:31:23.281016       1 allocate.go:64] Try to allocate resource to 0 Queues
I0714 09:31:23.281247       1 session.go:244] Close Session 6c382eb7-dcee-4e91-a1bb-f08110f0d729
W0714 09:31:24.246555       1 event_handlers.go:181] Not support non-csi pvc.
I0714 09:31:24.283924       1 cache.go:1363] There are <0> Jobs, <1> Queues and <5> Nodes in total for scheduling.
I0714 09:31:24.284038       1 session.go:190] Open Session 97ca3d62-5575-4450-be28-53bd044df1c3 with <0> Job and <1> Queues
I0714 09:31:24.285878       1 enqueue.go:79] Try to enqueue PodGroup to 0 Queues
I0714 09:31:24.285952       1 allocate.go:64] Try to allocate resource to 0 Queues
I0714 09:31:24.286173       1 session.go:244] Close Session 97ca3d62-5575-4450-be28-53bd044df1c3
I0714 09:31:25.289284       1 cache.go:1363] There are <0> Jobs, <1> Queues and <5> Nodes in total for scheduling.
I0714 09:31:25.289458       1 session.go:190] Open Session 8104ffb0-714f-4fa6-85f9-4f065e2d750f with <0> Job and <1> Queues
I0714 09:31:25.291243       1 enqueue.go:79] Try to enqueue PodGroup to 0 Queues
I0714 09:31:25.291331       1 allocate.go:64] Try to allocate resource to 0 Queues
I0714 09:31:25.291560       1 session.go:244] Close Session 8104ffb0-714f-4fa6-85f9-4f065e2d750f
I0714 09:31:26.294452       1 cache.go:1363] There are <0> Jobs, <1> Queues and <5> Nodes in total for scheduling.
I0714 09:31:26.294641       1 session.go:190] Open Session 50f5cbf0-2518-485f-a2fa-1cc27b5f89b2 with <0> Job and <1> Queues
I0714 09:31:26.296611       1 enqueue.go:79] Try to enqueue PodGroup to 0 Queues
I0714 09:31:26.296710       1 allocate.go:64] Try to allocate resource to 0 Queues
I0714 09:31:26.296927       1 session.go:244] Close Session 50f5cbf0-2518-485f-a2fa-1cc27b5f89b2
I0714 09:31:27.299502       1 cache.go:1363] There are <0> Jobs, <1> Queues and <5> Nodes in total for scheduling.
I0714 09:31:27.299696       1 session.go:190] Open Session 2544d05d-33be-4dac-9d65-ab05dd99514d with <0> Job and <1> Queues
I0714 09:31:27.301673       1 enqueue.go:79] Try to enqueue PodGroup to 0 Queues
I0714 09:31:27.301765       1 allocate.go:64] Try to allocate resource to 0 Queues
I0714 09:31:27.301982       1 session.go:244] Close Session 2544d05d-33be-4dac-9d65-ab05dd99514d
W0714 09:31:27.960859       1 event_handlers.go:181] Not support non-csi pvc.
I0714 09:31:27.960986       1 event_handlers.go:387] Added pod <default/yolo-obb> into cache.
W0714 09:31:27.988118       1 event_handlers.go:181] Not support non-csi pvc.
I0714 09:31:28.304908       1 cache.go:1363] There are <1> Jobs, <1> Queues and <5> Nodes in total for scheduling.
I0714 09:31:28.305051       1 session.go:190] Open Session 1b1faff9-6c5a-416e-a536-cbe719c3fa92 with <1> Job and <1> Queues
I0714 09:31:28.307663       1 enqueue.go:79] Try to enqueue PodGroup to 1 Queues
I0714 09:31:28.307935       1 allocate.go:64] Try to allocate resource to 1 Queues
I0714 09:31:28.307996       1 allocate.go:129] Try to allocate resource to Jobs in Queue <default>
I0714 09:31:28.308031       1 allocate.go:161] Try to allocate resource to 1 tasks of Job <default/podgroup-3c605e7f-fe23-4e53-8a1a-d7cb677478f8>
I0714 09:31:28.308083       1 allocate.go:181] There are <5> nodes for Job <default/podgroup-3c605e7f-fe23-4e53-8a1a-d7cb677478f8>
I0714 09:31:28.308441       1 predicate_helper.go:75] Predicates failed: task default/yolo-obb on node gpu-master fit failed: Insufficient nvidia.com/gpu
I0714 09:31:28.308814       1 predicate_helper.go:75] Predicates failed: task default/yolo-obb on node gpuorin4-desktop fit failed: plugin NodeAffinity predicates failed node(s) didn't match Pod's node affinity/selector
I0714 09:31:28.309050       1 predicate_helper.go:75] Predicates failed: task default/yolo-obb on node gpuorin5-desktop fit failed: plugin NodeAffinity predicates failed node(s) didn't match Pod's node affinity/selector
I0714 09:31:28.310048       1 allocate.go:249] Binding Task <default/yolo-obb> to node <gpu-orin3>
I0714 09:31:28.310247       1 statement.go:266] After allocated Task <default/yolo-obb> to Node <gpu-orin3>: idle <cpu 5900.00, memory 7832723456.00, hugepages-1Gi 0.00, hugepages-32Mi 0.00, nvidia.com/gpu 3000.00, pods 104.00, ephemeral-storage 111715275387000.00, hugepages-2Mi 0.00, hugepages-64Ki 0.00>, used <cpu 100.00, memory 52428800.00, nvidia.com/gpu 2000.00, pods 6.00>, releasing <cpu 0.00, memory 0.00>
I0714 09:31:28.310690       1 statement.go:284] Allocating operations ...
I0714 09:31:28.310821       1 statement.go:378] Committing operations ...
I0714 09:31:28.310930       1 proportion.go:302] Queue <default>: deserved <cpu 0.00, memory 0.00, nvidia.com/gpu 1000.00, pods 1.00>, allocated <cpu 0.00, memory 0.00, nvidia.com/gpu 1000.00, pods 1.00>, share <1>
I0714 09:31:28.310998       1 allocate.go:125] Queue <default> is overused, ignore it.
I0714 09:31:28.326558       1 session.go:244] Close Session 1b1faff9-6c5a-416e-a536-cbe719c3fa92
I0714 09:31:28.332269       1 cache.go:900] bind ok, latency 8.771754ms
W0714 09:31:28.334917       1 event_handlers.go:181] Not support non-csi pvc.
W0714 09:31:28.366431       1 event_handlers.go:181] Not support non-csi pvc.
W0714 09:31:28.654531       1 event_handlers.go:181] Not support non-csi pvc.
I0714 09:31:28.658582       1 event_handlers.go:442] Deleted pod <default/yolo-obb> from cache.
I0714 09:31:28.664685       1 cache.go:1013] Try to delete Job <default/podgroup-3c605e7f-fe23-4e53-8a1a-d7cb677478f8:default/podgroup-3c605e7f-fe23-4e53-8a1a-d7cb677478f8>
I0714 09:31:28.664863       1 cache.go:1054] Job <default/podgroup-3c605e7f-fe23-4e53-8a1a-d7cb677478f8:default/podgroup-3c605e7f-fe23-4e53-8a1a-d7cb677478f8> was deleted.
W0714 09:31:28.827768       1 event_handlers.go:181] Not support non-csi pvc.
I0714 09:31:28.827912       1 event_handlers.go:387] Added pod <default/yolo-obb> into cache.
W0714 09:31:28.862845       1 event_handlers.go:181] Not support non-csi pvc.
I0714 09:31:29.329670       1 cache.go:1363] There are <0> Jobs, <1> Queues and <5> Nodes in total for scheduling.
I0714 09:31:29.329850       1 session.go:190] Open Session b4729889-b2fe-453e-96ba-98f8c1eea053 with <0> Job and <1> Queues
I0714 09:31:29.331724       1 enqueue.go:79] Try to enqueue PodGroup to 0 Queues
I0714 09:31:29.331793       1 allocate.go:64] Try to allocate resource to 0 Queues
I0714 09:31:29.332479       1 session.go:244] Close Session b4729889-b2fe-453e-96ba-98f8c1eea053
I0714 09:31:30.335582       1 cache.go:1363] There are <0> Jobs, <1> Queues and <5> Nodes in total for scheduling.
I0714 09:31:30.335748       1 session.go:190] Open Session b7aad8c3-8276-418d-92cf-889080016020 with <0> Job and <1> Queues
I0714 09:31:30.337759       1 enqueue.go:79] Try to enqueue PodGroup to 0 Queues
I0714 09:31:30.337836       1 allocate.go:64] Try to allocate resource to 0 Queues
I0714 09:31:30.338060       1 session.go:244] Close Session b7aad8c3-8276-418d-92cf-889080016020
I0714 09:31:31.341148       1 cache.go:1363] There are <0> Jobs, <1> Queues and <5> Nodes in total for scheduling.
I0714 09:31:31.341311       1 session.go:190] Open Session c651f15c-7d55-4c86-bcf1-a17cf2125365 with <0> Job and <1> Queues
I0714 09:31:31.343416       1 enqueue.go:79] Try to enqueue PodGroup to 0 Queues
I0714 09:31:31.343486       1 allocate.go:64] Try to allocate resource to 0 Queues
I0714 09:31:31.343718       1 session.go:244] Close Session c651f15c-7d55-4c86-bcf1-a17cf2125365
W0714 09:31:31.459124       1 event_handlers.go:181] Not support non-csi pvc.
I0714 09:31:32.346503       1 cache.go:1363] There are <0> Jobs, <1> Queues and <5> Nodes in total for scheduling.
I0714 09:31:32.346650       1 session.go:190] Open Session d81f12f9-915e-4df7-aa24-561ebc3fe0b7 with <0> Job and <1> Queues
I0714 09:31:32.348966       1 enqueue.go:79] Try to enqueue PodGroup to 0 Queues
I0714 09:31:32.349037       1 allocate.go:64] Try to allocate resource to 0 Queues
I0714 09:31:32.349254       1 session.go:244] Close Session d81f12f9-915e-4df7-aa24-561ebc3fe0b7
I0714 09:31:33.351522       1 cache.go:1363] There are <0> Jobs, <1> Queues and <5> Nodes in total for scheduling.
I0714 09:31:33.351705       1 session.go:190] Open Session 5bfec2ad-c058-4708-acbe-2783dfa46b50 with <0> Job and <1> Queues
I0714 09:31:33.353634       1 enqueue.go:79] Try to enqueue PodGroup to 0 Queues
I0714 09:31:33.353706       1 allocate.go:64] Try to allocate resource to 0 Queues
I0714 09:31:33.353936       1 session.go:244] Close Session 5bfec2ad-c058-4708-acbe-2783dfa46b50
I0714 09:31:34.357201       1 cache.go:1363] There are <0> Jobs, <1> Queues and <5> Nodes in total for scheduling.
I0714 09:31:34.357393       1 session.go:190] Open Session 80e2c9ef-be04-4c61-b7dd-44f106cbcffd with <0> Job and <1> Queues
I0714 09:31:34.359260       1 enqueue.go:79] Try to enqueue PodGroup to 0 Queues
I0714 09:31:34.359324       1 allocate.go:64] Try to allocate resource to 0 Queues
I0714 09:31:34.359551       1 session.go:244] Close Session 80e2c9ef-be04-4c61-b7dd-44f106cbcffd
I0714 09:31:35.362316       1 cache.go:1363] There are <0> Jobs, <1> Queues and <5> Nodes in total for scheduling.
I0714 09:31:35.362501       1 session.go:190] Open Session 243609a8-fd58-49d2-bcbe-bb4c0a64067f with <0> Job and <1> Queues
I0714 09:31:35.364468       1 enqueue.go:79] Try to enqueue PodGroup to 0 Queues
I0714 09:31:35.364553       1 allocate.go:64] Try to allocate resource to 0 Queues
I0714 09:31:35.364770       1 session.go:244] Close Session 243609a8-fd58-49d2-bcbe-bb4c0a64067f
W0714 09:31:35.614145       1 event_handlers.go:181] Not support non-csi pvc.
I0714 09:31:35.614253       1 event_handlers.go:387] Added pod <default/yolo-pos> into cache.
W0714 09:31:35.639965       1 event_handlers.go:181] Not support non-csi pvc.
I0714 09:31:36.367596       1 cache.go:1363] There are <1> Jobs, <1> Queues and <5> Nodes in total for scheduling.
I0714 09:31:36.367802       1 session.go:190] Open Session f3e42377-ab3f-4799-922e-5035aab4005d with <1> Job and <1> Queues
I0714 09:31:36.370113       1 enqueue.go:79] Try to enqueue PodGroup to 1 Queues
I0714 09:31:36.370345       1 allocate.go:64] Try to allocate resource to 1 Queues
I0714 09:31:36.370410       1 allocate.go:129] Try to allocate resource to Jobs in Queue <default>
I0714 09:31:36.370447       1 allocate.go:161] Try to allocate resource to 1 tasks of Job <default/podgroup-44e8cb6d-7826-4f50-9288-db9276c5a438>
I0714 09:31:36.370489       1 allocate.go:181] There are <5> nodes for Job <default/podgroup-44e8cb6d-7826-4f50-9288-db9276c5a438>
I0714 09:31:36.370828       1 predicate_helper.go:75] Predicates failed: task default/yolo-pos on node gpu-master fit failed: Insufficient nvidia.com/gpu
I0714 09:31:36.371165       1 predicate_helper.go:75] Predicates failed: task default/yolo-pos on node gpuorin4-desktop fit failed: plugin NodeAffinity predicates failed node(s) didn't match Pod's node affinity/selector
I0714 09:31:36.371299       1 predicate_helper.go:75] Predicates failed: task default/yolo-pos on node gpuorin5-desktop fit failed: plugin NodeAffinity predicates failed node(s) didn't match Pod's node affinity/selector
I0714 09:31:36.371950       1 allocate.go:249] Binding Task <default/yolo-pos> to node <gpu-orin2>
I0714 09:31:36.372173       1 statement.go:266] After allocated Task <default/yolo-pos> to Node <gpu-orin2>: idle <cpu 5900.00, memory 7832690688.00, hugepages-1Gi 0.00, hugepages-32Mi 0.00, nvidia.com/gpu 2000.00, pods 103.00, ephemeral-storage 225118140453000.00, hugepages-2Mi 0.00, hugepages-64Ki 0.00>, used <cpu 100.00, memory 52428800.00, nvidia.com/gpu 3000.00, pods 7.00>, releasing <cpu 0.00, memory 0.00>
I0714 09:31:36.372638       1 statement.go:284] Allocating operations ...
I0714 09:31:36.372757       1 statement.go:378] Committing operations ...
I0714 09:31:36.372869       1 proportion.go:302] Queue <default>: deserved <cpu 0.00, memory 0.00, pods 1.00, nvidia.com/gpu 1000.00>, allocated <cpu 0.00, memory 0.00, nvidia.com/gpu 1000.00, pods 1.00>, share <1>
I0714 09:31:36.372927       1 allocate.go:125] Queue <default> is overused, ignore it.
I0714 09:31:36.388799       1 cache.go:900] bind ok, latency 13.554743ms
W0714 09:31:36.390994       1 event_handlers.go:181] Not support non-csi pvc.
I0714 09:31:36.401895       1 session.go:244] Close Session f3e42377-ab3f-4799-922e-5035aab4005d
W0714 09:31:36.429404       1 event_handlers.go:181] Not support non-csi pvc.
I0714 09:31:36.672580       1 cache.go:1489] The metrics type is not set in the volcano scheduler configmap file. As a result, the CPU and memory load information of the node is not collected.
W0714 09:31:36.828169       1 event_handlers.go:181] Not support non-csi pvc.
I0714 09:31:36.830538       1 event_handlers.go:442] Deleted pod <default/yolo-pos> from cache.
I0714 09:31:36.835329       1 cache.go:1013] Try to delete Job <default/podgroup-44e8cb6d-7826-4f50-9288-db9276c5a438:default/podgroup-44e8cb6d-7826-4f50-9288-db9276c5a438>
I0714 09:31:36.835552       1 cache.go:1054] Job <default/podgroup-44e8cb6d-7826-4f50-9288-db9276c5a438:default/podgroup-44e8cb6d-7826-4f50-9288-db9276c5a438> was deleted.
W0714 09:31:36.974501       1 event_handlers.go:181] Not support non-csi pvc.
I0714 09:31:36.974685       1 event_handlers.go:387] Added pod <default/yolo-pos> into cache.
W0714 09:31:37.014907       1 event_handlers.go:181] Not support non-csi pvc.
I0714 09:31:37.403935       1 cache.go:1363] There are <0> Jobs, <1> Queues and <5> Nodes in total for scheduling.
I0714 09:31:37.404068       1 session.go:190] Open Session 55d41352-b180-4660-96bc-253fd02fae77 with <0> Job and <1> Queues
I0714 09:31:37.406013       1 enqueue.go:79] Try to enqueue PodGroup to 0 Queues
I0714 09:31:37.406087       1 allocate.go:64] Try to allocate resource to 0 Queues
I0714 09:31:37.406304       1 session.go:244] Close Session 55d41352-b180-4660-96bc-253fd02fae77
I0714 09:31:38.409564       1 cache.go:1363] There are <0> Jobs, <1> Queues and <5> Nodes in total for scheduling.
I0714 09:31:38.409750       1 session.go:190] Open Session d787cffc-eed7-456c-84ee-157141cb0509 with <0> Job and <1> Queues
I0714 09:31:38.411783       1 enqueue.go:79] Try to enqueue PodGroup to 0 Queues
I0714 09:31:38.411864       1 allocate.go:64] Try to allocate resource to 0 Queues
I0714 09:31:38.412090       1 session.go:244] Close Session d787cffc-eed7-456c-84ee-157141cb0509
I0714 09:31:39.414985       1 cache.go:1363] There are <0> Jobs, <1> Queues and <5> Nodes in total for scheduling.
I0714 09:31:39.415163       1 session.go:190] Open Session 864db493-df4c-4b66-9810-f75749911a6e with <0> Job and <1> Queues
I0714 09:31:39.417921       1 enqueue.go:79] Try to enqueue PodGroup to 0 Queues
I0714 09:31:39.418111       1 allocate.go:64] Try to allocate resource to 0 Queues
I0714 09:31:39.418357       1 session.go:244] Close Session 864db493-df4c-4b66-9810-f75749911a6e
I0714 09:31:40.420939       1 cache.go:1363] There are <0> Jobs, <1> Queues and <5> Nodes in total for scheduling.
I0714 09:31:40.421127       1 session.go:190] Open Session 0aa1d8fe-387a-4071-b29d-915c57132938 with <0> Job and <1> Queues
I0714 09:31:40.423083       1 enqueue.go:79] Try to enqueue PodGroup to 0 Queues
I0714 09:31:40.423161       1 allocate.go:64] Try to allocate resource to 0 Queues
I0714 09:31:40.423381       1 session.go:244] Close Session 0aa1d8fe-387a-4071-b29d-915c57132938
W0714 09:31:40.501947       1 event_handlers.go:181] Not support non-csi pvc.
I0714 09:31:41.425505       1 cache.go:1363] There are <0> Jobs, <1> Queues and <5> Nodes in total for scheduling.
I0714 09:31:41.425610       1 session.go:190] Open Session 8a7e47b0-aa22-41b8-87b9-deb07698d9cc with <0> Job and <1> Queues
I0714 09:31:41.426494       1 enqueue.go:79] Try to enqueue PodGroup to 0 Queues
I0714 09:31:41.426821       1 allocate.go:64] Try to allocate resource to 0 Queues
I0714 09:31:41.426964       1 session.go:244] Close Session 8a7e47b0-aa22-41b8-87b9-deb07698d9cc
I0714 09:31:42.430024       1 cache.go:1363] There are <0> Jobs, <1> Queues and <5> Nodes in total for scheduling.
I0714 09:31:42.430196       1 session.go:190] Open Session 74b76cb5-c9bf-47d1-a546-ec55c17252ff with <0> Job and <1> Queues
I0714 09:31:42.432072       1 enqueue.go:79] Try to enqueue PodGroup to 0 Queues
I0714 09:31:42.432150       1 allocate.go:64] Try to allocate resource to 0 Queues
I0714 09:31:42.432430       1 session.go:244] Close Session 74b76cb5-c9bf-47d1-a546-ec55c17252ff
I0714 09:31:43.435630       1 cache.go:1363] There are <0> Jobs, <1> Queues and <5> Nodes in total for scheduling.
I0714 09:31:43.435801       1 session.go:190] Open Session e027a8ca-0502-4fed-91c9-dd05644fd110 with <0> Job and <1> Queues
I0714 09:31:43.437816       1 enqueue.go:79] Try to enqueue PodGroup to 0 Queues
I0714 09:31:43.437894       1 allocate.go:64] Try to allocate resource to 0 Queues
I0714 09:31:43.438117       1 session.go:244] Close Session e027a8ca-0502-4fed-91c9-dd05644fd110
I0714 09:31:44.440361       1 cache.go:1363] There are <0> Jobs, <1> Queues and <5> Nodes in total for scheduling.
I0714 09:31:44.440541       1 session.go:190] Open Session a84c40cf-8728-4580-8366-3e85ac132a23 with <0> Job and <1> Queues
I0714 09:31:44.442435       1 enqueue.go:79] Try to enqueue PodGroup to 0 Queues
I0714 09:31:44.442504       1 allocate.go:64] Try to allocate resource to 0 Queues
I0714 09:31:44.442718       1 session.go:244] Close Session a84c40cf-8728-4580-8366-3e85ac132a23
I0714 09:31:45.445798       1 cache.go:1363] There are <0> Jobs, <1> Queues and <5> Nodes in total for scheduling.
I0714 09:31:45.445962       1 session.go:190] Open Session a2ac25e5-5264-4226-a580-79b73f03be7c with <0> Job and <1> Queues
I0714 09:31:45.447849       1 enqueue.go:79] Try to enqueue PodGroup to 0 Queues
I0714 09:31:45.447917       1 allocate.go:64] Try to allocate resource to 0 Queues
I0714 09:31:45.448138       1 session.go:244] Close Session a2ac25e5-5264-4226-a580-79b73f03be7c
I0714 09:31:46.451193       1 cache.go:1363] There are <0> Jobs, <1> Queues and <5> Nodes in total for scheduling.
I0714 09:31:46.451362       1 session.go:190] Open Session 7a510e9b-3563-42c7-ab11-16844b3e328e with <0> Job and <1> Queues
I0714 09:31:46.453972       1 enqueue.go:79] Try to enqueue PodGroup to 0 Queues
I0714 09:31:46.454041       1 allocate.go:64] Try to allocate resource to 0 Queues
I0714 09:31:46.454268       1 session.go:244] Close Session 7a510e9b-3563-42c7-ab11-16844b3e328e
I0714 09:31:47.456536       1 cache.go:1363] There are <0> Jobs, <1> Queues and <5> Nodes in total for scheduling.
I0714 09:31:47.456678       1 session.go:190] Open Session 818e5274-57a4-40f9-9b0d-619098124dd1 with <0> Job and <1> Queues
I0714 09:31:47.458623       1 enqueue.go:79] Try to enqueue PodGroup to 0 Queues
I0714 09:31:47.458686       1 allocate.go:64] Try to allocate resource to 0 Queues
I0714 09:31:47.458901       1 session.go:244] Close Session 818e5274-57a4-40f9-9b0d-619098124dd1
I0714 09:31:48.462110       1 cache.go:1363] There are <0> Jobs, <1> Queues and <5> Nodes in total for scheduling.
I0714 09:31:48.462298       1 session.go:190] Open Session 835616c8-23b7-4fe0-8db8-19b2bdfd6510 with <0> Job and <1> Queues
I0714 09:31:48.464183       1 enqueue.go:79] Try to enqueue PodGroup to 0 Queues
I0714 09:31:48.464264       1 allocate.go:64] Try to allocate resource to 0 Queues
I0714 09:31:48.464534       1 session.go:244] Close Session 835616c8-23b7-4fe0-8db8-19b2bdfd6510
I0714 09:31:49.467417       1 cache.go:1363] There are <0> Jobs, <1> Queues and <5> Nodes in total for scheduling.
I0714 09:31:49.467586       1 session.go:190] Open Session 594b7e50-24de-4c81-9154-43ff806a2b53 with <0> Job and <1> Queues
I0714 09:31:49.469672       1 enqueue.go:79] Try to enqueue PodGroup to 0 Queues
I0714 09:31:49.469745       1 allocate.go:64] Try to allocate resource to 0 Queues
I0714 09:31:49.469987       1 session.go:244] Close Session 594b7e50-24de-4c81-9154-43ff806a2b53
I0714 09:31:50.473287       1 cache.go:1363] There are <0> Jobs, <1> Queues and <5> Nodes in total for scheduling.
I0714 09:31:50.473454       1 session.go:190] Open Session 8bb42e38-a5c8-40f7-9817-9bb4225c0680 with <0> Job and <1> Queues
I0714 09:31:50.475339       1 enqueue.go:79] Try to enqueue PodGroup to 0 Queues
I0714 09:31:50.475420       1 allocate.go:64] Try to allocate resource to 0 Queues
I0714 09:31:50.475641       1 session.go:244] Close Session 8bb42e38-a5c8-40f7-9817-9bb4225c0680
I0714 09:31:51.478090       1 cache.go:1363] There are <0> Jobs, <1> Queues and <5> Nodes in total for scheduling.
I0714 09:31:51.478265       1 session.go:190] Open Session 5cda4a34-5572-469a-b41f-ac698c7cee94 with <0> Job and <1> Queues
I0714 09:31:51.480420       1 enqueue.go:79] Try to enqueue PodGroup to 0 Queues
I0714 09:31:51.480494       1 allocate.go:64] Try to allocate resource to 0 Queues
I0714 09:31:51.480735       1 session.go:244] Close Session 5cda4a34-5572-469a-b41f-ac698c7cee94
I0714 09:31:52.483582       1 cache.go:1363] There are <0> Jobs, <1> Queues and <5> Nodes in total for scheduling.
I0714 09:31:52.483758       1 session.go:190] Open Session 85eb4f0f-7ae6-4d99-a54b-a43349bec26e with <0> Job and <1> Queues
I0714 09:31:52.485754       1 enqueue.go:79] Try to enqueue PodGroup to 0 Queues
I0714 09:31:52.485838       1 allocate.go:64] Try to allocate resource to 0 Queues
I0714 09:31:52.486058       1 session.go:244] Close Session 85eb4f0f-7ae6-4d99-a54b-a43349bec26e
I0714 09:31:53.489023       1 cache.go:1363] There are <0> Jobs, <1> Queues and <5> Nodes in total for scheduling.
I0714 09:31:53.489193       1 session.go:190] Open Session 0cc9ab11-4307-4805-8b64-0719cd2b0625 with <0> Job and <1> Queues
I0714 09:31:53.491583       1 enqueue.go:79] Try to enqueue PodGroup to 0 Queues
I0714 09:31:53.491664       1 allocate.go:64] Try to allocate resource to 0 Queues
I0714 09:31:53.491884       1 session.go:244] Close Session 0cc9ab11-4307-4805-8b64-0719cd2b0625
I0714 09:31:54.494608       1 cache.go:1363] There are <0> Jobs, <1> Queues and <5> Nodes in total for scheduling.
I0714 09:31:54.494758       1 session.go:190] Open Session 03683010-97ee-4cb2-a270-de8a235fffdb with <0> Job and <1> Queues
I0714 09:31:54.496598       1 enqueue.go:79] Try to enqueue PodGroup to 0 Queues
I0714 09:31:54.496672       1 allocate.go:64] Try to allocate resource to 0 Queues
I0714 09:31:54.496881       1 session.go:244] Close Session 03683010-97ee-4cb2-a270-de8a235fffdb
I0714 09:31:55.499113       1 cache.go:1363] There are <0> Jobs, <1> Queues and <5> Nodes in total for scheduling.
I0714 09:31:55.499283       1 session.go:190] Open Session 925dce23-93a9-45cd-ae64-cb8c18650e52 with <0> Job and <1> Queues
I0714 09:31:55.501152       1 enqueue.go:79] Try to enqueue PodGroup to 0 Queues
I0714 09:31:55.501239       1 allocate.go:64] Try to allocate resource to 0 Queues
I0714 09:31:55.501474       1 session.go:244] Close Session 925dce23-93a9-45cd-ae64-cb8c18650e52
I0714 09:31:56.504501       1 cache.go:1363] There are <0> Jobs, <1> Queues and <5> Nodes in total for scheduling.
I0714 09:31:56.504659       1 session.go:190] Open Session 2382d13f-5777-48c6-8c10-5b31f4ae5760 with <0> Job and <1> Queues
I0714 09:31:56.508165       1 enqueue.go:79] Try to enqueue PodGroup to 0 Queues
I0714 09:31:56.508384       1 allocate.go:64] Try to allocate resource to 0 Queues
I0714 09:31:56.508665       1 session.go:244] Close Session 2382d13f-5777-48c6-8c10-5b31f4ae5760
I0714 09:31:57.511253       1 cache.go:1363] There are <0> Jobs, <1> Queues and <5> Nodes in total for scheduling.
I0714 09:31:57.511456       1 session.go:190] Open Session aef91cc6-1ad5-410d-9672-ec7a14bcff7c with <0> Job and <1> Queues
I0714 09:31:57.513597       1 enqueue.go:79] Try to enqueue PodGroup to 0 Queues
I0714 09:31:57.513677       1 allocate.go:64] Try to allocate resource to 0 Queues
I0714 09:31:57.513885       1 session.go:244] Close Session aef91cc6-1ad5-410d-9672-ec7a14bcff7c
I0714 09:31:58.517033       1 cache.go:1363] There are <0> Jobs, <1> Queues and <5> Nodes in total for scheduling.
I0714 09:31:58.517192       1 session.go:190] Open Session 1300dd59-4b27-48ea-b674-acae46fbafb8 with <0> Job and <1> Queues
I0714 09:31:58.519091       1 enqueue.go:79] Try to enqueue PodGroup to 0 Queues
I0714 09:31:58.519174       1 allocate.go:64] Try to allocate resource to 0 Queues
I0714 09:31:58.519393       1 session.go:244] Close Session 1300dd59-4b27-48ea-b674-acae46fbafb8
I0714 09:31:59.522260       1 cache.go:1363] There are <0> Jobs, <1> Queues and <5> Nodes in total for scheduling.
I0714 09:31:59.522444       1 session.go:190] Open Session 118bb0cf-4d0a-429a-9d38-7159c2d562b5 with <0> Job and <1> Queues
I0714 09:31:59.524449       1 enqueue.go:79] Try to enqueue PodGroup to 0 Queues
I0714 09:31:59.524531       1 allocate.go:64] Try to allocate resource to 0 Queues
I0714 09:31:59.524765       1 session.go:244] Close Session 118bb0cf-4d0a-429a-9d38-7159c2d562b5
I0714 09:32:00.528057       1 cache.go:1363] There are <0> Jobs, <1> Queues and <5> Nodes in total for scheduling.
I0714 09:32:00.528274       1 session.go:190] Open Session edc2bd21-83e8-4092-94fb-65a3ae65db7e with <0> Job and <1> Queues
I0714 09:32:00.530316       1 enqueue.go:79] Try to enqueue PodGroup to 0 Queues
I0714 09:32:00.530396       1 allocate.go:64] Try to allocate resource to 0 Queues
I0714 09:32:00.530621       1 session.go:244] Close Session edc2bd21-83e8-4092-94fb-65a3ae65db7e
I0714 09:32:01.532941       1 cache.go:1363] There are <0> Jobs, <1> Queues and <5> Nodes in total for scheduling.
I0714 09:32:01.533094       1 session.go:190] Open Session 80c52bd8-32cc-4cc2-9587-7f19fcdba8c6 with <0> Job and <1> Queues
I0714 09:32:01.535335       1 enqueue.go:79] Try to enqueue PodGroup to 0 Queues
I0714 09:32:01.535419       1 allocate.go:64] Try to allocate resource to 0 Queues
I0714 09:32:01.535649       1 session.go:244] Close Session 80c52bd8-32cc-4cc2-9587-7f19fcdba8c6
I0714 09:32:02.538552       1 cache.go:1363] There are <0> Jobs, <1> Queues and <5> Nodes in total for scheduling.
I0714 09:32:02.538700       1 session.go:190] Open Session 24a6b715-88e2-465d-93e3-f689927a6d61 with <0> Job and <1> Queues
I0714 09:32:02.540867       1 enqueue.go:79] Try to enqueue PodGroup to 0 Queues
I0714 09:32:02.540945       1 allocate.go:64] Try to allocate resource to 0 Queues
I0714 09:32:02.541150       1 session.go:244] Close Session 24a6b715-88e2-465d-93e3-f689927a6d61
I0714 09:32:03.543711       1 cache.go:1363] There are <0> Jobs, <1> Queues and <5> Nodes in total for scheduling.
I0714 09:32:03.543904       1 session.go:190] Open Session 5b00d43f-1a3f-4478-8cfa-cae23610c645 with <0> Job and <1> Queues
I0714 09:32:03.545959       1 enqueue.go:79] Try to enqueue PodGroup to 0 Queues
I0714 09:32:03.546036       1 allocate.go:64] Try to allocate resource to 0 Queues
I0714 09:32:03.546262       1 session.go:244] Close Session 5b00d43f-1a3f-4478-8cfa-cae23610c645
I0714 09:32:04.549164       1 cache.go:1363] There are <0> Jobs, <1> Queues and <5> Nodes in total for scheduling.
I0714 09:32:04.549306       1 session.go:190] Open Session 3e67c9f5-f1f9-4517-99a1-746efd00d7e2 with <0> Job and <1> Queues
I0714 09:32:04.551113       1 enqueue.go:79] Try to enqueue PodGroup to 0 Queues
I0714 09:32:04.551193       1 allocate.go:64] Try to allocate resource to 0 Queues
I0714 09:32:04.551401       1 session.go:244] Close Session 3e67c9f5-f1f9-4517-99a1-746efd00d7e2
I0714 09:32:05.553584       1 cache.go:1363] There are <0> Jobs, <1> Queues and <5> Nodes in total for scheduling.
I0714 09:32:05.553763       1 session.go:190] Open Session 40ca21e7-4c75-49ee-8985-511a2221e56c with <0> Job and <1> Queues
I0714 09:32:05.555738       1 enqueue.go:79] Try to enqueue PodGroup to 0 Queues
I0714 09:32:05.555817       1 allocate.go:64] Try to allocate resource to 0 Queues
I0714 09:32:05.556052       1 session.go:244] Close Session 40ca21e7-4c75-49ee-8985-511a2221e56c
I0714 09:32:06.558181       1 cache.go:1363] There are <0> Jobs, <1> Queues and <5> Nodes in total for scheduling.
I0714 09:32:06.558349       1 session.go:190] Open Session 55b3b9d1-67d5-4360-a22b-12d0e22f2f22 with <0> Job and <1> Queues
I0714 09:32:06.560348       1 enqueue.go:79] Try to enqueue PodGroup to 0 Queues
I0714 09:32:06.560428       1 allocate.go:64] Try to allocate resource to 0 Queues
I0714 09:32:06.560655       1 session.go:244] Close Session 55b3b9d1-67d5-4360-a22b-12d0e22f2f22
I0714 09:32:06.673476       1 cache.go:1489] The metrics type is not set in the volcano scheduler configmap file. As a result, the CPU and memory load information of the node is not collected.
I0714 09:32:07.563713       1 cache.go:1363] There are <0> Jobs, <1> Queues and <5> Nodes in total for scheduling.
I0714 09:32:07.563844       1 session.go:190] Open Session 9603b10b-9771-4b25-a5d8-a47a3f6873ae with <0> Job and <1> Queues
I0714 09:32:07.565703       1 enqueue.go:79] Try to enqueue PodGroup to 0 Queues
I0714 09:32:07.565777       1 allocate.go:64] Try to allocate resource to 0 Queues
I0714 09:32:07.566004       1 session.go:244] Close Session 9603b10b-9771-4b25-a5d8-a47a3f6873ae
I0714 09:32:08.568333       1 cache.go:1363] There are <0> Jobs, <1> Queues and <5> Nodes in total for scheduling.
I0714 09:32:08.568517       1 session.go:190] Open Session c8d98148-3d70-45bc-82f2-e4275b116193 with <0> Job and <1> Queues
I0714 09:32:08.570542       1 enqueue.go:79] Try to enqueue PodGroup to 0 Queues
I0714 09:32:08.570630       1 allocate.go:64] Try to allocate resource to 0 Queues
I0714 09:32:08.570864       1 session.go:244] Close Session c8d98148-3d70-45bc-82f2-e4275b116193
I0714 09:32:09.574002       1 cache.go:1363] There are <0> Jobs, <1> Queues and <5> Nodes in total for scheduling.
I0714 09:32:09.574185       1 session.go:190] Open Session eadec507-827f-43fc-bf8a-901f8494031a with <0> Job and <1> Queues
I0714 09:32:09.576142       1 enqueue.go:79] Try to enqueue PodGroup to 0 Queues
I0714 09:32:09.576217       1 allocate.go:64] Try to allocate resource to 0 Queues
I0714 09:32:09.576477       1 session.go:244] Close Session eadec507-827f-43fc-bf8a-901f8494031a
I0714 09:32:10.579449       1 cache.go:1363] There are <0> Jobs, <1> Queues and <5> Nodes in total for scheduling.
I0714 09:32:10.579642       1 session.go:190] Open Session c985b35c-0d4f-40fc-89d8-430cbbf1863c with <0> Job and <1> Queues
I0714 09:32:10.581832       1 enqueue.go:79] Try to enqueue PodGroup to 0 Queues
I0714 09:32:10.581907       1 allocate.go:64] Try to allocate resource to 0 Queues
I0714 09:32:10.582141       1 session.go:244] Close Session c985b35c-0d4f-40fc-89d8-430cbbf1863c
I0714 09:32:11.585045       1 cache.go:1363] There are <0> Jobs, <1> Queues and <5> Nodes in total for scheduling.
I0714 09:32:11.585223       1 session.go:190] Open Session d1b5562b-0a02-4004-a63e-147dffd2c0c9 with <0> Job and <1> Queues
I0714 09:32:11.587105       1 enqueue.go:79] Try to enqueue PodGroup to 0 Queues
I0714 09:32:11.587192       1 allocate.go:64] Try to allocate resource to 0 Queues
I0714 09:32:11.587420       1 session.go:244] Close Session d1b5562b-0a02-4004-a63e-147dffd2c0c9
I0714 09:32:12.590667       1 cache.go:1363] There are <0> Jobs, <1> Queues and <5> Nodes in total for scheduling.
I0714 09:32:12.590852       1 session.go:190] Open Session f15f652d-8e8e-4b2c-bef2-0c8a5faed0bd with <0> Job and <1> Queues
I0714 09:32:12.592845       1 enqueue.go:79] Try to enqueue PodGroup to 0 Queues
I0714 09:32:12.592919       1 allocate.go:64] Try to allocate resource to 0 Queues
I0714 09:32:12.593141       1 session.go:244] Close Session f15f652d-8e8e-4b2c-bef2-0c8a5faed0bd
I0714 09:32:13.596177       1 cache.go:1363] There are <0> Jobs, <1> Queues and <5> Nodes in total for scheduling.
I0714 09:32:13.596386       1 session.go:190] Open Session 7b52932f-9b64-4a2f-92ec-a0ffa388733e with <0> Job and <1> Queues
I0714 09:32:13.598391       1 enqueue.go:79] Try to enqueue PodGroup to 0 Queues
I0714 09:32:13.598459       1 allocate.go:64] Try to allocate resource to 0 Queues
I0714 09:32:13.598693       1 session.go:244] Close Session 7b52932f-9b64-4a2f-92ec-a0ffa388733e
I0714 09:32:14.601165       1 cache.go:1363] There are <0> Jobs, <1> Queues and <5> Nodes in total for scheduling.
I0714 09:32:14.601320       1 session.go:190] Open Session b0ae5af4-1a65-4a32-b32f-3de041922be3 with <0> Job and <1> Queues
I0714 09:32:14.603521       1 enqueue.go:79] Try to enqueue PodGroup to 0 Queues
I0714 09:32:14.603596       1 allocate.go:64] Try to allocate resource to 0 Queues
I0714 09:32:14.603826       1 session.go:244] Close Session b0ae5af4-1a65-4a32-b32f-3de041922be3
I0714 09:32:15.606595       1 cache.go:1363] There are <0> Jobs, <1> Queues and <5> Nodes in total for scheduling.
I0714 09:32:15.606752       1 session.go:190] Open Session 3b420f6b-b7c9-49f4-a580-8dd96c82fb5b with <0> Job and <1> Queues
I0714 09:32:15.608714       1 enqueue.go:79] Try to enqueue PodGroup to 0 Queues
I0714 09:32:15.608789       1 allocate.go:64] Try to allocate resource to 0 Queues
I0714 09:32:15.609014       1 session.go:244] Close Session 3b420f6b-b7c9-49f4-a580-8dd96c82fb5b
I0714 09:32:16.611676       1 cache.go:1363] There are <0> Jobs, <1> Queues and <5> Nodes in total for scheduling.
I0714 09:32:16.611837       1 session.go:190] Open Session bf345243-a8d8-47b4-ae6f-673732f4b4f8 with <0> Job and <1> Queues
I0714 09:32:16.613920       1 enqueue.go:79] Try to enqueue PodGroup to 0 Queues
I0714 09:32:16.613999       1 allocate.go:64] Try to allocate resource to 0 Queues
I0714 09:32:16.614233       1 session.go:244] Close Session bf345243-a8d8-47b4-ae6f-673732f4b4f8
I0714 09:32:17.617249       1 cache.go:1363] There are <0> Jobs, <1> Queues and <5> Nodes in total for scheduling.
I0714 09:32:17.617388       1 session.go:190] Open Session 39c737d7-f9e5-4a69-9ccc-307d6f0f3cf0 with <0> Job and <1> Queues
I0714 09:32:17.619454       1 enqueue.go:79] Try to enqueue PodGroup to 0 Queues
I0714 09:32:17.619523       1 allocate.go:64] Try to allocate resource to 0 Queues
I0714 09:32:17.619737       1 session.go:244] Close Session 39c737d7-f9e5-4a69-9ccc-307d6f0f3cf0
I0714 09:32:18.621954       1 cache.go:1363] There are <0> Jobs, <1> Queues and <5> Nodes in total for scheduling.
I0714 09:32:18.622130       1 session.go:190] Open Session d6cabdb4-ac39-4a4e-83c9-22300246b817 with <0> Job and <1> Queues
I0714 09:32:18.624070       1 enqueue.go:79] Try to enqueue PodGroup to 0 Queues
I0714 09:32:18.624140       1 allocate.go:64] Try to allocate resource to 0 Queues
I0714 09:32:18.624425       1 session.go:244] Close Session d6cabdb4-ac39-4a4e-83c9-22300246b817
I0714 09:32:19.626904       1 cache.go:1363] There are <0> Jobs, <1> Queues and <5> Nodes in total for scheduling.
I0714 09:32:19.627076       1 session.go:190] Open Session 35368906-baa8-4d47-aca0-e8578dae1021 with <0> Job and <1> Queues
I0714 09:32:19.629289       1 enqueue.go:79] Try to enqueue PodGroup to 0 Queues
I0714 09:32:19.629364       1 allocate.go:64] Try to allocate resource to 0 Queues
I0714 09:32:19.629578       1 session.go:244] Close Session 35368906-baa8-4d47-aca0-e8578dae1021
I0714 09:32:20.632487       1 cache.go:1363] There are <0> Jobs, <1> Queues and <5> Nodes in total for scheduling.
I0714 09:32:20.632662       1 session.go:190] Open Session f6aac261-c718-4207-ae2b-b796c13ebe34 with <0> Job and <1> Queues
I0714 09:32:20.634559       1 enqueue.go:79] Try to enqueue PodGroup to 0 Queues
I0714 09:32:20.634641       1 allocate.go:64] Try to allocate resource to 0 Queues
I0714 09:32:20.634854       1 session.go:244] Close Session f6aac261-c718-4207-ae2b-b796c13ebe34
I0714 09:32:21.637328       1 cache.go:1363] There are <0> Jobs, <1> Queues and <5> Nodes in total for scheduling.
I0714 09:32:21.637515       1 session.go:190] Open Session 9d29ebe3-6577-461c-b596-d4be1e4062da with <0> Job and <1> Queues
I0714 09:32:21.639548       1 enqueue.go:79] Try to enqueue PodGroup to 0 Queues
I0714 09:32:21.639634       1 allocate.go:64] Try to allocate resource to 0 Queues
I0714 09:32:21.639859       1 session.go:244] Close Session 9d29ebe3-6577-461c-b596-d4be1e4062da
I0714 09:32:22.642480       1 cache.go:1363] There are <0> Jobs, <1> Queues and <5> Nodes in total for scheduling.
I0714 09:32:22.642670       1 session.go:190] Open Session 20904c10-d0be-41cd-b41e-93ca991732dc with <0> Job and <1> Queues
I0714 09:32:22.644808       1 enqueue.go:79] Try to enqueue PodGroup to 0 Queues
I0714 09:32:22.644902       1 allocate.go:64] Try to allocate resource to 0 Queues
I0714 09:32:22.645129       1 session.go:244] Close Session 20904c10-d0be-41cd-b41e-93ca991732dc
I0714 09:32:23.648062       1 cache.go:1363] There are <0> Jobs, <1> Queues and <5> Nodes in total for scheduling.
I0714 09:32:23.648235       1 session.go:190] Open Session 34b94daa-c8ae-4402-a962-5333e452bc44 with <0> Job and <1> Queues
I0714 09:32:23.650125       1 enqueue.go:79] Try to enqueue PodGroup to 0 Queues
I0714 09:32:23.650199       1 allocate.go:64] Try to allocate resource to 0 Queues
I0714 09:32:23.650425       1 session.go:244] Close Session 34b94daa-c8ae-4402-a962-5333e452bc44
I0714 09:32:24.652385       1 cache.go:1363] There are <0> Jobs, <1> Queues and <5> Nodes in total for scheduling.
I0714 09:32:24.652512       1 session.go:190] Open Session cb761d24-204b-4241-baba-fe9eaf9dbb80 with <0> Job and <1> Queues
I0714 09:32:24.654240       1 enqueue.go:79] Try to enqueue PodGroup to 0 Queues
I0714 09:32:24.654313       1 allocate.go:64] Try to allocate resource to 0 Queues
I0714 09:32:24.654501       1 session.go:244] Close Session cb761d24-204b-4241-baba-fe9eaf9dbb80
I0714 09:32:25.657092       1 cache.go:1363] There are <0> Jobs, <1> Queues and <5> Nodes in total for scheduling.
I0714 09:32:25.657242       1 session.go:190] Open Session 245c8fb7-2c3b-4dc3-81a6-4ced107433ba with <0> Job and <1> Queues
I0714 09:32:25.658968       1 enqueue.go:79] Try to enqueue PodGroup to 0 Queues
I0714 09:32:25.659049       1 allocate.go:64] Try to allocate resource to 0 Queues
I0714 09:32:25.659263       1 session.go:244] Close Session 245c8fb7-2c3b-4dc3-81a6-4ced107433ba
I0714 09:32:26.662305       1 cache.go:1363] There are <0> Jobs, <1> Queues and <5> Nodes in total for scheduling.
I0714 09:32:26.662482       1 session.go:190] Open Session 5e04581b-df86-4e95-88da-c2db960a150a with <0> Job and <1> Queues
I0714 09:32:26.664429       1 enqueue.go:79] Try to enqueue PodGroup to 0 Queues
I0714 09:32:26.664513       1 allocate.go:64] Try to allocate resource to 0 Queues
I0714 09:32:26.664743       1 session.go:244] Close Session 5e04581b-df86-4e95-88da-c2db960a150a
I0714 09:32:27.667340       1 cache.go:1363] There are <0> Jobs, <1> Queues and <5> Nodes in total for scheduling.
I0714 09:32:27.667510       1 session.go:190] Open Session 658cb605-58eb-4dc0-9382-d9710225e07b with <0> Job and <1> Queues
I0714 09:32:27.669502       1 enqueue.go:79] Try to enqueue PodGroup to 0 Queues
I0714 09:32:27.669606       1 allocate.go:64] Try to allocate resource to 0 Queues
I0714 09:32:27.669846       1 session.go:244] Close Session 658cb605-58eb-4dc0-9382-d9710225e07b
I0714 09:32:28.672759       1 cache.go:1363] There are <0> Jobs, <1> Queues and <5> Nodes in total for scheduling.
I0714 09:32:28.672927       1 session.go:190] Open Session 6be79dec-8496-4d7f-99ef-9db525278fdf with <0> Job and <1> Queues
I0714 09:32:28.675083       1 enqueue.go:79] Try to enqueue PodGroup to 0 Queues
I0714 09:32:28.675163       1 allocate.go:64] Try to allocate resource to 0 Queues
I0714 09:32:28.675378       1 session.go:244] Close Session 6be79dec-8496-4d7f-99ef-9db525278fdf
I0714 09:32:29.677679       1 cache.go:1363] There are <0> Jobs, <1> Queues and <5> Nodes in total for scheduling.
I0714 09:32:29.677855       1 session.go:190] Open Session 226d90bd-5589-4e1a-b7fe-8d6572455b3d with <0> Job and <1> Queues
I0714 09:32:29.679805       1 enqueue.go:79] Try to enqueue PodGroup to 0 Queues
I0714 09:32:29.679878       1 allocate.go:64] Try to allocate resource to 0 Queues
I0714 09:32:29.680106       1 session.go:244] Close Session 226d90bd-5589-4e1a-b7fe-8d6572455b3d
I0714 09:32:30.682908       1 cache.go:1363] There are <0> Jobs, <1> Queues and <5> Nodes in total for scheduling.
I0714 09:32:30.683078       1 session.go:190] Open Session b5f094bd-c9b8-48ed-b056-88c7558cb550 with <0> Job and <1> Queues
I0714 09:32:30.685137       1 enqueue.go:79] Try to enqueue PodGroup to 0 Queues
I0714 09:32:30.685217       1 allocate.go:64] Try to allocate resource to 0 Queues
I0714 09:32:30.685460       1 session.go:244] Close Session b5f094bd-c9b8-48ed-b056-88c7558cb550
I0714 09:32:31.687581       1 cache.go:1363] There are <0> Jobs, <1> Queues and <5> Nodes in total for scheduling.
I0714 09:32:31.687743       1 session.go:190] Open Session aef03f95-6541-449e-8909-c17fb79f0c1c with <0> Job and <1> Queues
I0714 09:32:31.689649       1 enqueue.go:79] Try to enqueue PodGroup to 0 Queues
I0714 09:32:31.689722       1 allocate.go:64] Try to allocate resource to 0 Queues
I0714 09:32:31.689928       1 session.go:244] Close Session aef03f95-6541-449e-8909-c17fb79f0c1c
I0714 09:32:32.692499       1 cache.go:1363] There are <0> Jobs, <1> Queues and <5> Nodes in total for scheduling.
I0714 09:32:32.692677       1 session.go:190] Open Session dae73b57-bb67-453a-b0e9-bae3f79f493a with <0> Job and <1> Queues
I0714 09:32:32.694486       1 enqueue.go:79] Try to enqueue PodGroup to 0 Queues
I0714 09:32:32.694552       1 allocate.go:64] Try to allocate resource to 0 Queues
I0714 09:32:32.694773       1 session.go:244] Close Session dae73b57-bb67-453a-b0e9-bae3f79f493a
I0714 09:32:33.697210       1 cache.go:1363] There are <0> Jobs, <1> Queues and <5> Nodes in total for scheduling.
I0714 09:32:33.697396       1 session.go:190] Open Session a643587c-6218-4d91-8e58-faaf7614eab3 with <0> Job and <1> Queues
I0714 09:32:33.699327       1 enqueue.go:79] Try to enqueue PodGroup to 0 Queues
I0714 09:32:33.699399       1 allocate.go:64] Try to allocate resource to 0 Queues
I0714 09:32:33.699622       1 session.go:244] Close Session a643587c-6218-4d91-8e58-faaf7614eab3
I0714 09:32:34.702660       1 cache.go:1363] There are <0> Jobs, <1> Queues and <5> Nodes in total for scheduling.
I0714 09:32:34.702818       1 session.go:190] Open Session 0e388960-4c18-49e6-8320-3843e48c80c5 with <0> Job and <1> Queues
I0714 09:32:34.704886       1 enqueue.go:79] Try to enqueue PodGroup to 0 Queues
I0714 09:32:34.704960       1 allocate.go:64] Try to allocate resource to 0 Queues
I0714 09:32:34.705189       1 session.go:244] Close Session 0e388960-4c18-49e6-8320-3843e48c80c5
I0714 09:32:35.707865       1 cache.go:1363] There are <0> Jobs, <1> Queues and <5> Nodes in total for scheduling.
I0714 09:32:35.708027       1 session.go:190] Open Session 89905935-cfe3-41aa-a0ef-3441b9e0d584 with <0> Job and <1> Queues
I0714 09:32:35.709926       1 enqueue.go:79] Try to enqueue PodGroup to 0 Queues
I0714 09:32:35.710000       1 allocate.go:64] Try to allocate resource to 0 Queues
I0714 09:32:35.710237       1 session.go:244] Close Session 89905935-cfe3-41aa-a0ef-3441b9e0d584
I0714 09:32:36.674768       1 cache.go:1489] The metrics type is not set in the volcano scheduler configmap file. As a result, the CPU and memory load information of the node is not collected.
I0714 09:32:36.713108       1 cache.go:1363] There are <0> Jobs, <1> Queues and <5> Nodes in total for scheduling.
I0714 09:32:36.713253       1 session.go:190] Open Session c444fe9c-cd97-4ace-b097-d31e8cf0909c with <0> Job and <1> Queues
I0714 09:32:36.715445       1 enqueue.go:79] Try to enqueue PodGroup to 0 Queues
I0714 09:32:36.715528       1 allocate.go:64] Try to allocate resource to 0 Queues
I0714 09:32:36.715744       1 session.go:244] Close Session c444fe9c-cd97-4ace-b097-d31e8cf0909c
I0714 09:32:37.718094       1 cache.go:1363] There are <0> Jobs, <1> Queues and <5> Nodes in total for scheduling.
I0714 09:32:37.718228       1 session.go:190] Open Session 4a60559c-14c5-48b3-b60d-279196026100 with <0> Job and <1> Queues
I0714 09:32:37.720048       1 enqueue.go:79] Try to enqueue PodGroup to 0 Queues
I0714 09:32:37.720122       1 allocate.go:64] Try to allocate resource to 0 Queues
I0714 09:32:37.720566       1 session.go:244] Close Session 4a60559c-14c5-48b3-b60d-279196026100
I0714 09:32:38.723568       1 cache.go:1363] There are <0> Jobs, <1> Queues and <5> Nodes in total for scheduling.
I0714 09:32:38.723745       1 session.go:190] Open Session 7f1d8779-614b-49b1-b70f-17bdb9171f52 with <0> Job and <1> Queues
I0714 09:32:38.725669       1 enqueue.go:79] Try to enqueue PodGroup to 0 Queues
I0714 09:32:38.725743       1 allocate.go:64] Try to allocate resource to 0 Queues
I0714 09:32:38.725956       1 session.go:244] Close Session 7f1d8779-614b-49b1-b70f-17bdb9171f52
I0714 09:32:39.728708       1 cache.go:1363] There are <0> Jobs, <1> Queues and <5> Nodes in total for scheduling.
I0714 09:32:39.728874       1 session.go:190] Open Session 4f12ee7b-5115-42b2-a7da-8a6c3fee7700 with <0> Job and <1> Queues
I0714 09:32:39.730731       1 enqueue.go:79] Try to enqueue PodGroup to 0 Queues
I0714 09:32:39.730804       1 allocate.go:64] Try to allocate resource to 0 Queues
I0714 09:32:39.731029       1 session.go:244] Close Session 4f12ee7b-5115-42b2-a7da-8a6c3fee7700
I0714 09:32:40.733630       1 cache.go:1363] There are <0> Jobs, <1> Queues and <5> Nodes in total for scheduling.
I0714 09:32:40.733805       1 session.go:190] Open Session 3d4a3817-d3a9-41af-baf0-4ac129f957f0 with <0> Job and <1> Queues
I0714 09:32:40.735742       1 enqueue.go:79] Try to enqueue PodGroup to 0 Queues
I0714 09:32:40.735812       1 allocate.go:64] Try to allocate resource to 0 Queues
I0714 09:32:40.736046       1 session.go:244] Close Session 3d4a3817-d3a9-41af-baf0-4ac129f957f0
I0714 09:32:41.739021       1 cache.go:1363] There are <0> Jobs, <1> Queues and <5> Nodes in total for scheduling.
I0714 09:32:41.739181       1 session.go:190] Open Session 417e3dac-e84a-4012-b72c-9c33446c39c2 with <0> Job and <1> Queues
I0714 09:32:41.741546       1 enqueue.go:79] Try to enqueue PodGroup to 0 Queues
I0714 09:32:41.741637       1 allocate.go:64] Try to allocate resource to 0 Queues
I0714 09:32:41.741852       1 session.go:244] Close Session 417e3dac-e84a-4012-b72c-9c33446c39c2
I0714 09:32:42.744275       1 cache.go:1363] There are <0> Jobs, <1> Queues and <5> Nodes in total for scheduling.
I0714 09:32:42.744514       1 session.go:190] Open Session 4ebc151c-552e-46ca-8f12-69fd28780124 with <0> Job and <1> Queues
I0714 09:32:42.746492       1 enqueue.go:79] Try to enqueue PodGroup to 0 Queues
I0714 09:32:42.746571       1 allocate.go:64] Try to allocate resource to 0 Queues
I0714 09:32:42.746815       1 session.go:244] Close Session 4ebc151c-552e-46ca-8f12-69fd28780124
W0714 09:32:42.769180       1 event_handlers.go:181] Not support non-csi pvc.
I0714 09:32:42.771267       1 event_handlers.go:442] Deleted pod <default/yolo-cls> from cache.
W0714 09:32:42.831652       1 event_handlers.go:181] Not support non-csi pvc.
I0714 09:32:42.836057       1 event_handlers.go:442] Deleted pod <default/yolo-det> from cache.
W0714 09:32:42.889758       1 event_handlers.go:181] Not support non-csi pvc.
I0714 09:32:42.901298       1 event_handlers.go:442] Deleted pod <default/yolo-seg> from cache.
W0714 09:32:42.966899       1 event_handlers.go:181] Not support non-csi pvc.
I0714 09:32:42.973154       1 event_handlers.go:442] Deleted pod <default/yolo-obb> from cache.
W0714 09:32:43.027200       1 event_handlers.go:181] Not support non-csi pvc.
I0714 09:32:43.032265       1 event_handlers.go:442] Deleted pod <default/yolo-pos> from cache.
I0714 09:32:43.749466       1 cache.go:1363] There are <0> Jobs, <1> Queues and <5> Nodes in total for scheduling.
I0714 09:32:43.749642       1 session.go:190] Open Session 794d35b7-c152-454d-b936-064a46b0bd99 with <0> Job and <1> Queues
I0714 09:32:43.751540       1 enqueue.go:79] Try to enqueue PodGroup to 0 Queues
I0714 09:32:43.751620       1 allocate.go:64] Try to allocate resource to 0 Queues
I0714 09:32:43.751847       1 session.go:244] Close Session 794d35b7-c152-454d-b936-064a46b0bd99
I0714 09:32:44.753736       1 cache.go:1363] There are <0> Jobs, <1> Queues and <5> Nodes in total for scheduling.
I0714 09:32:44.753874       1 session.go:190] Open Session 8513beda-0297-4211-b4d2-cc47e42c14e6 with <0> Job and <1> Queues
I0714 09:32:44.755514       1 enqueue.go:79] Try to enqueue PodGroup to 0 Queues
I0714 09:32:44.755579       1 allocate.go:64] Try to allocate resource to 0 Queues
I0714 09:32:44.755816       1 session.go:244] Close Session 8513beda-0297-4211-b4d2-cc47e42c14e6
I0714 09:32:45.758639       1 cache.go:1363] There are <0> Jobs, <1> Queues and <5> Nodes in total for scheduling.
I0714 09:32:45.758780       1 session.go:190] Open Session bab7e459-36ea-4cef-bae7-19e904f1d31a with <0> Job and <1> Queues
I0714 09:32:45.760583       1 enqueue.go:79] Try to enqueue PodGroup to 0 Queues
I0714 09:32:45.760655       1 allocate.go:64] Try to allocate resource to 0 Queues
I0714 09:32:45.760870       1 session.go:244] Close Session bab7e459-36ea-4cef-bae7-19e904f1d31a
I0714 09:32:46.763552       1 cache.go:1363] There are <0> Jobs, <1> Queues and <5> Nodes in total for scheduling.
I0714 09:32:46.763730       1 session.go:190] Open Session eb8918e8-bd9f-41dd-a002-1c0fcc274d47 with <0> Job and <1> Queues
I0714 09:32:46.765421       1 enqueue.go:79] Try to enqueue PodGroup to 0 Queues
I0714 09:32:46.765495       1 allocate.go:64] Try to allocate resource to 0 Queues
I0714 09:32:46.765713       1 session.go:244] Close Session eb8918e8-bd9f-41dd-a002-1c0fcc274d47
I0714 09:32:47.767448       1 cache.go:1363] There are <0> Jobs, <1> Queues and <5> Nodes in total for scheduling.
I0714 09:32:47.767576       1 session.go:190] Open Session 71308ea0-4bda-4e02-8a48-2b7184675ac0 with <0> Job and <1> Queues
I0714 09:32:47.769268       1 enqueue.go:79] Try to enqueue PodGroup to 0 Queues
I0714 09:32:47.769337       1 allocate.go:64] Try to allocate resource to 0 Queues
I0714 09:32:47.769535       1 session.go:244] Close Session 71308ea0-4bda-4e02-8a48-2b7184675ac0
I0714 09:32:48.772571       1 cache.go:1363] There are <0> Jobs, <1> Queues and <5> Nodes in total for scheduling.
I0714 09:32:48.772747       1 session.go:190] Open Session 8a02dd8b-a8ce-4532-a4c5-b93d0e7a77e4 with <0> Job and <1> Queues
I0714 09:32:48.774698       1 enqueue.go:79] Try to enqueue PodGroup to 0 Queues
I0714 09:32:48.774771       1 allocate.go:64] Try to allocate resource to 0 Queues
I0714 09:32:48.774994       1 session.go:244] Close Session 8a02dd8b-a8ce-4532-a4c5-b93d0e7a77e4
I0714 09:32:49.777529       1 cache.go:1363] There are <0> Jobs, <1> Queues and <5> Nodes in total for scheduling.
I0714 09:32:49.777693       1 session.go:190] Open Session 4a1ee17f-3a2c-490a-8859-ceea54d6ad28 with <0> Job and <1> Queues
I0714 09:32:49.779635       1 enqueue.go:79] Try to enqueue PodGroup to 0 Queues
I0714 09:32:49.779699       1 allocate.go:64] Try to allocate resource to 0 Queues
I0714 09:32:49.779928       1 session.go:244] Close Session 4a1ee17f-3a2c-490a-8859-ceea54d6ad28
I0714 09:32:50.783007       1 cache.go:1363] There are <0> Jobs, <1> Queues and <5> Nodes in total for scheduling.
I0714 09:32:50.783219       1 session.go:190] Open Session d7010b1c-67df-4d0b-acf1-f2cf73aa8f69 with <0> Job and <1> Queues
I0714 09:32:50.785201       1 enqueue.go:79] Try to enqueue PodGroup to 0 Queues
I0714 09:32:50.785288       1 allocate.go:64] Try to allocate resource to 0 Queues
I0714 09:32:50.785505       1 session.go:244] Close Session d7010b1c-67df-4d0b-acf1-f2cf73aa8f69
I0714 09:32:51.788011       1 cache.go:1363] There are <0> Jobs, <1> Queues and <5> Nodes in total for scheduling.
I0714 09:32:51.788199       1 session.go:190] Open Session d61800f0-e987-4c89-9f71-882674c3f634 with <0> Job and <1> Queues
I0714 09:32:51.790064       1 enqueue.go:79] Try to enqueue PodGroup to 0 Queues
I0714 09:32:51.790142       1 allocate.go:64] Try to allocate resource to 0 Queues
I0714 09:32:51.790368       1 session.go:244] Close Session d61800f0-e987-4c89-9f71-882674c3f634
I0714 09:32:52.792632       1 cache.go:1363] There are <0> Jobs, <1> Queues and <5> Nodes in total for scheduling.
I0714 09:32:52.792803       1 session.go:190] Open Session 0589896e-a916-4791-92cb-1371e38e9595 with <0> Job and <1> Queues
I0714 09:32:52.794556       1 enqueue.go:79] Try to enqueue PodGroup to 0 Queues
I0714 09:32:52.794631       1 allocate.go:64] Try to allocate resource to 0 Queues
I0714 09:32:52.794863       1 session.go:244] Close Session 0589896e-a916-4791-92cb-1371e38e9595
I0714 09:32:53.797611       1 cache.go:1363] There are <0> Jobs, <1> Queues and <5> Nodes in total for scheduling.
I0714 09:32:53.797801       1 session.go:190] Open Session 421e654e-73a4-42e9-b9da-346648cefb6d with <0> Job and <1> Queues
I0714 09:32:53.799768       1 enqueue.go:79] Try to enqueue PodGroup to 0 Queues
I0714 09:32:53.799839       1 allocate.go:64] Try to allocate resource to 0 Queues
I0714 09:32:53.800068       1 session.go:244] Close Session 421e654e-73a4-42e9-b9da-346648cefb6d
I0714 09:32:54.802419       1 cache.go:1363] There are <0> Jobs, <1> Queues and <5> Nodes in total for scheduling.
I0714 09:32:54.802600       1 session.go:190] Open Session 64d532d9-432c-4848-bc9f-4a0a8831707a with <0> Job and <1> Queues
I0714 09:32:54.804352       1 enqueue.go:79] Try to enqueue PodGroup to 0 Queues
I0714 09:32:54.804426       1 allocate.go:64] Try to allocate resource to 0 Queues
I0714 09:32:54.804664       1 session.go:244] Close Session 64d532d9-432c-4848-bc9f-4a0a8831707a
I0714 09:32:55.806655       1 cache.go:1363] There are <0> Jobs, <1> Queues and <5> Nodes in total for scheduling.
I0714 09:32:55.806843       1 session.go:190] Open Session 3e353bca-35d4-4479-86ec-7a32a842260c with <0> Job and <1> Queues
I0714 09:32:55.808816       1 enqueue.go:79] Try to enqueue PodGroup to 0 Queues
I0714 09:32:55.808888       1 allocate.go:64] Try to allocate resource to 0 Queues
I0714 09:32:55.809113       1 session.go:244] Close Session 3e353bca-35d4-4479-86ec-7a32a842260c
I0714 09:32:56.811657       1 cache.go:1363] There are <0> Jobs, <1> Queues and <5> Nodes in total for scheduling.
I0714 09:32:56.811802       1 session.go:190] Open Session e61e5065-e3f5-4019-8a51-9fe22430b266 with <0> Job and <1> Queues
I0714 09:32:56.813448       1 enqueue.go:79] Try to enqueue PodGroup to 0 Queues
I0714 09:32:56.813516       1 allocate.go:64] Try to allocate resource to 0 Queues
I0714 09:32:56.813708       1 session.go:244] Close Session e61e5065-e3f5-4019-8a51-9fe22430b266
I0714 09:32:57.815535       1 cache.go:1363] There are <0> Jobs, <1> Queues and <5> Nodes in total for scheduling.
I0714 09:32:57.815672       1 session.go:190] Open Session 1b1b61a7-4e7a-487f-a2d9-7ef2464259e6 with <0> Job and <1> Queues
I0714 09:32:57.817260       1 enqueue.go:79] Try to enqueue PodGroup to 0 Queues
I0714 09:32:57.817324       1 allocate.go:64] Try to allocate resource to 0 Queues
I0714 09:32:57.817505       1 session.go:244] Close Session 1b1b61a7-4e7a-487f-a2d9-7ef2464259e6
I0714 09:32:58.820493       1 cache.go:1363] There are <0> Jobs, <1> Queues and <5> Nodes in total for scheduling.
I0714 09:32:58.820687       1 session.go:190] Open Session 4adb09dc-cefc-4b92-8323-8a08418137a8 with <0> Job and <1> Queues
I0714 09:32:58.822596       1 enqueue.go:79] Try to enqueue PodGroup to 0 Queues
I0714 09:32:58.822668       1 allocate.go:64] Try to allocate resource to 0 Queues
I0714 09:32:58.822887       1 session.go:244] Close Session 4adb09dc-cefc-4b92-8323-8a08418137a8
I0714 09:32:59.825688       1 cache.go:1363] There are <0> Jobs, <1> Queues and <5> Nodes in total for scheduling.
I0714 09:32:59.825860       1 session.go:190] Open Session 0e0f63e9-d312-42a0-9c5b-3eaf0e864d0c with <0> Job and <1> Queues
I0714 09:32:59.827617       1 enqueue.go:79] Try to enqueue PodGroup to 0 Queues
I0714 09:32:59.827685       1 allocate.go:64] Try to allocate resource to 0 Queues
I0714 09:32:59.827896       1 session.go:244] Close Session 0e0f63e9-d312-42a0-9c5b-3eaf0e864d0c
I0714 09:33:00.830441       1 cache.go:1363] There are <0> Jobs, <1> Queues and <5> Nodes in total for scheduling.
I0714 09:33:00.830618       1 session.go:190] Open Session e6b039e5-010b-47d1-868b-84810981f266 with <0> Job and <1> Queues
I0714 09:33:00.832464       1 enqueue.go:79] Try to enqueue PodGroup to 0 Queues
I0714 09:33:00.832532       1 allocate.go:64] Try to allocate resource to 0 Queues
I0714 09:33:00.832762       1 session.go:244] Close Session e6b039e5-010b-47d1-868b-84810981f266
I0714 09:33:01.835632       1 cache.go:1363] There are <0> Jobs, <1> Queues and <5> Nodes in total for scheduling.
I0714 09:33:01.835787       1 session.go:190] Open Session 3301fda9-2ae4-4006-88aa-fc0b71187994 with <0> Job and <1> Queues
I0714 09:33:01.837479       1 enqueue.go:79] Try to enqueue PodGroup to 0 Queues
I0714 09:33:01.837540       1 allocate.go:64] Try to allocate resource to 0 Queues
I0714 09:33:01.837753       1 session.go:244] Close Session 3301fda9-2ae4-4006-88aa-fc0b71187994
I0714 09:33:02.840006       1 cache.go:1363] There are <0> Jobs, <1> Queues and <5> Nodes in total for scheduling.
I0714 09:33:02.840163       1 session.go:190] Open Session 15f30ce2-27b5-42aa-bbfb-b344aabb7d15 with <0> Job and <1> Queues
I0714 09:33:02.842007       1 enqueue.go:79] Try to enqueue PodGroup to 0 Queues
I0714 09:33:02.842073       1 allocate.go:64] Try to allocate resource to 0 Queues
I0714 09:33:02.842266       1 session.go:244] Close Session 15f30ce2-27b5-42aa-bbfb-b344aabb7d15
I0714 09:33:03.845045       1 cache.go:1363] There are <0> Jobs, <1> Queues and <5> Nodes in total for scheduling.
I0714 09:33:03.845213       1 session.go:190] Open Session 156ca2d4-77a3-439c-9101-7227baf30406 with <0> Job and <1> Queues
I0714 09:33:03.847119       1 enqueue.go:79] Try to enqueue PodGroup to 0 Queues
I0714 09:33:03.847194       1 allocate.go:64] Try to allocate resource to 0 Queues
I0714 09:33:03.847415       1 session.go:244] Close Session 156ca2d4-77a3-439c-9101-7227baf30406
I0714 09:33:04.849499       1 cache.go:1363] There are <0> Jobs, <1> Queues and <5> Nodes in total for scheduling.
I0714 09:33:04.849673       1 session.go:190] Open Session adc5dd78-e582-4899-b3b4-4be3432ac0cc with <0> Job and <1> Queues
I0714 09:33:04.851477       1 enqueue.go:79] Try to enqueue PodGroup to 0 Queues
I0714 09:33:04.851543       1 allocate.go:64] Try to allocate resource to 0 Queues
I0714 09:33:04.851760       1 session.go:244] Close Session adc5dd78-e582-4899-b3b4-4be3432ac0cc
I0714 09:33:05.854402       1 cache.go:1363] There are <0> Jobs, <1> Queues and <5> Nodes in total for scheduling.
I0714 09:33:05.854587       1 session.go:190] Open Session 8cbf9b5e-54b1-4ed9-98b4-24242d0800a1 with <0> Job and <1> Queues
I0714 09:33:05.856484       1 enqueue.go:79] Try to enqueue PodGroup to 0 Queues
I0714 09:33:05.856553       1 allocate.go:64] Try to allocate resource to 0 Queues
I0714 09:33:05.856766       1 session.go:244] Close Session 8cbf9b5e-54b1-4ed9-98b4-24242d0800a1
I0714 09:33:06.675815       1 cache.go:1489] The metrics type is not set in the volcano scheduler configmap file. As a result, the CPU and memory load information of the node is not collected.
I0714 09:33:06.859368       1 cache.go:1363] There are <0> Jobs, <1> Queues and <5> Nodes in total for scheduling.
I0714 09:33:06.859496       1 session.go:190] Open Session 93b525e2-c6fa-493c-8679-56f2a99b8a3a with <0> Job and <1> Queues
I0714 09:33:06.861305       1 enqueue.go:79] Try to enqueue PodGroup to 0 Queues
I0714 09:33:06.861388       1 allocate.go:64] Try to allocate resource to 0 Queues
I0714 09:33:06.861600       1 session.go:244] Close Session 93b525e2-c6fa-493c-8679-56f2a99b8a3a
I0714 09:33:07.863649       1 cache.go:1363] There are <0> Jobs, <1> Queues and <5> Nodes in total for scheduling.
I0714 09:33:07.863789       1 session.go:190] Open Session d3c0a110-833a-4e2f-9a11-c4adbad45c3e with <0> Job and <1> Queues
I0714 09:33:07.865596       1 enqueue.go:79] Try to enqueue PodGroup to 0 Queues
I0714 09:33:07.865669       1 allocate.go:64] Try to allocate resource to 0 Queues
I0714 09:33:07.865886       1 session.go:244] Close Session d3c0a110-833a-4e2f-9a11-c4adbad45c3e
I0714 09:33:08.868871       1 cache.go:1363] There are <0> Jobs, <1> Queues and <5> Nodes in total for scheduling.
I0714 09:33:08.869043       1 session.go:190] Open Session 26d7b7db-4a6f-43e9-9ff0-2e3d76f18f13 with <0> Job and <1> Queues
I0714 09:33:08.870982       1 enqueue.go:79] Try to enqueue PodGroup to 0 Queues
I0714 09:33:08.871054       1 allocate.go:64] Try to allocate resource to 0 Queues
I0714 09:33:08.871283       1 session.go:244] Close Session 26d7b7db-4a6f-43e9-9ff0-2e3d76f18f13
I0714 09:33:09.873739       1 cache.go:1363] There are <0> Jobs, <1> Queues and <5> Nodes in total for scheduling.
I0714 09:33:09.873919       1 session.go:190] Open Session 49898291-9954-436d-a11d-aef463c55a8a with <0> Job and <1> Queues
I0714 09:33:09.875732       1 enqueue.go:79] Try to enqueue PodGroup to 0 Queues
I0714 09:33:09.875803       1 allocate.go:64] Try to allocate resource to 0 Queues
I0714 09:33:09.876022       1 session.go:244] Close Session 49898291-9954-436d-a11d-aef463c55a8a
I0714 09:33:10.878130       1 cache.go:1363] There are <0> Jobs, <1> Queues and <5> Nodes in total for scheduling.
I0714 09:33:10.878325       1 session.go:190] Open Session 2edd44e5-4b77-4572-9389-26aac7b31d6b with <0> Job and <1> Queues
I0714 09:33:10.880136       1 enqueue.go:79] Try to enqueue PodGroup to 0 Queues
I0714 09:33:10.880201       1 allocate.go:64] Try to allocate resource to 0 Queues
I0714 09:33:10.880472       1 session.go:244] Close Session 2edd44e5-4b77-4572-9389-26aac7b31d6b
I0714 09:33:11.882867       1 cache.go:1363] There are <0> Jobs, <1> Queues and <5> Nodes in total for scheduling.
I0714 09:33:11.883028       1 session.go:190] Open Session 1e2bcf57-a429-40ce-b4e7-ea441c884ac1 with <0> Job and <1> Queues
I0714 09:33:11.884835       1 enqueue.go:79] Try to enqueue PodGroup to 0 Queues
I0714 09:33:11.884901       1 allocate.go:64] Try to allocate resource to 0 Queues
I0714 09:33:11.885119       1 session.go:244] Close Session 1e2bcf57-a429-40ce-b4e7-ea441c884ac1
I0714 09:33:12.887160       1 cache.go:1363] There are <0> Jobs, <1> Queues and <5> Nodes in total for scheduling.
I0714 09:33:12.887400       1 session.go:190] Open Session 67e198bc-6449-4f06-bdea-05308db2e63c with <0> Job and <1> Queues
I0714 09:33:12.889220       1 enqueue.go:79] Try to enqueue PodGroup to 0 Queues
I0714 09:33:12.889293       1 allocate.go:64] Try to allocate resource to 0 Queues
I0714 09:33:12.889501       1 session.go:244] Close Session 67e198bc-6449-4f06-bdea-05308db2e63c
I0714 09:33:13.892053       1 cache.go:1363] There are <0> Jobs, <1> Queues and <5> Nodes in total for scheduling.
I0714 09:33:13.892227       1 session.go:190] Open Session b0a22f16-78be-4148-89d7-4e10a8be3372 with <0> Job and <1> Queues
I0714 09:33:13.894220       1 enqueue.go:79] Try to enqueue PodGroup to 0 Queues
I0714 09:33:13.894287       1 allocate.go:64] Try to allocate resource to 0 Queues
I0714 09:33:13.894484       1 session.go:244] Close Session b0a22f16-78be-4148-89d7-4e10a8be3372
I0714 09:33:14.896938       1 cache.go:1363] There are <0> Jobs, <1> Queues and <5> Nodes in total for scheduling.
I0714 09:33:14.897097       1 session.go:190] Open Session a53d1cc4-7ec9-40ed-aad0-ee8eb07e9d8e with <0> Job and <1> Queues
I0714 09:33:14.898880       1 enqueue.go:79] Try to enqueue PodGroup to 0 Queues
I0714 09:33:14.898948       1 allocate.go:64] Try to allocate resource to 0 Queues
I0714 09:33:14.899161       1 session.go:244] Close Session a53d1cc4-7ec9-40ed-aad0-ee8eb07e9d8e
I0714 09:33:15.901273       1 cache.go:1363] There are <0> Jobs, <1> Queues and <5> Nodes in total for scheduling.
I0714 09:33:15.901450       1 session.go:190] Open Session 54b18aa2-867e-4bbb-b704-b93e1aa08c89 with <0> Job and <1> Queues
I0714 09:33:15.903252       1 enqueue.go:79] Try to enqueue PodGroup to 0 Queues
I0714 09:33:15.903320       1 allocate.go:64] Try to allocate resource to 0 Queues
I0714 09:33:15.903537       1 session.go:244] Close Session 54b18aa2-867e-4bbb-b704-b93e1aa08c89
I0714 09:33:16.905727       1 cache.go:1363] There are <0> Jobs, <1> Queues and <5> Nodes in total for scheduling.
I0714 09:33:16.905886       1 session.go:190] Open Session 871dbdcd-f752-47bb-9140-8ea0d0156adb with <0> Job and <1> Queues
I0714 09:33:16.907585       1 enqueue.go:79] Try to enqueue PodGroup to 0 Queues
I0714 09:33:16.907654       1 allocate.go:64] Try to allocate resource to 0 Queues
I0714 09:33:16.907859       1 session.go:244] Close Session 871dbdcd-f752-47bb-9140-8ea0d0156adb
I0714 09:33:17.909971       1 cache.go:1363] There are <0> Jobs, <1> Queues and <5> Nodes in total for scheduling.
I0714 09:33:17.910112       1 session.go:190] Open Session 1be0abf3-a28c-49ee-b0fc-d7bdc69608ad with <0> Job and <1> Queues
I0714 09:33:17.911827       1 enqueue.go:79] Try to enqueue PodGroup to 0 Queues
I0714 09:33:17.911891       1 allocate.go:64] Try to allocate resource to 0 Queues
I0714 09:33:17.912086       1 session.go:244] Close Session 1be0abf3-a28c-49ee-b0fc-d7bdc69608ad
I0714 09:33:18.914404       1 cache.go:1363] There are <0> Jobs, <1> Queues and <5> Nodes in total for scheduling.
I0714 09:33:18.914581       1 session.go:190] Open Session 1853f75a-67e2-442e-8c60-afe2eda53acb with <0> Job and <1> Queues
I0714 09:33:18.916387       1 enqueue.go:79] Try to enqueue PodGroup to 0 Queues
I0714 09:33:18.916459       1 allocate.go:64] Try to allocate resource to 0 Queues
I0714 09:33:18.916693       1 session.go:244] Close Session 1853f75a-67e2-442e-8c60-afe2eda53acb
I0714 09:33:19.918735       1 cache.go:1363] There are <0> Jobs, <1> Queues and <5> Nodes in total for scheduling.
I0714 09:33:19.918919       1 session.go:190] Open Session f85d4696-849f-46b6-9731-33d9f183b5a7 with <0> Job and <1> Queues
I0714 09:33:19.921189       1 enqueue.go:79] Try to enqueue PodGroup to 0 Queues
I0714 09:33:19.921268       1 allocate.go:64] Try to allocate resource to 0 Queues
I0714 09:33:19.921503       1 session.go:244] Close Session f85d4696-849f-46b6-9731-33d9f183b5a7
I0714 09:33:20.923882       1 cache.go:1363] There are <0> Jobs, <1> Queues and <5> Nodes in total for scheduling.
I0714 09:33:20.924063       1 session.go:190] Open Session 5ca2149c-171e-4801-a671-49164d6bf867 with <0> Job and <1> Queues
I0714 09:33:20.925851       1 enqueue.go:79] Try to enqueue PodGroup to 0 Queues
I0714 09:33:20.925934       1 allocate.go:64] Try to allocate resource to 0 Queues
I0714 09:33:20.926156       1 session.go:244] Close Session 5ca2149c-171e-4801-a671-49164d6bf867
I0714 09:33:21.929088       1 cache.go:1363] There are <0> Jobs, <1> Queues and <5> Nodes in total for scheduling.
I0714 09:33:21.929273       1 session.go:190] Open Session 3cb4f14b-7e36-4ca1-8d78-ebe79996ba6b with <0> Job and <1> Queues
I0714 09:33:21.931047       1 enqueue.go:79] Try to enqueue PodGroup to 0 Queues
I0714 09:33:21.931125       1 allocate.go:64] Try to allocate resource to 0 Queues
I0714 09:33:21.931345       1 session.go:244] Close Session 3cb4f14b-7e36-4ca1-8d78-ebe79996ba6b
I0714 09:33:22.934436       1 cache.go:1363] There are <0> Jobs, <1> Queues and <5> Nodes in total for scheduling.
I0714 09:33:22.934613       1 session.go:190] Open Session a5cd842c-c951-41c5-8dd3-02705d6bd24b with <0> Job and <1> Queues
I0714 09:33:22.936466       1 enqueue.go:79] Try to enqueue PodGroup to 0 Queues
I0714 09:33:22.936543       1 allocate.go:64] Try to allocate resource to 0 Queues
I0714 09:33:22.936740       1 session.go:244] Close Session a5cd842c-c951-41c5-8dd3-02705d6bd24b
I0714 09:33:23.938857       1 cache.go:1363] There are <0> Jobs, <1> Queues and <5> Nodes in total for scheduling.
I0714 09:33:23.939022       1 session.go:190] Open Session 0caf8919-8495-4d27-8352-22bd466af301 with <0> Job and <1> Queues
I0714 09:33:23.940850       1 enqueue.go:79] Try to enqueue PodGroup to 0 Queues
I0714 09:33:23.941063       1 allocate.go:64] Try to allocate resource to 0 Queues
I0714 09:33:23.941293       1 session.go:244] Close Session 0caf8919-8495-4d27-8352-22bd466af301
I0714 09:33:24.943384       1 cache.go:1363] There are <0> Jobs, <1> Queues and <5> Nodes in total for scheduling.
I0714 09:33:24.943560       1 session.go:190] Open Session 6993f92f-3e5d-44e5-a6bc-ccbd06bef598 with <0> Job and <1> Queues
I0714 09:33:24.945387       1 enqueue.go:79] Try to enqueue PodGroup to 0 Queues
I0714 09:33:24.945464       1 allocate.go:64] Try to allocate resource to 0 Queues
I0714 09:33:24.945681       1 session.go:244] Close Session 6993f92f-3e5d-44e5-a6bc-ccbd06bef598
I0714 09:33:25.948852       1 cache.go:1363] There are <0> Jobs, <1> Queues and <5> Nodes in total for scheduling.
I0714 09:33:25.949033       1 session.go:190] Open Session b4f94702-7193-4134-a01d-629ad86bdb54 with <0> Job and <1> Queues
I0714 09:33:25.950867       1 enqueue.go:79] Try to enqueue PodGroup to 0 Queues
I0714 09:33:25.950946       1 allocate.go:64] Try to allocate resource to 0 Queues
I0714 09:33:25.951163       1 session.go:244] Close Session b4f94702-7193-4134-a01d-629ad86bdb54
I0714 09:33:26.954000       1 cache.go:1363] There are <0> Jobs, <1> Queues and <5> Nodes in total for scheduling.
I0714 09:33:26.954158       1 session.go:190] Open Session 6da9d87a-758b-4d6b-84d3-541b76b485d1 with <0> Job and <1> Queues
I0714 09:33:26.955956       1 enqueue.go:79] Try to enqueue PodGroup to 0 Queues
I0714 09:33:26.956036       1 allocate.go:64] Try to allocate resource to 0 Queues
I0714 09:33:26.956271       1 session.go:244] Close Session 6da9d87a-758b-4d6b-84d3-541b76b485d1
I0714 09:33:27.959209       1 cache.go:1363] There are <0> Jobs, <1> Queues and <5> Nodes in total for scheduling.
I0714 09:33:27.959358       1 session.go:190] Open Session 8edc2f1c-b9b9-4ba9-83a0-3c9b46615862 with <0> Job and <1> Queues
I0714 09:33:27.961261       1 enqueue.go:79] Try to enqueue PodGroup to 0 Queues
I0714 09:33:27.961332       1 allocate.go:64] Try to allocate resource to 0 Queues
I0714 09:33:27.961566       1 session.go:244] Close Session 8edc2f1c-b9b9-4ba9-83a0-3c9b46615862
I0714 09:33:28.964552       1 cache.go:1363] There are <0> Jobs, <1> Queues and <5> Nodes in total for scheduling.
I0714 09:33:28.964710       1 session.go:190] Open Session ac8cb917-22e3-474d-b133-b2094038f1e4 with <0> Job and <1> Queues
I0714 09:33:28.966419       1 enqueue.go:79] Try to enqueue PodGroup to 0 Queues
I0714 09:33:28.966511       1 allocate.go:64] Try to allocate resource to 0 Queues
I0714 09:33:28.966740       1 session.go:244] Close Session ac8cb917-22e3-474d-b133-b2094038f1e4
I0714 09:33:29.969521       1 cache.go:1363] There are <0> Jobs, <1> Queues and <5> Nodes in total for scheduling.
I0714 09:33:29.969686       1 session.go:190] Open Session 1b7d82d2-5c02-41b6-8d25-f3b5718f344c with <0> Job and <1> Queues
I0714 09:33:29.971465       1 enqueue.go:79] Try to enqueue PodGroup to 0 Queues
I0714 09:33:29.971547       1 allocate.go:64] Try to allocate resource to 0 Queues
I0714 09:33:29.971779       1 session.go:244] Close Session 1b7d82d2-5c02-41b6-8d25-f3b5718f344c
I0714 09:33:30.974554       1 cache.go:1363] There are <0> Jobs, <1> Queues and <5> Nodes in total for scheduling.
I0714 09:33:30.974723       1 session.go:190] Open Session f8007611-22a4-4566-8edf-ea7164ccc46c with <0> Job and <1> Queues
I0714 09:33:30.976516       1 enqueue.go:79] Try to enqueue PodGroup to 0 Queues
I0714 09:33:30.976600       1 allocate.go:64] Try to allocate resource to 0 Queues
I0714 09:33:30.976817       1 session.go:244] Close Session f8007611-22a4-4566-8edf-ea7164ccc46c
W0714 09:33:31.491728       1 event_handlers.go:181] Not support non-csi pvc.
I0714 09:33:31.491819       1 event_handlers.go:387] Added pod <default/yolo-cls> into cache.
W0714 09:33:31.517616       1 event_handlers.go:181] Not support non-csi pvc.
I0714 09:33:31.982437       1 cache.go:1363] There are <1> Jobs, <1> Queues and <5> Nodes in total for scheduling.
I0714 09:33:31.982698       1 session.go:190] Open Session 118b8586-59ee-44aa-bcfa-7b29b309feda with <1> Job and <1> Queues
I0714 09:33:31.985293       1 enqueue.go:79] Try to enqueue PodGroup to 1 Queues
I0714 09:33:31.985629       1 allocate.go:64] Try to allocate resource to 1 Queues
I0714 09:33:31.985679       1 allocate.go:129] Try to allocate resource to Jobs in Queue <default>
I0714 09:33:31.985716       1 allocate.go:161] Try to allocate resource to 1 tasks of Job <default/podgroup-18244ea0-81db-44c1-bc9f-c76df32708be>
I0714 09:33:31.985768       1 allocate.go:181] There are <5> nodes for Job <default/podgroup-18244ea0-81db-44c1-bc9f-c76df32708be>
I0714 09:33:31.986095       1 predicate_helper.go:75] Predicates failed: task default/yolo-cls on node gpu-master fit failed: Insufficient nvidia.com/gpu
I0714 09:33:31.986718       1 predicate_helper.go:75] Predicates failed: task default/yolo-cls on node gpuorin4-desktop fit failed: plugin NodeAffinity predicates failed node(s) didn't match Pod's node affinity/selector
I0714 09:33:31.986819       1 predicate_helper.go:75] Predicates failed: task default/yolo-cls on node gpuorin5-desktop fit failed: plugin NodeAffinity predicates failed node(s) didn't match Pod's node affinity/selector
I0714 09:33:31.987717       1 allocate.go:249] Binding Task <default/yolo-cls> to node <gpu-orin2>
I0714 09:33:31.987915       1 statement.go:266] After allocated Task <default/yolo-cls> to Node <gpu-orin2>: idle <cpu 5900.00, memory 7832690688.00, hugepages-1Gi 0.00, hugepages-32Mi 0.00, nvidia.com/gpu 4000.00, pods 105.00, ephemeral-storage 225118140453000.00, hugepages-2Mi 0.00, hugepages-64Ki 0.00>, used <cpu 100.00, memory 52428800.00, pods 5.00, nvidia.com/gpu 1000.00>, releasing <cpu 0.00, memory 0.00>
I0714 09:33:31.988469       1 statement.go:284] Allocating operations ...
I0714 09:33:31.988614       1 statement.go:378] Committing operations ...
I0714 09:33:31.988747       1 proportion.go:302] Queue <default>: deserved <cpu 0.00, memory 0.00, nvidia.com/gpu 1000.00, pods 1.00>, allocated <cpu 0.00, memory 0.00, nvidia.com/gpu 1000.00, pods 1.00>, share <1>
I0714 09:33:31.988818       1 allocate.go:125] Queue <default> is overused, ignore it.
I0714 09:33:32.015165       1 cache.go:900] bind ok, latency 22.347681ms
W0714 09:33:32.017693       1 event_handlers.go:181] Not support non-csi pvc.
I0714 09:33:32.021783       1 session.go:244] Close Session 118b8586-59ee-44aa-bcfa-7b29b309feda
W0714 09:33:32.056546       1 event_handlers.go:181] Not support non-csi pvc.
W0714 09:33:32.199830       1 event_handlers.go:181] Not support non-csi pvc.
I0714 09:33:32.206228       1 event_handlers.go:442] Deleted pod <default/yolo-cls> from cache.
I0714 09:33:32.221891       1 cache.go:1013] Try to delete Job <default/podgroup-18244ea0-81db-44c1-bc9f-c76df32708be:default/podgroup-18244ea0-81db-44c1-bc9f-c76df32708be>
I0714 09:33:32.222100       1 cache.go:1054] Job <default/podgroup-18244ea0-81db-44c1-bc9f-c76df32708be:default/podgroup-18244ea0-81db-44c1-bc9f-c76df32708be> was deleted.
W0714 09:33:32.341680       1 event_handlers.go:181] Not support non-csi pvc.
I0714 09:33:32.341776       1 event_handlers.go:387] Added pod <default/yolo-cls> into cache.
W0714 09:33:32.370326       1 event_handlers.go:181] Not support non-csi pvc.
I0714 09:33:33.024938       1 cache.go:1363] There are <0> Jobs, <1> Queues and <5> Nodes in total for scheduling.
I0714 09:33:33.025102       1 session.go:190] Open Session f2c3ef56-26e6-4556-9c8b-61e2533f5386 with <0> Job and <1> Queues
I0714 09:33:33.027197       1 enqueue.go:79] Try to enqueue PodGroup to 0 Queues
I0714 09:33:33.027280       1 allocate.go:64] Try to allocate resource to 0 Queues
I0714 09:33:33.027514       1 session.go:244] Close Session f2c3ef56-26e6-4556-9c8b-61e2533f5386
I0714 09:33:34.030096       1 cache.go:1363] There are <0> Jobs, <1> Queues and <5> Nodes in total for scheduling.
I0714 09:33:34.030268       1 session.go:190] Open Session 1ff483dc-67eb-4bd1-8836-f7f77df4b281 with <0> Job and <1> Queues
I0714 09:33:34.032172       1 enqueue.go:79] Try to enqueue PodGroup to 0 Queues
I0714 09:33:34.032248       1 allocate.go:64] Try to allocate resource to 0 Queues
I0714 09:33:34.032638       1 session.go:244] Close Session 1ff483dc-67eb-4bd1-8836-f7f77df4b281
I0714 09:33:35.035417       1 cache.go:1363] There are <0> Jobs, <1> Queues and <5> Nodes in total for scheduling.
I0714 09:33:35.035598       1 session.go:190] Open Session dcbadb07-51ac-4149-af7e-2041d58c1fe1 with <0> Job and <1> Queues
I0714 09:33:35.037455       1 enqueue.go:79] Try to enqueue PodGroup to 0 Queues
I0714 09:33:35.037540       1 allocate.go:64] Try to allocate resource to 0 Queues
I0714 09:33:35.037744       1 session.go:244] Close Session dcbadb07-51ac-4149-af7e-2041d58c1fe1
W0714 09:33:35.039132       1 event_handlers.go:181] Not support non-csi pvc.
I0714 09:33:36.040073       1 cache.go:1363] There are <0> Jobs, <1> Queues and <5> Nodes in total for scheduling.
I0714 09:33:36.040242       1 session.go:190] Open Session 31539c3f-e4d3-4b5f-b065-8985cc1208ee with <0> Job and <1> Queues
I0714 09:33:36.042228       1 enqueue.go:79] Try to enqueue PodGroup to 0 Queues
I0714 09:33:36.042299       1 allocate.go:64] Try to allocate resource to 0 Queues
I0714 09:33:36.042508       1 session.go:244] Close Session 31539c3f-e4d3-4b5f-b065-8985cc1208ee
I0714 09:33:36.677020       1 cache.go:1489] The metrics type is not set in the volcano scheduler configmap file. As a result, the CPU and memory load information of the node is not collected.
I0714 09:33:37.045321       1 cache.go:1363] There are <0> Jobs, <1> Queues and <5> Nodes in total for scheduling.
I0714 09:33:37.045479       1 session.go:190] Open Session f62c393b-f787-4cd1-9916-22f3c57c89c1 with <0> Job and <1> Queues
I0714 09:33:37.047289       1 enqueue.go:79] Try to enqueue PodGroup to 0 Queues
I0714 09:33:37.047357       1 allocate.go:64] Try to allocate resource to 0 Queues
I0714 09:33:37.047582       1 session.go:244] Close Session f62c393b-f787-4cd1-9916-22f3c57c89c1
I0714 09:33:38.049552       1 cache.go:1363] There are <0> Jobs, <1> Queues and <5> Nodes in total for scheduling.
I0714 09:33:38.049709       1 session.go:190] Open Session a0736c9c-3630-4151-a8ca-c1426716e32b with <0> Job and <1> Queues
I0714 09:33:38.051769       1 enqueue.go:79] Try to enqueue PodGroup to 0 Queues
I0714 09:33:38.051842       1 allocate.go:64] Try to allocate resource to 0 Queues
I0714 09:33:38.052059       1 session.go:244] Close Session a0736c9c-3630-4151-a8ca-c1426716e32b
I0714 09:33:39.054219       1 cache.go:1363] There are <0> Jobs, <1> Queues and <5> Nodes in total for scheduling.
I0714 09:33:39.054405       1 session.go:190] Open Session 5875b62b-d845-48db-9b74-796e2be87875 with <0> Job and <1> Queues
I0714 09:33:39.056164       1 enqueue.go:79] Try to enqueue PodGroup to 0 Queues
I0714 09:33:39.056242       1 allocate.go:64] Try to allocate resource to 0 Queues
I0714 09:33:39.056526       1 session.go:244] Close Session 5875b62b-d845-48db-9b74-796e2be87875
W0714 09:33:39.065078       1 event_handlers.go:181] Not support non-csi pvc.
I0714 09:33:39.065161       1 event_handlers.go:387] Added pod <default/yolo-det> into cache.
W0714 09:33:39.088467       1 event_handlers.go:181] Not support non-csi pvc.
I0714 09:33:40.059612       1 cache.go:1363] There are <1> Jobs, <1> Queues and <5> Nodes in total for scheduling.
I0714 09:33:40.059804       1 session.go:190] Open Session 574d080b-a650-48b6-9b46-b37b853792d4 with <1> Job and <1> Queues
I0714 09:33:40.062024       1 enqueue.go:79] Try to enqueue PodGroup to 1 Queues
I0714 09:33:40.062282       1 allocate.go:64] Try to allocate resource to 1 Queues
I0714 09:33:40.062341       1 allocate.go:129] Try to allocate resource to Jobs in Queue <default>
I0714 09:33:40.062383       1 allocate.go:161] Try to allocate resource to 1 tasks of Job <default/podgroup-c03124f4-62a1-4192-9b19-ac4e6cbb0479>
I0714 09:33:40.062423       1 allocate.go:181] There are <5> nodes for Job <default/podgroup-c03124f4-62a1-4192-9b19-ac4e6cbb0479>
I0714 09:33:40.062714       1 predicate_helper.go:75] Predicates failed: task default/yolo-det on node gpu-master fit failed: Insufficient nvidia.com/gpu
I0714 09:33:40.063061       1 predicate_helper.go:75] Predicates failed: task default/yolo-det on node gpuorin4-desktop fit failed: plugin NodeAffinity predicates failed node(s) didn't match Pod's node affinity/selector
I0714 09:33:40.063119       1 predicate_helper.go:75] Predicates failed: task default/yolo-det on node gpuorin5-desktop fit failed: plugin NodeAffinity predicates failed node(s) didn't match Pod's node affinity/selector
I0714 09:33:40.064015       1 allocate.go:249] Binding Task <default/yolo-det> to node <gpu-orin3>
I0714 09:33:40.064227       1 statement.go:266] After allocated Task <default/yolo-det> to Node <gpu-orin3>: idle <cpu 5900.00, memory 7832723456.00, ephemeral-storage 111715275387000.00, hugepages-2Mi 0.00, hugepages-64Ki 0.00, hugepages-1Gi 0.00, hugepages-32Mi 0.00, nvidia.com/gpu 4000.00, pods 105.00>, used <cpu 100.00, memory 52428800.00, pods 5.00, nvidia.com/gpu 1000.00>, releasing <cpu 0.00, memory 0.00>
I0714 09:33:40.064727       1 statement.go:284] Allocating operations ...
I0714 09:33:40.064851       1 statement.go:378] Committing operations ...
I0714 09:33:40.064971       1 proportion.go:302] Queue <default>: deserved <cpu 0.00, memory 0.00, pods 1.00, nvidia.com/gpu 1000.00>, allocated <cpu 0.00, memory 0.00, pods 1.00, nvidia.com/gpu 1000.00>, share <1>
I0714 09:33:40.065034       1 allocate.go:125] Queue <default> is overused, ignore it.
I0714 09:33:40.089400       1 cache.go:900] bind ok, latency 22.407491ms
W0714 09:33:40.091833       1 event_handlers.go:181] Not support non-csi pvc.
I0714 09:33:40.096454       1 session.go:244] Close Session 574d080b-a650-48b6-9b46-b37b853792d4
W0714 09:33:40.131020       1 event_handlers.go:181] Not support non-csi pvc.
W0714 09:33:40.313361       1 event_handlers.go:181] Not support non-csi pvc.
I0714 09:33:40.314435       1 event_handlers.go:442] Deleted pod <default/yolo-det> from cache.
I0714 09:33:40.320405       1 cache.go:1013] Try to delete Job <default/podgroup-c03124f4-62a1-4192-9b19-ac4e6cbb0479:default/podgroup-c03124f4-62a1-4192-9b19-ac4e6cbb0479>
I0714 09:33:40.320629       1 cache.go:1054] Job <default/podgroup-c03124f4-62a1-4192-9b19-ac4e6cbb0479:default/podgroup-c03124f4-62a1-4192-9b19-ac4e6cbb0479> was deleted.
W0714 09:33:40.434315       1 event_handlers.go:181] Not support non-csi pvc.
I0714 09:33:40.434426       1 event_handlers.go:387] Added pod <default/yolo-det> into cache.
W0714 09:33:40.472115       1 event_handlers.go:181] Not support non-csi pvc.
I0714 09:33:41.098812       1 cache.go:1363] There are <0> Jobs, <1> Queues and <5> Nodes in total for scheduling.
I0714 09:33:41.098972       1 session.go:190] Open Session 6a8f53f2-3681-40c9-baad-c5d8d44561d7 with <0> Job and <1> Queues
I0714 09:33:41.100798       1 enqueue.go:79] Try to enqueue PodGroup to 0 Queues
I0714 09:33:41.100874       1 allocate.go:64] Try to allocate resource to 0 Queues
I0714 09:33:41.101088       1 session.go:244] Close Session 6a8f53f2-3681-40c9-baad-c5d8d44561d7
I0714 09:33:42.103069       1 cache.go:1363] There are <0> Jobs, <1> Queues and <5> Nodes in total for scheduling.
I0714 09:33:42.103216       1 session.go:190] Open Session 92bec565-8ebd-48e3-a86e-01de3d3ae419 with <0> Job and <1> Queues
I0714 09:33:42.105084       1 enqueue.go:79] Try to enqueue PodGroup to 0 Queues
I0714 09:33:42.105156       1 allocate.go:64] Try to allocate resource to 0 Queues
I0714 09:33:42.105374       1 session.go:244] Close Session 92bec565-8ebd-48e3-a86e-01de3d3ae419
I0714 09:33:43.107947       1 cache.go:1363] There are <0> Jobs, <1> Queues and <5> Nodes in total for scheduling.
I0714 09:33:43.108094       1 session.go:190] Open Session c00e52fd-f619-4be7-b9e3-a2d7c899197b with <0> Job and <1> Queues
I0714 09:33:43.109894       1 enqueue.go:79] Try to enqueue PodGroup to 0 Queues
I0714 09:33:43.109967       1 allocate.go:64] Try to allocate resource to 0 Queues
I0714 09:33:43.110181       1 session.go:244] Close Session c00e52fd-f619-4be7-b9e3-a2d7c899197b
W0714 09:33:43.218074       1 event_handlers.go:181] Not support non-csi pvc.
I0714 09:33:44.112839       1 cache.go:1363] There are <0> Jobs, <1> Queues and <5> Nodes in total for scheduling.
I0714 09:33:44.113002       1 session.go:190] Open Session 5c52abc1-44d5-434f-b0ab-c4b1fbff215f with <0> Job and <1> Queues
I0714 09:33:44.114817       1 enqueue.go:79] Try to enqueue PodGroup to 0 Queues
I0714 09:33:44.114894       1 allocate.go:64] Try to allocate resource to 0 Queues
I0714 09:33:44.115127       1 session.go:244] Close Session 5c52abc1-44d5-434f-b0ab-c4b1fbff215f
I0714 09:33:45.117717       1 cache.go:1363] There are <0> Jobs, <1> Queues and <5> Nodes in total for scheduling.
I0714 09:33:45.117894       1 session.go:190] Open Session 8095c81a-434b-4db8-8ed6-fcba4846a0ba with <0> Job and <1> Queues
I0714 09:33:45.119854       1 enqueue.go:79] Try to enqueue PodGroup to 0 Queues
I0714 09:33:45.119938       1 allocate.go:64] Try to allocate resource to 0 Queues
I0714 09:33:45.120161       1 session.go:244] Close Session 8095c81a-434b-4db8-8ed6-fcba4846a0ba
I0714 09:33:46.122719       1 cache.go:1363] There are <0> Jobs, <1> Queues and <5> Nodes in total for scheduling.
I0714 09:33:46.122900       1 session.go:190] Open Session 3a79395e-e525-46a3-a846-21963f5a8294 with <0> Job and <1> Queues
I0714 09:33:46.124939       1 enqueue.go:79] Try to enqueue PodGroup to 0 Queues
I0714 09:33:46.125026       1 allocate.go:64] Try to allocate resource to 0 Queues
I0714 09:33:46.125258       1 session.go:244] Close Session 3a79395e-e525-46a3-a846-21963f5a8294
I0714 09:33:47.127578       1 cache.go:1363] There are <0> Jobs, <1> Queues and <5> Nodes in total for scheduling.
I0714 09:33:47.127753       1 session.go:190] Open Session 45909a52-9f06-4d83-8ed8-eb93a1e4bee1 with <0> Job and <1> Queues
I0714 09:33:47.129688       1 enqueue.go:79] Try to enqueue PodGroup to 0 Queues
I0714 09:33:47.129763       1 allocate.go:64] Try to allocate resource to 0 Queues
I0714 09:33:47.129996       1 session.go:244] Close Session 45909a52-9f06-4d83-8ed8-eb93a1e4bee1
W0714 09:33:47.208561       1 event_handlers.go:181] Not support non-csi pvc.
I0714 09:33:47.208663       1 event_handlers.go:387] Added pod <default/yolo-seg> into cache.
W0714 09:33:47.233018       1 event_handlers.go:181] Not support non-csi pvc.
I0714 09:33:48.132385       1 cache.go:1363] There are <1> Jobs, <1> Queues and <5> Nodes in total for scheduling.
I0714 09:33:48.132578       1 session.go:190] Open Session e163290b-0598-4632-99ea-62a3b7939876 with <1> Job and <1> Queues
I0714 09:33:48.134769       1 enqueue.go:79] Try to enqueue PodGroup to 1 Queues
I0714 09:33:48.134997       1 allocate.go:64] Try to allocate resource to 1 Queues
I0714 09:33:48.135048       1 allocate.go:129] Try to allocate resource to Jobs in Queue <default>
I0714 09:33:48.135085       1 allocate.go:161] Try to allocate resource to 1 tasks of Job <default/podgroup-1ab519d3-4445-4b12-bf18-21cbf842ed7f>
I0714 09:33:48.135123       1 allocate.go:181] There are <5> nodes for Job <default/podgroup-1ab519d3-4445-4b12-bf18-21cbf842ed7f>
I0714 09:33:48.135567       1 predicate_helper.go:75] Predicates failed: task default/yolo-seg on node gpu-master fit failed: Insufficient nvidia.com/gpu
I0714 09:33:48.135864       1 predicate_helper.go:75] Predicates failed: task default/yolo-seg on node gpuorin4-desktop fit failed: plugin NodeAffinity predicates failed node(s) didn't match Pod's node affinity/selector
I0714 09:33:48.135986       1 predicate_helper.go:75] Predicates failed: task default/yolo-seg on node gpuorin5-desktop fit failed: plugin NodeAffinity predicates failed node(s) didn't match Pod's node affinity/selector
I0714 09:33:48.136785       1 allocate.go:249] Binding Task <default/yolo-seg> to node <gpu-orin2>
I0714 09:33:48.136977       1 statement.go:266] After allocated Task <default/yolo-seg> to Node <gpu-orin2>: idle <cpu 5900.00, memory 7832690688.00, hugepages-2Mi 0.00, hugepages-64Ki 0.00, hugepages-1Gi 0.00, hugepages-32Mi 0.00, nvidia.com/gpu 3000.00, pods 104.00, ephemeral-storage 225118140453000.00>, used <cpu 100.00, memory 52428800.00, nvidia.com/gpu 2000.00, pods 6.00>, releasing <cpu 0.00, memory 0.00>
I0714 09:33:48.137403       1 statement.go:284] Allocating operations ...
I0714 09:33:48.137537       1 statement.go:378] Committing operations ...
I0714 09:33:48.137651       1 proportion.go:302] Queue <default>: deserved <cpu 0.00, memory 0.00, pods 1.00, nvidia.com/gpu 1000.00>, allocated <cpu 0.00, memory 0.00, pods 1.00, nvidia.com/gpu 1000.00>, share <1>
I0714 09:33:48.137712       1 allocate.go:125] Queue <default> is overused, ignore it.
I0714 09:33:48.153047       1 session.go:244] Close Session e163290b-0598-4632-99ea-62a3b7939876
I0714 09:33:48.158666       1 cache.go:900] bind ok, latency 11.635404ms
W0714 09:33:48.161422       1 event_handlers.go:181] Not support non-csi pvc.
W0714 09:33:48.216955       1 event_handlers.go:181] Not support non-csi pvc.
W0714 09:33:48.478865       1 event_handlers.go:181] Not support non-csi pvc.
I0714 09:33:48.482188       1 event_handlers.go:442] Deleted pod <default/yolo-seg> from cache.
I0714 09:33:48.498157       1 cache.go:1013] Try to delete Job <default/podgroup-1ab519d3-4445-4b12-bf18-21cbf842ed7f:default/podgroup-1ab519d3-4445-4b12-bf18-21cbf842ed7f>
I0714 09:33:48.498457       1 cache.go:1054] Job <default/podgroup-1ab519d3-4445-4b12-bf18-21cbf842ed7f:default/podgroup-1ab519d3-4445-4b12-bf18-21cbf842ed7f> was deleted.
W0714 09:33:48.643173       1 event_handlers.go:181] Not support non-csi pvc.
I0714 09:33:48.643340       1 event_handlers.go:387] Added pod <default/yolo-seg> into cache.
W0714 09:33:48.677004       1 event_handlers.go:181] Not support non-csi pvc.
I0714 09:33:49.156096       1 cache.go:1363] There are <0> Jobs, <1> Queues and <5> Nodes in total for scheduling.
I0714 09:33:49.156281       1 session.go:190] Open Session c17fc1bd-883c-471f-a1ee-62caa2a096f4 with <0> Job and <1> Queues
I0714 09:33:49.158121       1 enqueue.go:79] Try to enqueue PodGroup to 0 Queues
I0714 09:33:49.158192       1 allocate.go:64] Try to allocate resource to 0 Queues
I0714 09:33:49.158427       1 session.go:244] Close Session c17fc1bd-883c-471f-a1ee-62caa2a096f4
I0714 09:33:50.160992       1 cache.go:1363] There are <0> Jobs, <1> Queues and <5> Nodes in total for scheduling.
I0714 09:33:50.161166       1 session.go:190] Open Session 54ae4704-c84b-4beb-9af2-14ee4b89a4a2 with <0> Job and <1> Queues
I0714 09:33:50.162934       1 enqueue.go:79] Try to enqueue PodGroup to 0 Queues
I0714 09:33:50.163017       1 allocate.go:64] Try to allocate resource to 0 Queues
I0714 09:33:50.163223       1 session.go:244] Close Session 54ae4704-c84b-4beb-9af2-14ee4b89a4a2
W0714 09:33:51.105162       1 event_handlers.go:181] Not support non-csi pvc.
I0714 09:33:51.165441       1 cache.go:1363] There are <0> Jobs, <1> Queues and <5> Nodes in total for scheduling.
I0714 09:33:51.165598       1 session.go:190] Open Session 7484dec3-4cd3-4c1a-857d-817624d6e849 with <0> Job and <1> Queues
I0714 09:33:51.167493       1 enqueue.go:79] Try to enqueue PodGroup to 0 Queues
I0714 09:33:51.167586       1 allocate.go:64] Try to allocate resource to 0 Queues
I0714 09:33:51.167812       1 session.go:244] Close Session 7484dec3-4cd3-4c1a-857d-817624d6e849
I0714 09:33:52.169489       1 cache.go:1363] There are <0> Jobs, <1> Queues and <5> Nodes in total for scheduling.
I0714 09:33:52.169620       1 session.go:190] Open Session b53dbdd2-3e2f-4769-8cd2-168e57a3b78d with <0> Job and <1> Queues
I0714 09:33:52.172127       1 enqueue.go:79] Try to enqueue PodGroup to 0 Queues
I0714 09:33:52.172226       1 allocate.go:64] Try to allocate resource to 0 Queues
I0714 09:33:52.172516       1 session.go:244] Close Session b53dbdd2-3e2f-4769-8cd2-168e57a3b78d
I0714 09:33:53.174222       1 cache.go:1363] There are <0> Jobs, <1> Queues and <5> Nodes in total for scheduling.
I0714 09:33:53.174384       1 session.go:190] Open Session a9390e97-5056-4137-a397-49729301c919 with <0> Job and <1> Queues
I0714 09:33:53.176500       1 enqueue.go:79] Try to enqueue PodGroup to 0 Queues
I0714 09:33:53.176590       1 allocate.go:64] Try to allocate resource to 0 Queues
I0714 09:33:53.176815       1 session.go:244] Close Session a9390e97-5056-4137-a397-49729301c919
I0714 09:33:54.179010       1 cache.go:1363] There are <0> Jobs, <1> Queues and <5> Nodes in total for scheduling.
I0714 09:33:54.179196       1 session.go:190] Open Session ea82b810-530c-45ed-a3f3-e9a49aa99a18 with <0> Job and <1> Queues
I0714 09:33:54.181099       1 enqueue.go:79] Try to enqueue PodGroup to 0 Queues
I0714 09:33:54.181181       1 allocate.go:64] Try to allocate resource to 0 Queues
I0714 09:33:54.181393       1 session.go:244] Close Session ea82b810-530c-45ed-a3f3-e9a49aa99a18
W0714 09:33:54.840907       1 event_handlers.go:181] Not support non-csi pvc.
I0714 09:33:54.841014       1 event_handlers.go:387] Added pod <default/yolo-obb> into cache.
W0714 09:33:54.862542       1 event_handlers.go:181] Not support non-csi pvc.
I0714 09:33:55.184137       1 cache.go:1363] There are <1> Jobs, <1> Queues and <5> Nodes in total for scheduling.
I0714 09:33:55.184245       1 session.go:190] Open Session 7d93ae71-2589-4857-9b26-412780706316 with <1> Job and <1> Queues
I0714 09:33:55.186328       1 enqueue.go:79] Try to enqueue PodGroup to 1 Queues
I0714 09:33:55.186549       1 allocate.go:64] Try to allocate resource to 1 Queues
I0714 09:33:55.186604       1 allocate.go:129] Try to allocate resource to Jobs in Queue <default>
I0714 09:33:55.186638       1 allocate.go:161] Try to allocate resource to 1 tasks of Job <default/podgroup-9f0554f2-e00b-47f4-b594-b53125b84e69>
I0714 09:33:55.186676       1 allocate.go:181] There are <5> nodes for Job <default/podgroup-9f0554f2-e00b-47f4-b594-b53125b84e69>
I0714 09:33:55.186950       1 predicate_helper.go:75] Predicates failed: task default/yolo-obb on node gpu-master fit failed: Insufficient nvidia.com/gpu
I0714 09:33:55.187306       1 predicate_helper.go:75] Predicates failed: task default/yolo-obb on node gpuorin4-desktop fit failed: plugin NodeAffinity predicates failed node(s) didn't match Pod's node affinity/selector
I0714 09:33:55.187428       1 predicate_helper.go:75] Predicates failed: task default/yolo-obb on node gpuorin5-desktop fit failed: plugin NodeAffinity predicates failed node(s) didn't match Pod's node affinity/selector
I0714 09:33:55.188215       1 allocate.go:249] Binding Task <default/yolo-obb> to node <gpu-orin3>
I0714 09:33:55.188432       1 statement.go:266] After allocated Task <default/yolo-obb> to Node <gpu-orin3>: idle <cpu 5900.00, memory 7832723456.00, ephemeral-storage 111715275387000.00, hugepages-2Mi 0.00, hugepages-64Ki 0.00, pods 104.00, hugepages-1Gi 0.00, hugepages-32Mi 0.00, nvidia.com/gpu 3000.00>, used <cpu 100.00, memory 52428800.00, pods 6.00, nvidia.com/gpu 2000.00>, releasing <cpu 0.00, memory 0.00>
I0714 09:33:55.188794       1 statement.go:284] Allocating operations ...
I0714 09:33:55.188912       1 statement.go:378] Committing operations ...
I0714 09:33:55.189032       1 proportion.go:302] Queue <default>: deserved <cpu 0.00, memory 0.00, pods 1.00, nvidia.com/gpu 1000.00>, allocated <cpu 0.00, memory 0.00, nvidia.com/gpu 1000.00, pods 1.00>, share <1>
I0714 09:33:55.189087       1 allocate.go:125] Queue <default> is overused, ignore it.
I0714 09:33:55.207108       1 session.go:244] Close Session 7d93ae71-2589-4857-9b26-412780706316
I0714 09:33:55.220508       1 cache.go:900] bind ok, latency 13.077036ms
W0714 09:33:55.223335       1 event_handlers.go:181] Not support non-csi pvc.
W0714 09:33:55.255982       1 event_handlers.go:181] Not support non-csi pvc.
W0714 09:33:55.480496       1 event_handlers.go:181] Not support non-csi pvc.
I0714 09:33:55.485638       1 event_handlers.go:442] Deleted pod <default/yolo-obb> from cache.
I0714 09:33:55.495051       1 cache.go:1013] Try to delete Job <default/podgroup-9f0554f2-e00b-47f4-b594-b53125b84e69:default/podgroup-9f0554f2-e00b-47f4-b594-b53125b84e69>
I0714 09:33:55.495279       1 cache.go:1054] Job <default/podgroup-9f0554f2-e00b-47f4-b594-b53125b84e69:default/podgroup-9f0554f2-e00b-47f4-b594-b53125b84e69> was deleted.
W0714 09:33:55.635244       1 event_handlers.go:181] Not support non-csi pvc.
I0714 09:33:55.635355       1 event_handlers.go:387] Added pod <default/yolo-obb> into cache.
W0714 09:33:55.659667       1 event_handlers.go:181] Not support non-csi pvc.
I0714 09:33:56.209270       1 cache.go:1363] There are <0> Jobs, <1> Queues and <5> Nodes in total for scheduling.
I0714 09:33:56.209401       1 session.go:190] Open Session bc64886a-a304-4fea-abec-07e163badd57 with <0> Job and <1> Queues
I0714 09:33:56.211264       1 enqueue.go:79] Try to enqueue PodGroup to 0 Queues
I0714 09:33:56.211345       1 allocate.go:64] Try to allocate resource to 0 Queues
I0714 09:33:56.211551       1 session.go:244] Close Session bc64886a-a304-4fea-abec-07e163badd57
I0714 09:33:57.214388       1 cache.go:1363] There are <0> Jobs, <1> Queues and <5> Nodes in total for scheduling.
I0714 09:33:57.214539       1 session.go:190] Open Session cc75f736-7825-46c1-a916-7e1bad0d6c0d with <0> Job and <1> Queues
I0714 09:33:57.216688       1 enqueue.go:79] Try to enqueue PodGroup to 0 Queues
I0714 09:33:57.216769       1 allocate.go:64] Try to allocate resource to 0 Queues
I0714 09:33:57.216988       1 session.go:244] Close Session cc75f736-7825-46c1-a916-7e1bad0d6c0d
I0714 09:33:58.219660       1 cache.go:1363] There are <0> Jobs, <1> Queues and <5> Nodes in total for scheduling.
I0714 09:33:58.219790       1 session.go:190] Open Session fa362de7-0f47-43a7-95ab-5759b3e92989 with <0> Job and <1> Queues
I0714 09:33:58.221548       1 enqueue.go:79] Try to enqueue PodGroup to 0 Queues
I0714 09:33:58.221619       1 allocate.go:64] Try to allocate resource to 0 Queues
I0714 09:33:58.221892       1 session.go:244] Close Session fa362de7-0f47-43a7-95ab-5759b3e92989
W0714 09:33:58.279245       1 event_handlers.go:181] Not support non-csi pvc.
I0714 09:33:59.226265       1 cache.go:1363] There are <0> Jobs, <1> Queues and <5> Nodes in total for scheduling.
I0714 09:33:59.226523       1 session.go:190] Open Session d877cce7-65c5-4d27-ae8d-c7d7b963078a with <0> Job and <1> Queues
I0714 09:33:59.228878       1 enqueue.go:79] Try to enqueue PodGroup to 0 Queues
I0714 09:33:59.228961       1 allocate.go:64] Try to allocate resource to 0 Queues
I0714 09:33:59.229189       1 session.go:244] Close Session d877cce7-65c5-4d27-ae8d-c7d7b963078a
I0714 09:34:00.231332       1 cache.go:1363] There are <0> Jobs, <1> Queues and <5> Nodes in total for scheduling.
I0714 09:34:00.231512       1 session.go:190] Open Session dafcffc9-706e-4113-9bd2-26c6a84b12df with <0> Job and <1> Queues
I0714 09:34:00.233518       1 enqueue.go:79] Try to enqueue PodGroup to 0 Queues
I0714 09:34:00.233601       1 allocate.go:64] Try to allocate resource to 0 Queues
I0714 09:34:00.233840       1 session.go:244] Close Session dafcffc9-706e-4113-9bd2-26c6a84b12df
I0714 09:34:01.235935       1 cache.go:1363] There are <0> Jobs, <1> Queues and <5> Nodes in total for scheduling.
I0714 09:34:01.236077       1 session.go:190] Open Session d0603812-4f31-4cef-a00f-03c64b415cc3 with <0> Job and <1> Queues
I0714 09:34:01.237867       1 enqueue.go:79] Try to enqueue PodGroup to 0 Queues
I0714 09:34:01.237934       1 allocate.go:64] Try to allocate resource to 0 Queues
I0714 09:34:01.238136       1 session.go:244] Close Session d0603812-4f31-4cef-a00f-03c64b415cc3
I0714 09:34:02.241074       1 cache.go:1363] There are <0> Jobs, <1> Queues and <5> Nodes in total for scheduling.
I0714 09:34:02.241238       1 session.go:190] Open Session 4cb5fab6-2fae-45f1-88d5-56ea623090b5 with <0> Job and <1> Queues
I0714 09:34:02.243028       1 enqueue.go:79] Try to enqueue PodGroup to 0 Queues
I0714 09:34:02.243112       1 allocate.go:64] Try to allocate resource to 0 Queues
I0714 09:34:02.243317       1 session.go:244] Close Session 4cb5fab6-2fae-45f1-88d5-56ea623090b5
W0714 09:34:02.389729       1 event_handlers.go:181] Not support non-csi pvc.
I0714 09:34:02.389816       1 event_handlers.go:387] Added pod <default/yolo-pos> into cache.
W0714 09:34:02.415648       1 event_handlers.go:181] Not support non-csi pvc.
I0714 09:34:03.246686       1 cache.go:1363] There are <1> Jobs, <1> Queues and <5> Nodes in total for scheduling.
I0714 09:34:03.246874       1 session.go:190] Open Session f37582ed-d753-444c-a0e3-d28b73650a18 with <1> Job and <1> Queues
I0714 09:34:03.249491       1 enqueue.go:79] Try to enqueue PodGroup to 1 Queues
I0714 09:34:03.249762       1 allocate.go:64] Try to allocate resource to 1 Queues
I0714 09:34:03.249826       1 allocate.go:129] Try to allocate resource to Jobs in Queue <default>
I0714 09:34:03.249862       1 allocate.go:161] Try to allocate resource to 1 tasks of Job <default/podgroup-3a0be51f-fa11-4d22-8416-8be384d1f37e>
I0714 09:34:03.249904       1 allocate.go:181] There are <5> nodes for Job <default/podgroup-3a0be51f-fa11-4d22-8416-8be384d1f37e>
I0714 09:34:03.250250       1 predicate_helper.go:75] Predicates failed: task default/yolo-pos on node gpu-master fit failed: Insufficient nvidia.com/gpu
I0714 09:34:03.250546       1 predicate_helper.go:75] Predicates failed: task default/yolo-pos on node gpuorin5-desktop fit failed: plugin NodeAffinity predicates failed node(s) didn't match Pod's node affinity/selector
I0714 09:34:03.250570       1 predicate_helper.go:75] Predicates failed: task default/yolo-pos on node gpuorin4-desktop fit failed: plugin NodeAffinity predicates failed node(s) didn't match Pod's node affinity/selector
I0714 09:34:03.251373       1 allocate.go:249] Binding Task <default/yolo-pos> to node <gpu-orin2>
I0714 09:34:03.251593       1 statement.go:266] After allocated Task <default/yolo-pos> to Node <gpu-orin2>: idle <cpu 5900.00, memory 7832690688.00, ephemeral-storage 225118140453000.00, hugepages-1Gi 0.00, hugepages-32Mi 0.00, hugepages-2Mi 0.00, hugepages-64Ki 0.00, nvidia.com/gpu 2000.00, pods 103.00>, used <cpu 100.00, memory 52428800.00, pods 7.00, nvidia.com/gpu 3000.00>, releasing <cpu 0.00, memory 0.00>
I0714 09:34:03.252081       1 statement.go:284] Allocating operations ...
I0714 09:34:03.252212       1 statement.go:378] Committing operations ...
I0714 09:34:03.252379       1 proportion.go:302] Queue <default>: deserved <cpu 0.00, memory 0.00, nvidia.com/gpu 1000.00, pods 1.00>, allocated <cpu 0.00, memory 0.00, pods 1.00, nvidia.com/gpu 1000.00>, share <1>
I0714 09:34:03.252458       1 allocate.go:125] Queue <default> is overused, ignore it.
I0714 09:34:03.268029       1 session.go:244] Close Session f37582ed-d753-444c-a0e3-d28b73650a18
I0714 09:34:03.281300       1 cache.go:900] bind ok, latency 10.228491ms
W0714 09:34:03.284210       1 event_handlers.go:181] Not support non-csi pvc.
W0714 09:34:03.317917       1 event_handlers.go:181] Not support non-csi pvc.
W0714 09:34:03.642007       1 event_handlers.go:181] Not support non-csi pvc.
I0714 09:34:03.648868       1 event_handlers.go:442] Deleted pod <default/yolo-pos> from cache.
I0714 09:34:03.652100       1 cache.go:1013] Try to delete Job <default/podgroup-3a0be51f-fa11-4d22-8416-8be384d1f37e:default/podgroup-3a0be51f-fa11-4d22-8416-8be384d1f37e>
I0714 09:34:03.652400       1 cache.go:1054] Job <default/podgroup-3a0be51f-fa11-4d22-8416-8be384d1f37e:default/podgroup-3a0be51f-fa11-4d22-8416-8be384d1f37e> was deleted.
W0714 09:34:03.788505       1 event_handlers.go:181] Not support non-csi pvc.
I0714 09:34:03.788648       1 event_handlers.go:387] Added pod <default/yolo-pos> into cache.
W0714 09:34:03.834311       1 event_handlers.go:181] Not support non-csi pvc.
I0714 09:34:04.270702       1 cache.go:1363] There are <0> Jobs, <1> Queues and <5> Nodes in total for scheduling.
I0714 09:34:04.270887       1 session.go:190] Open Session a37843e4-05ee-4e66-b8c3-3a9fc13dfa27 with <0> Job and <1> Queues
I0714 09:34:04.272972       1 enqueue.go:79] Try to enqueue PodGroup to 0 Queues
I0714 09:34:04.273053       1 allocate.go:64] Try to allocate resource to 0 Queues
I0714 09:34:04.273269       1 session.go:244] Close Session a37843e4-05ee-4e66-b8c3-3a9fc13dfa27
I0714 09:34:05.275831       1 cache.go:1363] There are <0> Jobs, <1> Queues and <5> Nodes in total for scheduling.
I0714 09:34:05.276032       1 session.go:190] Open Session a61b8741-cd30-4c3b-9cdb-d5415f05dcdf with <0> Job and <1> Queues
I0714 09:34:05.278057       1 enqueue.go:79] Try to enqueue PodGroup to 0 Queues
I0714 09:34:05.278135       1 allocate.go:64] Try to allocate resource to 0 Queues
I0714 09:34:05.278349       1 session.go:244] Close Session a61b8741-cd30-4c3b-9cdb-d5415f05dcdf
W0714 09:34:06.205459       1 event_handlers.go:181] Not support non-csi pvc.
I0714 09:34:06.281273       1 cache.go:1363] There are <0> Jobs, <1> Queues and <5> Nodes in total for scheduling.
I0714 09:34:06.281397       1 session.go:190] Open Session 3564be1d-a260-4159-a757-5b1d974f69b6 with <0> Job and <1> Queues
I0714 09:34:06.283175       1 enqueue.go:79] Try to enqueue PodGroup to 0 Queues
I0714 09:34:06.283247       1 allocate.go:64] Try to allocate resource to 0 Queues
I0714 09:34:06.283474       1 session.go:244] Close Session 3564be1d-a260-4159-a757-5b1d974f69b6
I0714 09:34:06.677751       1 cache.go:1489] The metrics type is not set in the volcano scheduler configmap file. As a result, the CPU and memory load information of the node is not collected.
I0714 09:34:07.286418       1 cache.go:1363] There are <0> Jobs, <1> Queues and <5> Nodes in total for scheduling.
I0714 09:34:07.286598       1 session.go:190] Open Session 2a596148-09a3-4309-8ba5-3c43ab932b24 with <0> Job and <1> Queues
I0714 09:34:07.288521       1 enqueue.go:79] Try to enqueue PodGroup to 0 Queues
I0714 09:34:07.288596       1 allocate.go:64] Try to allocate resource to 0 Queues
I0714 09:34:07.288816       1 session.go:244] Close Session 2a596148-09a3-4309-8ba5-3c43ab932b24
I0714 09:34:08.291533       1 cache.go:1363] There are <0> Jobs, <1> Queues and <5> Nodes in total for scheduling.
I0714 09:34:08.291692       1 session.go:190] Open Session d6504c22-b384-45e5-8245-c7eee274d6ba with <0> Job and <1> Queues
I0714 09:34:08.293634       1 enqueue.go:79] Try to enqueue PodGroup to 0 Queues
I0714 09:34:08.293707       1 allocate.go:64] Try to allocate resource to 0 Queues
I0714 09:34:08.293928       1 session.go:244] Close Session d6504c22-b384-45e5-8245-c7eee274d6ba
I0714 09:34:09.296196       1 cache.go:1363] There are <0> Jobs, <1> Queues and <5> Nodes in total for scheduling.
I0714 09:34:09.296412       1 session.go:190] Open Session 95e92e0f-45ce-43fb-a3df-7840e649755a with <0> Job and <1> Queues
I0714 09:34:09.298181       1 enqueue.go:79] Try to enqueue PodGroup to 0 Queues
I0714 09:34:09.298221       1 allocate.go:64] Try to allocate resource to 0 Queues
I0714 09:34:09.298536       1 session.go:244] Close Session 95e92e0f-45ce-43fb-a3df-7840e649755a
I0714 09:34:10.301266       1 cache.go:1363] There are <0> Jobs, <1> Queues and <5> Nodes in total for scheduling.
I0714 09:34:10.301431       1 session.go:190] Open Session f6cf9d33-5aa7-4bb4-9784-d91ec2ee4b2a with <0> Job and <1> Queues
I0714 09:34:10.303755       1 enqueue.go:79] Try to enqueue PodGroup to 0 Queues
I0714 09:34:10.303842       1 allocate.go:64] Try to allocate resource to 0 Queues
I0714 09:34:10.304137       1 session.go:244] Close Session f6cf9d33-5aa7-4bb4-9784-d91ec2ee4b2a
I0714 09:34:11.307029       1 cache.go:1363] There are <0> Jobs, <1> Queues and <5> Nodes in total for scheduling.
I0714 09:34:11.307223       1 session.go:190] Open Session 71022551-2651-4330-a264-4f8c16023b06 with <0> Job and <1> Queues
I0714 09:34:11.309376       1 enqueue.go:79] Try to enqueue PodGroup to 0 Queues
I0714 09:34:11.309452       1 allocate.go:64] Try to allocate resource to 0 Queues
I0714 09:34:11.309678       1 session.go:244] Close Session 71022551-2651-4330-a264-4f8c16023b06
I0714 09:34:12.311939       1 cache.go:1363] There are <0> Jobs, <1> Queues and <5> Nodes in total for scheduling.
I0714 09:34:12.312101       1 session.go:190] Open Session e40dda44-f954-44be-8bd8-dfcd21d941bd with <0> Job and <1> Queues
I0714 09:34:12.313851       1 enqueue.go:79] Try to enqueue PodGroup to 0 Queues
I0714 09:34:12.313914       1 allocate.go:64] Try to allocate resource to 0 Queues
I0714 09:34:12.314124       1 session.go:244] Close Session e40dda44-f954-44be-8bd8-dfcd21d941bd
I0714 09:34:13.317080       1 cache.go:1363] There are <0> Jobs, <1> Queues and <5> Nodes in total for scheduling.
I0714 09:34:13.317278       1 session.go:190] Open Session 051d318a-bb64-4039-bdce-0fa69a51a6c5 with <0> Job and <1> Queues
I0714 09:34:13.319318       1 enqueue.go:79] Try to enqueue PodGroup to 0 Queues
I0714 09:34:13.319400       1 allocate.go:64] Try to allocate resource to 0 Queues
I0714 09:34:13.319646       1 session.go:244] Close Session 051d318a-bb64-4039-bdce-0fa69a51a6c5
I0714 09:34:14.322034       1 cache.go:1363] There are <0> Jobs, <1> Queues and <5> Nodes in total for scheduling.
I0714 09:34:14.322220       1 session.go:190] Open Session ad124ed7-64f7-4232-a835-dd4b890706fe with <0> Job and <1> Queues
I0714 09:34:14.324153       1 enqueue.go:79] Try to enqueue PodGroup to 0 Queues
I0714 09:34:14.324229       1 allocate.go:64] Try to allocate resource to 0 Queues
I0714 09:34:14.324490       1 session.go:244] Close Session ad124ed7-64f7-4232-a835-dd4b890706fe
I0714 09:34:15.326903       1 cache.go:1363] There are <0> Jobs, <1> Queues and <5> Nodes in total for scheduling.
I0714 09:34:15.327077       1 session.go:190] Open Session 7e884a29-941f-4e7a-a9aa-5cfbc0b0a639 with <0> Job and <1> Queues
I0714 09:34:15.329139       1 enqueue.go:79] Try to enqueue PodGroup to 0 Queues
I0714 09:34:15.329207       1 allocate.go:64] Try to allocate resource to 0 Queues
I0714 09:34:15.329430       1 session.go:244] Close Session 7e884a29-941f-4e7a-a9aa-5cfbc0b0a639
I0714 09:34:16.331764       1 cache.go:1363] There are <0> Jobs, <1> Queues and <5> Nodes in total for scheduling.
I0714 09:34:16.331947       1 session.go:190] Open Session ee35cf2c-8171-4d59-93c6-8d07e201c961 with <0> Job and <1> Queues
I0714 09:34:16.334061       1 enqueue.go:79] Try to enqueue PodGroup to 0 Queues
I0714 09:34:16.334137       1 allocate.go:64] Try to allocate resource to 0 Queues
I0714 09:34:16.334364       1 session.go:244] Close Session ee35cf2c-8171-4d59-93c6-8d07e201c961
I0714 09:34:17.336787       1 cache.go:1363] There are <0> Jobs, <1> Queues and <5> Nodes in total for scheduling.
I0714 09:34:17.336942       1 session.go:190] Open Session 413e3e64-ea62-446a-b255-3b592da92125 with <0> Job and <1> Queues
I0714 09:34:17.338917       1 enqueue.go:79] Try to enqueue PodGroup to 0 Queues
I0714 09:34:17.338992       1 allocate.go:64] Try to allocate resource to 0 Queues
I0714 09:34:17.339211       1 session.go:244] Close Session 413e3e64-ea62-446a-b255-3b592da92125
I0714 09:34:18.341676       1 cache.go:1363] There are <0> Jobs, <1> Queues and <5> Nodes in total for scheduling.
I0714 09:34:18.341812       1 session.go:190] Open Session 01b4b012-71ad-435f-b294-b9b550c86fe8 with <0> Job and <1> Queues
I0714 09:34:18.343546       1 enqueue.go:79] Try to enqueue PodGroup to 0 Queues
I0714 09:34:18.343619       1 allocate.go:64] Try to allocate resource to 0 Queues
I0714 09:34:18.343832       1 session.go:244] Close Session 01b4b012-71ad-435f-b294-b9b550c86fe8
I0714 09:34:19.346738       1 cache.go:1363] There are <0> Jobs, <1> Queues and <5> Nodes in total for scheduling.
I0714 09:34:19.346937       1 session.go:190] Open Session ea3f7805-974a-4cec-a19d-f0ee33f28af3 with <0> Job and <1> Queues
I0714 09:34:19.348899       1 enqueue.go:79] Try to enqueue PodGroup to 0 Queues
I0714 09:34:19.348976       1 allocate.go:64] Try to allocate resource to 0 Queues
I0714 09:34:19.349208       1 session.go:244] Close Session ea3f7805-974a-4cec-a19d-f0ee33f28af3
I0714 09:34:20.352194       1 cache.go:1363] There are <0> Jobs, <1> Queues and <5> Nodes in total for scheduling.
I0714 09:34:20.352385       1 session.go:190] Open Session b88de344-7a06-4fbd-8366-b3fa46a1fbf0 with <0> Job and <1> Queues
I0714 09:34:20.354190       1 enqueue.go:79] Try to enqueue PodGroup to 0 Queues
I0714 09:34:20.354272       1 allocate.go:64] Try to allocate resource to 0 Queues
I0714 09:34:20.354496       1 session.go:244] Close Session b88de344-7a06-4fbd-8366-b3fa46a1fbf0
I0714 09:34:21.357741       1 cache.go:1363] There are <0> Jobs, <1> Queues and <5> Nodes in total for scheduling.
I0714 09:34:21.357938       1 session.go:190] Open Session eaf6342c-36af-450c-8260-ae5e9d27969b with <0> Job and <1> Queues
I0714 09:34:21.359861       1 enqueue.go:79] Try to enqueue PodGroup to 0 Queues
I0714 09:34:21.359944       1 allocate.go:64] Try to allocate resource to 0 Queues
I0714 09:34:21.360155       1 session.go:244] Close Session eaf6342c-36af-450c-8260-ae5e9d27969b
I0714 09:34:22.362298       1 cache.go:1363] There are <0> Jobs, <1> Queues and <5> Nodes in total for scheduling.
I0714 09:34:22.362456       1 session.go:190] Open Session 09447e44-caee-4e4e-9320-8d31ef5e1310 with <0> Job and <1> Queues
I0714 09:34:22.364244       1 enqueue.go:79] Try to enqueue PodGroup to 0 Queues
I0714 09:34:22.364349       1 allocate.go:64] Try to allocate resource to 0 Queues
I0714 09:34:22.364571       1 session.go:244] Close Session 09447e44-caee-4e4e-9320-8d31ef5e1310
I0714 09:34:23.367289       1 cache.go:1363] There are <0> Jobs, <1> Queues and <5> Nodes in total for scheduling.
I0714 09:34:23.367460       1 session.go:190] Open Session a6f082a3-9916-4b42-a437-f7a950260862 with <0> Job and <1> Queues
I0714 09:34:23.369447       1 enqueue.go:79] Try to enqueue PodGroup to 0 Queues
I0714 09:34:23.369531       1 allocate.go:64] Try to allocate resource to 0 Queues
I0714 09:34:23.369744       1 session.go:244] Close Session a6f082a3-9916-4b42-a437-f7a950260862
I0714 09:34:24.372462       1 cache.go:1363] There are <0> Jobs, <1> Queues and <5> Nodes in total for scheduling.
I0714 09:34:24.372622       1 session.go:190] Open Session 2275bfbb-5289-46bb-bb05-5dc4d7a71b32 with <0> Job and <1> Queues
I0714 09:34:24.374467       1 enqueue.go:79] Try to enqueue PodGroup to 0 Queues
I0714 09:34:24.374543       1 allocate.go:64] Try to allocate resource to 0 Queues
I0714 09:34:24.374752       1 session.go:244] Close Session 2275bfbb-5289-46bb-bb05-5dc4d7a71b32
I0714 09:34:25.377429       1 cache.go:1363] There are <0> Jobs, <1> Queues and <5> Nodes in total for scheduling.
I0714 09:34:25.377621       1 session.go:190] Open Session e7d9cb7b-f604-4907-a755-8c17ebcbb728 with <0> Job and <1> Queues
I0714 09:34:25.379517       1 enqueue.go:79] Try to enqueue PodGroup to 0 Queues
I0714 09:34:25.379609       1 allocate.go:64] Try to allocate resource to 0 Queues
I0714 09:34:25.379831       1 session.go:244] Close Session e7d9cb7b-f604-4907-a755-8c17ebcbb728
I0714 09:34:26.382965       1 cache.go:1363] There are <0> Jobs, <1> Queues and <5> Nodes in total for scheduling.
I0714 09:34:26.383137       1 session.go:190] Open Session 9f7e70ff-38df-4d27-afb0-9ad04653a116 with <0> Job and <1> Queues
I0714 09:34:26.385097       1 enqueue.go:79] Try to enqueue PodGroup to 0 Queues
I0714 09:34:26.385176       1 allocate.go:64] Try to allocate resource to 0 Queues
I0714 09:34:26.385406       1 session.go:244] Close Session 9f7e70ff-38df-4d27-afb0-9ad04653a116
I0714 09:34:27.387400       1 cache.go:1363] There are <0> Jobs, <1> Queues and <5> Nodes in total for scheduling.
I0714 09:34:27.387560       1 session.go:190] Open Session 812a7ffe-a8bd-4d3a-b0c1-1b9ea7d57541 with <0> Job and <1> Queues
I0714 09:34:27.389508       1 enqueue.go:79] Try to enqueue PodGroup to 0 Queues
I0714 09:34:27.389584       1 allocate.go:64] Try to allocate resource to 0 Queues
I0714 09:34:27.389806       1 session.go:244] Close Session 812a7ffe-a8bd-4d3a-b0c1-1b9ea7d57541
I0714 09:34:28.392891       1 cache.go:1363] There are <0> Jobs, <1> Queues and <5> Nodes in total for scheduling.
I0714 09:34:28.393036       1 session.go:190] Open Session fbf87820-9d4f-4193-9fb9-370efd7591d5 with <0> Job and <1> Queues
I0714 09:34:28.395150       1 enqueue.go:79] Try to enqueue PodGroup to 0 Queues
I0714 09:34:28.395218       1 allocate.go:64] Try to allocate resource to 0 Queues
I0714 09:34:28.395432       1 session.go:244] Close Session fbf87820-9d4f-4193-9fb9-370efd7591d5
I0714 09:34:29.398350       1 cache.go:1363] There are <0> Jobs, <1> Queues and <5> Nodes in total for scheduling.
I0714 09:34:29.398522       1 session.go:190] Open Session 97a2bc33-3ae6-4b18-93d4-5e8842505047 with <0> Job and <1> Queues
I0714 09:34:29.400482       1 enqueue.go:79] Try to enqueue PodGroup to 0 Queues
I0714 09:34:29.400567       1 allocate.go:64] Try to allocate resource to 0 Queues
I0714 09:34:29.400804       1 session.go:244] Close Session 97a2bc33-3ae6-4b18-93d4-5e8842505047
I0714 09:34:30.403925       1 cache.go:1363] There are <0> Jobs, <1> Queues and <5> Nodes in total for scheduling.
I0714 09:34:30.404096       1 session.go:190] Open Session c4168a75-2e96-4ed9-8f0d-f2349b23ea6c with <0> Job and <1> Queues
I0714 09:34:30.406183       1 enqueue.go:79] Try to enqueue PodGroup to 0 Queues
I0714 09:34:30.406262       1 allocate.go:64] Try to allocate resource to 0 Queues
I0714 09:34:30.406490       1 session.go:244] Close Session c4168a75-2e96-4ed9-8f0d-f2349b23ea6c
I0714 09:34:31.409145       1 cache.go:1363] There are <0> Jobs, <1> Queues and <5> Nodes in total for scheduling.
I0714 09:34:31.409319       1 session.go:190] Open Session 17a0d451-818a-46aa-ad59-3684dd6ab1ec with <0> Job and <1> Queues
I0714 09:34:31.411192       1 enqueue.go:79] Try to enqueue PodGroup to 0 Queues
I0714 09:34:31.411267       1 allocate.go:64] Try to allocate resource to 0 Queues
I0714 09:34:31.411579       1 session.go:244] Close Session 17a0d451-818a-46aa-ad59-3684dd6ab1ec
I0714 09:34:32.414590       1 cache.go:1363] There are <0> Jobs, <1> Queues and <5> Nodes in total for scheduling.
I0714 09:34:32.414741       1 session.go:190] Open Session 1fc94548-7d82-404e-b32d-08ae39c2b39b with <0> Job and <1> Queues
I0714 09:34:32.416681       1 enqueue.go:79] Try to enqueue PodGroup to 0 Queues
I0714 09:34:32.416750       1 allocate.go:64] Try to allocate resource to 0 Queues
I0714 09:34:32.416970       1 session.go:244] Close Session 1fc94548-7d82-404e-b32d-08ae39c2b39b
I0714 09:34:33.419475       1 cache.go:1363] There are <0> Jobs, <1> Queues and <5> Nodes in total for scheduling.
I0714 09:34:33.419645       1 session.go:190] Open Session d14c21cf-868f-47f9-9187-b710c5dd9858 with <0> Job and <1> Queues
I0714 09:34:33.421662       1 enqueue.go:79] Try to enqueue PodGroup to 0 Queues
I0714 09:34:33.421750       1 allocate.go:64] Try to allocate resource to 0 Queues
I0714 09:34:33.421973       1 session.go:244] Close Session d14c21cf-868f-47f9-9187-b710c5dd9858
I0714 09:34:34.424756       1 cache.go:1363] There are <0> Jobs, <1> Queues and <5> Nodes in total for scheduling.
I0714 09:34:34.424957       1 session.go:190] Open Session 1faf4f37-d8d0-4418-8a03-5f36b5c390f2 with <0> Job and <1> Queues
I0714 09:34:34.427315       1 enqueue.go:79] Try to enqueue PodGroup to 0 Queues
I0714 09:34:34.427406       1 allocate.go:64] Try to allocate resource to 0 Queues
I0714 09:34:34.427623       1 session.go:244] Close Session 1faf4f37-d8d0-4418-8a03-5f36b5c390f2
I0714 09:34:35.430039       1 cache.go:1363] There are <0> Jobs, <1> Queues and <5> Nodes in total for scheduling.
I0714 09:34:35.430211       1 session.go:190] Open Session c8950e04-9786-4433-a461-1d7077f81916 with <0> Job and <1> Queues
I0714 09:34:35.432161       1 enqueue.go:79] Try to enqueue PodGroup to 0 Queues
I0714 09:34:35.432234       1 allocate.go:64] Try to allocate resource to 0 Queues
I0714 09:34:35.432522       1 session.go:244] Close Session c8950e04-9786-4433-a461-1d7077f81916
I0714 09:34:36.435287       1 cache.go:1363] There are <0> Jobs, <1> Queues and <5> Nodes in total for scheduling.
I0714 09:34:36.435448       1 session.go:190] Open Session 63b8ba5c-ea8b-49de-8ae2-39df6299b8fe with <0> Job and <1> Queues
I0714 09:34:36.437529       1 enqueue.go:79] Try to enqueue PodGroup to 0 Queues
I0714 09:34:36.437602       1 allocate.go:64] Try to allocate resource to 0 Queues
I0714 09:34:36.437814       1 session.go:244] Close Session 63b8ba5c-ea8b-49de-8ae2-39df6299b8fe
I0714 09:34:36.678397       1 cache.go:1489] The metrics type is not set in the volcano scheduler configmap file. As a result, the CPU and memory load information of the node is not collected.
I0714 09:34:37.440362       1 cache.go:1363] There are <0> Jobs, <1> Queues and <5> Nodes in total for scheduling.
I0714 09:34:37.440519       1 session.go:190] Open Session e6c2d701-3ade-45c9-8ce1-f2113e618ef3 with <0> Job and <1> Queues
I0714 09:34:37.448189       1 enqueue.go:79] Try to enqueue PodGroup to 0 Queues
I0714 09:34:37.448415       1 allocate.go:64] Try to allocate resource to 0 Queues
I0714 09:34:37.448703       1 session.go:244] Close Session e6c2d701-3ade-45c9-8ce1-f2113e618ef3
I0714 09:34:38.451194       1 cache.go:1363] There are <0> Jobs, <1> Queues and <5> Nodes in total for scheduling.
I0714 09:34:38.451359       1 session.go:190] Open Session 88b79866-a31f-4cc1-9bd7-210922638d80 with <0> Job and <1> Queues
I0714 09:34:38.453981       1 enqueue.go:79] Try to enqueue PodGroup to 0 Queues
I0714 09:34:38.454076       1 allocate.go:64] Try to allocate resource to 0 Queues
I0714 09:34:38.454314       1 session.go:244] Close Session 88b79866-a31f-4cc1-9bd7-210922638d80
I0714 09:34:39.457305       1 cache.go:1363] There are <0> Jobs, <1> Queues and <5> Nodes in total for scheduling.
I0714 09:34:39.457477       1 session.go:190] Open Session f67be4b1-8522-4438-ab16-5a235b446e6f with <0> Job and <1> Queues
I0714 09:34:39.459409       1 enqueue.go:79] Try to enqueue PodGroup to 0 Queues
I0714 09:34:39.459477       1 allocate.go:64] Try to allocate resource to 0 Queues
I0714 09:34:39.459718       1 session.go:244] Close Session f67be4b1-8522-4438-ab16-5a235b446e6f
I0714 09:34:40.461948       1 cache.go:1363] There are <0> Jobs, <1> Queues and <5> Nodes in total for scheduling.
I0714 09:34:40.462113       1 session.go:190] Open Session 78b4f711-df04-47d2-bce6-cda22716a4f3 with <0> Job and <1> Queues
I0714 09:34:40.463837       1 enqueue.go:79] Try to enqueue PodGroup to 0 Queues
I0714 09:34:40.463911       1 allocate.go:64] Try to allocate resource to 0 Queues
I0714 09:34:40.464120       1 session.go:244] Close Session 78b4f711-df04-47d2-bce6-cda22716a4f3
I0714 09:34:41.466467       1 cache.go:1363] There are <0> Jobs, <1> Queues and <5> Nodes in total for scheduling.
I0714 09:34:41.466670       1 session.go:190] Open Session ef98fe8d-3c7e-428e-87cc-1a518251cae6 with <0> Job and <1> Queues
I0714 09:34:41.468713       1 enqueue.go:79] Try to enqueue PodGroup to 0 Queues
I0714 09:34:41.468788       1 allocate.go:64] Try to allocate resource to 0 Queues
I0714 09:34:41.469020       1 session.go:244] Close Session ef98fe8d-3c7e-428e-87cc-1a518251cae6
I0714 09:34:42.471547       1 cache.go:1363] There are <0> Jobs, <1> Queues and <5> Nodes in total for scheduling.
I0714 09:34:42.471705       1 session.go:190] Open Session 2d791512-514c-4236-83a8-ab39923a8648 with <0> Job and <1> Queues
I0714 09:34:42.473646       1 enqueue.go:79] Try to enqueue PodGroup to 0 Queues
I0714 09:34:42.473726       1 allocate.go:64] Try to allocate resource to 0 Queues
I0714 09:34:42.473945       1 session.go:244] Close Session 2d791512-514c-4236-83a8-ab39923a8648
I0714 09:34:43.476775       1 cache.go:1363] There are <0> Jobs, <1> Queues and <5> Nodes in total for scheduling.
I0714 09:34:43.476943       1 session.go:190] Open Session ae55a1ca-bc4e-44b4-8116-f03392c199e5 with <0> Job and <1> Queues
I0714 09:34:43.478844       1 enqueue.go:79] Try to enqueue PodGroup to 0 Queues
I0714 09:34:43.478917       1 allocate.go:64] Try to allocate resource to 0 Queues
I0714 09:34:43.479135       1 session.go:244] Close Session ae55a1ca-bc4e-44b4-8116-f03392c199e5
I0714 09:34:44.482130       1 cache.go:1363] There are <0> Jobs, <1> Queues and <5> Nodes in total for scheduling.
I0714 09:34:44.482302       1 session.go:190] Open Session aff1d54f-a34c-4e6f-a481-d4ebe700094a with <0> Job and <1> Queues
I0714 09:34:44.484099       1 enqueue.go:79] Try to enqueue PodGroup to 0 Queues
I0714 09:34:44.484172       1 allocate.go:64] Try to allocate resource to 0 Queues
I0714 09:34:44.484404       1 session.go:244] Close Session aff1d54f-a34c-4e6f-a481-d4ebe700094a
I0714 09:34:45.486269       1 cache.go:1363] There are <0> Jobs, <1> Queues and <5> Nodes in total for scheduling.
I0714 09:34:45.486352       1 session.go:190] Open Session 0cd76bae-a342-440a-92cd-69062518d672 with <0> Job and <1> Queues
I0714 09:34:45.487182       1 enqueue.go:79] Try to enqueue PodGroup to 0 Queues
I0714 09:34:45.487224       1 allocate.go:64] Try to allocate resource to 0 Queues
I0714 09:34:45.487328       1 session.go:244] Close Session 0cd76bae-a342-440a-92cd-69062518d672
I0714 09:34:46.490330       1 cache.go:1363] There are <0> Jobs, <1> Queues and <5> Nodes in total for scheduling.
I0714 09:34:46.490500       1 session.go:190] Open Session 474f3e51-42cc-4eea-b368-17daa9443f3b with <0> Job and <1> Queues
I0714 09:34:46.492392       1 enqueue.go:79] Try to enqueue PodGroup to 0 Queues
I0714 09:34:46.492474       1 allocate.go:64] Try to allocate resource to 0 Queues
I0714 09:34:46.492700       1 session.go:244] Close Session 474f3e51-42cc-4eea-b368-17daa9443f3b
I0714 09:34:47.495813       1 cache.go:1363] There are <0> Jobs, <1> Queues and <5> Nodes in total for scheduling.
I0714 09:34:47.495977       1 session.go:190] Open Session 1918e1e8-01b2-4724-ac5a-1496f2cd95d7 with <0> Job and <1> Queues
I0714 09:34:47.497850       1 enqueue.go:79] Try to enqueue PodGroup to 0 Queues
I0714 09:34:47.497935       1 allocate.go:64] Try to allocate resource to 0 Queues
I0714 09:34:47.498142       1 session.go:244] Close Session 1918e1e8-01b2-4724-ac5a-1496f2cd95d7
I0714 09:34:48.501079       1 cache.go:1363] There are <0> Jobs, <1> Queues and <5> Nodes in total for scheduling.
I0714 09:34:48.501241       1 session.go:190] Open Session e634afd1-b12f-44c0-bf79-05ec68c6b717 with <0> Job and <1> Queues
I0714 09:34:48.503093       1 enqueue.go:79] Try to enqueue PodGroup to 0 Queues
I0714 09:34:48.503173       1 allocate.go:64] Try to allocate resource to 0 Queues
I0714 09:34:48.503379       1 session.go:244] Close Session e634afd1-b12f-44c0-bf79-05ec68c6b717
I0714 09:34:49.505835       1 cache.go:1363] There are <0> Jobs, <1> Queues and <5> Nodes in total for scheduling.
I0714 09:34:49.506012       1 session.go:190] Open Session a0cc7a21-2ada-470d-8d67-38b72b8b1736 with <0> Job and <1> Queues
I0714 09:34:49.508327       1 enqueue.go:79] Try to enqueue PodGroup to 0 Queues
I0714 09:34:49.508415       1 allocate.go:64] Try to allocate resource to 0 Queues
I0714 09:34:49.508673       1 session.go:244] Close Session a0cc7a21-2ada-470d-8d67-38b72b8b1736
I0714 09:34:50.510110       1 cache.go:1363] There are <0> Jobs, <1> Queues and <5> Nodes in total for scheduling.
I0714 09:34:50.510201       1 session.go:190] Open Session 7e442f88-75ca-4ef1-bd9b-1cfe8c876dba with <0> Job and <1> Queues
I0714 09:34:50.511188       1 enqueue.go:79] Try to enqueue PodGroup to 0 Queues
I0714 09:34:50.511244       1 allocate.go:64] Try to allocate resource to 0 Queues
I0714 09:34:50.511361       1 session.go:244] Close Session 7e442f88-75ca-4ef1-bd9b-1cfe8c876dba
I0714 09:34:51.514479       1 cache.go:1363] There are <0> Jobs, <1> Queues and <5> Nodes in total for scheduling.
I0714 09:34:51.514675       1 session.go:190] Open Session ffc11f67-92e0-435f-9947-e2f8f1a91db3 with <0> Job and <1> Queues
I0714 09:34:51.516682       1 enqueue.go:79] Try to enqueue PodGroup to 0 Queues
I0714 09:34:51.516763       1 allocate.go:64] Try to allocate resource to 0 Queues
I0714 09:34:51.516986       1 session.go:244] Close Session ffc11f67-92e0-435f-9947-e2f8f1a91db3
I0714 09:34:52.519749       1 cache.go:1363] There are <0> Jobs, <1> Queues and <5> Nodes in total for scheduling.
I0714 09:34:52.519916       1 session.go:190] Open Session e9bf63c5-c630-47ca-8bf5-39a619c684f1 with <0> Job and <1> Queues
I0714 09:34:52.521811       1 enqueue.go:79] Try to enqueue PodGroup to 0 Queues
I0714 09:34:52.521891       1 allocate.go:64] Try to allocate resource to 0 Queues
I0714 09:34:52.522108       1 session.go:244] Close Session e9bf63c5-c630-47ca-8bf5-39a619c684f1
I0714 09:34:53.525317       1 cache.go:1363] There are <0> Jobs, <1> Queues and <5> Nodes in total for scheduling.
I0714 09:34:53.525465       1 session.go:190] Open Session 09f8e4b8-fdea-4139-8484-b3bc889dc8ed with <0> Job and <1> Queues
I0714 09:34:53.527499       1 enqueue.go:79] Try to enqueue PodGroup to 0 Queues
I0714 09:34:53.527585       1 allocate.go:64] Try to allocate resource to 0 Queues
I0714 09:34:53.527797       1 session.go:244] Close Session 09f8e4b8-fdea-4139-8484-b3bc889dc8ed
I0714 09:34:54.530041       1 cache.go:1363] There are <0> Jobs, <1> Queues and <5> Nodes in total for scheduling.
I0714 09:34:54.530226       1 session.go:190] Open Session 7f00035e-cdfc-4e30-ab14-afb61a181d3e with <0> Job and <1> Queues
I0714 09:34:54.532123       1 enqueue.go:79] Try to enqueue PodGroup to 0 Queues
I0714 09:34:54.532197       1 allocate.go:64] Try to allocate resource to 0 Queues
I0714 09:34:54.532454       1 session.go:244] Close Session 7f00035e-cdfc-4e30-ab14-afb61a181d3e
I0714 09:34:55.533775       1 cache.go:1363] There are <0> Jobs, <1> Queues and <5> Nodes in total for scheduling.
I0714 09:34:55.533876       1 session.go:190] Open Session 6a14978b-37d3-4c51-8a0e-6c83755c206d with <0> Job and <1> Queues
I0714 09:34:55.535310       1 enqueue.go:79] Try to enqueue PodGroup to 0 Queues
I0714 09:34:55.535388       1 allocate.go:64] Try to allocate resource to 0 Queues
I0714 09:34:55.535616       1 session.go:244] Close Session 6a14978b-37d3-4c51-8a0e-6c83755c206d
I0714 09:34:56.538370       1 cache.go:1363] There are <0> Jobs, <1> Queues and <5> Nodes in total for scheduling.
I0714 09:34:56.538553       1 session.go:190] Open Session 33eda60a-254b-4b25-b359-861cea2cf5e6 with <0> Job and <1> Queues
I0714 09:34:56.540637       1 enqueue.go:79] Try to enqueue PodGroup to 0 Queues
I0714 09:34:56.540723       1 allocate.go:64] Try to allocate resource to 0 Queues
I0714 09:34:56.540953       1 session.go:244] Close Session 33eda60a-254b-4b25-b359-861cea2cf5e6
I0714 09:34:57.543947       1 cache.go:1363] There are <0> Jobs, <1> Queues and <5> Nodes in total for scheduling.
I0714 09:34:57.544118       1 session.go:190] Open Session 80117089-2ddb-414f-aa79-e9bae7d6d165 with <0> Job and <1> Queues
I0714 09:34:57.546096       1 enqueue.go:79] Try to enqueue PodGroup to 0 Queues
I0714 09:34:57.546181       1 allocate.go:64] Try to allocate resource to 0 Queues
I0714 09:34:57.546399       1 session.go:244] Close Session 80117089-2ddb-414f-aa79-e9bae7d6d165
I0714 09:34:58.548786       1 cache.go:1363] There are <0> Jobs, <1> Queues and <5> Nodes in total for scheduling.
I0714 09:34:58.548936       1 session.go:190] Open Session 28d07af5-655b-4e63-ac89-b1b2450fb151 with <0> Job and <1> Queues
I0714 09:34:58.551094       1 enqueue.go:79] Try to enqueue PodGroup to 0 Queues
I0714 09:34:58.551171       1 allocate.go:64] Try to allocate resource to 0 Queues
I0714 09:34:58.551381       1 session.go:244] Close Session 28d07af5-655b-4e63-ac89-b1b2450fb151
I0714 09:34:59.554301       1 cache.go:1363] There are <0> Jobs, <1> Queues and <5> Nodes in total for scheduling.
I0714 09:34:59.554471       1 session.go:190] Open Session 7f294f15-895c-4e82-92dc-0d67029ccb9d with <0> Job and <1> Queues
I0714 09:34:59.556421       1 enqueue.go:79] Try to enqueue PodGroup to 0 Queues
I0714 09:34:59.556501       1 allocate.go:64] Try to allocate resource to 0 Queues
I0714 09:34:59.556720       1 session.go:244] Close Session 7f294f15-895c-4e82-92dc-0d67029ccb9d
I0714 09:35:00.559720       1 cache.go:1363] There are <0> Jobs, <1> Queues and <5> Nodes in total for scheduling.
I0714 09:35:00.559876       1 session.go:190] Open Session 98076ab3-2963-4b55-bd2e-5d7d51c7cf85 with <0> Job and <1> Queues
I0714 09:35:00.561854       1 enqueue.go:79] Try to enqueue PodGroup to 0 Queues
I0714 09:35:00.561936       1 allocate.go:64] Try to allocate resource to 0 Queues
I0714 09:35:00.562145       1 session.go:244] Close Session 98076ab3-2963-4b55-bd2e-5d7d51c7cf85
I0714 09:35:01.565182       1 cache.go:1363] There are <0> Jobs, <1> Queues and <5> Nodes in total for scheduling.
I0714 09:35:01.565342       1 session.go:190] Open Session a9ec3ed4-24ed-4644-9cbd-1fd91bcfba5e with <0> Job and <1> Queues
I0714 09:35:01.567145       1 enqueue.go:79] Try to enqueue PodGroup to 0 Queues
I0714 09:35:01.567215       1 allocate.go:64] Try to allocate resource to 0 Queues
I0714 09:35:01.567434       1 session.go:244] Close Session a9ec3ed4-24ed-4644-9cbd-1fd91bcfba5e
I0714 09:35:02.570487       1 cache.go:1363] There are <0> Jobs, <1> Queues and <5> Nodes in total for scheduling.
I0714 09:35:02.570656       1 session.go:190] Open Session e21bd586-20a8-4131-837d-b909bb110624 with <0> Job and <1> Queues
I0714 09:35:02.572583       1 enqueue.go:79] Try to enqueue PodGroup to 0 Queues
I0714 09:35:02.572664       1 allocate.go:64] Try to allocate resource to 0 Queues
I0714 09:35:02.572890       1 session.go:244] Close Session e21bd586-20a8-4131-837d-b909bb110624
W0714 09:35:03.447868       1 event_handlers.go:181] Not support non-csi pvc.
I0714 09:35:03.451818       1 event_handlers.go:442] Deleted pod <default/yolo-cls> from cache.
W0714 09:35:03.523000       1 event_handlers.go:181] Not support non-csi pvc.
I0714 09:35:03.528604       1 event_handlers.go:442] Deleted pod <default/yolo-det> from cache.
I0714 09:35:03.574822       1 cache.go:1363] There are <0> Jobs, <1> Queues and <5> Nodes in total for scheduling.
I0714 09:35:03.574916       1 session.go:190] Open Session 92cf9da0-372b-4251-a28c-521662aa1fe3 with <0> Job and <1> Queues
I0714 09:35:03.576758       1 enqueue.go:79] Try to enqueue PodGroup to 0 Queues
I0714 09:35:03.576823       1 allocate.go:64] Try to allocate resource to 0 Queues
I0714 09:35:03.577034       1 session.go:244] Close Session 92cf9da0-372b-4251-a28c-521662aa1fe3
W0714 09:35:03.596037       1 event_handlers.go:181] Not support non-csi pvc.
I0714 09:35:03.597517       1 event_handlers.go:442] Deleted pod <default/yolo-seg> from cache.
W0714 09:35:03.666908       1 event_handlers.go:181] Not support non-csi pvc.
I0714 09:35:03.672906       1 event_handlers.go:442] Deleted pod <default/yolo-obb> from cache.
W0714 09:35:03.716753       1 event_handlers.go:181] Not support non-csi pvc.
I0714 09:35:03.721039       1 event_handlers.go:442] Deleted pod <default/yolo-pos> from cache.
I0714 09:35:04.579226       1 cache.go:1363] There are <0> Jobs, <1> Queues and <5> Nodes in total for scheduling.
I0714 09:35:04.579407       1 session.go:190] Open Session 86e1a733-0a81-4220-a774-b20450528f78 with <0> Job and <1> Queues
I0714 09:35:04.581645       1 enqueue.go:79] Try to enqueue PodGroup to 0 Queues
I0714 09:35:04.581715       1 allocate.go:64] Try to allocate resource to 0 Queues
I0714 09:35:04.581936       1 session.go:244] Close Session 86e1a733-0a81-4220-a774-b20450528f78
I0714 09:35:05.584817       1 cache.go:1363] There are <0> Jobs, <1> Queues and <5> Nodes in total for scheduling.
I0714 09:35:05.585000       1 session.go:190] Open Session 3dd3c291-7ff2-4c52-9fc0-2431aae1f44a with <0> Job and <1> Queues
I0714 09:35:05.586744       1 enqueue.go:79] Try to enqueue PodGroup to 0 Queues
I0714 09:35:05.586807       1 allocate.go:64] Try to allocate resource to 0 Queues
I0714 09:35:05.587017       1 session.go:244] Close Session 3dd3c291-7ff2-4c52-9fc0-2431aae1f44a
I0714 09:35:06.589386       1 cache.go:1363] There are <0> Jobs, <1> Queues and <5> Nodes in total for scheduling.
I0714 09:35:06.589567       1 session.go:190] Open Session 3f869af2-c434-4cad-8621-a415a85700ae with <0> Job and <1> Queues
I0714 09:35:06.591385       1 enqueue.go:79] Try to enqueue PodGroup to 0 Queues
I0714 09:35:06.591454       1 allocate.go:64] Try to allocate resource to 0 Queues
I0714 09:35:06.591660       1 session.go:244] Close Session 3f869af2-c434-4cad-8621-a415a85700ae
I0714 09:35:06.679536       1 cache.go:1489] The metrics type is not set in the volcano scheduler configmap file. As a result, the CPU and memory load information of the node is not collected.
I0714 09:35:07.593708       1 cache.go:1363] There are <0> Jobs, <1> Queues and <5> Nodes in total for scheduling.
I0714 09:35:07.593889       1 session.go:190] Open Session fb3d9760-9952-4487-9654-026f9bc271a6 with <0> Job and <1> Queues
I0714 09:35:07.595706       1 enqueue.go:79] Try to enqueue PodGroup to 0 Queues
I0714 09:35:07.595777       1 allocate.go:64] Try to allocate resource to 0 Queues
I0714 09:35:07.595997       1 session.go:244] Close Session fb3d9760-9952-4487-9654-026f9bc271a6
I0714 09:35:08.598772       1 cache.go:1363] There are <0> Jobs, <1> Queues and <5> Nodes in total for scheduling.
I0714 09:35:08.598933       1 session.go:190] Open Session 10afe75b-9c6b-4aec-bf85-b695ac72d77f with <0> Job and <1> Queues
I0714 09:35:08.600838       1 enqueue.go:79] Try to enqueue PodGroup to 0 Queues
I0714 09:35:08.600911       1 allocate.go:64] Try to allocate resource to 0 Queues
I0714 09:35:08.601126       1 session.go:244] Close Session 10afe75b-9c6b-4aec-bf85-b695ac72d77f
I0714 09:35:09.604224       1 cache.go:1363] There are <0> Jobs, <1> Queues and <5> Nodes in total for scheduling.
I0714 09:35:09.604433       1 session.go:190] Open Session 775c4b49-41ad-4d33-a092-2e43ea9b8e25 with <0> Job and <1> Queues
I0714 09:35:09.606391       1 enqueue.go:79] Try to enqueue PodGroup to 0 Queues
I0714 09:35:09.606465       1 allocate.go:64] Try to allocate resource to 0 Queues
I0714 09:35:09.606686       1 session.go:244] Close Session 775c4b49-41ad-4d33-a092-2e43ea9b8e25
I0714 09:35:10.609537       1 cache.go:1363] There are <0> Jobs, <1> Queues and <5> Nodes in total for scheduling.
I0714 09:35:10.609702       1 session.go:190] Open Session dab3d139-9b1f-4778-9081-8648ee9e339b with <0> Job and <1> Queues
I0714 09:35:10.611482       1 enqueue.go:79] Try to enqueue PodGroup to 0 Queues
I0714 09:35:10.611549       1 allocate.go:64] Try to allocate resource to 0 Queues
I0714 09:35:10.611788       1 session.go:244] Close Session dab3d139-9b1f-4778-9081-8648ee9e339b
I0714 09:35:11.614156       1 cache.go:1363] There are <0> Jobs, <1> Queues and <5> Nodes in total for scheduling.
I0714 09:35:11.614352       1 session.go:190] Open Session d2051cdb-a9fc-4f5f-a18e-e18ee7b30b6f with <0> Job and <1> Queues
I0714 09:35:11.616201       1 enqueue.go:79] Try to enqueue PodGroup to 0 Queues
I0714 09:35:11.616270       1 allocate.go:64] Try to allocate resource to 0 Queues
I0714 09:35:11.616533       1 session.go:244] Close Session d2051cdb-a9fc-4f5f-a18e-e18ee7b30b6f
I0714 09:35:12.618566       1 cache.go:1363] There are <0> Jobs, <1> Queues and <5> Nodes in total for scheduling.
I0714 09:35:12.618702       1 session.go:190] Open Session d00f23a8-c992-49a4-806a-2a96d6b088c1 with <0> Job and <1> Queues
I0714 09:35:12.620549       1 enqueue.go:79] Try to enqueue PodGroup to 0 Queues
I0714 09:35:12.620619       1 allocate.go:64] Try to allocate resource to 0 Queues
I0714 09:35:12.620843       1 session.go:244] Close Session d00f23a8-c992-49a4-806a-2a96d6b088c1
I0714 09:35:13.623737       1 cache.go:1363] There are <0> Jobs, <1> Queues and <5> Nodes in total for scheduling.
I0714 09:35:13.623894       1 session.go:190] Open Session cd7cadfc-c0a6-43cb-ae3c-f7797e053dad with <0> Job and <1> Queues
I0714 09:35:13.625635       1 enqueue.go:79] Try to enqueue PodGroup to 0 Queues
I0714 09:35:13.625702       1 allocate.go:64] Try to allocate resource to 0 Queues
I0714 09:35:13.625915       1 session.go:244] Close Session cd7cadfc-c0a6-43cb-ae3c-f7797e053dad
I0714 09:35:14.628012       1 cache.go:1363] There are <0> Jobs, <1> Queues and <5> Nodes in total for scheduling.
I0714 09:35:14.628172       1 session.go:190] Open Session 9b694d2e-5c62-4625-9875-8676dd80e6ee with <0> Job and <1> Queues
I0714 09:35:14.630096       1 enqueue.go:79] Try to enqueue PodGroup to 0 Queues
I0714 09:35:14.630171       1 allocate.go:64] Try to allocate resource to 0 Queues
I0714 09:35:14.630421       1 session.go:244] Close Session 9b694d2e-5c62-4625-9875-8676dd80e6ee
I0714 09:35:15.633397       1 cache.go:1363] There are <0> Jobs, <1> Queues and <5> Nodes in total for scheduling.
I0714 09:35:15.633583       1 session.go:190] Open Session 829a776c-617b-4929-ae3b-82a4e3977749 with <0> Job and <1> Queues
I0714 09:35:15.635623       1 enqueue.go:79] Try to enqueue PodGroup to 0 Queues
I0714 09:35:15.635694       1 allocate.go:64] Try to allocate resource to 0 Queues
I0714 09:35:15.635924       1 session.go:244] Close Session 829a776c-617b-4929-ae3b-82a4e3977749
I0714 09:35:16.638431       1 cache.go:1363] There are <0> Jobs, <1> Queues and <5> Nodes in total for scheduling.
I0714 09:35:16.638593       1 session.go:190] Open Session 2051bc58-2dd7-4fb6-bcc2-b4bd0d06486f with <0> Job and <1> Queues
I0714 09:35:16.640659       1 enqueue.go:79] Try to enqueue PodGroup to 0 Queues
I0714 09:35:16.640731       1 allocate.go:64] Try to allocate resource to 0 Queues
I0714 09:35:16.640951       1 session.go:244] Close Session 2051bc58-2dd7-4fb6-bcc2-b4bd0d06486f
I0714 09:35:17.643615       1 cache.go:1363] There are <0> Jobs, <1> Queues and <5> Nodes in total for scheduling.
I0714 09:35:17.643770       1 session.go:190] Open Session fa74bf49-114c-4f40-9766-426430e5ca33 with <0> Job and <1> Queues
I0714 09:35:17.645584       1 enqueue.go:79] Try to enqueue PodGroup to 0 Queues
I0714 09:35:17.645657       1 allocate.go:64] Try to allocate resource to 0 Queues
I0714 09:35:17.645863       1 session.go:244] Close Session fa74bf49-114c-4f40-9766-426430e5ca33
I0714 09:35:18.648602       1 cache.go:1363] There are <0> Jobs, <1> Queues and <5> Nodes in total for scheduling.
I0714 09:35:18.648792       1 session.go:190] Open Session b69dd6da-f673-4246-9f29-40aff568c019 with <0> Job and <1> Queues
I0714 09:35:18.650532       1 enqueue.go:79] Try to enqueue PodGroup to 0 Queues
I0714 09:35:18.650598       1 allocate.go:64] Try to allocate resource to 0 Queues
I0714 09:35:18.650803       1 session.go:244] Close Session b69dd6da-f673-4246-9f29-40aff568c019
I0714 09:35:19.653877       1 cache.go:1363] There are <0> Jobs, <1> Queues and <5> Nodes in total for scheduling.
I0714 09:35:19.654068       1 session.go:190] Open Session b55cfb95-b8f4-41a0-90e1-a57e1b3a5fa9 with <0> Job and <1> Queues
I0714 09:35:19.655938       1 enqueue.go:79] Try to enqueue PodGroup to 0 Queues
I0714 09:35:19.656018       1 allocate.go:64] Try to allocate resource to 0 Queues
I0714 09:35:19.656266       1 session.go:244] Close Session b55cfb95-b8f4-41a0-90e1-a57e1b3a5fa9
I0714 09:35:20.659206       1 cache.go:1363] There are <0> Jobs, <1> Queues and <5> Nodes in total for scheduling.
I0714 09:35:20.659373       1 session.go:190] Open Session cdd251f7-b3ce-4417-958d-7ff6f338fa50 with <0> Job and <1> Queues
I0714 09:35:20.662540       1 enqueue.go:79] Try to enqueue PodGroup to 0 Queues
I0714 09:35:20.662639       1 allocate.go:64] Try to allocate resource to 0 Queues
I0714 09:35:20.664027       1 session.go:244] Close Session cdd251f7-b3ce-4417-958d-7ff6f338fa50
I0714 09:35:21.666574       1 cache.go:1363] There are <0> Jobs, <1> Queues and <5> Nodes in total for scheduling.
I0714 09:35:21.666752       1 session.go:190] Open Session 0e46241b-7848-4007-a040-272fa57151b8 with <0> Job and <1> Queues
I0714 09:35:21.668609       1 enqueue.go:79] Try to enqueue PodGroup to 0 Queues
I0714 09:35:21.668679       1 allocate.go:64] Try to allocate resource to 0 Queues
I0714 09:35:21.668880       1 session.go:244] Close Session 0e46241b-7848-4007-a040-272fa57151b8
I0714 09:35:22.671247       1 cache.go:1363] There are <0> Jobs, <1> Queues and <5> Nodes in total for scheduling.
I0714 09:35:22.671463       1 session.go:190] Open Session 3c77ad71-c7f8-4548-9287-3c1979516cef with <0> Job and <1> Queues
I0714 09:35:22.673296       1 enqueue.go:79] Try to enqueue PodGroup to 0 Queues
I0714 09:35:22.673381       1 allocate.go:64] Try to allocate resource to 0 Queues
I0714 09:35:22.673606       1 session.go:244] Close Session 3c77ad71-c7f8-4548-9287-3c1979516cef
I0714 09:35:23.675884       1 cache.go:1363] There are <0> Jobs, <1> Queues and <5> Nodes in total for scheduling.
I0714 09:35:23.676038       1 session.go:190] Open Session 05b66313-d5c6-49be-9aa0-3c127371b3ff with <0> Job and <1> Queues
I0714 09:35:23.677942       1 enqueue.go:79] Try to enqueue PodGroup to 0 Queues
I0714 09:35:23.678013       1 allocate.go:64] Try to allocate resource to 0 Queues
I0714 09:35:23.678219       1 session.go:244] Close Session 05b66313-d5c6-49be-9aa0-3c127371b3ff
I0714 09:35:24.680407       1 cache.go:1363] There are <0> Jobs, <1> Queues and <5> Nodes in total for scheduling.
I0714 09:35:24.680580       1 session.go:190] Open Session 2c98880f-5163-4672-bd20-3aa23cae7d28 with <0> Job and <1> Queues
I0714 09:35:24.682419       1 enqueue.go:79] Try to enqueue PodGroup to 0 Queues
I0714 09:35:24.682487       1 allocate.go:64] Try to allocate resource to 0 Queues
I0714 09:35:24.682699       1 session.go:244] Close Session 2c98880f-5163-4672-bd20-3aa23cae7d28
I0714 09:35:25.685584       1 cache.go:1363] There are <0> Jobs, <1> Queues and <5> Nodes in total for scheduling.
I0714 09:35:25.685767       1 session.go:190] Open Session 9422d05d-358e-4cf3-be69-3f0849e09780 with <0> Job and <1> Queues
I0714 09:35:25.687572       1 enqueue.go:79] Try to enqueue PodGroup to 0 Queues
I0714 09:35:25.687644       1 allocate.go:64] Try to allocate resource to 0 Queues
I0714 09:35:25.687868       1 session.go:244] Close Session 9422d05d-358e-4cf3-be69-3f0849e09780
I0714 09:35:26.690569       1 cache.go:1363] There are <0> Jobs, <1> Queues and <5> Nodes in total for scheduling.
I0714 09:35:26.690732       1 session.go:190] Open Session 4d24a7c2-549c-4ffd-be40-457e60fdcb22 with <0> Job and <1> Queues
I0714 09:35:26.692458       1 enqueue.go:79] Try to enqueue PodGroup to 0 Queues
I0714 09:35:26.692538       1 allocate.go:64] Try to allocate resource to 0 Queues
I0714 09:35:26.692761       1 session.go:244] Close Session 4d24a7c2-549c-4ffd-be40-457e60fdcb22
I0714 09:35:27.694759       1 cache.go:1363] There are <0> Jobs, <1> Queues and <5> Nodes in total for scheduling.
I0714 09:35:27.694907       1 session.go:190] Open Session 36afae14-7f12-45dc-92b9-62bc9b9cd187 with <0> Job and <1> Queues
I0714 09:35:27.696596       1 enqueue.go:79] Try to enqueue PodGroup to 0 Queues
I0714 09:35:27.696668       1 allocate.go:64] Try to allocate resource to 0 Queues
I0714 09:35:27.696873       1 session.go:244] Close Session 36afae14-7f12-45dc-92b9-62bc9b9cd187
I0714 09:35:28.698721       1 cache.go:1363] There are <0> Jobs, <1> Queues and <5> Nodes in total for scheduling.
I0714 09:35:28.698850       1 session.go:190] Open Session 970d65f7-b8da-4003-a170-87fbfd0208d4 with <0> Job and <1> Queues
I0714 09:35:28.700247       1 enqueue.go:79] Try to enqueue PodGroup to 0 Queues
I0714 09:35:28.700360       1 allocate.go:64] Try to allocate resource to 0 Queues
I0714 09:35:28.700562       1 session.go:244] Close Session 970d65f7-b8da-4003-a170-87fbfd0208d4
I0714 09:35:29.703382       1 cache.go:1363] There are <0> Jobs, <1> Queues and <5> Nodes in total for scheduling.
I0714 09:35:29.703554       1 session.go:190] Open Session 27883656-1d2b-436a-a40d-5adc4e8f091a with <0> Job and <1> Queues
I0714 09:35:29.705381       1 enqueue.go:79] Try to enqueue PodGroup to 0 Queues
I0714 09:35:29.705460       1 allocate.go:64] Try to allocate resource to 0 Queues
I0714 09:35:29.705667       1 session.go:244] Close Session 27883656-1d2b-436a-a40d-5adc4e8f091a
I0714 09:35:30.708411       1 cache.go:1363] There are <0> Jobs, <1> Queues and <5> Nodes in total for scheduling.
I0714 09:35:30.708584       1 session.go:190] Open Session 80d74fb9-6e82-4b80-b35c-221a50de0ca8 with <0> Job and <1> Queues
I0714 09:35:30.710426       1 enqueue.go:79] Try to enqueue PodGroup to 0 Queues
I0714 09:35:30.710507       1 allocate.go:64] Try to allocate resource to 0 Queues
I0714 09:35:30.710754       1 session.go:244] Close Session 80d74fb9-6e82-4b80-b35c-221a50de0ca8
I0714 09:35:31.713703       1 cache.go:1363] There are <0> Jobs, <1> Queues and <5> Nodes in total for scheduling.
I0714 09:35:31.713872       1 session.go:190] Open Session 534166a7-0611-4bcd-9f00-b5af59f9f337 with <0> Job and <1> Queues
I0714 09:35:31.715704       1 enqueue.go:79] Try to enqueue PodGroup to 0 Queues
I0714 09:35:31.715770       1 allocate.go:64] Try to allocate resource to 0 Queues
I0714 09:35:31.715983       1 session.go:244] Close Session 534166a7-0611-4bcd-9f00-b5af59f9f337
I0714 09:35:32.718138       1 cache.go:1363] There are <0> Jobs, <1> Queues and <5> Nodes in total for scheduling.
I0714 09:35:32.718325       1 session.go:190] Open Session 45795ada-4d25-4ea9-9083-0493b5b08ecb with <0> Job and <1> Queues
I0714 09:35:32.720081       1 enqueue.go:79] Try to enqueue PodGroup to 0 Queues
I0714 09:35:32.720158       1 allocate.go:64] Try to allocate resource to 0 Queues
I0714 09:35:32.720404       1 session.go:244] Close Session 45795ada-4d25-4ea9-9083-0493b5b08ecb
I0714 09:35:33.723236       1 cache.go:1363] There are <0> Jobs, <1> Queues and <5> Nodes in total for scheduling.
I0714 09:35:33.723409       1 session.go:190] Open Session 601895d6-a88f-4292-a3dc-77c69c5fb814 with <0> Job and <1> Queues
I0714 09:35:33.725141       1 enqueue.go:79] Try to enqueue PodGroup to 0 Queues
I0714 09:35:33.725212       1 allocate.go:64] Try to allocate resource to 0 Queues
I0714 09:35:33.725427       1 session.go:244] Close Session 601895d6-a88f-4292-a3dc-77c69c5fb814
I0714 09:35:34.727863       1 cache.go:1363] There are <0> Jobs, <1> Queues and <5> Nodes in total for scheduling.
I0714 09:35:34.728056       1 session.go:190] Open Session 406ae6b6-2206-4587-9e3f-8da524eeae8b with <0> Job and <1> Queues
I0714 09:35:34.729920       1 enqueue.go:79] Try to enqueue PodGroup to 0 Queues
I0714 09:35:34.729989       1 allocate.go:64] Try to allocate resource to 0 Queues
I0714 09:35:34.730261       1 session.go:244] Close Session 406ae6b6-2206-4587-9e3f-8da524eeae8b
I0714 09:35:35.733034       1 cache.go:1363] There are <0> Jobs, <1> Queues and <5> Nodes in total for scheduling.
I0714 09:35:35.733200       1 session.go:190] Open Session bc1b02f6-efbc-4ef4-b89b-59eebc0ddd16 with <0> Job and <1> Queues
I0714 09:35:35.735035       1 enqueue.go:79] Try to enqueue PodGroup to 0 Queues
I0714 09:35:35.735108       1 allocate.go:64] Try to allocate resource to 0 Queues
I0714 09:35:35.735335       1 session.go:244] Close Session bc1b02f6-efbc-4ef4-b89b-59eebc0ddd16
I0714 09:35:36.680811       1 cache.go:1489] The metrics type is not set in the volcano scheduler configmap file. As a result, the CPU and memory load information of the node is not collected.
I0714 09:35:36.738091       1 cache.go:1363] There are <0> Jobs, <1> Queues and <5> Nodes in total for scheduling.
I0714 09:35:36.738200       1 session.go:190] Open Session c0c832c8-e9d2-4212-8fcd-51d09db78baf with <0> Job and <1> Queues
I0714 09:35:36.740063       1 enqueue.go:79] Try to enqueue PodGroup to 0 Queues
I0714 09:35:36.740133       1 allocate.go:64] Try to allocate resource to 0 Queues
I0714 09:35:36.740397       1 session.go:244] Close Session c0c832c8-e9d2-4212-8fcd-51d09db78baf
I0714 09:35:37.742895       1 cache.go:1363] There are <0> Jobs, <1> Queues and <5> Nodes in total for scheduling.
I0714 09:35:37.743085       1 session.go:190] Open Session cd124e35-1fab-4dcc-be96-e4a3510bac8d with <0> Job and <1> Queues
I0714 09:35:37.744973       1 enqueue.go:79] Try to enqueue PodGroup to 0 Queues
I0714 09:35:37.745037       1 allocate.go:64] Try to allocate resource to 0 Queues
I0714 09:35:37.745266       1 session.go:244] Close Session cd124e35-1fab-4dcc-be96-e4a3510bac8d
I0714 09:35:38.747639       1 cache.go:1363] There are <0> Jobs, <1> Queues and <5> Nodes in total for scheduling.
I0714 09:35:38.747842       1 session.go:190] Open Session 78ac536f-97f6-41e5-bce6-5462323a8a8a with <0> Job and <1> Queues
I0714 09:35:38.749973       1 enqueue.go:79] Try to enqueue PodGroup to 0 Queues
I0714 09:35:38.750060       1 allocate.go:64] Try to allocate resource to 0 Queues
I0714 09:35:38.750283       1 session.go:244] Close Session 78ac536f-97f6-41e5-bce6-5462323a8a8a
I0714 09:35:39.753420       1 cache.go:1363] There are <0> Jobs, <1> Queues and <5> Nodes in total for scheduling.
I0714 09:35:39.753616       1 session.go:190] Open Session 65619313-5b30-48ea-8949-94662527e4d2 with <0> Job and <1> Queues
I0714 09:35:39.755550       1 enqueue.go:79] Try to enqueue PodGroup to 0 Queues
I0714 09:35:39.755867       1 allocate.go:64] Try to allocate resource to 0 Queues
I0714 09:35:39.756114       1 session.go:244] Close Session 65619313-5b30-48ea-8949-94662527e4d2
I0714 09:35:40.759111       1 cache.go:1363] There are <0> Jobs, <1> Queues and <5> Nodes in total for scheduling.
I0714 09:35:40.759310       1 session.go:190] Open Session 4df32326-0326-458b-a4bb-46035112d4af with <0> Job and <1> Queues
I0714 09:35:40.761249       1 enqueue.go:79] Try to enqueue PodGroup to 0 Queues
I0714 09:35:40.761323       1 allocate.go:64] Try to allocate resource to 0 Queues
I0714 09:35:40.761537       1 session.go:244] Close Session 4df32326-0326-458b-a4bb-46035112d4af
I0714 09:35:41.763815       1 cache.go:1363] There are <0> Jobs, <1> Queues and <5> Nodes in total for scheduling.
I0714 09:35:41.764005       1 session.go:190] Open Session 65fe534d-5d88-4e3a-8848-66299f94f62f with <0> Job and <1> Queues
I0714 09:35:41.765794       1 enqueue.go:79] Try to enqueue PodGroup to 0 Queues
I0714 09:35:41.765877       1 allocate.go:64] Try to allocate resource to 0 Queues
I0714 09:35:41.766100       1 session.go:244] Close Session 65fe534d-5d88-4e3a-8848-66299f94f62f
I0714 09:35:42.768946       1 cache.go:1363] There are <0> Jobs, <1> Queues and <5> Nodes in total for scheduling.
I0714 09:35:42.769109       1 session.go:190] Open Session 1a6c417f-945c-403a-9044-a55f5de1e2a9 with <0> Job and <1> Queues
I0714 09:35:42.770825       1 enqueue.go:79] Try to enqueue PodGroup to 0 Queues
I0714 09:35:42.770901       1 allocate.go:64] Try to allocate resource to 0 Queues
I0714 09:35:42.771120       1 session.go:244] Close Session 1a6c417f-945c-403a-9044-a55f5de1e2a9
I0714 09:35:43.773979       1 cache.go:1363] There are <0> Jobs, <1> Queues and <5> Nodes in total for scheduling.
I0714 09:35:43.774174       1 session.go:190] Open Session c49dcf2c-3cfc-44c9-ab5c-97e141efb1c4 with <0> Job and <1> Queues
I0714 09:35:43.775884       1 enqueue.go:79] Try to enqueue PodGroup to 0 Queues
I0714 09:35:43.775955       1 allocate.go:64] Try to allocate resource to 0 Queues
I0714 09:35:43.776173       1 session.go:244] Close Session c49dcf2c-3cfc-44c9-ab5c-97e141efb1c4
I0714 09:35:44.779145       1 cache.go:1363] There are <0> Jobs, <1> Queues and <5> Nodes in total for scheduling.
I0714 09:35:44.779340       1 session.go:190] Open Session 96b612b4-a99e-4175-918d-ce0da7cb2bf7 with <0> Job and <1> Queues
I0714 09:35:44.781277       1 enqueue.go:79] Try to enqueue PodGroup to 0 Queues
I0714 09:35:44.781353       1 allocate.go:64] Try to allocate resource to 0 Queues
I0714 09:35:44.781566       1 session.go:244] Close Session 96b612b4-a99e-4175-918d-ce0da7cb2bf7
I0714 09:35:45.784574       1 cache.go:1363] There are <0> Jobs, <1> Queues and <5> Nodes in total for scheduling.
I0714 09:35:45.784755       1 session.go:190] Open Session b413ebf7-c44a-434d-8965-daf088e30b61 with <0> Job and <1> Queues
I0714 09:35:45.786537       1 enqueue.go:79] Try to enqueue PodGroup to 0 Queues
I0714 09:35:45.786612       1 allocate.go:64] Try to allocate resource to 0 Queues
I0714 09:35:45.786856       1 session.go:244] Close Session b413ebf7-c44a-434d-8965-daf088e30b61
I0714 09:35:46.789662       1 cache.go:1363] There are <0> Jobs, <1> Queues and <5> Nodes in total for scheduling.
I0714 09:35:46.789823       1 session.go:190] Open Session aac8c205-f122-4b66-bb5f-5a77b99c41b1 with <0> Job and <1> Queues
I0714 09:35:46.791618       1 enqueue.go:79] Try to enqueue PodGroup to 0 Queues
I0714 09:35:46.791689       1 allocate.go:64] Try to allocate resource to 0 Queues
I0714 09:35:46.791914       1 session.go:244] Close Session aac8c205-f122-4b66-bb5f-5a77b99c41b1
I0714 09:35:47.793922       1 cache.go:1363] There are <0> Jobs, <1> Queues and <5> Nodes in total for scheduling.
I0714 09:35:47.794111       1 session.go:190] Open Session 414c410f-2c1f-4561-8c5a-3283b60504e8 with <0> Job and <1> Queues
I0714 09:35:47.795845       1 enqueue.go:79] Try to enqueue PodGroup to 0 Queues
I0714 09:35:47.795911       1 allocate.go:64] Try to allocate resource to 0 Queues
I0714 09:35:47.796123       1 session.go:244] Close Session 414c410f-2c1f-4561-8c5a-3283b60504e8
I0714 09:35:48.798963       1 cache.go:1363] There are <0> Jobs, <1> Queues and <5> Nodes in total for scheduling.
I0714 09:35:48.799114       1 session.go:190] Open Session c23cacf9-0fba-4e93-a00d-aedd926d327c with <0> Job and <1> Queues
I0714 09:35:48.800984       1 enqueue.go:79] Try to enqueue PodGroup to 0 Queues
I0714 09:35:48.801054       1 allocate.go:64] Try to allocate resource to 0 Queues
I0714 09:35:48.801278       1 session.go:244] Close Session c23cacf9-0fba-4e93-a00d-aedd926d327c
I0714 09:35:49.804397       1 cache.go:1363] There are <0> Jobs, <1> Queues and <5> Nodes in total for scheduling.
I0714 09:35:49.804565       1 session.go:190] Open Session e7e061c2-f4ab-4a34-a6a0-4d570ccb7088 with <0> Job and <1> Queues
I0714 09:35:49.806357       1 enqueue.go:79] Try to enqueue PodGroup to 0 Queues
I0714 09:35:49.806430       1 allocate.go:64] Try to allocate resource to 0 Queues
I0714 09:35:49.806662       1 session.go:244] Close Session e7e061c2-f4ab-4a34-a6a0-4d570ccb7088
I0714 09:35:50.808720       1 cache.go:1363] There are <0> Jobs, <1> Queues and <5> Nodes in total for scheduling.
I0714 09:35:50.808904       1 session.go:190] Open Session 916655f2-9735-4b9c-b52b-d553ec3b712d with <0> Job and <1> Queues
I0714 09:35:50.810683       1 enqueue.go:79] Try to enqueue PodGroup to 0 Queues
I0714 09:35:50.810760       1 allocate.go:64] Try to allocate resource to 0 Queues
I0714 09:35:50.810961       1 session.go:244] Close Session 916655f2-9735-4b9c-b52b-d553ec3b712d
I0714 09:35:51.813603       1 cache.go:1363] There are <0> Jobs, <1> Queues and <5> Nodes in total for scheduling.
I0714 09:35:51.813775       1 session.go:190] Open Session 6dac148a-bb71-4f11-bd68-6a38f0dafb68 with <0> Job and <1> Queues
I0714 09:35:51.815536       1 enqueue.go:79] Try to enqueue PodGroup to 0 Queues
I0714 09:35:51.815615       1 allocate.go:64] Try to allocate resource to 0 Queues
I0714 09:35:51.815867       1 session.go:244] Close Session 6dac148a-bb71-4f11-bd68-6a38f0dafb68
W0714 09:35:52.077155       1 event_handlers.go:181] Not support non-csi pvc.
I0714 09:35:52.077265       1 event_handlers.go:387] Added pod <default/yolo-cls> into cache.
W0714 09:35:52.102060       1 event_handlers.go:181] Not support non-csi pvc.
I0714 09:35:52.818224       1 cache.go:1363] There are <1> Jobs, <1> Queues and <5> Nodes in total for scheduling.
I0714 09:35:52.818417       1 session.go:190] Open Session 9d669ef0-381e-4edf-879b-df27d9a7292c with <1> Job and <1> Queues
I0714 09:35:52.820577       1 enqueue.go:79] Try to enqueue PodGroup to 1 Queues
I0714 09:35:52.820836       1 allocate.go:64] Try to allocate resource to 1 Queues
I0714 09:35:52.820889       1 allocate.go:129] Try to allocate resource to Jobs in Queue <default>
I0714 09:35:52.820930       1 allocate.go:161] Try to allocate resource to 1 tasks of Job <default/podgroup-43f864cd-8fb0-4945-a337-c338892f87ae>
I0714 09:35:52.820985       1 allocate.go:181] There are <5> nodes for Job <default/podgroup-43f864cd-8fb0-4945-a337-c338892f87ae>
I0714 09:35:52.821313       1 predicate_helper.go:75] Predicates failed: task default/yolo-cls on node gpu-master fit failed: Insufficient nvidia.com/gpu
I0714 09:35:52.821836       1 predicate_helper.go:75] Predicates failed: task default/yolo-cls on node gpuorin5-desktop fit failed: plugin NodeAffinity predicates failed node(s) didn't match Pod's node affinity/selector
I0714 09:35:52.821863       1 predicate_helper.go:75] Predicates failed: task default/yolo-cls on node gpuorin4-desktop fit failed: plugin NodeAffinity predicates failed node(s) didn't match Pod's node affinity/selector
I0714 09:35:52.822854       1 allocate.go:249] Binding Task <default/yolo-cls> to node <gpu-orin3>
I0714 09:35:52.823052       1 statement.go:266] After allocated Task <default/yolo-cls> to Node <gpu-orin3>: idle <cpu 5900.00, memory 7832723456.00, hugepages-32Mi 0.00, nvidia.com/gpu 4000.00, hugepages-2Mi 0.00, hugepages-64Ki 0.00, pods 105.00, ephemeral-storage 111715275387000.00, hugepages-1Gi 0.00>, used <cpu 100.00, memory 52428800.00, pods 5.00, nvidia.com/gpu 1000.00>, releasing <cpu 0.00, memory 0.00>
I0714 09:35:52.823527       1 statement.go:284] Allocating operations ...
I0714 09:35:52.823646       1 statement.go:378] Committing operations ...
I0714 09:35:52.823770       1 proportion.go:302] Queue <default>: deserved <cpu 0.00, memory 0.00, pods 1.00, nvidia.com/gpu 1000.00>, allocated <cpu 0.00, memory 0.00, nvidia.com/gpu 1000.00, pods 1.00>, share <1>
I0714 09:35:52.823861       1 allocate.go:125] Queue <default> is overused, ignore it.
I0714 09:35:52.845631       1 session.go:244] Close Session 9d669ef0-381e-4edf-879b-df27d9a7292c
I0714 09:35:52.854688       1 cache.go:900] bind ok, latency 12.279642ms
W0714 09:35:52.856923       1 event_handlers.go:181] Not support non-csi pvc.
W0714 09:35:52.895253       1 event_handlers.go:181] Not support non-csi pvc.
W0714 09:35:53.310638       1 event_handlers.go:181] Not support non-csi pvc.
I0714 09:35:53.311013       1 event_handlers.go:442] Deleted pod <default/yolo-cls> from cache.
I0714 09:35:53.323229       1 cache.go:1013] Try to delete Job <default/podgroup-43f864cd-8fb0-4945-a337-c338892f87ae:default/podgroup-43f864cd-8fb0-4945-a337-c338892f87ae>
I0714 09:35:53.323465       1 cache.go:1054] Job <default/podgroup-43f864cd-8fb0-4945-a337-c338892f87ae:default/podgroup-43f864cd-8fb0-4945-a337-c338892f87ae> was deleted.
W0714 09:35:53.489530       1 event_handlers.go:181] Not support non-csi pvc.
I0714 09:35:53.489657       1 event_handlers.go:387] Added pod <default/yolo-cls> into cache.
W0714 09:35:53.520955       1 event_handlers.go:181] Not support non-csi pvc.
I0714 09:35:53.847995       1 cache.go:1363] There are <0> Jobs, <1> Queues and <5> Nodes in total for scheduling.
I0714 09:35:53.848172       1 session.go:190] Open Session 3d2b3310-fbd1-4ba0-8e3b-96b1d5c7cc49 with <0> Job and <1> Queues
I0714 09:35:53.849933       1 enqueue.go:79] Try to enqueue PodGroup to 0 Queues
I0714 09:35:53.850022       1 allocate.go:64] Try to allocate resource to 0 Queues
I0714 09:35:53.850257       1 session.go:244] Close Session 3d2b3310-fbd1-4ba0-8e3b-96b1d5c7cc49
I0714 09:35:54.853019       1 cache.go:1363] There are <0> Jobs, <1> Queues and <5> Nodes in total for scheduling.
I0714 09:35:54.853188       1 session.go:190] Open Session ddce0098-4a28-4fa2-9a50-ba5a1d9d47cf with <0> Job and <1> Queues
I0714 09:35:54.854960       1 enqueue.go:79] Try to enqueue PodGroup to 0 Queues
I0714 09:35:54.855030       1 allocate.go:64] Try to allocate resource to 0 Queues
I0714 09:35:54.855265       1 session.go:244] Close Session ddce0098-4a28-4fa2-9a50-ba5a1d9d47cf
I0714 09:35:55.857446       1 cache.go:1363] There are <0> Jobs, <1> Queues and <5> Nodes in total for scheduling.
I0714 09:35:55.857611       1 session.go:190] Open Session f0d0da38-cc89-4172-8f50-5b85ae0019a5 with <0> Job and <1> Queues
I0714 09:35:55.859696       1 enqueue.go:79] Try to enqueue PodGroup to 0 Queues
I0714 09:35:55.859771       1 allocate.go:64] Try to allocate resource to 0 Queues
I0714 09:35:55.860007       1 session.go:244] Close Session f0d0da38-cc89-4172-8f50-5b85ae0019a5
W0714 09:35:55.970346       1 event_handlers.go:181] Not support non-csi pvc.
I0714 09:35:56.862686       1 cache.go:1363] There are <0> Jobs, <1> Queues and <5> Nodes in total for scheduling.
I0714 09:35:56.862887       1 session.go:190] Open Session feb9a898-de98-49eb-a441-3f76d2fa5296 with <0> Job and <1> Queues
I0714 09:35:56.865261       1 enqueue.go:79] Try to enqueue PodGroup to 0 Queues
I0714 09:35:56.865348       1 allocate.go:64] Try to allocate resource to 0 Queues
I0714 09:35:56.865574       1 session.go:244] Close Session feb9a898-de98-49eb-a441-3f76d2fa5296
I0714 09:35:57.868370       1 cache.go:1363] There are <0> Jobs, <1> Queues and <5> Nodes in total for scheduling.
I0714 09:35:57.868547       1 session.go:190] Open Session 54e8a315-039d-472b-a284-79cb274a5106 with <0> Job and <1> Queues
I0714 09:35:57.870319       1 enqueue.go:79] Try to enqueue PodGroup to 0 Queues
I0714 09:35:57.870391       1 allocate.go:64] Try to allocate resource to 0 Queues
I0714 09:35:57.870618       1 session.go:244] Close Session 54e8a315-039d-472b-a284-79cb274a5106
I0714 09:35:58.873200       1 cache.go:1363] There are <0> Jobs, <1> Queues and <5> Nodes in total for scheduling.
I0714 09:35:58.873341       1 session.go:190] Open Session 24038df4-5787-46eb-97b7-f13b0a32511e with <0> Job and <1> Queues
I0714 09:35:58.875165       1 enqueue.go:79] Try to enqueue PodGroup to 0 Queues
I0714 09:35:58.875231       1 allocate.go:64] Try to allocate resource to 0 Queues
I0714 09:35:58.875443       1 session.go:244] Close Session 24038df4-5787-46eb-97b7-f13b0a32511e
W0714 09:35:59.576764       1 event_handlers.go:181] Not support non-csi pvc.
I0714 09:35:59.576890       1 event_handlers.go:387] Added pod <default/yolo-det> into cache.
W0714 09:35:59.605473       1 event_handlers.go:181] Not support non-csi pvc.
I0714 09:35:59.878130       1 cache.go:1363] There are <1> Jobs, <1> Queues and <5> Nodes in total for scheduling.
I0714 09:35:59.878306       1 session.go:190] Open Session 36818f81-0a40-47e6-ade2-14089b9a6eee with <1> Job and <1> Queues
I0714 09:35:59.880475       1 enqueue.go:79] Try to enqueue PodGroup to 1 Queues
I0714 09:35:59.880728       1 allocate.go:64] Try to allocate resource to 1 Queues
I0714 09:35:59.880779       1 allocate.go:129] Try to allocate resource to Jobs in Queue <default>
I0714 09:35:59.880813       1 allocate.go:161] Try to allocate resource to 1 tasks of Job <default/podgroup-35a80a78-a12e-4083-b06f-f01b88861e9d>
I0714 09:35:59.880848       1 allocate.go:181] There are <5> nodes for Job <default/podgroup-35a80a78-a12e-4083-b06f-f01b88861e9d>
I0714 09:35:59.881167       1 predicate_helper.go:75] Predicates failed: task default/yolo-det on node gpu-master fit failed: Insufficient nvidia.com/gpu
I0714 09:35:59.881479       1 predicate_helper.go:75] Predicates failed: task default/yolo-det on node gpuorin4-desktop fit failed: plugin NodeAffinity predicates failed node(s) didn't match Pod's node affinity/selector
I0714 09:35:59.881514       1 predicate_helper.go:75] Predicates failed: task default/yolo-det on node gpuorin5-desktop fit failed: plugin NodeAffinity predicates failed node(s) didn't match Pod's node affinity/selector
I0714 09:35:59.882637       1 allocate.go:249] Binding Task <default/yolo-det> to node <gpu-orin2>
I0714 09:35:59.882886       1 statement.go:266] After allocated Task <default/yolo-det> to Node <gpu-orin2>: idle <cpu 5900.00, memory 7832690688.00, hugepages-1Gi 0.00, hugepages-2Mi 0.00, hugepages-64Ki 0.00, nvidia.com/gpu 4000.00, pods 105.00, ephemeral-storage 225118140453000.00, hugepages-32Mi 0.00>, used <cpu 100.00, memory 52428800.00, nvidia.com/gpu 1000.00, pods 5.00>, releasing <cpu 0.00, memory 0.00>
I0714 09:35:59.883374       1 statement.go:284] Allocating operations ...
I0714 09:35:59.883487       1 statement.go:378] Committing operations ...
I0714 09:35:59.883617       1 proportion.go:302] Queue <default>: deserved <cpu 0.00, memory 0.00, pods 1.00, nvidia.com/gpu 1000.00>, allocated <cpu 0.00, memory 0.00, nvidia.com/gpu 1000.00, pods 1.00>, share <1>
I0714 09:35:59.883677       1 allocate.go:125] Queue <default> is overused, ignore it.
I0714 09:35:59.908524       1 session.go:244] Close Session 36818f81-0a40-47e6-ade2-14089b9a6eee
I0714 09:35:59.913220       1 cache.go:900] bind ok, latency 24.614166ms
W0714 09:35:59.916183       1 event_handlers.go:181] Not support non-csi pvc.
W0714 09:35:59.945252       1 event_handlers.go:181] Not support non-csi pvc.
W0714 09:36:00.242640       1 event_handlers.go:181] Not support non-csi pvc.
I0714 09:36:00.246645       1 event_handlers.go:442] Deleted pod <default/yolo-det> from cache.
I0714 09:36:00.258452       1 cache.go:1013] Try to delete Job <default/podgroup-35a80a78-a12e-4083-b06f-f01b88861e9d:default/podgroup-35a80a78-a12e-4083-b06f-f01b88861e9d>
I0714 09:36:00.258742       1 cache.go:1054] Job <default/podgroup-35a80a78-a12e-4083-b06f-f01b88861e9d:default/podgroup-35a80a78-a12e-4083-b06f-f01b88861e9d> was deleted.
W0714 09:36:00.387450       1 event_handlers.go:181] Not support non-csi pvc.
I0714 09:36:00.387644       1 event_handlers.go:387] Added pod <default/yolo-det> into cache.
W0714 09:36:00.416641       1 event_handlers.go:181] Not support non-csi pvc.
I0714 09:36:00.911042       1 cache.go:1363] There are <0> Jobs, <1> Queues and <5> Nodes in total for scheduling.
I0714 09:36:00.911222       1 session.go:190] Open Session da538e05-472d-408b-964d-9348bb585e24 with <0> Job and <1> Queues
I0714 09:36:00.913317       1 enqueue.go:79] Try to enqueue PodGroup to 0 Queues
I0714 09:36:00.913396       1 allocate.go:64] Try to allocate resource to 0 Queues
I0714 09:36:00.913633       1 session.go:244] Close Session da538e05-472d-408b-964d-9348bb585e24
I0714 09:36:01.915667       1 cache.go:1363] There are <0> Jobs, <1> Queues and <5> Nodes in total for scheduling.
I0714 09:36:01.915833       1 session.go:190] Open Session 92deeeb6-0abb-4ed5-9ab1-72245c3407cb with <0> Job and <1> Queues
I0714 09:36:01.917836       1 enqueue.go:79] Try to enqueue PodGroup to 0 Queues
I0714 09:36:01.917906       1 allocate.go:64] Try to allocate resource to 0 Queues
I0714 09:36:01.918135       1 session.go:244] Close Session 92deeeb6-0abb-4ed5-9ab1-72245c3407cb
W0714 09:36:02.751062       1 event_handlers.go:181] Not support non-csi pvc.
I0714 09:36:02.921025       1 cache.go:1363] There are <0> Jobs, <1> Queues and <5> Nodes in total for scheduling.
I0714 09:36:02.921174       1 session.go:190] Open Session ab28e51d-41e9-4096-bb48-11cf446e67db with <0> Job and <1> Queues
I0714 09:36:02.922951       1 enqueue.go:79] Try to enqueue PodGroup to 0 Queues
I0714 09:36:02.923044       1 allocate.go:64] Try to allocate resource to 0 Queues
I0714 09:36:02.923268       1 session.go:244] Close Session ab28e51d-41e9-4096-bb48-11cf446e67db
I0714 09:36:03.925955       1 cache.go:1363] There are <0> Jobs, <1> Queues and <5> Nodes in total for scheduling.
I0714 09:36:03.926142       1 session.go:190] Open Session 292c4a4b-754d-4036-af7a-a3301d7dff23 with <0> Job and <1> Queues
I0714 09:36:03.928451       1 enqueue.go:79] Try to enqueue PodGroup to 0 Queues
I0714 09:36:03.928542       1 allocate.go:64] Try to allocate resource to 0 Queues
I0714 09:36:03.928776       1 session.go:244] Close Session 292c4a4b-754d-4036-af7a-a3301d7dff23
I0714 09:36:04.931442       1 cache.go:1363] There are <0> Jobs, <1> Queues and <5> Nodes in total for scheduling.
I0714 09:36:04.931634       1 session.go:190] Open Session 7d55f3d8-c267-4356-ad77-230c1da90c80 with <0> Job and <1> Queues
I0714 09:36:04.933921       1 enqueue.go:79] Try to enqueue PodGroup to 0 Queues
I0714 09:36:04.934022       1 allocate.go:64] Try to allocate resource to 0 Queues
I0714 09:36:04.934266       1 session.go:244] Close Session 7d55f3d8-c267-4356-ad77-230c1da90c80
I0714 09:36:05.936946       1 cache.go:1363] There are <0> Jobs, <1> Queues and <5> Nodes in total for scheduling.
I0714 09:36:05.937132       1 session.go:190] Open Session e7a30fff-cf76-4e76-b325-2a10985ad5c8 with <0> Job and <1> Queues
I0714 09:36:05.939000       1 enqueue.go:79] Try to enqueue PodGroup to 0 Queues
I0714 09:36:05.939068       1 allocate.go:64] Try to allocate resource to 0 Queues
I0714 09:36:05.939295       1 session.go:244] Close Session e7a30fff-cf76-4e76-b325-2a10985ad5c8
W0714 09:36:06.425080       1 event_handlers.go:181] Not support non-csi pvc.
I0714 09:36:06.425199       1 event_handlers.go:387] Added pod <default/yolo-seg> into cache.
W0714 09:36:06.455603       1 event_handlers.go:181] Not support non-csi pvc.
I0714 09:36:06.681482       1 cache.go:1489] The metrics type is not set in the volcano scheduler configmap file. As a result, the CPU and memory load information of the node is not collected.
I0714 09:36:06.942367       1 cache.go:1363] There are <1> Jobs, <1> Queues and <5> Nodes in total for scheduling.
I0714 09:36:06.942534       1 session.go:190] Open Session f2dc0d1a-d9d7-4647-8776-3d16706cf314 with <1> Job and <1> Queues
I0714 09:36:06.945308       1 enqueue.go:79] Try to enqueue PodGroup to 1 Queues
I0714 09:36:06.945564       1 allocate.go:64] Try to allocate resource to 1 Queues
I0714 09:36:06.945627       1 allocate.go:129] Try to allocate resource to Jobs in Queue <default>
I0714 09:36:06.945663       1 allocate.go:161] Try to allocate resource to 1 tasks of Job <default/podgroup-015cf9fa-39a5-414e-8a75-2f86cb24152b>
I0714 09:36:06.945710       1 allocate.go:181] There are <5> nodes for Job <default/podgroup-015cf9fa-39a5-414e-8a75-2f86cb24152b>
I0714 09:36:06.946035       1 predicate_helper.go:75] Predicates failed: task default/yolo-seg on node gpu-master fit failed: Insufficient nvidia.com/gpu
I0714 09:36:06.946385       1 predicate_helper.go:75] Predicates failed: task default/yolo-seg on node gpuorin5-desktop fit failed: plugin NodeAffinity predicates failed node(s) didn't match Pod's node affinity/selector
I0714 09:36:06.946396       1 predicate_helper.go:75] Predicates failed: task default/yolo-seg on node gpuorin4-desktop fit failed: plugin NodeAffinity predicates failed node(s) didn't match Pod's node affinity/selector
I0714 09:36:06.947243       1 allocate.go:249] Binding Task <default/yolo-seg> to node <gpu-orin2>
I0714 09:36:06.947469       1 statement.go:266] After allocated Task <default/yolo-seg> to Node <gpu-orin2>: idle <cpu 5900.00, memory 7832690688.00, pods 104.00, ephemeral-storage 225118140453000.00, hugepages-32Mi 0.00, hugepages-1Gi 0.00, hugepages-2Mi 0.00, hugepages-64Ki 0.00, nvidia.com/gpu 3000.00>, used <cpu 100.00, memory 52428800.00, pods 6.00, nvidia.com/gpu 2000.00>, releasing <cpu 0.00, memory 0.00>
I0714 09:36:06.947903       1 statement.go:284] Allocating operations ...
I0714 09:36:06.948027       1 statement.go:378] Committing operations ...
I0714 09:36:06.948146       1 proportion.go:302] Queue <default>: deserved <cpu 0.00, memory 0.00, pods 1.00, nvidia.com/gpu 1000.00>, allocated <cpu 0.00, memory 0.00, nvidia.com/gpu 1000.00, pods 1.00>, share <1>
I0714 09:36:06.948207       1 allocate.go:125] Queue <default> is overused, ignore it.
I0714 09:36:06.959890       1 session.go:244] Close Session f2dc0d1a-d9d7-4647-8776-3d16706cf314
I0714 09:36:06.975837       1 cache.go:900] bind ok, latency 12.872712ms
W0714 09:36:06.978743       1 event_handlers.go:181] Not support non-csi pvc.
W0714 09:36:07.020072       1 event_handlers.go:181] Not support non-csi pvc.
W0714 09:36:07.094524       1 event_handlers.go:181] Not support non-csi pvc.
I0714 09:36:07.099594       1 event_handlers.go:442] Deleted pod <default/yolo-seg> from cache.
I0714 09:36:07.104932       1 cache.go:1013] Try to delete Job <default/podgroup-015cf9fa-39a5-414e-8a75-2f86cb24152b:default/podgroup-015cf9fa-39a5-414e-8a75-2f86cb24152b>
I0714 09:36:07.105185       1 cache.go:1054] Job <default/podgroup-015cf9fa-39a5-414e-8a75-2f86cb24152b:default/podgroup-015cf9fa-39a5-414e-8a75-2f86cb24152b> was deleted.
W0714 09:36:07.224632       1 event_handlers.go:181] Not support non-csi pvc.
I0714 09:36:07.224756       1 event_handlers.go:387] Added pod <default/yolo-seg> into cache.
W0714 09:36:07.259630       1 event_handlers.go:181] Not support non-csi pvc.
I0714 09:36:07.962448       1 cache.go:1363] There are <0> Jobs, <1> Queues and <5> Nodes in total for scheduling.
I0714 09:36:07.962585       1 session.go:190] Open Session 19d1a61e-b15c-4ffb-ba53-13aef4362b7a with <0> Job and <1> Queues
I0714 09:36:07.964559       1 enqueue.go:79] Try to enqueue PodGroup to 0 Queues
I0714 09:36:07.964637       1 allocate.go:64] Try to allocate resource to 0 Queues
I0714 09:36:07.964868       1 session.go:244] Close Session 19d1a61e-b15c-4ffb-ba53-13aef4362b7a
I0714 09:36:08.967781       1 cache.go:1363] There are <0> Jobs, <1> Queues and <5> Nodes in total for scheduling.
I0714 09:36:08.967950       1 session.go:190] Open Session 387a61cc-9edd-4fe2-883b-981b1718ad8f with <0> Job and <1> Queues
I0714 09:36:08.970137       1 enqueue.go:79] Try to enqueue PodGroup to 0 Queues
I0714 09:36:08.970222       1 allocate.go:64] Try to allocate resource to 0 Queues
I0714 09:36:08.970443       1 session.go:244] Close Session 387a61cc-9edd-4fe2-883b-981b1718ad8f
W0714 09:36:09.772252       1 event_handlers.go:181] Not support non-csi pvc.
I0714 09:36:09.973259       1 cache.go:1363] There are <0> Jobs, <1> Queues and <5> Nodes in total for scheduling.
I0714 09:36:09.973448       1 session.go:190] Open Session 3e3c21fb-517f-4ba6-812c-261a7f8534db with <0> Job and <1> Queues
I0714 09:36:09.975297       1 enqueue.go:79] Try to enqueue PodGroup to 0 Queues
I0714 09:36:09.975365       1 allocate.go:64] Try to allocate resource to 0 Queues
I0714 09:36:09.975582       1 session.go:244] Close Session 3e3c21fb-517f-4ba6-812c-261a7f8534db
I0714 09:36:10.977983       1 cache.go:1363] There are <0> Jobs, <1> Queues and <5> Nodes in total for scheduling.
I0714 09:36:10.978184       1 session.go:190] Open Session f2a56394-c5df-49e3-b764-25f8987c20a5 with <0> Job and <1> Queues
I0714 09:36:10.980594       1 enqueue.go:79] Try to enqueue PodGroup to 0 Queues
I0714 09:36:10.980692       1 allocate.go:64] Try to allocate resource to 0 Queues
I0714 09:36:10.980908       1 session.go:244] Close Session f2a56394-c5df-49e3-b764-25f8987c20a5
I0714 09:36:11.983607       1 cache.go:1363] There are <0> Jobs, <1> Queues and <5> Nodes in total for scheduling.
I0714 09:36:11.983783       1 session.go:190] Open Session 3513db9a-9dce-46e2-b422-c884e6eabcc7 with <0> Job and <1> Queues
I0714 09:36:11.985790       1 enqueue.go:79] Try to enqueue PodGroup to 0 Queues
I0714 09:36:11.985862       1 allocate.go:64] Try to allocate resource to 0 Queues
I0714 09:36:11.986074       1 session.go:244] Close Session 3513db9a-9dce-46e2-b422-c884e6eabcc7
I0714 09:36:12.989041       1 cache.go:1363] There are <0> Jobs, <1> Queues and <5> Nodes in total for scheduling.
I0714 09:36:12.989210       1 session.go:190] Open Session 118195fd-136d-4fe2-baf9-0342d01364b6 with <0> Job and <1> Queues
I0714 09:36:12.991182       1 enqueue.go:79] Try to enqueue PodGroup to 0 Queues
I0714 09:36:12.991253       1 allocate.go:64] Try to allocate resource to 0 Queues
I0714 09:36:12.991457       1 session.go:244] Close Session 118195fd-136d-4fe2-baf9-0342d01364b6
W0714 09:36:13.937583       1 event_handlers.go:181] Not support non-csi pvc.
I0714 09:36:13.937698       1 event_handlers.go:387] Added pod <default/yolo-obb> into cache.
W0714 09:36:13.960703       1 event_handlers.go:181] Not support non-csi pvc.
I0714 09:36:13.994004       1 cache.go:1363] There are <1> Jobs, <1> Queues and <5> Nodes in total for scheduling.
I0714 09:36:13.994107       1 session.go:190] Open Session 459bb41a-192d-4cf6-b6a4-93422f9d81fd with <1> Job and <1> Queues
I0714 09:36:13.996227       1 enqueue.go:79] Try to enqueue PodGroup to 1 Queues
I0714 09:36:13.996482       1 allocate.go:64] Try to allocate resource to 1 Queues
I0714 09:36:13.996534       1 allocate.go:129] Try to allocate resource to Jobs in Queue <default>
I0714 09:36:13.996575       1 allocate.go:161] Try to allocate resource to 1 tasks of Job <default/podgroup-93641126-71a8-4feb-b36f-c6aca1d13d1c>
I0714 09:36:13.996617       1 allocate.go:181] There are <5> nodes for Job <default/podgroup-93641126-71a8-4feb-b36f-c6aca1d13d1c>
I0714 09:36:13.996916       1 predicate_helper.go:75] Predicates failed: task default/yolo-obb on node gpu-master fit failed: Insufficient nvidia.com/gpu
I0714 09:36:13.997366       1 predicate_helper.go:75] Predicates failed: task default/yolo-obb on node gpuorin5-desktop fit failed: plugin NodeAffinity predicates failed node(s) didn't match Pod's node affinity/selector
I0714 09:36:13.997698       1 predicate_helper.go:75] Predicates failed: task default/yolo-obb on node gpuorin4-desktop fit failed: plugin NodeAffinity predicates failed node(s) didn't match Pod's node affinity/selector
I0714 09:36:13.998507       1 allocate.go:249] Binding Task <default/yolo-obb> to node <gpu-orin3>
I0714 09:36:13.998739       1 statement.go:266] After allocated Task <default/yolo-obb> to Node <gpu-orin3>: idle <cpu 5900.00, memory 7832723456.00, hugepages-64Ki 0.00, ephemeral-storage 111715275387000.00, hugepages-1Gi 0.00, hugepages-32Mi 0.00, nvidia.com/gpu 3000.00, pods 104.00, hugepages-2Mi 0.00>, used <cpu 100.00, memory 52428800.00, pods 6.00, nvidia.com/gpu 2000.00>, releasing <cpu 0.00, memory 0.00>
I0714 09:36:13.999145       1 statement.go:284] Allocating operations ...
I0714 09:36:13.999269       1 statement.go:378] Committing operations ...
I0714 09:36:13.999391       1 proportion.go:302] Queue <default>: deserved <cpu 0.00, memory 0.00, nvidia.com/gpu 1000.00, pods 1.00>, allocated <cpu 0.00, memory 0.00, nvidia.com/gpu 1000.00, pods 1.00>, share <1>
I0714 09:36:13.999452       1 allocate.go:125] Queue <default> is overused, ignore it.
I0714 09:36:14.011935       1 session.go:244] Close Session 459bb41a-192d-4cf6-b6a4-93422f9d81fd
I0714 09:36:14.017973       1 cache.go:900] bind ok, latency 10.531155ms
W0714 09:36:14.020825       1 event_handlers.go:181] Not support non-csi pvc.
W0714 09:36:14.063975       1 event_handlers.go:181] Not support non-csi pvc.
W0714 09:36:14.606652       1 event_handlers.go:181] Not support non-csi pvc.
I0714 09:36:14.609707       1 event_handlers.go:442] Deleted pod <default/yolo-obb> from cache.
I0714 09:36:14.622408       1 cache.go:1013] Try to delete Job <default/podgroup-93641126-71a8-4feb-b36f-c6aca1d13d1c:default/podgroup-93641126-71a8-4feb-b36f-c6aca1d13d1c>
I0714 09:36:14.622632       1 cache.go:1054] Job <default/podgroup-93641126-71a8-4feb-b36f-c6aca1d13d1c:default/podgroup-93641126-71a8-4feb-b36f-c6aca1d13d1c> was deleted.
W0714 09:36:14.742693       1 event_handlers.go:181] Not support non-csi pvc.
I0714 09:36:14.743010       1 event_handlers.go:387] Added pod <default/yolo-obb> into cache.
W0714 09:36:14.781354       1 event_handlers.go:181] Not support non-csi pvc.
I0714 09:36:15.014899       1 cache.go:1363] There are <0> Jobs, <1> Queues and <5> Nodes in total for scheduling.
I0714 09:36:15.015061       1 session.go:190] Open Session 62138dc4-21ce-4711-9ba5-56d68d8715e7 with <0> Job and <1> Queues
I0714 09:36:15.017040       1 enqueue.go:79] Try to enqueue PodGroup to 0 Queues
I0714 09:36:15.017117       1 allocate.go:64] Try to allocate resource to 0 Queues
I0714 09:36:15.017339       1 session.go:244] Close Session 62138dc4-21ce-4711-9ba5-56d68d8715e7
I0714 09:36:16.019707       1 cache.go:1363] There are <0> Jobs, <1> Queues and <5> Nodes in total for scheduling.
I0714 09:36:16.019891       1 session.go:190] Open Session 64f8840a-d5ab-4c2d-8f84-74d6eef45b30 with <0> Job and <1> Queues
I0714 09:36:16.021829       1 enqueue.go:79] Try to enqueue PodGroup to 0 Queues
I0714 09:36:16.021897       1 allocate.go:64] Try to allocate resource to 0 Queues
I0714 09:36:16.022132       1 session.go:244] Close Session 64f8840a-d5ab-4c2d-8f84-74d6eef45b30
I0714 09:36:17.024567       1 cache.go:1363] There are <0> Jobs, <1> Queues and <5> Nodes in total for scheduling.
I0714 09:36:17.024749       1 session.go:190] Open Session a35ceeb1-fae0-4ad0-9157-3bc8e153a2a3 with <0> Job and <1> Queues
I0714 09:36:17.026745       1 enqueue.go:79] Try to enqueue PodGroup to 0 Queues
I0714 09:36:17.026827       1 allocate.go:64] Try to allocate resource to 0 Queues
I0714 09:36:17.027054       1 session.go:244] Close Session a35ceeb1-fae0-4ad0-9157-3bc8e153a2a3
W0714 09:36:17.110677       1 event_handlers.go:181] Not support non-csi pvc.
I0714 09:36:18.029556       1 cache.go:1363] There are <0> Jobs, <1> Queues and <5> Nodes in total for scheduling.
I0714 09:36:18.029702       1 session.go:190] Open Session 461ee02e-e4fd-4f00-b6ca-a21e94fe010d with <0> Job and <1> Queues
I0714 09:36:18.031701       1 enqueue.go:79] Try to enqueue PodGroup to 0 Queues
I0714 09:36:18.031773       1 allocate.go:64] Try to allocate resource to 0 Queues
I0714 09:36:18.031986       1 session.go:244] Close Session 461ee02e-e4fd-4f00-b6ca-a21e94fe010d
I0714 09:36:19.034699       1 cache.go:1363] There are <0> Jobs, <1> Queues and <5> Nodes in total for scheduling.
I0714 09:36:19.034858       1 session.go:190] Open Session ff4035c0-9a92-4319-95f6-de6aa74ac846 with <0> Job and <1> Queues
I0714 09:36:19.036770       1 enqueue.go:79] Try to enqueue PodGroup to 0 Queues
I0714 09:36:19.036846       1 allocate.go:64] Try to allocate resource to 0 Queues
I0714 09:36:19.037081       1 session.go:244] Close Session ff4035c0-9a92-4319-95f6-de6aa74ac846
I0714 09:36:20.040075       1 cache.go:1363] There are <0> Jobs, <1> Queues and <5> Nodes in total for scheduling.
I0714 09:36:20.040243       1 session.go:190] Open Session a2f2c3af-ec0d-483a-ab1b-04b257a17417 with <0> Job and <1> Queues
I0714 09:36:20.042146       1 enqueue.go:79] Try to enqueue PodGroup to 0 Queues
I0714 09:36:20.042228       1 allocate.go:64] Try to allocate resource to 0 Queues
I0714 09:36:20.042445       1 session.go:244] Close Session a2f2c3af-ec0d-483a-ab1b-04b257a17417
W0714 09:36:20.853269       1 event_handlers.go:181] Not support non-csi pvc.
I0714 09:36:20.853392       1 event_handlers.go:387] Added pod <default/yolo-pos> into cache.
W0714 09:36:20.877377       1 event_handlers.go:181] Not support non-csi pvc.
I0714 09:36:21.044809       1 cache.go:1363] There are <1> Jobs, <1> Queues and <5> Nodes in total for scheduling.
I0714 09:36:21.044946       1 session.go:190] Open Session 11966899-8ecc-44be-81d8-3ae8a91640b3 with <1> Job and <1> Queues
I0714 09:36:21.047168       1 enqueue.go:79] Try to enqueue PodGroup to 1 Queues
I0714 09:36:21.047410       1 allocate.go:64] Try to allocate resource to 1 Queues
I0714 09:36:21.047462       1 allocate.go:129] Try to allocate resource to Jobs in Queue <default>
I0714 09:36:21.047497       1 allocate.go:161] Try to allocate resource to 1 tasks of Job <default/podgroup-7d0771c9-2a27-4ee3-84c6-deb168abeb06>
I0714 09:36:21.047546       1 allocate.go:181] There are <5> nodes for Job <default/podgroup-7d0771c9-2a27-4ee3-84c6-deb168abeb06>
I0714 09:36:21.047854       1 predicate_helper.go:75] Predicates failed: task default/yolo-pos on node gpu-master fit failed: Insufficient nvidia.com/gpu
I0714 09:36:21.048158       1 predicate_helper.go:75] Predicates failed: task default/yolo-pos on node gpuorin4-desktop fit failed: plugin NodeAffinity predicates failed node(s) didn't match Pod's node affinity/selector
I0714 09:36:21.048231       1 predicate_helper.go:75] Predicates failed: task default/yolo-pos on node gpuorin5-desktop fit failed: plugin NodeAffinity predicates failed node(s) didn't match Pod's node affinity/selector
I0714 09:36:21.048859       1 allocate.go:249] Binding Task <default/yolo-pos> to node <gpu-orin3>
I0714 09:36:21.049067       1 statement.go:266] After allocated Task <default/yolo-pos> to Node <gpu-orin3>: idle <cpu 5900.00, memory 7832723456.00, ephemeral-storage 111715275387000.00, hugepages-1Gi 0.00, hugepages-32Mi 0.00, nvidia.com/gpu 2000.00, hugepages-2Mi 0.00, hugepages-64Ki 0.00, pods 103.00>, used <cpu 100.00, memory 52428800.00, pods 7.00, nvidia.com/gpu 3000.00>, releasing <cpu 0.00, memory 0.00>
I0714 09:36:21.049477       1 statement.go:284] Allocating operations ...
I0714 09:36:21.049600       1 statement.go:378] Committing operations ...
I0714 09:36:21.049721       1 proportion.go:302] Queue <default>: deserved <cpu 0.00, memory 0.00, pods 1.00, nvidia.com/gpu 1000.00>, allocated <cpu 0.00, memory 0.00, pods 1.00, nvidia.com/gpu 1000.00>, share <1>
I0714 09:36:21.049785       1 allocate.go:125] Queue <default> is overused, ignore it.
I0714 09:36:21.063811       1 cache.go:900] bind ok, latency 12.031445ms
W0714 09:36:21.065677       1 event_handlers.go:181] Not support non-csi pvc.
I0714 09:36:21.072067       1 session.go:244] Close Session 11966899-8ecc-44be-81d8-3ae8a91640b3
W0714 09:36:21.106833       1 event_handlers.go:181] Not support non-csi pvc.
W0714 09:36:21.530586       1 event_handlers.go:181] Not support non-csi pvc.
I0714 09:36:21.532430       1 event_handlers.go:442] Deleted pod <default/yolo-pos> from cache.
I0714 09:36:21.547067       1 cache.go:1013] Try to delete Job <default/podgroup-7d0771c9-2a27-4ee3-84c6-deb168abeb06:default/podgroup-7d0771c9-2a27-4ee3-84c6-deb168abeb06>
I0714 09:36:21.547333       1 cache.go:1054] Job <default/podgroup-7d0771c9-2a27-4ee3-84c6-deb168abeb06:default/podgroup-7d0771c9-2a27-4ee3-84c6-deb168abeb06> was deleted.
W0714 09:36:21.672411       1 event_handlers.go:181] Not support non-csi pvc.
I0714 09:36:21.672571       1 event_handlers.go:387] Added pod <default/yolo-pos> into cache.
W0714 09:36:21.707846       1 event_handlers.go:181] Not support non-csi pvc.
I0714 09:36:22.074579       1 cache.go:1363] There are <0> Jobs, <1> Queues and <5> Nodes in total for scheduling.
I0714 09:36:22.074744       1 session.go:190] Open Session 949bb221-b31b-44ff-b2d2-c7ab8d2f34e3 with <0> Job and <1> Queues
I0714 09:36:22.076640       1 enqueue.go:79] Try to enqueue PodGroup to 0 Queues
I0714 09:36:22.076729       1 allocate.go:64] Try to allocate resource to 0 Queues
I0714 09:36:22.076946       1 session.go:244] Close Session 949bb221-b31b-44ff-b2d2-c7ab8d2f34e3
I0714 09:36:23.079424       1 cache.go:1363] There are <0> Jobs, <1> Queues and <5> Nodes in total for scheduling.
I0714 09:36:23.079594       1 session.go:190] Open Session f12d791d-d70b-42c9-be46-5af7a7e435a5 with <0> Job and <1> Queues
I0714 09:36:23.081603       1 enqueue.go:79] Try to enqueue PodGroup to 0 Queues
I0714 09:36:23.081677       1 allocate.go:64] Try to allocate resource to 0 Queues
I0714 09:36:23.081909       1 session.go:244] Close Session f12d791d-d70b-42c9-be46-5af7a7e435a5
I0714 09:36:24.084268       1 cache.go:1363] There are <0> Jobs, <1> Queues and <5> Nodes in total for scheduling.
I0714 09:36:24.084461       1 session.go:190] Open Session ba125698-95f2-44c9-859e-c6f2d007ea35 with <0> Job and <1> Queues
I0714 09:36:24.086334       1 enqueue.go:79] Try to enqueue PodGroup to 0 Queues
I0714 09:36:24.086415       1 allocate.go:64] Try to allocate resource to 0 Queues
I0714 09:36:24.086643       1 session.go:244] Close Session ba125698-95f2-44c9-859e-c6f2d007ea35
W0714 09:36:24.192859       1 event_handlers.go:181] Not support non-csi pvc.
I0714 09:36:25.088929       1 cache.go:1363] There are <0> Jobs, <1> Queues and <5> Nodes in total for scheduling.
I0714 09:36:25.089126       1 session.go:190] Open Session 15dd1759-f90f-4d46-a236-535bb8e2eb5a with <0> Job and <1> Queues
I0714 09:36:25.091061       1 enqueue.go:79] Try to enqueue PodGroup to 0 Queues
I0714 09:36:25.091134       1 allocate.go:64] Try to allocate resource to 0 Queues
I0714 09:36:25.091337       1 session.go:244] Close Session 15dd1759-f90f-4d46-a236-535bb8e2eb5a
I0714 09:36:26.093923       1 cache.go:1363] There are <0> Jobs, <1> Queues and <5> Nodes in total for scheduling.
I0714 09:36:26.094098       1 session.go:190] Open Session ef8c0dca-40cb-48ad-9663-4e359173c3a7 with <0> Job and <1> Queues
I0714 09:36:26.096266       1 enqueue.go:79] Try to enqueue PodGroup to 0 Queues
I0714 09:36:26.096393       1 allocate.go:64] Try to allocate resource to 0 Queues
I0714 09:36:26.096635       1 session.go:244] Close Session ef8c0dca-40cb-48ad-9663-4e359173c3a7
I0714 09:36:27.098698       1 cache.go:1363] There are <0> Jobs, <1> Queues and <5> Nodes in total for scheduling.
I0714 09:36:27.098855       1 session.go:190] Open Session b26c0a74-4a80-46df-9564-77620aab57c0 with <0> Job and <1> Queues
I0714 09:36:27.100758       1 enqueue.go:79] Try to enqueue PodGroup to 0 Queues
I0714 09:36:27.100835       1 allocate.go:64] Try to allocate resource to 0 Queues
I0714 09:36:27.101048       1 session.go:244] Close Session b26c0a74-4a80-46df-9564-77620aab57c0
I0714 09:36:28.103534       1 cache.go:1363] There are <0> Jobs, <1> Queues and <5> Nodes in total for scheduling.
I0714 09:36:28.103713       1 session.go:190] Open Session ae002ed4-229e-4e93-a265-4e495e5270c4 with <0> Job and <1> Queues
I0714 09:36:28.105821       1 enqueue.go:79] Try to enqueue PodGroup to 0 Queues
I0714 09:36:28.105901       1 allocate.go:64] Try to allocate resource to 0 Queues
I0714 09:36:28.106137       1 session.go:244] Close Session ae002ed4-229e-4e93-a265-4e495e5270c4
I0714 09:36:29.108275       1 cache.go:1363] There are <0> Jobs, <1> Queues and <5> Nodes in total for scheduling.
I0714 09:36:29.108440       1 session.go:190] Open Session f51e7e4c-c2aa-4a91-b6c1-e3f0f85a4133 with <0> Job and <1> Queues
I0714 09:36:29.110272       1 enqueue.go:79] Try to enqueue PodGroup to 0 Queues
I0714 09:36:29.110336       1 allocate.go:64] Try to allocate resource to 0 Queues
I0714 09:36:29.110540       1 session.go:244] Close Session f51e7e4c-c2aa-4a91-b6c1-e3f0f85a4133
I0714 09:36:30.113198       1 cache.go:1363] There are <0> Jobs, <1> Queues and <5> Nodes in total for scheduling.
I0714 09:36:30.113369       1 session.go:190] Open Session ee9c55aa-b77b-4376-b239-1bd354565398 with <0> Job and <1> Queues
I0714 09:36:30.115302       1 enqueue.go:79] Try to enqueue PodGroup to 0 Queues
I0714 09:36:30.115390       1 allocate.go:64] Try to allocate resource to 0 Queues
I0714 09:36:30.115616       1 session.go:244] Close Session ee9c55aa-b77b-4376-b239-1bd354565398
I0714 09:36:31.118789       1 cache.go:1363] There are <0> Jobs, <1> Queues and <5> Nodes in total for scheduling.
I0714 09:36:31.118963       1 session.go:190] Open Session d61cdc98-86c2-4b59-89dd-61777f9b0aa8 with <0> Job and <1> Queues
I0714 09:36:31.120876       1 enqueue.go:79] Try to enqueue PodGroup to 0 Queues
I0714 09:36:31.120956       1 allocate.go:64] Try to allocate resource to 0 Queues
I0714 09:36:31.121181       1 session.go:244] Close Session d61cdc98-86c2-4b59-89dd-61777f9b0aa8
I0714 09:36:32.123969       1 cache.go:1363] There are <0> Jobs, <1> Queues and <5> Nodes in total for scheduling.
I0714 09:36:32.124123       1 session.go:190] Open Session 33da2cfe-12fb-4aef-9a72-8cb8fd897aa9 with <0> Job and <1> Queues
I0714 09:36:32.126067       1 enqueue.go:79] Try to enqueue PodGroup to 0 Queues
I0714 09:36:32.126160       1 allocate.go:64] Try to allocate resource to 0 Queues
I0714 09:36:32.126361       1 session.go:244] Close Session 33da2cfe-12fb-4aef-9a72-8cb8fd897aa9
I0714 09:36:33.129227       1 cache.go:1363] There are <0> Jobs, <1> Queues and <5> Nodes in total for scheduling.
I0714 09:36:33.129386       1 session.go:190] Open Session c4e983ea-6001-4fbd-bfb1-1fe140eb6a3c with <0> Job and <1> Queues
I0714 09:36:33.131230       1 enqueue.go:79] Try to enqueue PodGroup to 0 Queues
I0714 09:36:33.131304       1 allocate.go:64] Try to allocate resource to 0 Queues
I0714 09:36:33.131544       1 session.go:244] Close Session c4e983ea-6001-4fbd-bfb1-1fe140eb6a3c
I0714 09:36:34.133619       1 cache.go:1363] There are <0> Jobs, <1> Queues and <5> Nodes in total for scheduling.
I0714 09:36:34.133764       1 session.go:190] Open Session 24d14e1e-a2e8-4510-9ded-8e768cae97ec with <0> Job and <1> Queues
I0714 09:36:34.135544       1 enqueue.go:79] Try to enqueue PodGroup to 0 Queues
I0714 09:36:34.135607       1 allocate.go:64] Try to allocate resource to 0 Queues
I0714 09:36:34.135791       1 session.go:244] Close Session 24d14e1e-a2e8-4510-9ded-8e768cae97ec
I0714 09:36:35.138537       1 cache.go:1363] There are <0> Jobs, <1> Queues and <5> Nodes in total for scheduling.
I0714 09:36:35.138704       1 session.go:190] Open Session 4748560c-a686-49bd-b5a8-19f4b485512f with <0> Job and <1> Queues
I0714 09:36:35.140677       1 enqueue.go:79] Try to enqueue PodGroup to 0 Queues
I0714 09:36:35.140747       1 allocate.go:64] Try to allocate resource to 0 Queues
I0714 09:36:35.140977       1 session.go:244] Close Session 4748560c-a686-49bd-b5a8-19f4b485512f
I0714 09:36:36.144237       1 cache.go:1363] There are <0> Jobs, <1> Queues and <5> Nodes in total for scheduling.
I0714 09:36:36.144456       1 session.go:190] Open Session 0bbc4aa1-49a5-4470-b7c8-b46227b370a6 with <0> Job and <1> Queues
I0714 09:36:36.146438       1 enqueue.go:79] Try to enqueue PodGroup to 0 Queues
I0714 09:36:36.146507       1 allocate.go:64] Try to allocate resource to 0 Queues
I0714 09:36:36.146734       1 session.go:244] Close Session 0bbc4aa1-49a5-4470-b7c8-b46227b370a6
I0714 09:36:36.682703       1 cache.go:1489] The metrics type is not set in the volcano scheduler configmap file. As a result, the CPU and memory load information of the node is not collected.
I0714 09:36:37.149234       1 cache.go:1363] There are <0> Jobs, <1> Queues and <5> Nodes in total for scheduling.
I0714 09:36:37.149421       1 session.go:190] Open Session f7932490-3d45-422c-8d44-65cd3323d8d0 with <0> Job and <1> Queues
I0714 09:36:37.151341       1 enqueue.go:79] Try to enqueue PodGroup to 0 Queues
I0714 09:36:37.151413       1 allocate.go:64] Try to allocate resource to 0 Queues
I0714 09:36:37.151643       1 session.go:244] Close Session f7932490-3d45-422c-8d44-65cd3323d8d0
I0714 09:36:38.154897       1 cache.go:1363] There are <0> Jobs, <1> Queues and <5> Nodes in total for scheduling.
I0714 09:36:38.155069       1 session.go:190] Open Session c24c40a1-f5a3-4ed3-8a3a-cc6fc3691ebe with <0> Job and <1> Queues
I0714 09:36:38.157120       1 enqueue.go:79] Try to enqueue PodGroup to 0 Queues
I0714 09:36:38.157190       1 allocate.go:64] Try to allocate resource to 0 Queues
I0714 09:36:38.157421       1 session.go:244] Close Session c24c40a1-f5a3-4ed3-8a3a-cc6fc3691ebe
I0714 09:36:39.159596       1 cache.go:1363] There are <0> Jobs, <1> Queues and <5> Nodes in total for scheduling.
I0714 09:36:39.159755       1 session.go:190] Open Session 9a06d643-9a7a-44ef-8db1-7c6fe9d07bb3 with <0> Job and <1> Queues
I0714 09:36:39.161761       1 enqueue.go:79] Try to enqueue PodGroup to 0 Queues
I0714 09:36:39.161829       1 allocate.go:64] Try to allocate resource to 0 Queues
I0714 09:36:39.162133       1 session.go:244] Close Session 9a06d643-9a7a-44ef-8db1-7c6fe9d07bb3
I0714 09:36:40.165610       1 cache.go:1363] There are <0> Jobs, <1> Queues and <5> Nodes in total for scheduling.
I0714 09:36:40.165779       1 session.go:190] Open Session 30974ebf-48e6-40fa-ac94-e853cf7fe89e with <0> Job and <1> Queues
I0714 09:36:40.167611       1 enqueue.go:79] Try to enqueue PodGroup to 0 Queues
I0714 09:36:40.167686       1 allocate.go:64] Try to allocate resource to 0 Queues
I0714 09:36:40.167964       1 session.go:244] Close Session 30974ebf-48e6-40fa-ac94-e853cf7fe89e
I0714 09:36:41.170802       1 cache.go:1363] There are <0> Jobs, <1> Queues and <5> Nodes in total for scheduling.
I0714 09:36:41.170989       1 session.go:190] Open Session 8e00ade5-476b-4c7e-9c90-3546f3b11bac with <0> Job and <1> Queues
I0714 09:36:41.173033       1 enqueue.go:79] Try to enqueue PodGroup to 0 Queues
I0714 09:36:41.173111       1 allocate.go:64] Try to allocate resource to 0 Queues
I0714 09:36:41.173636       1 session.go:244] Close Session 8e00ade5-476b-4c7e-9c90-3546f3b11bac
I0714 09:36:42.176070       1 cache.go:1363] There are <0> Jobs, <1> Queues and <5> Nodes in total for scheduling.
I0714 09:36:42.176242       1 session.go:190] Open Session 23663947-72cb-424d-bd91-b9f0b93e4756 with <0> Job and <1> Queues
I0714 09:36:42.178248       1 enqueue.go:79] Try to enqueue PodGroup to 0 Queues
I0714 09:36:42.178324       1 allocate.go:64] Try to allocate resource to 0 Queues
I0714 09:36:42.178537       1 session.go:244] Close Session 23663947-72cb-424d-bd91-b9f0b93e4756
I0714 09:36:43.181616       1 cache.go:1363] There are <0> Jobs, <1> Queues and <5> Nodes in total for scheduling.
I0714 09:36:43.181789       1 session.go:190] Open Session 2ad28890-a8ad-40a7-86ea-9e515181206a with <0> Job and <1> Queues
I0714 09:36:43.183768       1 enqueue.go:79] Try to enqueue PodGroup to 0 Queues
I0714 09:36:43.183839       1 allocate.go:64] Try to allocate resource to 0 Queues
I0714 09:36:43.184065       1 session.go:244] Close Session 2ad28890-a8ad-40a7-86ea-9e515181206a
I0714 09:36:44.186524       1 cache.go:1363] There are <0> Jobs, <1> Queues and <5> Nodes in total for scheduling.
I0714 09:36:44.186776       1 session.go:190] Open Session 56c583bb-c542-460a-9002-663501c33a67 with <0> Job and <1> Queues
I0714 09:36:44.188753       1 enqueue.go:79] Try to enqueue PodGroup to 0 Queues
I0714 09:36:44.188842       1 allocate.go:64] Try to allocate resource to 0 Queues
I0714 09:36:44.189060       1 session.go:244] Close Session 56c583bb-c542-460a-9002-663501c33a67
I0714 09:36:45.191308       1 cache.go:1363] There are <0> Jobs, <1> Queues and <5> Nodes in total for scheduling.
I0714 09:36:45.191489       1 session.go:190] Open Session c5e5714c-5249-43f7-a76c-6ab7a7a38b26 with <0> Job and <1> Queues
I0714 09:36:45.193616       1 enqueue.go:79] Try to enqueue PodGroup to 0 Queues
I0714 09:36:45.193694       1 allocate.go:64] Try to allocate resource to 0 Queues
I0714 09:36:45.193918       1 session.go:244] Close Session c5e5714c-5249-43f7-a76c-6ab7a7a38b26
I0714 09:36:46.196965       1 cache.go:1363] There are <0> Jobs, <1> Queues and <5> Nodes in total for scheduling.
I0714 09:36:46.197146       1 session.go:190] Open Session 405f263c-1b76-44df-b6e7-b6351638c98c with <0> Job and <1> Queues
I0714 09:36:46.199023       1 enqueue.go:79] Try to enqueue PodGroup to 0 Queues
I0714 09:36:46.199094       1 allocate.go:64] Try to allocate resource to 0 Queues
I0714 09:36:46.199316       1 session.go:244] Close Session 405f263c-1b76-44df-b6e7-b6351638c98c
I0714 09:36:47.201824       1 cache.go:1363] There are <0> Jobs, <1> Queues and <5> Nodes in total for scheduling.
I0714 09:36:47.201981       1 session.go:190] Open Session f30c45c3-aca8-45bd-aa03-130e98eb89b8 with <0> Job and <1> Queues
I0714 09:36:47.203808       1 enqueue.go:79] Try to enqueue PodGroup to 0 Queues
I0714 09:36:47.203887       1 allocate.go:64] Try to allocate resource to 0 Queues
I0714 09:36:47.204113       1 session.go:244] Close Session f30c45c3-aca8-45bd-aa03-130e98eb89b8
I0714 09:36:48.206428       1 cache.go:1363] There are <0> Jobs, <1> Queues and <5> Nodes in total for scheduling.
I0714 09:36:48.206584       1 session.go:190] Open Session 078b0917-20a2-4b44-a200-e286d284ca28 with <0> Job and <1> Queues
I0714 09:36:48.208526       1 enqueue.go:79] Try to enqueue PodGroup to 0 Queues
I0714 09:36:48.208599       1 allocate.go:64] Try to allocate resource to 0 Queues
I0714 09:36:48.208811       1 session.go:244] Close Session 078b0917-20a2-4b44-a200-e286d284ca28
I0714 09:36:49.211447       1 cache.go:1363] There are <0> Jobs, <1> Queues and <5> Nodes in total for scheduling.
I0714 09:36:49.211610       1 session.go:190] Open Session 835904ad-5c38-4e91-8893-6c63f3fc3f63 with <0> Job and <1> Queues
I0714 09:36:49.213524       1 enqueue.go:79] Try to enqueue PodGroup to 0 Queues
I0714 09:36:49.213601       1 allocate.go:64] Try to allocate resource to 0 Queues
I0714 09:36:49.213810       1 session.go:244] Close Session 835904ad-5c38-4e91-8893-6c63f3fc3f63
I0714 09:36:50.216769       1 cache.go:1363] There are <0> Jobs, <1> Queues and <5> Nodes in total for scheduling.
I0714 09:36:50.216967       1 session.go:190] Open Session 3b304106-8586-49ae-b38a-80178ab726d1 with <0> Job and <1> Queues
I0714 09:36:50.218996       1 enqueue.go:79] Try to enqueue PodGroup to 0 Queues
I0714 09:36:50.219077       1 allocate.go:64] Try to allocate resource to 0 Queues
I0714 09:36:50.219309       1 session.go:244] Close Session 3b304106-8586-49ae-b38a-80178ab726d1
I0714 09:36:51.221721       1 cache.go:1363] There are <0> Jobs, <1> Queues and <5> Nodes in total for scheduling.
I0714 09:36:51.221932       1 session.go:190] Open Session 133d3058-df51-483c-9afa-70ba06c65d3a with <0> Job and <1> Queues
I0714 09:36:51.223907       1 enqueue.go:79] Try to enqueue PodGroup to 0 Queues
I0714 09:36:51.223989       1 allocate.go:64] Try to allocate resource to 0 Queues
I0714 09:36:51.224227       1 session.go:244] Close Session 133d3058-df51-483c-9afa-70ba06c65d3a
I0714 09:36:52.227444       1 cache.go:1363] There are <0> Jobs, <1> Queues and <5> Nodes in total for scheduling.
I0714 09:36:52.227599       1 session.go:190] Open Session f632e915-1609-4a64-8094-ad6e8bb38beb with <0> Job and <1> Queues
I0714 09:36:52.229523       1 enqueue.go:79] Try to enqueue PodGroup to 0 Queues
I0714 09:36:52.229592       1 allocate.go:64] Try to allocate resource to 0 Queues
I0714 09:36:52.229813       1 session.go:244] Close Session f632e915-1609-4a64-8094-ad6e8bb38beb
I0714 09:36:53.232962       1 cache.go:1363] There are <0> Jobs, <1> Queues and <5> Nodes in total for scheduling.
I0714 09:36:53.233131       1 session.go:190] Open Session 123ca50b-0790-4622-abd6-6e8c85290a83 with <0> Job and <1> Queues
I0714 09:36:53.235007       1 enqueue.go:79] Try to enqueue PodGroup to 0 Queues
I0714 09:36:53.235078       1 allocate.go:64] Try to allocate resource to 0 Queues
I0714 09:36:53.235307       1 session.go:244] Close Session 123ca50b-0790-4622-abd6-6e8c85290a83
I0714 09:36:54.237586       1 cache.go:1363] There are <0> Jobs, <1> Queues and <5> Nodes in total for scheduling.
I0714 09:36:54.237761       1 session.go:190] Open Session c6814d0d-432b-4a01-bc0c-f4b5b50686e3 with <0> Job and <1> Queues
I0714 09:36:54.239620       1 enqueue.go:79] Try to enqueue PodGroup to 0 Queues
I0714 09:36:54.239690       1 allocate.go:64] Try to allocate resource to 0 Queues
I0714 09:36:54.239916       1 session.go:244] Close Session c6814d0d-432b-4a01-bc0c-f4b5b50686e3
I0714 09:36:55.241432       1 cache.go:1363] There are <0> Jobs, <1> Queues and <5> Nodes in total for scheduling.
I0714 09:36:55.241526       1 session.go:190] Open Session 438a2af0-a8e5-4f96-b589-7d6d9d5a4a0e with <0> Job and <1> Queues
I0714 09:36:55.242543       1 enqueue.go:79] Try to enqueue PodGroup to 0 Queues
I0714 09:36:55.242621       1 allocate.go:64] Try to allocate resource to 0 Queues
I0714 09:36:55.242844       1 session.go:244] Close Session 438a2af0-a8e5-4f96-b589-7d6d9d5a4a0e
I0714 09:36:56.245738       1 cache.go:1363] There are <0> Jobs, <1> Queues and <5> Nodes in total for scheduling.
I0714 09:36:56.245937       1 session.go:190] Open Session 5919fd13-0afb-4c35-b68f-99eada86f3b8 with <0> Job and <1> Queues
I0714 09:36:56.248041       1 enqueue.go:79] Try to enqueue PodGroup to 0 Queues
I0714 09:36:56.248118       1 allocate.go:64] Try to allocate resource to 0 Queues
I0714 09:36:56.248362       1 session.go:244] Close Session 5919fd13-0afb-4c35-b68f-99eada86f3b8
I0714 09:36:57.251341       1 cache.go:1363] There are <0> Jobs, <1> Queues and <5> Nodes in total for scheduling.
I0714 09:36:57.251505       1 session.go:190] Open Session ba00c567-1d92-4a5b-b2da-b6cfe76f2d43 with <0> Job and <1> Queues
I0714 09:36:57.253737       1 enqueue.go:79] Try to enqueue PodGroup to 0 Queues
I0714 09:36:57.253857       1 allocate.go:64] Try to allocate resource to 0 Queues
I0714 09:36:57.254088       1 session.go:244] Close Session ba00c567-1d92-4a5b-b2da-b6cfe76f2d43
I0714 09:36:58.257316       1 cache.go:1363] There are <0> Jobs, <1> Queues and <5> Nodes in total for scheduling.
I0714 09:36:58.257493       1 session.go:190] Open Session 6ecde262-9a6f-4b37-a970-bed85cfa2754 with <0> Job and <1> Queues
I0714 09:36:58.259390       1 enqueue.go:79] Try to enqueue PodGroup to 0 Queues
I0714 09:36:58.259464       1 allocate.go:64] Try to allocate resource to 0 Queues
I0714 09:36:58.259697       1 session.go:244] Close Session 6ecde262-9a6f-4b37-a970-bed85cfa2754
I0714 09:36:59.262252       1 cache.go:1363] There are <0> Jobs, <1> Queues and <5> Nodes in total for scheduling.
I0714 09:36:59.262426       1 session.go:190] Open Session 1aca399e-5954-46dc-a666-0d5f295d73c0 with <0> Job and <1> Queues
I0714 09:36:59.264615       1 enqueue.go:79] Try to enqueue PodGroup to 0 Queues
I0714 09:36:59.264697       1 allocate.go:64] Try to allocate resource to 0 Queues
I0714 09:36:59.264913       1 session.go:244] Close Session 1aca399e-5954-46dc-a666-0d5f295d73c0
I0714 09:37:00.266157       1 cache.go:1363] There are <0> Jobs, <1> Queues and <5> Nodes in total for scheduling.
I0714 09:37:00.266236       1 session.go:190] Open Session bd139a2d-53f1-423c-b36a-e5f000edd01b with <0> Job and <1> Queues
I0714 09:37:00.267122       1 enqueue.go:79] Try to enqueue PodGroup to 0 Queues
I0714 09:37:00.267162       1 allocate.go:64] Try to allocate resource to 0 Queues
I0714 09:37:00.267257       1 session.go:244] Close Session bd139a2d-53f1-423c-b36a-e5f000edd01b
I0714 09:37:01.270164       1 cache.go:1363] There are <0> Jobs, <1> Queues and <5> Nodes in total for scheduling.
I0714 09:37:01.270341       1 session.go:190] Open Session 661cf9c8-24d7-4e64-a882-825b0dded1c7 with <0> Job and <1> Queues
I0714 09:37:01.272203       1 enqueue.go:79] Try to enqueue PodGroup to 0 Queues
I0714 09:37:01.272278       1 allocate.go:64] Try to allocate resource to 0 Queues
I0714 09:37:01.272531       1 session.go:244] Close Session 661cf9c8-24d7-4e64-a882-825b0dded1c7
I0714 09:37:02.275161       1 cache.go:1363] There are <0> Jobs, <1> Queues and <5> Nodes in total for scheduling.
I0714 09:37:02.275323       1 session.go:190] Open Session 9fcbd978-8068-4fef-b1a9-9b3bbdb4eac4 with <0> Job and <1> Queues
I0714 09:37:02.277203       1 enqueue.go:79] Try to enqueue PodGroup to 0 Queues
I0714 09:37:02.277273       1 allocate.go:64] Try to allocate resource to 0 Queues
I0714 09:37:02.277484       1 session.go:244] Close Session 9fcbd978-8068-4fef-b1a9-9b3bbdb4eac4
I0714 09:37:03.280152       1 cache.go:1363] There are <0> Jobs, <1> Queues and <5> Nodes in total for scheduling.
I0714 09:37:03.280375       1 session.go:190] Open Session f2e26935-3531-4852-9a5e-2a9b00c7be2e with <0> Job and <1> Queues
I0714 09:37:03.282267       1 enqueue.go:79] Try to enqueue PodGroup to 0 Queues
I0714 09:37:03.282339       1 allocate.go:64] Try to allocate resource to 0 Queues
I0714 09:37:03.282566       1 session.go:244] Close Session f2e26935-3531-4852-9a5e-2a9b00c7be2e
I0714 09:37:04.285617       1 cache.go:1363] There are <0> Jobs, <1> Queues and <5> Nodes in total for scheduling.
I0714 09:37:04.285798       1 session.go:190] Open Session 52df632a-bd99-4415-83ec-5b98d5fce63d with <0> Job and <1> Queues
I0714 09:37:04.287997       1 enqueue.go:79] Try to enqueue PodGroup to 0 Queues
I0714 09:37:04.288087       1 allocate.go:64] Try to allocate resource to 0 Queues
I0714 09:37:04.288350       1 session.go:244] Close Session 52df632a-bd99-4415-83ec-5b98d5fce63d
I0714 09:37:05.291158       1 cache.go:1363] There are <0> Jobs, <1> Queues and <5> Nodes in total for scheduling.
I0714 09:37:05.291333       1 session.go:190] Open Session d84b03bb-ba11-4717-a9ad-e64a5fddbf91 with <0> Job and <1> Queues
I0714 09:37:05.293239       1 enqueue.go:79] Try to enqueue PodGroup to 0 Queues
I0714 09:37:05.293321       1 allocate.go:64] Try to allocate resource to 0 Queues
I0714 09:37:05.293417       1 session.go:244] Close Session d84b03bb-ba11-4717-a9ad-e64a5fddbf91
I0714 09:37:06.296075       1 cache.go:1363] There are <0> Jobs, <1> Queues and <5> Nodes in total for scheduling.
I0714 09:37:06.296344       1 session.go:190] Open Session caaf2b1f-7d8b-4bb8-901a-c8414add733e with <0> Job and <1> Queues
I0714 09:37:06.298216       1 enqueue.go:79] Try to enqueue PodGroup to 0 Queues
I0714 09:37:06.298298       1 allocate.go:64] Try to allocate resource to 0 Queues
I0714 09:37:06.298524       1 session.go:244] Close Session caaf2b1f-7d8b-4bb8-901a-c8414add733e
I0714 09:37:06.683450       1 cache.go:1489] The metrics type is not set in the volcano scheduler configmap file. As a result, the CPU and memory load information of the node is not collected.
I0714 09:37:07.301070       1 cache.go:1363] There are <0> Jobs, <1> Queues and <5> Nodes in total for scheduling.
I0714 09:37:07.301249       1 session.go:190] Open Session e08d3750-9419-4427-97ff-66c44201ba38 with <0> Job and <1> Queues
I0714 09:37:07.303585       1 enqueue.go:79] Try to enqueue PodGroup to 0 Queues
I0714 09:37:07.303657       1 allocate.go:64] Try to allocate resource to 0 Queues
I0714 09:37:07.303922       1 session.go:244] Close Session e08d3750-9419-4427-97ff-66c44201ba38
I0714 09:37:08.306656       1 cache.go:1363] There are <0> Jobs, <1> Queues and <5> Nodes in total for scheduling.
I0714 09:37:08.306860       1 session.go:190] Open Session 8b0946e6-1eae-4596-bc4f-6ef302a1dd3f with <0> Job and <1> Queues
I0714 09:37:08.308813       1 enqueue.go:79] Try to enqueue PodGroup to 0 Queues
I0714 09:37:08.308890       1 allocate.go:64] Try to allocate resource to 0 Queues
I0714 09:37:08.309122       1 session.go:244] Close Session 8b0946e6-1eae-4596-bc4f-6ef302a1dd3f
I0714 09:37:09.312004       1 cache.go:1363] There are <0> Jobs, <1> Queues and <5> Nodes in total for scheduling.
I0714 09:37:09.312225       1 session.go:190] Open Session c33c1d0b-ba91-4491-82c7-475b31f43b32 with <0> Job and <1> Queues
I0714 09:37:09.314201       1 enqueue.go:79] Try to enqueue PodGroup to 0 Queues
I0714 09:37:09.314290       1 allocate.go:64] Try to allocate resource to 0 Queues
I0714 09:37:09.314517       1 session.go:244] Close Session c33c1d0b-ba91-4491-82c7-475b31f43b32
I0714 09:37:10.318597       1 cache.go:1363] There are <0> Jobs, <1> Queues and <5> Nodes in total for scheduling.
I0714 09:37:10.318715       1 session.go:190] Open Session cf34ffaf-8e97-401a-8c4f-ca759bc422b8 with <0> Job and <1> Queues
I0714 09:37:10.319639       1 enqueue.go:79] Try to enqueue PodGroup to 0 Queues
I0714 09:37:10.319677       1 allocate.go:64] Try to allocate resource to 0 Queues
I0714 09:37:10.319775       1 session.go:244] Close Session cf34ffaf-8e97-401a-8c4f-ca759bc422b8
I0714 09:37:11.322887       1 cache.go:1363] There are <0> Jobs, <1> Queues and <5> Nodes in total for scheduling.
I0714 09:37:11.323078       1 session.go:190] Open Session 83a00652-ec59-4322-bdc6-5624ee733f76 with <0> Job and <1> Queues
I0714 09:37:11.325055       1 enqueue.go:79] Try to enqueue PodGroup to 0 Queues
I0714 09:37:11.325151       1 allocate.go:64] Try to allocate resource to 0 Queues
I0714 09:37:11.325374       1 session.go:244] Close Session 83a00652-ec59-4322-bdc6-5624ee733f76
I0714 09:37:12.328466       1 cache.go:1363] There are <0> Jobs, <1> Queues and <5> Nodes in total for scheduling.
I0714 09:37:12.328644       1 session.go:190] Open Session d407aaef-690a-4dbd-beb5-d32e1aadb4f2 with <0> Job and <1> Queues
I0714 09:37:12.330509       1 enqueue.go:79] Try to enqueue PodGroup to 0 Queues
I0714 09:37:12.330598       1 allocate.go:64] Try to allocate resource to 0 Queues
I0714 09:37:12.330803       1 session.go:244] Close Session d407aaef-690a-4dbd-beb5-d32e1aadb4f2
I0714 09:37:13.333825       1 cache.go:1363] There are <0> Jobs, <1> Queues and <5> Nodes in total for scheduling.
I0714 09:37:13.333996       1 session.go:190] Open Session 76a040e5-a091-4a0b-85e7-26edc32052a7 with <0> Job and <1> Queues
I0714 09:37:13.335924       1 enqueue.go:79] Try to enqueue PodGroup to 0 Queues
I0714 09:37:13.335993       1 allocate.go:64] Try to allocate resource to 0 Queues
I0714 09:37:13.336220       1 session.go:244] Close Session 76a040e5-a091-4a0b-85e7-26edc32052a7
I0714 09:37:14.338840       1 cache.go:1363] There are <0> Jobs, <1> Queues and <5> Nodes in total for scheduling.
I0714 09:37:14.338985       1 session.go:190] Open Session 5094e57b-726b-4d61-bcc1-2a309a78582a with <0> Job and <1> Queues
I0714 09:37:14.342597       1 enqueue.go:79] Try to enqueue PodGroup to 0 Queues
I0714 09:37:14.342725       1 allocate.go:64] Try to allocate resource to 0 Queues
I0714 09:37:14.343058       1 session.go:244] Close Session 5094e57b-726b-4d61-bcc1-2a309a78582a
I0714 09:37:15.345896       1 cache.go:1363] There are <0> Jobs, <1> Queues and <5> Nodes in total for scheduling.
I0714 09:37:15.346057       1 session.go:190] Open Session afecfa26-6307-4631-be5c-28898b02f6b4 with <0> Job and <1> Queues
I0714 09:37:15.347838       1 enqueue.go:79] Try to enqueue PodGroup to 0 Queues
I0714 09:37:15.347911       1 allocate.go:64] Try to allocate resource to 0 Queues
I0714 09:37:15.348127       1 session.go:244] Close Session afecfa26-6307-4631-be5c-28898b02f6b4
I0714 09:37:16.351181       1 cache.go:1363] There are <0> Jobs, <1> Queues and <5> Nodes in total for scheduling.
I0714 09:37:16.351356       1 session.go:190] Open Session d2690249-c992-4bb2-9c07-4f0a9a044cc4 with <0> Job and <1> Queues
I0714 09:37:16.353403       1 enqueue.go:79] Try to enqueue PodGroup to 0 Queues
I0714 09:37:16.353483       1 allocate.go:64] Try to allocate resource to 0 Queues
I0714 09:37:16.353705       1 session.go:244] Close Session d2690249-c992-4bb2-9c07-4f0a9a044cc4
I0714 09:37:17.356181       1 cache.go:1363] There are <0> Jobs, <1> Queues and <5> Nodes in total for scheduling.
I0714 09:37:17.356407       1 session.go:190] Open Session a0007dd1-2dbd-456b-8f2b-e9a72fd3c8b7 with <0> Job and <1> Queues
I0714 09:37:17.358383       1 enqueue.go:79] Try to enqueue PodGroup to 0 Queues
I0714 09:37:17.358462       1 allocate.go:64] Try to allocate resource to 0 Queues
I0714 09:37:17.358702       1 session.go:244] Close Session a0007dd1-2dbd-456b-8f2b-e9a72fd3c8b7
I0714 09:37:18.360863       1 cache.go:1363] There are <0> Jobs, <1> Queues and <5> Nodes in total for scheduling.
I0714 09:37:18.361026       1 session.go:190] Open Session 596ba2ee-918d-4b55-a1dd-a7d596f6ddc5 with <0> Job and <1> Queues
I0714 09:37:18.362860       1 enqueue.go:79] Try to enqueue PodGroup to 0 Queues
I0714 09:37:18.362933       1 allocate.go:64] Try to allocate resource to 0 Queues
I0714 09:37:18.363163       1 session.go:244] Close Session 596ba2ee-918d-4b55-a1dd-a7d596f6ddc5
I0714 09:37:19.365939       1 cache.go:1363] There are <0> Jobs, <1> Queues and <5> Nodes in total for scheduling.
I0714 09:37:19.366149       1 session.go:190] Open Session 14e988a5-7473-4056-ab84-543c1ef88d44 with <0> Job and <1> Queues
I0714 09:37:19.368162       1 enqueue.go:79] Try to enqueue PodGroup to 0 Queues
I0714 09:37:19.368250       1 allocate.go:64] Try to allocate resource to 0 Queues
I0714 09:37:19.368558       1 session.go:244] Close Session 14e988a5-7473-4056-ab84-543c1ef88d44
I0714 09:37:20.371585       1 cache.go:1363] There are <0> Jobs, <1> Queues and <5> Nodes in total for scheduling.
I0714 09:37:20.371753       1 session.go:190] Open Session d264decb-110f-4db5-8118-981965d3686d with <0> Job and <1> Queues
I0714 09:37:20.373739       1 enqueue.go:79] Try to enqueue PodGroup to 0 Queues
I0714 09:37:20.373816       1 allocate.go:64] Try to allocate resource to 0 Queues
I0714 09:37:20.374043       1 session.go:244] Close Session d264decb-110f-4db5-8118-981965d3686d
I0714 09:37:21.377597       1 cache.go:1363] There are <0> Jobs, <1> Queues and <5> Nodes in total for scheduling.
I0714 09:37:21.377787       1 session.go:190] Open Session 823779be-f29e-49fe-868d-e45444badd72 with <0> Job and <1> Queues
I0714 09:37:21.380142       1 enqueue.go:79] Try to enqueue PodGroup to 0 Queues
I0714 09:37:21.380235       1 allocate.go:64] Try to allocate resource to 0 Queues
I0714 09:37:21.380508       1 session.go:244] Close Session 823779be-f29e-49fe-868d-e45444badd72
I0714 09:37:22.383157       1 cache.go:1363] There are <0> Jobs, <1> Queues and <5> Nodes in total for scheduling.
I0714 09:37:22.383302       1 session.go:190] Open Session 87ad6591-bb8f-4508-af90-cabfdc2a018b with <0> Job and <1> Queues
I0714 09:37:22.385824       1 enqueue.go:79] Try to enqueue PodGroup to 0 Queues
I0714 09:37:22.385904       1 allocate.go:64] Try to allocate resource to 0 Queues
I0714 09:37:22.386147       1 session.go:244] Close Session 87ad6591-bb8f-4508-af90-cabfdc2a018b
I0714 09:37:23.388832       1 cache.go:1363] There are <0> Jobs, <1> Queues and <5> Nodes in total for scheduling.
I0714 09:37:23.389009       1 session.go:190] Open Session 1aa05ca1-858b-4715-8fe4-d65a4544a3e2 with <0> Job and <1> Queues
I0714 09:37:23.391252       1 enqueue.go:79] Try to enqueue PodGroup to 0 Queues
I0714 09:37:23.391334       1 allocate.go:64] Try to allocate resource to 0 Queues
I0714 09:37:23.391577       1 session.go:244] Close Session 1aa05ca1-858b-4715-8fe4-d65a4544a3e2
I0714 09:37:24.394482       1 cache.go:1363] There are <0> Jobs, <1> Queues and <5> Nodes in total for scheduling.
I0714 09:37:24.394606       1 session.go:190] Open Session 3fce33b2-b1c1-4b58-8669-53fb3c740241 with <0> Job and <1> Queues
I0714 09:37:24.396383       1 enqueue.go:79] Try to enqueue PodGroup to 0 Queues
I0714 09:37:24.396457       1 allocate.go:64] Try to allocate resource to 0 Queues
I0714 09:37:24.396671       1 session.go:244] Close Session 3fce33b2-b1c1-4b58-8669-53fb3c740241
I0714 09:37:25.399402       1 cache.go:1363] There are <0> Jobs, <1> Queues and <5> Nodes in total for scheduling.
I0714 09:37:25.399568       1 session.go:190] Open Session 863bdbfd-ca2d-49f0-9775-50c93aca839b with <0> Job and <1> Queues
I0714 09:37:25.401471       1 enqueue.go:79] Try to enqueue PodGroup to 0 Queues
I0714 09:37:25.401539       1 allocate.go:64] Try to allocate resource to 0 Queues
I0714 09:37:25.401783       1 session.go:244] Close Session 863bdbfd-ca2d-49f0-9775-50c93aca839b
I0714 09:37:26.403834       1 cache.go:1363] There are <0> Jobs, <1> Queues and <5> Nodes in total for scheduling.
I0714 09:37:26.403999       1 session.go:190] Open Session a957aeaa-af58-48d1-9574-fbae3514e4af with <0> Job and <1> Queues
I0714 09:37:26.405958       1 enqueue.go:79] Try to enqueue PodGroup to 0 Queues
I0714 09:37:26.406025       1 allocate.go:64] Try to allocate resource to 0 Queues
I0714 09:37:26.406249       1 session.go:244] Close Session a957aeaa-af58-48d1-9574-fbae3514e4af
I0714 09:37:27.408520       1 cache.go:1363] There are <0> Jobs, <1> Queues and <5> Nodes in total for scheduling.
I0714 09:37:27.408675       1 session.go:190] Open Session 19703318-1c0a-4385-929b-6ec43d713010 with <0> Job and <1> Queues
I0714 09:37:27.410530       1 enqueue.go:79] Try to enqueue PodGroup to 0 Queues
I0714 09:37:27.410591       1 allocate.go:64] Try to allocate resource to 0 Queues
I0714 09:37:27.410837       1 session.go:244] Close Session 19703318-1c0a-4385-929b-6ec43d713010
I0714 09:37:28.413449       1 cache.go:1363] There are <0> Jobs, <1> Queues and <5> Nodes in total for scheduling.
I0714 09:37:28.413603       1 session.go:190] Open Session ff422ab8-2f02-43e6-9a1d-66d99c14c80b with <0> Job and <1> Queues
I0714 09:37:28.415437       1 enqueue.go:79] Try to enqueue PodGroup to 0 Queues
I0714 09:37:28.415501       1 allocate.go:64] Try to allocate resource to 0 Queues
I0714 09:37:28.415704       1 session.go:244] Close Session ff422ab8-2f02-43e6-9a1d-66d99c14c80b
I0714 09:37:29.418156       1 cache.go:1363] There are <0> Jobs, <1> Queues and <5> Nodes in total for scheduling.
I0714 09:37:29.418328       1 session.go:190] Open Session 1e625f7f-c9c3-44ef-83c0-2b2de03e24aa with <0> Job and <1> Queues
I0714 09:37:29.420241       1 enqueue.go:79] Try to enqueue PodGroup to 0 Queues
I0714 09:37:29.420360       1 allocate.go:64] Try to allocate resource to 0 Queues
I0714 09:37:29.420606       1 session.go:244] Close Session 1e625f7f-c9c3-44ef-83c0-2b2de03e24aa
I0714 09:37:30.422865       1 cache.go:1363] There are <0> Jobs, <1> Queues and <5> Nodes in total for scheduling.
I0714 09:37:30.423045       1 session.go:190] Open Session 7efc1ee7-c6df-4aec-a330-768822c56741 with <0> Job and <1> Queues
I0714 09:37:30.425347       1 enqueue.go:79] Try to enqueue PodGroup to 0 Queues
I0714 09:37:30.425441       1 allocate.go:64] Try to allocate resource to 0 Queues
I0714 09:37:30.425666       1 session.go:244] Close Session 7efc1ee7-c6df-4aec-a330-768822c56741
I0714 09:37:31.429111       1 cache.go:1363] There are <0> Jobs, <1> Queues and <5> Nodes in total for scheduling.
I0714 09:37:31.429305       1 session.go:190] Open Session dbda17ae-2167-402b-ac25-4e826c38e287 with <0> Job and <1> Queues
I0714 09:37:31.431461       1 enqueue.go:79] Try to enqueue PodGroup to 0 Queues
I0714 09:37:31.431532       1 allocate.go:64] Try to allocate resource to 0 Queues
I0714 09:37:31.431775       1 session.go:244] Close Session dbda17ae-2167-402b-ac25-4e826c38e287
W0714 09:37:32.198386       1 event_handlers.go:181] Not support non-csi pvc.
I0714 09:37:32.201633       1 event_handlers.go:442] Deleted pod <default/yolo-cls> from cache.
W0714 09:37:32.257848       1 event_handlers.go:181] Not support non-csi pvc.
I0714 09:37:32.260937       1 event_handlers.go:442] Deleted pod <default/yolo-det> from cache.
W0714 09:37:32.314194       1 event_handlers.go:181] Not support non-csi pvc.
I0714 09:37:32.318614       1 event_handlers.go:442] Deleted pod <default/yolo-seg> from cache.
W0714 09:37:32.387561       1 event_handlers.go:181] Not support non-csi pvc.
I0714 09:37:32.396187       1 event_handlers.go:442] Deleted pod <default/yolo-obb> from cache.
I0714 09:37:32.433808       1 cache.go:1363] There are <0> Jobs, <1> Queues and <5> Nodes in total for scheduling.
I0714 09:37:32.433896       1 session.go:190] Open Session 47a18cb7-274a-4c92-aabd-76d3ed42dc2e with <0> Job and <1> Queues
I0714 09:37:32.435613       1 enqueue.go:79] Try to enqueue PodGroup to 0 Queues
I0714 09:37:32.435682       1 allocate.go:64] Try to allocate resource to 0 Queues
I0714 09:37:32.435906       1 session.go:244] Close Session 47a18cb7-274a-4c92-aabd-76d3ed42dc2e
W0714 09:37:32.448977       1 event_handlers.go:181] Not support non-csi pvc.
I0714 09:37:32.459039       1 event_handlers.go:442] Deleted pod <default/yolo-pos> from cache.
I0714 09:37:33.438207       1 cache.go:1363] There are <0> Jobs, <1> Queues and <5> Nodes in total for scheduling.
I0714 09:37:33.438380       1 session.go:190] Open Session 06eccee3-a2a4-42ac-8f4f-015886733628 with <0> Job and <1> Queues
I0714 09:37:33.440369       1 enqueue.go:79] Try to enqueue PodGroup to 0 Queues
I0714 09:37:33.440445       1 allocate.go:64] Try to allocate resource to 0 Queues
I0714 09:37:33.440659       1 session.go:244] Close Session 06eccee3-a2a4-42ac-8f4f-015886733628
I0714 09:37:34.443328       1 cache.go:1363] There are <0> Jobs, <1> Queues and <5> Nodes in total for scheduling.
I0714 09:37:34.443460       1 session.go:190] Open Session 0a91016a-83ec-4039-92b4-dcfacbae8c11 with <0> Job and <1> Queues
I0714 09:37:34.445170       1 enqueue.go:79] Try to enqueue PodGroup to 0 Queues
I0714 09:37:34.445239       1 allocate.go:64] Try to allocate resource to 0 Queues
I0714 09:37:34.445448       1 session.go:244] Close Session 0a91016a-83ec-4039-92b4-dcfacbae8c11
I0714 09:37:35.447834       1 cache.go:1363] There are <0> Jobs, <1> Queues and <5> Nodes in total for scheduling.
I0714 09:37:35.447960       1 session.go:190] Open Session 882394d4-5499-4a3f-92c3-2b89b34015f2 with <0> Job and <1> Queues
I0714 09:37:35.449670       1 enqueue.go:79] Try to enqueue PodGroup to 0 Queues
I0714 09:37:35.449738       1 allocate.go:64] Try to allocate resource to 0 Queues
I0714 09:37:35.449940       1 session.go:244] Close Session 882394d4-5499-4a3f-92c3-2b89b34015f2
I0714 09:37:36.452492       1 cache.go:1363] There are <0> Jobs, <1> Queues and <5> Nodes in total for scheduling.
I0714 09:37:36.452666       1 session.go:190] Open Session e46fb6c1-d196-49e7-bc9a-1249893880db with <0> Job and <1> Queues
I0714 09:37:36.454489       1 enqueue.go:79] Try to enqueue PodGroup to 0 Queues
I0714 09:37:36.454559       1 allocate.go:64] Try to allocate resource to 0 Queues
I0714 09:37:36.454781       1 session.go:244] Close Session e46fb6c1-d196-49e7-bc9a-1249893880db
I0714 09:37:36.684207       1 cache.go:1489] The metrics type is not set in the volcano scheduler configmap file. As a result, the CPU and memory load information of the node is not collected.
I0714 09:37:37.457947       1 cache.go:1363] There are <0> Jobs, <1> Queues and <5> Nodes in total for scheduling.
I0714 09:37:37.458116       1 session.go:190] Open Session e3a839c2-0e2e-40c8-a1bd-be98fbf2971d with <0> Job and <1> Queues
I0714 09:37:37.459938       1 enqueue.go:79] Try to enqueue PodGroup to 0 Queues
I0714 09:37:37.460012       1 allocate.go:64] Try to allocate resource to 0 Queues
I0714 09:37:37.460243       1 session.go:244] Close Session e3a839c2-0e2e-40c8-a1bd-be98fbf2971d
I0714 09:37:38.462343       1 cache.go:1363] There are <0> Jobs, <1> Queues and <5> Nodes in total for scheduling.
I0714 09:37:38.462499       1 session.go:190] Open Session e620af78-28c3-4f59-b59a-46f18b795a90 with <0> Job and <1> Queues
I0714 09:37:38.464370       1 enqueue.go:79] Try to enqueue PodGroup to 0 Queues
I0714 09:37:38.464458       1 allocate.go:64] Try to allocate resource to 0 Queues
I0714 09:37:38.464698       1 session.go:244] Close Session e620af78-28c3-4f59-b59a-46f18b795a90
I0714 09:37:39.467625       1 cache.go:1363] There are <0> Jobs, <1> Queues and <5> Nodes in total for scheduling.
I0714 09:37:39.467816       1 session.go:190] Open Session 1ce98bf1-dae3-4259-8bf8-f5de291a15f1 with <0> Job and <1> Queues
I0714 09:37:39.469696       1 enqueue.go:79] Try to enqueue PodGroup to 0 Queues
I0714 09:37:39.469778       1 allocate.go:64] Try to allocate resource to 0 Queues
I0714 09:37:39.470000       1 session.go:244] Close Session 1ce98bf1-dae3-4259-8bf8-f5de291a15f1
I0714 09:37:40.472501       1 cache.go:1363] There are <0> Jobs, <1> Queues and <5> Nodes in total for scheduling.
I0714 09:37:40.472646       1 session.go:190] Open Session 2dfd6af2-97f0-4c8c-bb7a-334d32701325 with <0> Job and <1> Queues
I0714 09:37:40.474352       1 enqueue.go:79] Try to enqueue PodGroup to 0 Queues
I0714 09:37:40.474425       1 allocate.go:64] Try to allocate resource to 0 Queues
I0714 09:37:40.474648       1 session.go:244] Close Session 2dfd6af2-97f0-4c8c-bb7a-334d32701325
I0714 09:37:41.477626       1 cache.go:1363] There are <0> Jobs, <1> Queues and <5> Nodes in total for scheduling.
I0714 09:37:41.477809       1 session.go:190] Open Session a95dbb30-9dca-4036-b34f-90f78b58727b with <0> Job and <1> Queues
I0714 09:37:41.479619       1 enqueue.go:79] Try to enqueue PodGroup to 0 Queues
I0714 09:37:41.479690       1 allocate.go:64] Try to allocate resource to 0 Queues
I0714 09:37:41.479911       1 session.go:244] Close Session a95dbb30-9dca-4036-b34f-90f78b58727b
I0714 09:37:42.482288       1 cache.go:1363] There are <0> Jobs, <1> Queues and <5> Nodes in total for scheduling.
I0714 09:37:42.482446       1 session.go:190] Open Session 3493bf0d-ffe1-45e9-91d3-3e03aeed8352 with <0> Job and <1> Queues
I0714 09:37:42.484101       1 enqueue.go:79] Try to enqueue PodGroup to 0 Queues
I0714 09:37:42.484172       1 allocate.go:64] Try to allocate resource to 0 Queues
I0714 09:37:42.484418       1 session.go:244] Close Session 3493bf0d-ffe1-45e9-91d3-3e03aeed8352
I0714 09:37:43.486554       1 cache.go:1363] There are <0> Jobs, <1> Queues and <5> Nodes in total for scheduling.
I0714 09:37:43.486743       1 session.go:190] Open Session 645fa54a-27ad-40d0-9a33-a2a180119ced with <0> Job and <1> Queues
I0714 09:37:43.488555       1 enqueue.go:79] Try to enqueue PodGroup to 0 Queues
I0714 09:37:43.488626       1 allocate.go:64] Try to allocate resource to 0 Queues
I0714 09:37:43.488836       1 session.go:244] Close Session 645fa54a-27ad-40d0-9a33-a2a180119ced
I0714 09:37:44.491096       1 cache.go:1363] There are <0> Jobs, <1> Queues and <5> Nodes in total for scheduling.
I0714 09:37:44.491240       1 session.go:190] Open Session 96363c18-f2a1-4084-89d7-48e19d826306 with <0> Job and <1> Queues
I0714 09:37:44.492941       1 enqueue.go:79] Try to enqueue PodGroup to 0 Queues
I0714 09:37:44.493006       1 allocate.go:64] Try to allocate resource to 0 Queues
I0714 09:37:44.493249       1 session.go:244] Close Session 96363c18-f2a1-4084-89d7-48e19d826306
I0714 09:37:45.495928       1 cache.go:1363] There are <0> Jobs, <1> Queues and <5> Nodes in total for scheduling.
I0714 09:37:45.496068       1 session.go:190] Open Session 937a7a84-726b-4a1e-a864-1e7bf6118740 with <0> Job and <1> Queues
I0714 09:37:45.497801       1 enqueue.go:79] Try to enqueue PodGroup to 0 Queues
I0714 09:37:45.497864       1 allocate.go:64] Try to allocate resource to 0 Queues
I0714 09:37:45.498076       1 session.go:244] Close Session 937a7a84-726b-4a1e-a864-1e7bf6118740
I0714 09:37:46.500381       1 cache.go:1363] There are <0> Jobs, <1> Queues and <5> Nodes in total for scheduling.
I0714 09:37:46.500563       1 session.go:190] Open Session 97f78ddb-4242-4d6a-a882-5a6fb0a2fb12 with <0> Job and <1> Queues
I0714 09:37:46.502311       1 enqueue.go:79] Try to enqueue PodGroup to 0 Queues
I0714 09:37:46.502384       1 allocate.go:64] Try to allocate resource to 0 Queues
I0714 09:37:46.502624       1 session.go:244] Close Session 97f78ddb-4242-4d6a-a882-5a6fb0a2fb12
I0714 09:37:47.505553       1 cache.go:1363] There are <0> Jobs, <1> Queues and <5> Nodes in total for scheduling.
I0714 09:37:47.505701       1 session.go:190] Open Session 549f73b8-717b-4a1b-b6f9-527b117d7746 with <0> Job and <1> Queues
I0714 09:37:47.507447       1 enqueue.go:79] Try to enqueue PodGroup to 0 Queues
I0714 09:37:47.507514       1 allocate.go:64] Try to allocate resource to 0 Queues
I0714 09:37:47.507713       1 session.go:244] Close Session 549f73b8-717b-4a1b-b6f9-527b117d7746
I0714 09:37:48.510507       1 cache.go:1363] There are <0> Jobs, <1> Queues and <5> Nodes in total for scheduling.
I0714 09:37:48.510652       1 session.go:190] Open Session bf470762-543a-45d4-b84d-3d2412a62469 with <0> Job and <1> Queues
I0714 09:37:48.512281       1 enqueue.go:79] Try to enqueue PodGroup to 0 Queues
I0714 09:37:48.512417       1 allocate.go:64] Try to allocate resource to 0 Queues
I0714 09:37:48.512647       1 session.go:244] Close Session bf470762-543a-45d4-b84d-3d2412a62469
I0714 09:37:49.515492       1 cache.go:1363] There are <0> Jobs, <1> Queues and <5> Nodes in total for scheduling.
I0714 09:37:49.515670       1 session.go:190] Open Session f8607ae7-c93f-4cd7-96db-1caa5dbb0fcf with <0> Job and <1> Queues
I0714 09:37:49.517576       1 enqueue.go:79] Try to enqueue PodGroup to 0 Queues
I0714 09:37:49.517662       1 allocate.go:64] Try to allocate resource to 0 Queues
I0714 09:37:49.517907       1 session.go:244] Close Session f8607ae7-c93f-4cd7-96db-1caa5dbb0fcf
I0714 09:37:50.519630       1 cache.go:1363] There are <0> Jobs, <1> Queues and <5> Nodes in total for scheduling.
I0714 09:37:50.519750       1 session.go:190] Open Session 5c81074f-5021-48cc-a6f4-cab69462e1d1 with <0> Job and <1> Queues
I0714 09:37:50.521664       1 enqueue.go:79] Try to enqueue PodGroup to 0 Queues
I0714 09:37:50.521729       1 allocate.go:64] Try to allocate resource to 0 Queues
I0714 09:37:50.521923       1 session.go:244] Close Session 5c81074f-5021-48cc-a6f4-cab69462e1d1
I0714 09:37:51.523996       1 cache.go:1363] There are <0> Jobs, <1> Queues and <5> Nodes in total for scheduling.
I0714 09:37:51.524203       1 session.go:190] Open Session 6da3778e-ce86-43d0-b198-ecc03a509d6a with <0> Job and <1> Queues
I0714 09:37:51.526131       1 enqueue.go:79] Try to enqueue PodGroup to 0 Queues
I0714 09:37:51.526208       1 allocate.go:64] Try to allocate resource to 0 Queues
I0714 09:37:51.526435       1 session.go:244] Close Session 6da3778e-ce86-43d0-b198-ecc03a509d6a
I0714 09:37:52.528786       1 cache.go:1363] There are <0> Jobs, <1> Queues and <5> Nodes in total for scheduling.
I0714 09:37:52.528959       1 session.go:190] Open Session 8c4f66cc-2584-4dd1-b207-0a4d24bd767f with <0> Job and <1> Queues
I0714 09:37:52.530741       1 enqueue.go:79] Try to enqueue PodGroup to 0 Queues
I0714 09:37:52.530835       1 allocate.go:64] Try to allocate resource to 0 Queues
I0714 09:37:52.531051       1 session.go:244] Close Session 8c4f66cc-2584-4dd1-b207-0a4d24bd767f
I0714 09:37:53.533762       1 cache.go:1363] There are <0> Jobs, <1> Queues and <5> Nodes in total for scheduling.
I0714 09:37:53.533996       1 session.go:190] Open Session 5aee0d13-122e-4b1c-9305-ee887fabeafd with <0> Job and <1> Queues
I0714 09:37:53.536101       1 enqueue.go:79] Try to enqueue PodGroup to 0 Queues
I0714 09:37:53.536180       1 allocate.go:64] Try to allocate resource to 0 Queues
I0714 09:37:53.536494       1 session.go:244] Close Session 5aee0d13-122e-4b1c-9305-ee887fabeafd
I0714 09:37:54.538971       1 cache.go:1363] There are <0> Jobs, <1> Queues and <5> Nodes in total for scheduling.
I0714 09:37:54.539135       1 session.go:190] Open Session 70144fd3-ee2e-44e7-a689-934764f09296 with <0> Job and <1> Queues
I0714 09:37:54.541004       1 enqueue.go:79] Try to enqueue PodGroup to 0 Queues
I0714 09:37:54.541071       1 allocate.go:64] Try to allocate resource to 0 Queues
I0714 09:37:54.541289       1 session.go:244] Close Session 70144fd3-ee2e-44e7-a689-934764f09296
I0714 09:37:55.543510       1 cache.go:1363] There are <0> Jobs, <1> Queues and <5> Nodes in total for scheduling.
I0714 09:37:55.543655       1 session.go:190] Open Session bbd3e514-c2cc-45c8-bac9-b1ae02d2a0b4 with <0> Job and <1> Queues
I0714 09:37:55.545488       1 enqueue.go:79] Try to enqueue PodGroup to 0 Queues
I0714 09:37:55.545558       1 allocate.go:64] Try to allocate resource to 0 Queues
I0714 09:37:55.545780       1 session.go:244] Close Session bbd3e514-c2cc-45c8-bac9-b1ae02d2a0b4
I0714 09:37:56.548830       1 cache.go:1363] There are <0> Jobs, <1> Queues and <5> Nodes in total for scheduling.
I0714 09:37:56.549000       1 session.go:190] Open Session 2b1eca9b-92c9-4590-8a90-528c2abdfd86 with <0> Job and <1> Queues
I0714 09:37:56.550810       1 enqueue.go:79] Try to enqueue PodGroup to 0 Queues
I0714 09:37:56.550876       1 allocate.go:64] Try to allocate resource to 0 Queues
I0714 09:37:56.551098       1 session.go:244] Close Session 2b1eca9b-92c9-4590-8a90-528c2abdfd86
I0714 09:37:57.553441       1 cache.go:1363] There are <0> Jobs, <1> Queues and <5> Nodes in total for scheduling.
I0714 09:37:57.553586       1 session.go:190] Open Session 06d74a78-3036-44d8-b2a0-05d4f20f0f01 with <0> Job and <1> Queues
I0714 09:37:57.555379       1 enqueue.go:79] Try to enqueue PodGroup to 0 Queues
I0714 09:37:57.555440       1 allocate.go:64] Try to allocate resource to 0 Queues
I0714 09:37:57.555641       1 session.go:244] Close Session 06d74a78-3036-44d8-b2a0-05d4f20f0f01
I0714 09:37:58.557942       1 cache.go:1363] There are <0> Jobs, <1> Queues and <5> Nodes in total for scheduling.
I0714 09:37:58.558080       1 session.go:190] Open Session 7211d04c-f18e-4612-a8c7-ac759811099b with <0> Job and <1> Queues
I0714 09:37:58.559621       1 enqueue.go:79] Try to enqueue PodGroup to 0 Queues
I0714 09:37:58.559686       1 allocate.go:64] Try to allocate resource to 0 Queues
I0714 09:37:58.559872       1 session.go:244] Close Session 7211d04c-f18e-4612-a8c7-ac759811099b
I0714 09:37:59.562128       1 cache.go:1363] There are <0> Jobs, <1> Queues and <5> Nodes in total for scheduling.
I0714 09:37:59.562291       1 session.go:190] Open Session 2a0f7bfc-36e9-41cb-b318-a2b46c28c959 with <0> Job and <1> Queues
I0714 09:37:59.564072       1 enqueue.go:79] Try to enqueue PodGroup to 0 Queues
I0714 09:37:59.564139       1 allocate.go:64] Try to allocate resource to 0 Queues
I0714 09:37:59.564409       1 session.go:244] Close Session 2a0f7bfc-36e9-41cb-b318-a2b46c28c959
I0714 09:38:00.566821       1 cache.go:1363] There are <0> Jobs, <1> Queues and <5> Nodes in total for scheduling.
I0714 09:38:00.566975       1 session.go:190] Open Session 1bdb5d7e-6cdf-428a-9a2e-a13931ca3722 with <0> Job and <1> Queues
I0714 09:38:00.568810       1 enqueue.go:79] Try to enqueue PodGroup to 0 Queues
I0714 09:38:00.568875       1 allocate.go:64] Try to allocate resource to 0 Queues
I0714 09:38:00.569082       1 session.go:244] Close Session 1bdb5d7e-6cdf-428a-9a2e-a13931ca3722
I0714 09:38:01.571265       1 cache.go:1363] There are <0> Jobs, <1> Queues and <5> Nodes in total for scheduling.
I0714 09:38:01.571443       1 session.go:190] Open Session 4eee9a4c-bc50-4259-88e6-960261357a21 with <0> Job and <1> Queues
I0714 09:38:01.573322       1 enqueue.go:79] Try to enqueue PodGroup to 0 Queues
I0714 09:38:01.573391       1 allocate.go:64] Try to allocate resource to 0 Queues
I0714 09:38:01.573632       1 session.go:244] Close Session 4eee9a4c-bc50-4259-88e6-960261357a21
I0714 09:38:02.575991       1 cache.go:1363] There are <0> Jobs, <1> Queues and <5> Nodes in total for scheduling.
I0714 09:38:02.576135       1 session.go:190] Open Session dad56a2d-4d63-483e-92fd-8b10b15e3b80 with <0> Job and <1> Queues
I0714 09:38:02.577819       1 enqueue.go:79] Try to enqueue PodGroup to 0 Queues
I0714 09:38:02.577893       1 allocate.go:64] Try to allocate resource to 0 Queues
I0714 09:38:02.578088       1 session.go:244] Close Session dad56a2d-4d63-483e-92fd-8b10b15e3b80
I0714 09:38:03.580613       1 cache.go:1363] There are <0> Jobs, <1> Queues and <5> Nodes in total for scheduling.
I0714 09:38:03.580789       1 session.go:190] Open Session c1a35539-5f81-43d3-9c78-90e11418e20e with <0> Job and <1> Queues
I0714 09:38:03.582512       1 enqueue.go:79] Try to enqueue PodGroup to 0 Queues
I0714 09:38:03.582593       1 allocate.go:64] Try to allocate resource to 0 Queues
I0714 09:38:03.582806       1 session.go:244] Close Session c1a35539-5f81-43d3-9c78-90e11418e20e
I0714 09:38:04.584737       1 cache.go:1363] There are <0> Jobs, <1> Queues and <5> Nodes in total for scheduling.
I0714 09:38:04.584863       1 session.go:190] Open Session 36b30b35-509b-4f22-9d26-f10279c6d1e1 with <0> Job and <1> Queues
I0714 09:38:04.586346       1 enqueue.go:79] Try to enqueue PodGroup to 0 Queues
I0714 09:38:04.586407       1 allocate.go:64] Try to allocate resource to 0 Queues
I0714 09:38:04.586580       1 session.go:244] Close Session 36b30b35-509b-4f22-9d26-f10279c6d1e1
I0714 09:38:05.589465       1 cache.go:1363] There are <0> Jobs, <1> Queues and <5> Nodes in total for scheduling.
I0714 09:38:05.589638       1 session.go:190] Open Session 139b66ff-758b-49be-bd3d-78da2157549f with <0> Job and <1> Queues
I0714 09:38:05.591494       1 enqueue.go:79] Try to enqueue PodGroup to 0 Queues
I0714 09:38:05.591560       1 allocate.go:64] Try to allocate resource to 0 Queues
I0714 09:38:05.591779       1 session.go:244] Close Session 139b66ff-758b-49be-bd3d-78da2157549f
I0714 09:38:06.593841       1 cache.go:1363] There are <0> Jobs, <1> Queues and <5> Nodes in total for scheduling.
I0714 09:38:06.594027       1 session.go:190] Open Session c21dc03d-3a6b-406e-a4f8-335adc5cf56e with <0> Job and <1> Queues
I0714 09:38:06.600900       1 enqueue.go:79] Try to enqueue PodGroup to 0 Queues
I0714 09:38:06.601060       1 allocate.go:64] Try to allocate resource to 0 Queues
I0714 09:38:06.601335       1 session.go:244] Close Session c21dc03d-3a6b-406e-a4f8-335adc5cf56e
I0714 09:38:06.684641       1 cache.go:1489] The metrics type is not set in the volcano scheduler configmap file. As a result, the CPU and memory load information of the node is not collected.
I0714 09:38:07.603951       1 cache.go:1363] There are <0> Jobs, <1> Queues and <5> Nodes in total for scheduling.
I0714 09:38:07.604160       1 session.go:190] Open Session 15078614-b2e3-494e-ac7b-832be90e6c4d with <0> Job and <1> Queues
I0714 09:38:07.606166       1 enqueue.go:79] Try to enqueue PodGroup to 0 Queues
I0714 09:38:07.606237       1 allocate.go:64] Try to allocate resource to 0 Queues
I0714 09:38:07.606450       1 session.go:244] Close Session 15078614-b2e3-494e-ac7b-832be90e6c4d
I0714 09:38:08.609434       1 cache.go:1363] There are <0> Jobs, <1> Queues and <5> Nodes in total for scheduling.
I0714 09:38:08.609620       1 session.go:190] Open Session 6350f605-5793-4fb6-9575-47ae64fe8165 with <0> Job and <1> Queues
I0714 09:38:08.611443       1 enqueue.go:79] Try to enqueue PodGroup to 0 Queues
I0714 09:38:08.611517       1 allocate.go:64] Try to allocate resource to 0 Queues
I0714 09:38:08.611751       1 session.go:244] Close Session 6350f605-5793-4fb6-9575-47ae64fe8165
I0714 09:38:09.614611       1 cache.go:1363] There are <0> Jobs, <1> Queues and <5> Nodes in total for scheduling.
I0714 09:38:09.614783       1 session.go:190] Open Session 7c188c7b-1008-46fd-a301-cd50c7f04f65 with <0> Job and <1> Queues
I0714 09:38:09.616683       1 enqueue.go:79] Try to enqueue PodGroup to 0 Queues
I0714 09:38:09.616755       1 allocate.go:64] Try to allocate resource to 0 Queues
I0714 09:38:09.616977       1 session.go:244] Close Session 7c188c7b-1008-46fd-a301-cd50c7f04f65
I0714 09:38:10.619618       1 cache.go:1363] There are <0> Jobs, <1> Queues and <5> Nodes in total for scheduling.
I0714 09:38:10.619761       1 session.go:190] Open Session 796e023b-d60b-4411-ae3e-09a7ec8b9ffb with <0> Job and <1> Queues
I0714 09:38:10.621892       1 enqueue.go:79] Try to enqueue PodGroup to 0 Queues
I0714 09:38:10.621965       1 allocate.go:64] Try to allocate resource to 0 Queues
I0714 09:38:10.622181       1 session.go:244] Close Session 796e023b-d60b-4411-ae3e-09a7ec8b9ffb
I0714 09:38:11.624752       1 cache.go:1363] There are <0> Jobs, <1> Queues and <5> Nodes in total for scheduling.
I0714 09:38:11.624933       1 session.go:190] Open Session 0b54f5c1-8eb2-4616-8611-e49d082bf1b4 with <0> Job and <1> Queues
I0714 09:38:11.626767       1 enqueue.go:79] Try to enqueue PodGroup to 0 Queues
I0714 09:38:11.626846       1 allocate.go:64] Try to allocate resource to 0 Queues
I0714 09:38:11.627065       1 session.go:244] Close Session 0b54f5c1-8eb2-4616-8611-e49d082bf1b4
I0714 09:38:12.629656       1 cache.go:1363] There are <0> Jobs, <1> Queues and <5> Nodes in total for scheduling.
I0714 09:38:12.629822       1 session.go:190] Open Session c785f60c-3aaa-4638-aaf3-b57f10b69c7a with <0> Job and <1> Queues
I0714 09:38:12.631808       1 enqueue.go:79] Try to enqueue PodGroup to 0 Queues
I0714 09:38:12.631886       1 allocate.go:64] Try to allocate resource to 0 Queues
I0714 09:38:12.632149       1 session.go:244] Close Session c785f60c-3aaa-4638-aaf3-b57f10b69c7a
I0714 09:38:13.635289       1 cache.go:1363] There are <0> Jobs, <1> Queues and <5> Nodes in total for scheduling.
I0714 09:38:13.635490       1 session.go:190] Open Session 2c9661f8-5138-47ea-92e1-57cf84ab374f with <0> Job and <1> Queues
I0714 09:38:13.637375       1 enqueue.go:79] Try to enqueue PodGroup to 0 Queues
I0714 09:38:13.637449       1 allocate.go:64] Try to allocate resource to 0 Queues
I0714 09:38:13.637684       1 session.go:244] Close Session 2c9661f8-5138-47ea-92e1-57cf84ab374f
I0714 09:38:14.640251       1 cache.go:1363] There are <0> Jobs, <1> Queues and <5> Nodes in total for scheduling.
I0714 09:38:14.640459       1 session.go:190] Open Session bf0d6dc5-5ec5-42c6-a5fb-91580353973a with <0> Job and <1> Queues
I0714 09:38:14.642379       1 enqueue.go:79] Try to enqueue PodGroup to 0 Queues
I0714 09:38:14.642455       1 allocate.go:64] Try to allocate resource to 0 Queues
I0714 09:38:14.642672       1 session.go:244] Close Session bf0d6dc5-5ec5-42c6-a5fb-91580353973a
I0714 09:38:15.644950       1 cache.go:1363] There are <0> Jobs, <1> Queues and <5> Nodes in total for scheduling.
I0714 09:38:15.645121       1 session.go:190] Open Session a360b6de-d6c9-4e72-8510-3a4483a963d2 with <0> Job and <1> Queues
I0714 09:38:15.646931       1 enqueue.go:79] Try to enqueue PodGroup to 0 Queues
I0714 09:38:15.647004       1 allocate.go:64] Try to allocate resource to 0 Queues
I0714 09:38:15.647229       1 session.go:244] Close Session a360b6de-d6c9-4e72-8510-3a4483a963d2
I0714 09:38:16.649759       1 cache.go:1363] There are <0> Jobs, <1> Queues and <5> Nodes in total for scheduling.
I0714 09:38:16.649945       1 session.go:190] Open Session 632f9b92-874d-4c7c-af0b-3a2e42a51e60 with <0> Job and <1> Queues
I0714 09:38:16.651948       1 enqueue.go:79] Try to enqueue PodGroup to 0 Queues
I0714 09:38:16.652047       1 allocate.go:64] Try to allocate resource to 0 Queues
I0714 09:38:16.652281       1 session.go:244] Close Session 632f9b92-874d-4c7c-af0b-3a2e42a51e60
I0714 09:38:17.654160       1 cache.go:1363] There are <0> Jobs, <1> Queues and <5> Nodes in total for scheduling.
I0714 09:38:17.654284       1 session.go:190] Open Session f2badacf-4efa-4b93-a7cd-eb1dc0807b6c with <0> Job and <1> Queues
I0714 09:38:17.655686       1 enqueue.go:79] Try to enqueue PodGroup to 0 Queues
I0714 09:38:17.655750       1 allocate.go:64] Try to allocate resource to 0 Queues
I0714 09:38:17.655916       1 session.go:244] Close Session f2badacf-4efa-4b93-a7cd-eb1dc0807b6c
I0714 09:38:18.658792       1 cache.go:1363] There are <0> Jobs, <1> Queues and <5> Nodes in total for scheduling.
I0714 09:38:18.658979       1 session.go:190] Open Session c5bc1791-30f2-4725-ab64-3d3a0803df28 with <0> Job and <1> Queues
I0714 09:38:18.660906       1 enqueue.go:79] Try to enqueue PodGroup to 0 Queues
I0714 09:38:18.660979       1 allocate.go:64] Try to allocate resource to 0 Queues
I0714 09:38:18.661203       1 session.go:244] Close Session c5bc1791-30f2-4725-ab64-3d3a0803df28
I0714 09:38:19.663812       1 cache.go:1363] There are <0> Jobs, <1> Queues and <5> Nodes in total for scheduling.
I0714 09:38:19.663977       1 session.go:190] Open Session eced538a-5f31-4653-a761-d58aedaf5e5c with <0> Job and <1> Queues
I0714 09:38:19.665812       1 enqueue.go:79] Try to enqueue PodGroup to 0 Queues
I0714 09:38:19.665894       1 allocate.go:64] Try to allocate resource to 0 Queues
I0714 09:38:19.666107       1 session.go:244] Close Session eced538a-5f31-4653-a761-d58aedaf5e5c
I0714 09:38:20.668320       1 cache.go:1363] There are <0> Jobs, <1> Queues and <5> Nodes in total for scheduling.
I0714 09:38:20.668484       1 session.go:190] Open Session ba8a7f83-d665-4686-821d-edfa7a4e868f with <0> Job and <1> Queues
I0714 09:38:20.670137       1 enqueue.go:79] Try to enqueue PodGroup to 0 Queues
I0714 09:38:20.670210       1 allocate.go:64] Try to allocate resource to 0 Queues
I0714 09:38:20.670432       1 session.go:244] Close Session ba8a7f83-d665-4686-821d-edfa7a4e868f
W0714 09:38:20.888972       1 event_handlers.go:181] Not support non-csi pvc.
I0714 09:38:20.889095       1 event_handlers.go:387] Added pod <default/yolo-cls> into cache.
W0714 09:38:20.914382       1 event_handlers.go:181] Not support non-csi pvc.
I0714 09:38:21.673619       1 cache.go:1363] There are <1> Jobs, <1> Queues and <5> Nodes in total for scheduling.
I0714 09:38:21.673800       1 session.go:190] Open Session 0b13306c-778b-4c47-bb12-0e42fd531efe with <1> Job and <1> Queues
I0714 09:38:21.675895       1 enqueue.go:79] Try to enqueue PodGroup to 1 Queues
I0714 09:38:21.676152       1 allocate.go:64] Try to allocate resource to 1 Queues
I0714 09:38:21.676223       1 allocate.go:129] Try to allocate resource to Jobs in Queue <default>
I0714 09:38:21.676364       1 allocate.go:161] Try to allocate resource to 1 tasks of Job <default/podgroup-92d20020-98b4-405b-9497-8e31b67b3d0f>
I0714 09:38:21.676424       1 allocate.go:181] There are <5> nodes for Job <default/podgroup-92d20020-98b4-405b-9497-8e31b67b3d0f>
I0714 09:38:21.676745       1 predicate_helper.go:75] Predicates failed: task default/yolo-cls on node gpu-master fit failed: Insufficient nvidia.com/gpu
I0714 09:38:21.677062       1 predicate_helper.go:75] Predicates failed: task default/yolo-cls on node gpuorin4-desktop fit failed: plugin NodeAffinity predicates failed node(s) didn't match Pod's node affinity/selector
I0714 09:38:21.677177       1 predicate_helper.go:75] Predicates failed: task default/yolo-cls on node gpuorin5-desktop fit failed: plugin NodeAffinity predicates failed node(s) didn't match Pod's node affinity/selector
I0714 09:38:21.678077       1 allocate.go:249] Binding Task <default/yolo-cls> to node <gpu-orin3>
I0714 09:38:21.678299       1 statement.go:266] After allocated Task <default/yolo-cls> to Node <gpu-orin3>: idle <cpu 5900.00, memory 7832723456.00, hugepages-64Ki 0.00, pods 105.00, ephemeral-storage 111715275387000.00, hugepages-1Gi 0.00, hugepages-32Mi 0.00, nvidia.com/gpu 4000.00, hugepages-2Mi 0.00>, used <cpu 100.00, memory 52428800.00, pods 5.00, nvidia.com/gpu 1000.00>, releasing <cpu 0.00, memory 0.00>
I0714 09:38:21.678823       1 statement.go:284] Allocating operations ...
I0714 09:38:21.678948       1 statement.go:378] Committing operations ...
I0714 09:38:21.679055       1 proportion.go:302] Queue <default>: deserved <cpu 0.00, memory 0.00, nvidia.com/gpu 1000.00, pods 1.00>, allocated <cpu 0.00, memory 0.00, nvidia.com/gpu 1000.00, pods 1.00>, share <1>
I0714 09:38:21.679117       1 allocate.go:125] Queue <default> is overused, ignore it.
I0714 09:38:21.699963       1 session.go:244] Close Session 0b13306c-778b-4c47-bb12-0e42fd531efe
I0714 09:38:21.705880       1 cache.go:900] bind ok, latency 19.126615ms
W0714 09:38:21.708615       1 event_handlers.go:181] Not support non-csi pvc.
W0714 09:38:21.755614       1 event_handlers.go:181] Not support non-csi pvc.
W0714 09:38:22.096791       1 event_handlers.go:181] Not support non-csi pvc.
I0714 09:38:22.100172       1 event_handlers.go:442] Deleted pod <default/yolo-cls> from cache.
I0714 09:38:22.113532       1 cache.go:1013] Try to delete Job <default/podgroup-92d20020-98b4-405b-9497-8e31b67b3d0f:default/podgroup-92d20020-98b4-405b-9497-8e31b67b3d0f>
I0714 09:38:22.113769       1 cache.go:1054] Job <default/podgroup-92d20020-98b4-405b-9497-8e31b67b3d0f:default/podgroup-92d20020-98b4-405b-9497-8e31b67b3d0f> was deleted.
W0714 09:38:22.225018       1 event_handlers.go:181] Not support non-csi pvc.
I0714 09:38:22.225121       1 event_handlers.go:387] Added pod <default/yolo-cls> into cache.
W0714 09:38:22.257546       1 event_handlers.go:181] Not support non-csi pvc.
I0714 09:38:22.702649       1 cache.go:1363] There are <0> Jobs, <1> Queues and <5> Nodes in total for scheduling.
I0714 09:38:22.702800       1 session.go:190] Open Session 30c7f6ee-c90c-4d2b-a78c-3440c477125a with <0> Job and <1> Queues
I0714 09:38:22.704687       1 enqueue.go:79] Try to enqueue PodGroup to 0 Queues
I0714 09:38:22.704770       1 allocate.go:64] Try to allocate resource to 0 Queues
I0714 09:38:22.704992       1 session.go:244] Close Session 30c7f6ee-c90c-4d2b-a78c-3440c477125a
I0714 09:38:23.707808       1 cache.go:1363] There are <0> Jobs, <1> Queues and <5> Nodes in total for scheduling.
I0714 09:38:23.707963       1 session.go:190] Open Session e42d79e9-cd5f-43ec-87ce-95051a21de1e with <0> Job and <1> Queues
I0714 09:38:23.709801       1 enqueue.go:79] Try to enqueue PodGroup to 0 Queues
I0714 09:38:23.709885       1 allocate.go:64] Try to allocate resource to 0 Queues
I0714 09:38:23.710099       1 session.go:244] Close Session e42d79e9-cd5f-43ec-87ce-95051a21de1e
I0714 09:38:24.712775       1 cache.go:1363] There are <0> Jobs, <1> Queues and <5> Nodes in total for scheduling.
I0714 09:38:24.712934       1 session.go:190] Open Session e56988df-a411-4e39-8fe3-cc9bd0abd0f2 with <0> Job and <1> Queues
I0714 09:38:24.714628       1 enqueue.go:79] Try to enqueue PodGroup to 0 Queues
I0714 09:38:24.714704       1 allocate.go:64] Try to allocate resource to 0 Queues
I0714 09:38:24.714917       1 session.go:244] Close Session e56988df-a411-4e39-8fe3-cc9bd0abd0f2
W0714 09:38:25.005156       1 event_handlers.go:181] Not support non-csi pvc.
I0714 09:38:25.717910       1 cache.go:1363] There are <0> Jobs, <1> Queues and <5> Nodes in total for scheduling.
I0714 09:38:25.718072       1 session.go:190] Open Session ee5b2717-5e4f-4bba-bba7-ff11859e6aa4 with <0> Job and <1> Queues
I0714 09:38:25.719934       1 enqueue.go:79] Try to enqueue PodGroup to 0 Queues
I0714 09:38:25.720020       1 allocate.go:64] Try to allocate resource to 0 Queues
I0714 09:38:25.720241       1 session.go:244] Close Session ee5b2717-5e4f-4bba-bba7-ff11859e6aa4
I0714 09:38:26.722911       1 cache.go:1363] There are <0> Jobs, <1> Queues and <5> Nodes in total for scheduling.
I0714 09:38:26.723066       1 session.go:190] Open Session b40f66ec-a354-4d5f-adda-1635d06ab4e0 with <0> Job and <1> Queues
I0714 09:38:26.724941       1 enqueue.go:79] Try to enqueue PodGroup to 0 Queues
I0714 09:38:26.725016       1 allocate.go:64] Try to allocate resource to 0 Queues
I0714 09:38:26.725256       1 session.go:244] Close Session b40f66ec-a354-4d5f-adda-1635d06ab4e0
I0714 09:38:27.728085       1 cache.go:1363] There are <0> Jobs, <1> Queues and <5> Nodes in total for scheduling.
I0714 09:38:27.728242       1 session.go:190] Open Session 56d9b09f-005f-4d10-bc50-d546cc4ca893 with <0> Job and <1> Queues
I0714 09:38:27.730020       1 enqueue.go:79] Try to enqueue PodGroup to 0 Queues
I0714 09:38:27.730105       1 allocate.go:64] Try to allocate resource to 0 Queues
I0714 09:38:27.730316       1 session.go:244] Close Session 56d9b09f-005f-4d10-bc50-d546cc4ca893
I0714 09:38:28.732870       1 cache.go:1363] There are <0> Jobs, <1> Queues and <5> Nodes in total for scheduling.
I0714 09:38:28.732985       1 session.go:190] Open Session c508a1b1-a892-437b-adc0-595222e26880 with <0> Job and <1> Queues
I0714 09:38:28.734518       1 enqueue.go:79] Try to enqueue PodGroup to 0 Queues
I0714 09:38:28.734590       1 allocate.go:64] Try to allocate resource to 0 Queues
I0714 09:38:28.734804       1 session.go:244] Close Session c508a1b1-a892-437b-adc0-595222e26880
W0714 09:38:28.972758       1 event_handlers.go:181] Not support non-csi pvc.
I0714 09:38:28.972869       1 event_handlers.go:387] Added pod <default/yolo-det> into cache.
W0714 09:38:28.999120       1 event_handlers.go:181] Not support non-csi pvc.
I0714 09:38:29.737359       1 cache.go:1363] There are <1> Jobs, <1> Queues and <5> Nodes in total for scheduling.
I0714 09:38:29.737536       1 session.go:190] Open Session da14f83b-1c8c-406a-8ae7-1788a3973d0a with <1> Job and <1> Queues
I0714 09:38:29.739713       1 enqueue.go:79] Try to enqueue PodGroup to 1 Queues
I0714 09:38:29.739959       1 allocate.go:64] Try to allocate resource to 1 Queues
I0714 09:38:29.740020       1 allocate.go:129] Try to allocate resource to Jobs in Queue <default>
I0714 09:38:29.740055       1 allocate.go:161] Try to allocate resource to 1 tasks of Job <default/podgroup-cb5f2bec-c9f2-4fde-98fe-75eaac91aec5>
I0714 09:38:29.740096       1 allocate.go:181] There are <5> nodes for Job <default/podgroup-cb5f2bec-c9f2-4fde-98fe-75eaac91aec5>
I0714 09:38:29.740429       1 predicate_helper.go:75] Predicates failed: task default/yolo-det on node gpu-master fit failed: Insufficient nvidia.com/gpu
I0714 09:38:29.740802       1 predicate_helper.go:75] Predicates failed: task default/yolo-det on node gpuorin5-desktop fit failed: plugin NodeAffinity predicates failed node(s) didn't match Pod's node affinity/selector
I0714 09:38:29.740802       1 predicate_helper.go:75] Predicates failed: task default/yolo-det on node gpuorin4-desktop fit failed: plugin NodeAffinity predicates failed node(s) didn't match Pod's node affinity/selector
I0714 09:38:29.742596       1 allocate.go:249] Binding Task <default/yolo-det> to node <gpu-orin2>
I0714 09:38:29.742792       1 statement.go:266] After allocated Task <default/yolo-det> to Node <gpu-orin2>: idle <cpu 5900.00, memory 7832690688.00, hugepages-64Ki 0.00, ephemeral-storage 225118140453000.00, hugepages-32Mi 0.00, nvidia.com/gpu 4000.00, pods 105.00, hugepages-1Gi 0.00, hugepages-2Mi 0.00>, used <cpu 100.00, memory 52428800.00, pods 5.00, nvidia.com/gpu 1000.00>, releasing <cpu 0.00, memory 0.00>
I0714 09:38:29.743140       1 statement.go:284] Allocating operations ...
I0714 09:38:29.743235       1 statement.go:378] Committing operations ...
I0714 09:38:29.743334       1 proportion.go:302] Queue <default>: deserved <cpu 0.00, memory 0.00, nvidia.com/gpu 1000.00, pods 1.00>, allocated <cpu 0.00, memory 0.00, nvidia.com/gpu 1000.00, pods 1.00>, share <1>
I0714 09:38:29.743396       1 allocate.go:125] Queue <default> is overused, ignore it.
I0714 09:38:29.766967       1 cache.go:900] bind ok, latency 22.339329ms
W0714 09:38:29.768974       1 event_handlers.go:181] Not support non-csi pvc.
I0714 09:38:29.770859       1 session.go:244] Close Session da14f83b-1c8c-406a-8ae7-1788a3973d0a
W0714 09:38:29.802247       1 event_handlers.go:181] Not support non-csi pvc.
W0714 09:38:30.214921       1 event_handlers.go:181] Not support non-csi pvc.
I0714 09:38:30.216275       1 event_handlers.go:442] Deleted pod <default/yolo-det> from cache.
I0714 09:38:30.218275       1 cache.go:1013] Try to delete Job <default/podgroup-cb5f2bec-c9f2-4fde-98fe-75eaac91aec5:default/podgroup-cb5f2bec-c9f2-4fde-98fe-75eaac91aec5>
I0714 09:38:30.218497       1 cache.go:1054] Job <default/podgroup-cb5f2bec-c9f2-4fde-98fe-75eaac91aec5:default/podgroup-cb5f2bec-c9f2-4fde-98fe-75eaac91aec5> was deleted.
W0714 09:38:30.369425       1 event_handlers.go:181] Not support non-csi pvc.
I0714 09:38:30.369569       1 event_handlers.go:387] Added pod <default/yolo-det> into cache.
W0714 09:38:30.400345       1 event_handlers.go:181] Not support non-csi pvc.
I0714 09:38:30.774030       1 cache.go:1363] There are <0> Jobs, <1> Queues and <5> Nodes in total for scheduling.
I0714 09:38:30.774180       1 session.go:190] Open Session f4c29b7f-cd43-461d-ab18-ea159c1e9c7c with <0> Job and <1> Queues
I0714 09:38:30.776053       1 enqueue.go:79] Try to enqueue PodGroup to 0 Queues
I0714 09:38:30.776132       1 allocate.go:64] Try to allocate resource to 0 Queues
I0714 09:38:30.776383       1 session.go:244] Close Session f4c29b7f-cd43-461d-ab18-ea159c1e9c7c
I0714 09:38:31.779479       1 cache.go:1363] There are <0> Jobs, <1> Queues and <5> Nodes in total for scheduling.
I0714 09:38:31.779658       1 session.go:190] Open Session 3c9f47bc-be20-4e7e-8e14-96195aae2a23 with <0> Job and <1> Queues
I0714 09:38:31.781603       1 enqueue.go:79] Try to enqueue PodGroup to 0 Queues
I0714 09:38:31.781688       1 allocate.go:64] Try to allocate resource to 0 Queues
I0714 09:38:31.781919       1 session.go:244] Close Session 3c9f47bc-be20-4e7e-8e14-96195aae2a23
W0714 09:38:32.355508       1 event_handlers.go:181] Not support non-csi pvc.
I0714 09:38:32.784351       1 cache.go:1363] There are <0> Jobs, <1> Queues and <5> Nodes in total for scheduling.
I0714 09:38:32.784482       1 session.go:190] Open Session 9cdb9ee7-8b2e-4583-88ac-cab6445a611d with <0> Job and <1> Queues
I0714 09:38:32.786253       1 enqueue.go:79] Try to enqueue PodGroup to 0 Queues
I0714 09:38:32.786323       1 allocate.go:64] Try to allocate resource to 0 Queues
I0714 09:38:32.786531       1 session.go:244] Close Session 9cdb9ee7-8b2e-4583-88ac-cab6445a611d
I0714 09:38:33.789220       1 cache.go:1363] There are <0> Jobs, <1> Queues and <5> Nodes in total for scheduling.
I0714 09:38:33.789396       1 session.go:190] Open Session 8394815c-7d3f-4ec8-8277-058f2b25530b with <0> Job and <1> Queues
I0714 09:38:33.791208       1 enqueue.go:79] Try to enqueue PodGroup to 0 Queues
I0714 09:38:33.791545       1 allocate.go:64] Try to allocate resource to 0 Queues
I0714 09:38:33.791793       1 session.go:244] Close Session 8394815c-7d3f-4ec8-8277-058f2b25530b
I0714 09:38:34.794553       1 cache.go:1363] There are <0> Jobs, <1> Queues and <5> Nodes in total for scheduling.
I0714 09:38:34.794749       1 session.go:190] Open Session dbc2fcfe-ccbd-40a4-b5be-84fce51bf408 with <0> Job and <1> Queues
I0714 09:38:34.797057       1 enqueue.go:79] Try to enqueue PodGroup to 0 Queues
I0714 09:38:34.797139       1 allocate.go:64] Try to allocate resource to 0 Queues
I0714 09:38:34.797367       1 session.go:244] Close Session dbc2fcfe-ccbd-40a4-b5be-84fce51bf408
I0714 09:38:35.799759       1 cache.go:1363] There are <0> Jobs, <1> Queues and <5> Nodes in total for scheduling.
I0714 09:38:35.799913       1 session.go:190] Open Session acfd3271-7bff-47b9-8a8a-e84b6c38b0af with <0> Job and <1> Queues
I0714 09:38:35.801733       1 enqueue.go:79] Try to enqueue PodGroup to 0 Queues
I0714 09:38:35.801818       1 allocate.go:64] Try to allocate resource to 0 Queues
I0714 09:38:35.802036       1 session.go:244] Close Session acfd3271-7bff-47b9-8a8a-e84b6c38b0af
W0714 09:38:36.497736       1 event_handlers.go:181] Not support non-csi pvc.
I0714 09:38:36.497863       1 event_handlers.go:387] Added pod <default/yolo-seg> into cache.
W0714 09:38:36.523152       1 event_handlers.go:181] Not support non-csi pvc.
I0714 09:38:36.685914       1 cache.go:1489] The metrics type is not set in the volcano scheduler configmap file. As a result, the CPU and memory load information of the node is not collected.
I0714 09:38:36.805294       1 cache.go:1363] There are <1> Jobs, <1> Queues and <5> Nodes in total for scheduling.
I0714 09:38:36.805428       1 session.go:190] Open Session daf92557-f61c-4efd-b925-026f57ae85eb with <1> Job and <1> Queues
I0714 09:38:36.807556       1 enqueue.go:79] Try to enqueue PodGroup to 1 Queues
I0714 09:38:36.807801       1 allocate.go:64] Try to allocate resource to 1 Queues
I0714 09:38:36.807854       1 allocate.go:129] Try to allocate resource to Jobs in Queue <default>
I0714 09:38:36.807889       1 allocate.go:161] Try to allocate resource to 1 tasks of Job <default/podgroup-d94bd229-5c8e-4855-a612-dd1b3c80c48c>
I0714 09:38:36.807934       1 allocate.go:181] There are <5> nodes for Job <default/podgroup-d94bd229-5c8e-4855-a612-dd1b3c80c48c>
I0714 09:38:36.808252       1 predicate_helper.go:75] Predicates failed: task default/yolo-seg on node gpu-master fit failed: Insufficient nvidia.com/gpu
I0714 09:38:36.808601       1 predicate_helper.go:75] Predicates failed: task default/yolo-seg on node gpuorin4-desktop fit failed: plugin NodeAffinity predicates failed node(s) didn't match Pod's node affinity/selector
I0714 09:38:36.808674       1 predicate_helper.go:75] Predicates failed: task default/yolo-seg on node gpuorin5-desktop fit failed: plugin NodeAffinity predicates failed node(s) didn't match Pod's node affinity/selector
I0714 09:38:36.809361       1 allocate.go:249] Binding Task <default/yolo-seg> to node <gpu-orin2>
I0714 09:38:36.809597       1 statement.go:266] After allocated Task <default/yolo-seg> to Node <gpu-orin2>: idle <cpu 5900.00, memory 7832690688.00, nvidia.com/gpu 3000.00, pods 104.00, ephemeral-storage 225118140453000.00, hugepages-32Mi 0.00, hugepages-1Gi 0.00, hugepages-2Mi 0.00, hugepages-64Ki 0.00>, used <cpu 100.00, memory 52428800.00, pods 6.00, nvidia.com/gpu 2000.00>, releasing <cpu 0.00, memory 0.00>
I0714 09:38:36.810069       1 statement.go:284] Allocating operations ...
I0714 09:38:36.810211       1 statement.go:378] Committing operations ...
I0714 09:38:36.810339       1 proportion.go:302] Queue <default>: deserved <cpu 0.00, memory 0.00, nvidia.com/gpu 1000.00, pods 1.00>, allocated <cpu 0.00, memory 0.00, nvidia.com/gpu 1000.00, pods 1.00>, share <1>
I0714 09:38:36.810417       1 allocate.go:125] Queue <default> is overused, ignore it.
I0714 09:38:36.833608       1 cache.go:900] bind ok, latency 21.12759ms
W0714 09:38:36.835685       1 event_handlers.go:181] Not support non-csi pvc.
I0714 09:38:36.836798       1 session.go:244] Close Session daf92557-f61c-4efd-b925-026f57ae85eb
W0714 09:38:36.906014       1 event_handlers.go:181] Not support non-csi pvc.
W0714 09:38:37.178847       1 event_handlers.go:181] Not support non-csi pvc.
I0714 09:38:37.181570       1 event_handlers.go:442] Deleted pod <default/yolo-seg> from cache.
I0714 09:38:37.187957       1 cache.go:1013] Try to delete Job <default/podgroup-d94bd229-5c8e-4855-a612-dd1b3c80c48c:default/podgroup-d94bd229-5c8e-4855-a612-dd1b3c80c48c>
I0714 09:38:37.188189       1 cache.go:1054] Job <default/podgroup-d94bd229-5c8e-4855-a612-dd1b3c80c48c:default/podgroup-d94bd229-5c8e-4855-a612-dd1b3c80c48c> was deleted.
W0714 09:38:37.319521       1 event_handlers.go:181] Not support non-csi pvc.
I0714 09:38:37.319638       1 event_handlers.go:387] Added pod <default/yolo-seg> into cache.
W0714 09:38:37.351894       1 event_handlers.go:181] Not support non-csi pvc.
I0714 09:38:37.839055       1 cache.go:1363] There are <0> Jobs, <1> Queues and <5> Nodes in total for scheduling.
I0714 09:38:37.839190       1 session.go:190] Open Session b47a2c25-21ad-46d5-9133-dea7e51c085e with <0> Job and <1> Queues
I0714 09:38:37.841140       1 enqueue.go:79] Try to enqueue PodGroup to 0 Queues
I0714 09:38:37.841218       1 allocate.go:64] Try to allocate resource to 0 Queues
I0714 09:38:37.841435       1 session.go:244] Close Session b47a2c25-21ad-46d5-9133-dea7e51c085e
I0714 09:38:38.844449       1 cache.go:1363] There are <0> Jobs, <1> Queues and <5> Nodes in total for scheduling.
I0714 09:38:38.844612       1 session.go:190] Open Session 5aebb468-cb1e-4cb2-bc3d-b2753c2fc2a5 with <0> Job and <1> Queues
I0714 09:38:38.846535       1 enqueue.go:79] Try to enqueue PodGroup to 0 Queues
I0714 09:38:38.846616       1 allocate.go:64] Try to allocate resource to 0 Queues
I0714 09:38:38.846856       1 session.go:244] Close Session 5aebb468-cb1e-4cb2-bc3d-b2753c2fc2a5
W0714 09:38:39.417998       1 event_handlers.go:181] Not support non-csi pvc.
I0714 09:38:39.849139       1 cache.go:1363] There are <0> Jobs, <1> Queues and <5> Nodes in total for scheduling.
I0714 09:38:39.849302       1 session.go:190] Open Session c394684e-8968-4fd2-9fc4-73efadf0a468 with <0> Job and <1> Queues
I0714 09:38:39.851154       1 enqueue.go:79] Try to enqueue PodGroup to 0 Queues
I0714 09:38:39.851224       1 allocate.go:64] Try to allocate resource to 0 Queues
I0714 09:38:39.851444       1 session.go:244] Close Session c394684e-8968-4fd2-9fc4-73efadf0a468
I0714 09:38:40.854226       1 cache.go:1363] There are <0> Jobs, <1> Queues and <5> Nodes in total for scheduling.
I0714 09:38:40.854405       1 session.go:190] Open Session 21a8df1a-a8c2-45f7-afa5-cda22a951370 with <0> Job and <1> Queues
I0714 09:38:40.856631       1 enqueue.go:79] Try to enqueue PodGroup to 0 Queues
I0714 09:38:40.856708       1 allocate.go:64] Try to allocate resource to 0 Queues
I0714 09:38:40.856964       1 session.go:244] Close Session 21a8df1a-a8c2-45f7-afa5-cda22a951370
I0714 09:38:41.859492       1 cache.go:1363] There are <0> Jobs, <1> Queues and <5> Nodes in total for scheduling.
I0714 09:38:41.859676       1 session.go:190] Open Session 408647f2-6a4b-4017-8858-542ac0f62eeb with <0> Job and <1> Queues
I0714 09:38:41.861596       1 enqueue.go:79] Try to enqueue PodGroup to 0 Queues
I0714 09:38:41.861673       1 allocate.go:64] Try to allocate resource to 0 Queues
I0714 09:38:41.861899       1 session.go:244] Close Session 408647f2-6a4b-4017-8858-542ac0f62eeb
I0714 09:38:42.864708       1 cache.go:1363] There are <0> Jobs, <1> Queues and <5> Nodes in total for scheduling.
I0714 09:38:42.864885       1 session.go:190] Open Session 27fd65a9-23b6-407b-8d7f-3a1167659ee2 with <0> Job and <1> Queues
I0714 09:38:42.866749       1 enqueue.go:79] Try to enqueue PodGroup to 0 Queues
I0714 09:38:42.866819       1 allocate.go:64] Try to allocate resource to 0 Queues
I0714 09:38:42.867043       1 session.go:244] Close Session 27fd65a9-23b6-407b-8d7f-3a1167659ee2
W0714 09:38:43.408360       1 event_handlers.go:181] Not support non-csi pvc.
I0714 09:38:43.408474       1 event_handlers.go:387] Added pod <default/yolo-obb> into cache.
W0714 09:38:43.433517       1 event_handlers.go:181] Not support non-csi pvc.
I0714 09:38:43.870071       1 cache.go:1363] There are <1> Jobs, <1> Queues and <5> Nodes in total for scheduling.
I0714 09:38:43.870214       1 session.go:190] Open Session ae177917-6b77-4fd3-9763-fb91a0da48f4 with <1> Job and <1> Queues
I0714 09:38:43.872443       1 enqueue.go:79] Try to enqueue PodGroup to 1 Queues
I0714 09:38:43.872687       1 allocate.go:64] Try to allocate resource to 1 Queues
I0714 09:38:43.872743       1 allocate.go:129] Try to allocate resource to Jobs in Queue <default>
I0714 09:38:43.872778       1 allocate.go:161] Try to allocate resource to 1 tasks of Job <default/podgroup-a5fc1148-4cc9-496d-ac78-f3ca301c41a3>
I0714 09:38:43.872817       1 allocate.go:181] There are <5> nodes for Job <default/podgroup-a5fc1148-4cc9-496d-ac78-f3ca301c41a3>
I0714 09:38:43.873124       1 predicate_helper.go:75] Predicates failed: task default/yolo-obb on node gpu-master fit failed: Insufficient nvidia.com/gpu
I0714 09:38:43.873472       1 predicate_helper.go:75] Predicates failed: task default/yolo-obb on node gpuorin4-desktop fit failed: plugin NodeAffinity predicates failed node(s) didn't match Pod's node affinity/selector
I0714 09:38:43.873595       1 predicate_helper.go:75] Predicates failed: task default/yolo-obb on node gpuorin5-desktop fit failed: plugin NodeAffinity predicates failed node(s) didn't match Pod's node affinity/selector
I0714 09:38:43.874287       1 allocate.go:249] Binding Task <default/yolo-obb> to node <gpu-orin3>
I0714 09:38:43.874504       1 statement.go:266] After allocated Task <default/yolo-obb> to Node <gpu-orin3>: idle <cpu 5900.00, memory 7832723456.00, hugepages-64Ki 0.00, pods 104.00, ephemeral-storage 111715275387000.00, hugepages-1Gi 0.00, hugepages-32Mi 0.00, nvidia.com/gpu 3000.00, hugepages-2Mi 0.00>, used <cpu 100.00, memory 52428800.00, pods 6.00, nvidia.com/gpu 2000.00>, releasing <cpu 0.00, memory 0.00>
I0714 09:38:43.874900       1 statement.go:284] Allocating operations ...
I0714 09:38:43.875037       1 statement.go:378] Committing operations ...
I0714 09:38:43.875181       1 proportion.go:302] Queue <default>: deserved <cpu 0.00, memory 0.00, pods 1.00, nvidia.com/gpu 1000.00>, allocated <cpu 0.00, memory 0.00, nvidia.com/gpu 1000.00, pods 1.00>, share <1>
I0714 09:38:43.875245       1 allocate.go:125] Queue <default> is overused, ignore it.
I0714 09:38:43.886220       1 session.go:244] Close Session ae177917-6b77-4fd3-9763-fb91a0da48f4
I0714 09:38:43.892780       1 cache.go:900] bind ok, latency 11.416966ms
W0714 09:38:43.894805       1 event_handlers.go:181] Not support non-csi pvc.
W0714 09:38:43.930673       1 event_handlers.go:181] Not support non-csi pvc.
W0714 09:38:44.081284       1 event_handlers.go:181] Not support non-csi pvc.
I0714 09:38:44.087247       1 event_handlers.go:442] Deleted pod <default/yolo-obb> from cache.
I0714 09:38:44.102549       1 cache.go:1013] Try to delete Job <default/podgroup-a5fc1148-4cc9-496d-ac78-f3ca301c41a3:default/podgroup-a5fc1148-4cc9-496d-ac78-f3ca301c41a3>
I0714 09:38:44.102754       1 cache.go:1054] Job <default/podgroup-a5fc1148-4cc9-496d-ac78-f3ca301c41a3:default/podgroup-a5fc1148-4cc9-496d-ac78-f3ca301c41a3> was deleted.
W0714 09:38:44.258121       1 event_handlers.go:181] Not support non-csi pvc.
I0714 09:38:44.258232       1 event_handlers.go:387] Added pod <default/yolo-obb> into cache.
W0714 09:38:44.287776       1 event_handlers.go:181] Not support non-csi pvc.
I0714 09:38:44.888781       1 cache.go:1363] There are <0> Jobs, <1> Queues and <5> Nodes in total for scheduling.
I0714 09:38:44.888926       1 session.go:190] Open Session a5c9d20f-6102-4218-833d-947e04b5b8d5 with <0> Job and <1> Queues
I0714 09:38:44.890764       1 enqueue.go:79] Try to enqueue PodGroup to 0 Queues
I0714 09:38:44.890851       1 allocate.go:64] Try to allocate resource to 0 Queues
I0714 09:38:44.891085       1 session.go:244] Close Session a5c9d20f-6102-4218-833d-947e04b5b8d5
I0714 09:38:45.893030       1 cache.go:1363] There are <0> Jobs, <1> Queues and <5> Nodes in total for scheduling.
I0714 09:38:45.893138       1 session.go:190] Open Session c284350e-1cc5-4eb1-a366-598b710a68e0 with <0> Job and <1> Queues
I0714 09:38:45.894808       1 enqueue.go:79] Try to enqueue PodGroup to 0 Queues
I0714 09:38:45.894888       1 allocate.go:64] Try to allocate resource to 0 Queues
I0714 09:38:45.895084       1 session.go:244] Close Session c284350e-1cc5-4eb1-a366-598b710a68e0
I0714 09:38:46.898104       1 cache.go:1363] There are <0> Jobs, <1> Queues and <5> Nodes in total for scheduling.
I0714 09:38:46.898308       1 session.go:190] Open Session 36310cc9-e8e8-4500-a62c-a81dc03046a6 with <0> Job and <1> Queues
I0714 09:38:46.900203       1 enqueue.go:79] Try to enqueue PodGroup to 0 Queues
I0714 09:38:46.900282       1 allocate.go:64] Try to allocate resource to 0 Queues
I0714 09:38:46.900540       1 session.go:244] Close Session 36310cc9-e8e8-4500-a62c-a81dc03046a6
W0714 09:38:47.104538       1 event_handlers.go:181] Not support non-csi pvc.
I0714 09:38:47.903342       1 cache.go:1363] There are <0> Jobs, <1> Queues and <5> Nodes in total for scheduling.
I0714 09:38:47.903509       1 session.go:190] Open Session f6558ddb-ccbe-4a4c-959c-ef253cd560e7 with <0> Job and <1> Queues
I0714 09:38:47.905488       1 enqueue.go:79] Try to enqueue PodGroup to 0 Queues
I0714 09:38:47.905565       1 allocate.go:64] Try to allocate resource to 0 Queues
I0714 09:38:47.905783       1 session.go:244] Close Session f6558ddb-ccbe-4a4c-959c-ef253cd560e7
I0714 09:38:48.908608       1 cache.go:1363] There are <0> Jobs, <1> Queues and <5> Nodes in total for scheduling.
I0714 09:38:48.908786       1 session.go:190] Open Session d007a299-22e2-4701-823f-3de411ae311a with <0> Job and <1> Queues
I0714 09:38:48.910599       1 enqueue.go:79] Try to enqueue PodGroup to 0 Queues
I0714 09:38:48.910672       1 allocate.go:64] Try to allocate resource to 0 Queues
I0714 09:38:48.910907       1 session.go:244] Close Session d007a299-22e2-4701-823f-3de411ae311a
I0714 09:38:49.913816       1 cache.go:1363] There are <0> Jobs, <1> Queues and <5> Nodes in total for scheduling.
I0714 09:38:49.913978       1 session.go:190] Open Session 428b7639-eff5-4345-abea-fcdb24a4e6fc with <0> Job and <1> Queues
I0714 09:38:49.916345       1 enqueue.go:79] Try to enqueue PodGroup to 0 Queues
I0714 09:38:49.916425       1 allocate.go:64] Try to allocate resource to 0 Queues
I0714 09:38:49.916644       1 session.go:244] Close Session 428b7639-eff5-4345-abea-fcdb24a4e6fc
I0714 09:38:50.918827       1 cache.go:1363] There are <0> Jobs, <1> Queues and <5> Nodes in total for scheduling.
I0714 09:38:50.918994       1 session.go:190] Open Session 34b7331f-27bf-49bf-82dd-14076d12b0c5 with <0> Job and <1> Queues
I0714 09:38:50.920996       1 enqueue.go:79] Try to enqueue PodGroup to 0 Queues
I0714 09:38:50.921070       1 allocate.go:64] Try to allocate resource to 0 Queues
I0714 09:38:50.921272       1 session.go:244] Close Session 34b7331f-27bf-49bf-82dd-14076d12b0c5
W0714 09:38:50.931528       1 event_handlers.go:181] Not support non-csi pvc.
I0714 09:38:50.931618       1 event_handlers.go:387] Added pod <default/yolo-pos> into cache.
W0714 09:38:50.961676       1 event_handlers.go:181] Not support non-csi pvc.
I0714 09:38:51.923908       1 cache.go:1363] There are <1> Jobs, <1> Queues and <5> Nodes in total for scheduling.
I0714 09:38:51.924097       1 session.go:190] Open Session 023a1836-abd5-44ac-8dc4-2b38fb0cf8b2 with <1> Job and <1> Queues
I0714 09:38:51.926367       1 enqueue.go:79] Try to enqueue PodGroup to 1 Queues
I0714 09:38:51.926628       1 allocate.go:64] Try to allocate resource to 1 Queues
I0714 09:38:51.926685       1 allocate.go:129] Try to allocate resource to Jobs in Queue <default>
I0714 09:38:51.926722       1 allocate.go:161] Try to allocate resource to 1 tasks of Job <default/podgroup-1f63fda5-e105-4c9a-998e-acb9cb208912>
I0714 09:38:51.926765       1 allocate.go:181] There are <5> nodes for Job <default/podgroup-1f63fda5-e105-4c9a-998e-acb9cb208912>
I0714 09:38:51.927106       1 predicate_helper.go:75] Predicates failed: task default/yolo-pos on node gpu-master fit failed: Insufficient nvidia.com/gpu
I0714 09:38:51.927524       1 predicate_helper.go:75] Predicates failed: task default/yolo-pos on node gpuorin5-desktop fit failed: plugin NodeAffinity predicates failed node(s) didn't match Pod's node affinity/selector
I0714 09:38:51.927566       1 predicate_helper.go:75] Predicates failed: task default/yolo-pos on node gpuorin4-desktop fit failed: plugin NodeAffinity predicates failed node(s) didn't match Pod's node affinity/selector
I0714 09:38:51.928634       1 allocate.go:249] Binding Task <default/yolo-pos> to node <gpu-orin3>
I0714 09:38:51.928847       1 statement.go:266] After allocated Task <default/yolo-pos> to Node <gpu-orin3>: idle <cpu 5900.00, memory 7832723456.00, ephemeral-storage 111715275387000.00, hugepages-2Mi 0.00, hugepages-64Ki 0.00, pods 103.00, hugepages-1Gi 0.00, hugepages-32Mi 0.00, nvidia.com/gpu 2000.00>, used <cpu 100.00, memory 52428800.00, pods 7.00, nvidia.com/gpu 3000.00>, releasing <cpu 0.00, memory 0.00>
I0714 09:38:51.929318       1 statement.go:284] Allocating operations ...
I0714 09:38:51.929436       1 statement.go:378] Committing operations ...
I0714 09:38:51.929554       1 proportion.go:302] Queue <default>: deserved <cpu 0.00, memory 0.00, nvidia.com/gpu 1000.00, pods 1.00>, allocated <cpu 0.00, memory 0.00, nvidia.com/gpu 1000.00, pods 1.00>, share <1>
I0714 09:38:51.929629       1 allocate.go:125] Queue <default> is overused, ignore it.
I0714 09:38:51.946080       1 session.go:244] Close Session 023a1836-abd5-44ac-8dc4-2b38fb0cf8b2
I0714 09:38:51.950969       1 cache.go:900] bind ok, latency 12.034613ms
W0714 09:38:51.953310       1 event_handlers.go:181] Not support non-csi pvc.
W0714 09:38:51.982295       1 event_handlers.go:181] Not support non-csi pvc.
W0714 09:38:52.149987       1 event_handlers.go:181] Not support non-csi pvc.
I0714 09:38:52.161154       1 event_handlers.go:442] Deleted pod <default/yolo-pos> from cache.
I0714 09:38:52.169953       1 cache.go:1013] Try to delete Job <default/podgroup-1f63fda5-e105-4c9a-998e-acb9cb208912:default/podgroup-1f63fda5-e105-4c9a-998e-acb9cb208912>
I0714 09:38:52.170163       1 cache.go:1054] Job <default/podgroup-1f63fda5-e105-4c9a-998e-acb9cb208912:default/podgroup-1f63fda5-e105-4c9a-998e-acb9cb208912> was deleted.
W0714 09:38:52.355223       1 event_handlers.go:181] Not support non-csi pvc.
I0714 09:38:52.355333       1 event_handlers.go:387] Added pod <default/yolo-pos> into cache.
W0714 09:38:52.394675       1 event_handlers.go:181] Not support non-csi pvc.
I0714 09:38:52.949232       1 cache.go:1363] There are <0> Jobs, <1> Queues and <5> Nodes in total for scheduling.
I0714 09:38:52.949409       1 session.go:190] Open Session 9892a771-a716-4906-b673-eef020b8d896 with <0> Job and <1> Queues
I0714 09:38:52.951314       1 enqueue.go:79] Try to enqueue PodGroup to 0 Queues
I0714 09:38:52.951393       1 allocate.go:64] Try to allocate resource to 0 Queues
I0714 09:38:52.951630       1 session.go:244] Close Session 9892a771-a716-4906-b673-eef020b8d896
I0714 09:38:53.954094       1 cache.go:1363] There are <0> Jobs, <1> Queues and <5> Nodes in total for scheduling.
I0714 09:38:53.954245       1 session.go:190] Open Session c16d2c19-73c3-4c1b-a8b9-160b3730b356 with <0> Job and <1> Queues
I0714 09:38:53.956036       1 enqueue.go:79] Try to enqueue PodGroup to 0 Queues
I0714 09:38:53.956104       1 allocate.go:64] Try to allocate resource to 0 Queues
I0714 09:38:53.956369       1 session.go:244] Close Session c16d2c19-73c3-4c1b-a8b9-160b3730b356
I0714 09:38:54.958998       1 cache.go:1363] There are <0> Jobs, <1> Queues and <5> Nodes in total for scheduling.
I0714 09:38:54.959156       1 session.go:190] Open Session a0b04815-429a-49c7-a19b-5b04fbf2b6da with <0> Job and <1> Queues
I0714 09:38:54.960979       1 enqueue.go:79] Try to enqueue PodGroup to 0 Queues
I0714 09:38:54.961048       1 allocate.go:64] Try to allocate resource to 0 Queues
I0714 09:38:54.961245       1 session.go:244] Close Session a0b04815-429a-49c7-a19b-5b04fbf2b6da
W0714 09:38:55.154213       1 event_handlers.go:181] Not support non-csi pvc.
I0714 09:38:55.963605       1 cache.go:1363] There are <0> Jobs, <1> Queues and <5> Nodes in total for scheduling.
I0714 09:38:55.963752       1 session.go:190] Open Session f998ad28-75e9-40be-90c9-1f5b0eb2938e with <0> Job and <1> Queues
I0714 09:38:55.965618       1 enqueue.go:79] Try to enqueue PodGroup to 0 Queues
I0714 09:38:55.965695       1 allocate.go:64] Try to allocate resource to 0 Queues
I0714 09:38:55.965904       1 session.go:244] Close Session f998ad28-75e9-40be-90c9-1f5b0eb2938e
I0714 09:38:56.968946       1 cache.go:1363] There are <0> Jobs, <1> Queues and <5> Nodes in total for scheduling.
I0714 09:38:56.969223       1 session.go:190] Open Session d685b6eb-b89a-4b90-aa77-a6eba40ef8be with <0> Job and <1> Queues
I0714 09:38:56.971380       1 enqueue.go:79] Try to enqueue PodGroup to 0 Queues
I0714 09:38:56.971457       1 allocate.go:64] Try to allocate resource to 0 Queues
I0714 09:38:56.971669       1 session.go:244] Close Session d685b6eb-b89a-4b90-aa77-a6eba40ef8be
I0714 09:38:57.974217       1 cache.go:1363] There are <0> Jobs, <1> Queues and <5> Nodes in total for scheduling.
I0714 09:38:57.974355       1 session.go:190] Open Session 33d65564-d29d-443f-95c8-c87e28a30760 with <0> Job and <1> Queues
I0714 09:38:57.976126       1 enqueue.go:79] Try to enqueue PodGroup to 0 Queues
I0714 09:38:57.976206       1 allocate.go:64] Try to allocate resource to 0 Queues
I0714 09:38:57.976484       1 session.go:244] Close Session 33d65564-d29d-443f-95c8-c87e28a30760
I0714 09:38:58.978856       1 cache.go:1363] There are <0> Jobs, <1> Queues and <5> Nodes in total for scheduling.
I0714 09:38:58.979011       1 session.go:190] Open Session 23cf66c4-eec1-4f2a-ade6-d2f7af066da9 with <0> Job and <1> Queues
I0714 09:38:58.981012       1 enqueue.go:79] Try to enqueue PodGroup to 0 Queues
I0714 09:38:58.981104       1 allocate.go:64] Try to allocate resource to 0 Queues
I0714 09:38:58.981338       1 session.go:244] Close Session 23cf66c4-eec1-4f2a-ade6-d2f7af066da9
I0714 09:38:59.984059       1 cache.go:1363] There are <0> Jobs, <1> Queues and <5> Nodes in total for scheduling.
I0714 09:38:59.984218       1 session.go:190] Open Session 53d4441d-465c-4ade-8858-ff3c7f4627a4 with <0> Job and <1> Queues
I0714 09:38:59.986442       1 enqueue.go:79] Try to enqueue PodGroup to 0 Queues
I0714 09:38:59.986525       1 allocate.go:64] Try to allocate resource to 0 Queues
I0714 09:38:59.986742       1 session.go:244] Close Session 53d4441d-465c-4ade-8858-ff3c7f4627a4
I0714 09:39:00.989709       1 cache.go:1363] There are <0> Jobs, <1> Queues and <5> Nodes in total for scheduling.
I0714 09:39:00.989894       1 session.go:190] Open Session 6c615247-06a1-47fa-bf8c-574566a76b7e with <0> Job and <1> Queues
I0714 09:39:00.991765       1 enqueue.go:79] Try to enqueue PodGroup to 0 Queues
I0714 09:39:00.991843       1 allocate.go:64] Try to allocate resource to 0 Queues
I0714 09:39:00.992057       1 session.go:244] Close Session 6c615247-06a1-47fa-bf8c-574566a76b7e
I0714 09:39:01.995126       1 cache.go:1363] There are <0> Jobs, <1> Queues and <5> Nodes in total for scheduling.
I0714 09:39:01.995294       1 session.go:190] Open Session 22a06b5e-be71-40fa-a133-52553c5086bb with <0> Job and <1> Queues
I0714 09:39:01.997257       1 enqueue.go:79] Try to enqueue PodGroup to 0 Queues
I0714 09:39:01.997334       1 allocate.go:64] Try to allocate resource to 0 Queues
I0714 09:39:01.997558       1 session.go:244] Close Session 22a06b5e-be71-40fa-a133-52553c5086bb
I0714 09:39:02.999645       1 cache.go:1363] There are <0> Jobs, <1> Queues and <5> Nodes in total for scheduling.
I0714 09:39:02.999808       1 session.go:190] Open Session 2830fbc2-e1b8-4e8c-8eeb-69d5ab574942 with <0> Job and <1> Queues
I0714 09:39:03.001921       1 enqueue.go:79] Try to enqueue PodGroup to 0 Queues
I0714 09:39:03.002006       1 allocate.go:64] Try to allocate resource to 0 Queues
I0714 09:39:03.002228       1 session.go:244] Close Session 2830fbc2-e1b8-4e8c-8eeb-69d5ab574942
I0714 09:39:04.005450       1 cache.go:1363] There are <0> Jobs, <1> Queues and <5> Nodes in total for scheduling.
I0714 09:39:04.005615       1 session.go:190] Open Session d187b23d-9fda-4ada-889a-1a7da3729f8a with <0> Job and <1> Queues
I0714 09:39:04.007612       1 enqueue.go:79] Try to enqueue PodGroup to 0 Queues
I0714 09:39:04.007692       1 allocate.go:64] Try to allocate resource to 0 Queues
I0714 09:39:04.007915       1 session.go:244] Close Session d187b23d-9fda-4ada-889a-1a7da3729f8a
I0714 09:39:05.010781       1 cache.go:1363] There are <0> Jobs, <1> Queues and <5> Nodes in total for scheduling.
I0714 09:39:05.010943       1 session.go:190] Open Session d300d547-b062-4c5c-8073-79e0344f77df with <0> Job and <1> Queues
I0714 09:39:05.012903       1 enqueue.go:79] Try to enqueue PodGroup to 0 Queues
I0714 09:39:05.012972       1 allocate.go:64] Try to allocate resource to 0 Queues
I0714 09:39:05.013204       1 session.go:244] Close Session d300d547-b062-4c5c-8073-79e0344f77df
I0714 09:39:06.016458       1 cache.go:1363] There are <0> Jobs, <1> Queues and <5> Nodes in total for scheduling.
I0714 09:39:06.016607       1 session.go:190] Open Session 60fcdb21-1732-447d-8603-ee2e9361fb54 with <0> Job and <1> Queues
I0714 09:39:06.018528       1 enqueue.go:79] Try to enqueue PodGroup to 0 Queues
I0714 09:39:06.018606       1 allocate.go:64] Try to allocate resource to 0 Queues
I0714 09:39:06.018827       1 session.go:244] Close Session 60fcdb21-1732-447d-8603-ee2e9361fb54
I0714 09:39:06.686599       1 cache.go:1489] The metrics type is not set in the volcano scheduler configmap file. As a result, the CPU and memory load information of the node is not collected.
I0714 09:39:07.021247       1 cache.go:1363] There are <0> Jobs, <1> Queues and <5> Nodes in total for scheduling.
I0714 09:39:07.021429       1 session.go:190] Open Session 0d7fdcae-215c-4404-9f6d-16f679b18359 with <0> Job and <1> Queues
I0714 09:39:07.023380       1 enqueue.go:79] Try to enqueue PodGroup to 0 Queues
I0714 09:39:07.023464       1 allocate.go:64] Try to allocate resource to 0 Queues
I0714 09:39:07.023712       1 session.go:244] Close Session 0d7fdcae-215c-4404-9f6d-16f679b18359
I0714 09:39:08.026268       1 cache.go:1363] There are <0> Jobs, <1> Queues and <5> Nodes in total for scheduling.
I0714 09:39:08.026416       1 session.go:190] Open Session 967925cb-6980-4342-96c5-4405473bc20b with <0> Job and <1> Queues
I0714 09:39:08.028433       1 enqueue.go:79] Try to enqueue PodGroup to 0 Queues
I0714 09:39:08.028508       1 allocate.go:64] Try to allocate resource to 0 Queues
I0714 09:39:08.028724       1 session.go:244] Close Session 967925cb-6980-4342-96c5-4405473bc20b
I0714 09:39:09.031558       1 cache.go:1363] There are <0> Jobs, <1> Queues and <5> Nodes in total for scheduling.
I0714 09:39:09.031709       1 session.go:190] Open Session b32de254-31d2-485f-a896-b5569d87c77c with <0> Job and <1> Queues
I0714 09:39:09.033655       1 enqueue.go:79] Try to enqueue PodGroup to 0 Queues
I0714 09:39:09.033723       1 allocate.go:64] Try to allocate resource to 0 Queues
I0714 09:39:09.033931       1 session.go:244] Close Session b32de254-31d2-485f-a896-b5569d87c77c
I0714 09:39:10.037036       1 cache.go:1363] There are <0> Jobs, <1> Queues and <5> Nodes in total for scheduling.
I0714 09:39:10.037196       1 session.go:190] Open Session 6af88e31-aad1-4c8d-a88a-974d1e75d0c7 with <0> Job and <1> Queues
I0714 09:39:10.039098       1 enqueue.go:79] Try to enqueue PodGroup to 0 Queues
I0714 09:39:10.039164       1 allocate.go:64] Try to allocate resource to 0 Queues
I0714 09:39:10.039384       1 session.go:244] Close Session 6af88e31-aad1-4c8d-a88a-974d1e75d0c7
I0714 09:39:11.042437       1 cache.go:1363] There are <0> Jobs, <1> Queues and <5> Nodes in total for scheduling.
I0714 09:39:11.042607       1 session.go:190] Open Session 71b6c87f-bd84-41dd-b0f2-fe2911acbdb3 with <0> Job and <1> Queues
I0714 09:39:11.044559       1 enqueue.go:79] Try to enqueue PodGroup to 0 Queues
I0714 09:39:11.044631       1 allocate.go:64] Try to allocate resource to 0 Queues
I0714 09:39:11.044868       1 session.go:244] Close Session 71b6c87f-bd84-41dd-b0f2-fe2911acbdb3
I0714 09:39:12.047999       1 cache.go:1363] There are <0> Jobs, <1> Queues and <5> Nodes in total for scheduling.
I0714 09:39:12.048173       1 session.go:190] Open Session 62fa5a84-5a92-46ad-826a-d97aef149689 with <0> Job and <1> Queues
I0714 09:39:12.050046       1 enqueue.go:79] Try to enqueue PodGroup to 0 Queues
I0714 09:39:12.050133       1 allocate.go:64] Try to allocate resource to 0 Queues
I0714 09:39:12.050355       1 session.go:244] Close Session 62fa5a84-5a92-46ad-826a-d97aef149689
I0714 09:39:13.052926       1 cache.go:1363] There are <0> Jobs, <1> Queues and <5> Nodes in total for scheduling.
I0714 09:39:13.053087       1 session.go:190] Open Session 80dd4eda-44a8-4570-b37b-37bc9e7453c6 with <0> Job and <1> Queues
I0714 09:39:13.054953       1 enqueue.go:79] Try to enqueue PodGroup to 0 Queues
I0714 09:39:13.055027       1 allocate.go:64] Try to allocate resource to 0 Queues
I0714 09:39:13.055233       1 session.go:244] Close Session 80dd4eda-44a8-4570-b37b-37bc9e7453c6
I0714 09:39:14.057649       1 cache.go:1363] There are <0> Jobs, <1> Queues and <5> Nodes in total for scheduling.
I0714 09:39:14.057790       1 session.go:190] Open Session 830725f8-33d5-4b51-938b-893f5485ecc3 with <0> Job and <1> Queues
I0714 09:39:14.059637       1 enqueue.go:79] Try to enqueue PodGroup to 0 Queues
I0714 09:39:14.059704       1 allocate.go:64] Try to allocate resource to 0 Queues
I0714 09:39:14.059914       1 session.go:244] Close Session 830725f8-33d5-4b51-938b-893f5485ecc3
I0714 09:39:15.062247       1 cache.go:1363] There are <0> Jobs, <1> Queues and <5> Nodes in total for scheduling.
I0714 09:39:15.062428       1 session.go:190] Open Session 94c26db5-8094-42ca-96ae-9559f4a6094c with <0> Job and <1> Queues
I0714 09:39:15.064440       1 enqueue.go:79] Try to enqueue PodGroup to 0 Queues
I0714 09:39:15.064519       1 allocate.go:64] Try to allocate resource to 0 Queues
I0714 09:39:15.064734       1 session.go:244] Close Session 94c26db5-8094-42ca-96ae-9559f4a6094c
I0714 09:39:16.067413       1 cache.go:1363] There are <0> Jobs, <1> Queues and <5> Nodes in total for scheduling.
I0714 09:39:16.067568       1 session.go:190] Open Session 1ce5285c-86ba-4512-bb42-f7bc532dff93 with <0> Job and <1> Queues
I0714 09:39:16.069627       1 enqueue.go:79] Try to enqueue PodGroup to 0 Queues
I0714 09:39:16.069703       1 allocate.go:64] Try to allocate resource to 0 Queues
I0714 09:39:16.069935       1 session.go:244] Close Session 1ce5285c-86ba-4512-bb42-f7bc532dff93
I0714 09:39:17.072724       1 cache.go:1363] There are <0> Jobs, <1> Queues and <5> Nodes in total for scheduling.
I0714 09:39:17.072897       1 session.go:190] Open Session 5d51ea63-d2d1-4ba3-b451-edc7826fffb4 with <0> Job and <1> Queues
I0714 09:39:17.075112       1 enqueue.go:79] Try to enqueue PodGroup to 0 Queues
I0714 09:39:17.075199       1 allocate.go:64] Try to allocate resource to 0 Queues
I0714 09:39:17.075432       1 session.go:244] Close Session 5d51ea63-d2d1-4ba3-b451-edc7826fffb4
I0714 09:39:18.078320       1 cache.go:1363] There are <0> Jobs, <1> Queues and <5> Nodes in total for scheduling.
I0714 09:39:18.078465       1 session.go:190] Open Session 07fc7383-2064-433a-b9a1-18d218a42c05 with <0> Job and <1> Queues
I0714 09:39:18.080337       1 enqueue.go:79] Try to enqueue PodGroup to 0 Queues
I0714 09:39:18.080419       1 allocate.go:64] Try to allocate resource to 0 Queues
I0714 09:39:18.080652       1 session.go:244] Close Session 07fc7383-2064-433a-b9a1-18d218a42c05
I0714 09:39:19.082668       1 cache.go:1363] There are <0> Jobs, <1> Queues and <5> Nodes in total for scheduling.
I0714 09:39:19.082832       1 session.go:190] Open Session eec10676-ba7f-4487-a714-63fafb83bfc5 with <0> Job and <1> Queues
I0714 09:39:19.084797       1 enqueue.go:79] Try to enqueue PodGroup to 0 Queues
I0714 09:39:19.084882       1 allocate.go:64] Try to allocate resource to 0 Queues
I0714 09:39:19.085106       1 session.go:244] Close Session eec10676-ba7f-4487-a714-63fafb83bfc5
I0714 09:39:20.087663       1 cache.go:1363] There are <0> Jobs, <1> Queues and <5> Nodes in total for scheduling.
I0714 09:39:20.087862       1 session.go:190] Open Session 60c7d6c6-3b82-49a6-953f-bcf3c04e39a0 with <0> Job and <1> Queues
I0714 09:39:20.090210       1 enqueue.go:79] Try to enqueue PodGroup to 0 Queues
I0714 09:39:20.090293       1 allocate.go:64] Try to allocate resource to 0 Queues
I0714 09:39:20.090517       1 session.go:244] Close Session 60c7d6c6-3b82-49a6-953f-bcf3c04e39a0
I0714 09:39:21.093688       1 cache.go:1363] There are <0> Jobs, <1> Queues and <5> Nodes in total for scheduling.
I0714 09:39:21.093849       1 session.go:190] Open Session 2ed84caa-bddd-4d50-b6ff-d28cb035face with <0> Job and <1> Queues
I0714 09:39:21.095732       1 enqueue.go:79] Try to enqueue PodGroup to 0 Queues
I0714 09:39:21.095803       1 allocate.go:64] Try to allocate resource to 0 Queues
I0714 09:39:21.096024       1 session.go:244] Close Session 2ed84caa-bddd-4d50-b6ff-d28cb035face
I0714 09:39:22.098512       1 cache.go:1363] There are <0> Jobs, <1> Queues and <5> Nodes in total for scheduling.
I0714 09:39:22.098682       1 session.go:190] Open Session 64408430-1d05-48ea-a0bf-e64b10529642 with <0> Job and <1> Queues
I0714 09:39:22.100721       1 enqueue.go:79] Try to enqueue PodGroup to 0 Queues
I0714 09:39:22.100807       1 allocate.go:64] Try to allocate resource to 0 Queues
I0714 09:39:22.101030       1 session.go:244] Close Session 64408430-1d05-48ea-a0bf-e64b10529642
I0714 09:39:23.106305       1 cache.go:1363] There are <0> Jobs, <1> Queues and <5> Nodes in total for scheduling.
I0714 09:39:23.106560       1 session.go:190] Open Session 5aad98f0-ca6b-41e1-904c-bdf0152a304c with <0> Job and <1> Queues
I0714 09:39:23.108840       1 enqueue.go:79] Try to enqueue PodGroup to 0 Queues
I0714 09:39:23.108963       1 allocate.go:64] Try to allocate resource to 0 Queues
I0714 09:39:23.110514       1 session.go:244] Close Session 5aad98f0-ca6b-41e1-904c-bdf0152a304c
I0714 09:39:24.112901       1 cache.go:1363] There are <0> Jobs, <1> Queues and <5> Nodes in total for scheduling.
I0714 09:39:24.113083       1 session.go:190] Open Session 411e9d0b-7c99-4486-a9c3-af7699547085 with <0> Job and <1> Queues
I0714 09:39:24.114925       1 enqueue.go:79] Try to enqueue PodGroup to 0 Queues
I0714 09:39:24.114998       1 allocate.go:64] Try to allocate resource to 0 Queues
I0714 09:39:24.115216       1 session.go:244] Close Session 411e9d0b-7c99-4486-a9c3-af7699547085
I0714 09:39:25.118167       1 cache.go:1363] There are <0> Jobs, <1> Queues and <5> Nodes in total for scheduling.
I0714 09:39:25.118367       1 session.go:190] Open Session eb73e0a5-40b1-4a96-9eb2-f07b93738ac9 with <0> Job and <1> Queues
I0714 09:39:25.120238       1 enqueue.go:79] Try to enqueue PodGroup to 0 Queues
I0714 09:39:25.120360       1 allocate.go:64] Try to allocate resource to 0 Queues
I0714 09:39:25.120576       1 session.go:244] Close Session eb73e0a5-40b1-4a96-9eb2-f07b93738ac9
I0714 09:39:26.123599       1 cache.go:1363] There are <0> Jobs, <1> Queues and <5> Nodes in total for scheduling.
I0714 09:39:26.123750       1 session.go:190] Open Session 4fe603d9-3530-46fa-8b35-c232aecfa363 with <0> Job and <1> Queues
I0714 09:39:26.125654       1 enqueue.go:79] Try to enqueue PodGroup to 0 Queues
I0714 09:39:26.125732       1 allocate.go:64] Try to allocate resource to 0 Queues
I0714 09:39:26.125950       1 session.go:244] Close Session 4fe603d9-3530-46fa-8b35-c232aecfa363
I0714 09:39:27.128231       1 cache.go:1363] There are <0> Jobs, <1> Queues and <5> Nodes in total for scheduling.
I0714 09:39:27.128416       1 session.go:190] Open Session 60ded8a7-116d-4200-ac6f-90de0c361118 with <0> Job and <1> Queues
I0714 09:39:27.130271       1 enqueue.go:79] Try to enqueue PodGroup to 0 Queues
I0714 09:39:27.130344       1 allocate.go:64] Try to allocate resource to 0 Queues
I0714 09:39:27.130558       1 session.go:244] Close Session 60ded8a7-116d-4200-ac6f-90de0c361118
I0714 09:39:28.133540       1 cache.go:1363] There are <0> Jobs, <1> Queues and <5> Nodes in total for scheduling.
I0714 09:39:28.133697       1 session.go:190] Open Session 075df486-4659-42d2-927a-a4172d15ebc1 with <0> Job and <1> Queues
I0714 09:39:28.135536       1 enqueue.go:79] Try to enqueue PodGroup to 0 Queues
I0714 09:39:28.135607       1 allocate.go:64] Try to allocate resource to 0 Queues
I0714 09:39:28.135838       1 session.go:244] Close Session 075df486-4659-42d2-927a-a4172d15ebc1
I0714 09:39:29.138096       1 cache.go:1363] There are <0> Jobs, <1> Queues and <5> Nodes in total for scheduling.
I0714 09:39:29.138255       1 session.go:190] Open Session f82ed722-bfd8-43bc-8232-0f7f864db49a with <0> Job and <1> Queues
I0714 09:39:29.140170       1 enqueue.go:79] Try to enqueue PodGroup to 0 Queues
I0714 09:39:29.140248       1 allocate.go:64] Try to allocate resource to 0 Queues
I0714 09:39:29.140494       1 session.go:244] Close Session f82ed722-bfd8-43bc-8232-0f7f864db49a
I0714 09:39:30.142822       1 cache.go:1363] There are <0> Jobs, <1> Queues and <5> Nodes in total for scheduling.
I0714 09:39:30.142995       1 session.go:190] Open Session 3c4160ae-8f4d-4ecb-9581-36c90b5bbcfb with <0> Job and <1> Queues
I0714 09:39:30.144935       1 enqueue.go:79] Try to enqueue PodGroup to 0 Queues
I0714 09:39:30.145019       1 allocate.go:64] Try to allocate resource to 0 Queues
I0714 09:39:30.145237       1 session.go:244] Close Session 3c4160ae-8f4d-4ecb-9581-36c90b5bbcfb
I0714 09:39:31.148258       1 cache.go:1363] There are <0> Jobs, <1> Queues and <5> Nodes in total for scheduling.
I0714 09:39:31.148444       1 session.go:190] Open Session 288430f1-e397-485d-acd8-50f16b3a336f with <0> Job and <1> Queues
I0714 09:39:31.150326       1 enqueue.go:79] Try to enqueue PodGroup to 0 Queues
I0714 09:39:31.150403       1 allocate.go:64] Try to allocate resource to 0 Queues
I0714 09:39:31.150617       1 session.go:244] Close Session 288430f1-e397-485d-acd8-50f16b3a336f
I0714 09:39:32.153173       1 cache.go:1363] There are <0> Jobs, <1> Queues and <5> Nodes in total for scheduling.
I0714 09:39:32.153353       1 session.go:190] Open Session b8691adc-6435-491d-8ab5-685d0909a815 with <0> Job and <1> Queues
I0714 09:39:32.155223       1 enqueue.go:79] Try to enqueue PodGroup to 0 Queues
I0714 09:39:32.155306       1 allocate.go:64] Try to allocate resource to 0 Queues
I0714 09:39:32.155555       1 session.go:244] Close Session b8691adc-6435-491d-8ab5-685d0909a815
I0714 09:39:33.158122       1 cache.go:1363] There are <0> Jobs, <1> Queues and <5> Nodes in total for scheduling.
I0714 09:39:33.158310       1 session.go:190] Open Session 90caff9c-c58a-4d6b-99c5-834326da72f9 with <0> Job and <1> Queues
I0714 09:39:33.160487       1 enqueue.go:79] Try to enqueue PodGroup to 0 Queues
I0714 09:39:33.160572       1 allocate.go:64] Try to allocate resource to 0 Queues
I0714 09:39:33.160787       1 session.go:244] Close Session 90caff9c-c58a-4d6b-99c5-834326da72f9
I0714 09:39:34.162834       1 cache.go:1363] There are <0> Jobs, <1> Queues and <5> Nodes in total for scheduling.
I0714 09:39:34.162995       1 session.go:190] Open Session 82ce85b4-2655-47d1-87a9-64f5312e9d79 with <0> Job and <1> Queues
I0714 09:39:34.164877       1 enqueue.go:79] Try to enqueue PodGroup to 0 Queues
I0714 09:39:34.164959       1 allocate.go:64] Try to allocate resource to 0 Queues
I0714 09:39:34.165171       1 session.go:244] Close Session 82ce85b4-2655-47d1-87a9-64f5312e9d79
I0714 09:39:35.167835       1 cache.go:1363] There are <0> Jobs, <1> Queues and <5> Nodes in total for scheduling.
I0714 09:39:35.167989       1 session.go:190] Open Session 20e3e623-1e7c-4ea6-81d0-a89b7e565be0 with <0> Job and <1> Queues
I0714 09:39:35.170152       1 enqueue.go:79] Try to enqueue PodGroup to 0 Queues
I0714 09:39:35.170241       1 allocate.go:64] Try to allocate resource to 0 Queues
I0714 09:39:35.170479       1 session.go:244] Close Session 20e3e623-1e7c-4ea6-81d0-a89b7e565be0
I0714 09:39:36.173199       1 cache.go:1363] There are <0> Jobs, <1> Queues and <5> Nodes in total for scheduling.
I0714 09:39:36.173385       1 session.go:190] Open Session e60e0f8e-13d6-4d60-93da-77444d8e77e3 with <0> Job and <1> Queues
I0714 09:39:36.175448       1 enqueue.go:79] Try to enqueue PodGroup to 0 Queues
I0714 09:39:36.175523       1 allocate.go:64] Try to allocate resource to 0 Queues
I0714 09:39:36.175746       1 session.go:244] Close Session e60e0f8e-13d6-4d60-93da-77444d8e77e3
I0714 09:39:36.687781       1 cache.go:1489] The metrics type is not set in the volcano scheduler configmap file. As a result, the CPU and memory load information of the node is not collected.
I0714 09:39:37.178624       1 cache.go:1363] There are <0> Jobs, <1> Queues and <5> Nodes in total for scheduling.
I0714 09:39:37.178825       1 session.go:190] Open Session 2afc3601-ab76-4c93-ba86-99c0c227e3a5 with <0> Job and <1> Queues
I0714 09:39:37.180805       1 enqueue.go:79] Try to enqueue PodGroup to 0 Queues
I0714 09:39:37.180882       1 allocate.go:64] Try to allocate resource to 0 Queues
I0714 09:39:37.181113       1 session.go:244] Close Session 2afc3601-ab76-4c93-ba86-99c0c227e3a5
I0714 09:39:38.183382       1 cache.go:1363] There are <0> Jobs, <1> Queues and <5> Nodes in total for scheduling.
I0714 09:39:38.183532       1 session.go:190] Open Session b2d924f6-3fdd-4404-957d-fde8d2e29f04 with <0> Job and <1> Queues
I0714 09:39:38.185706       1 enqueue.go:79] Try to enqueue PodGroup to 0 Queues
I0714 09:39:38.185791       1 allocate.go:64] Try to allocate resource to 0 Queues
I0714 09:39:38.186047       1 session.go:244] Close Session b2d924f6-3fdd-4404-957d-fde8d2e29f04
I0714 09:39:39.188225       1 cache.go:1363] There are <0> Jobs, <1> Queues and <5> Nodes in total for scheduling.
I0714 09:39:39.188417       1 session.go:190] Open Session c249fd89-6dc2-492b-a8cf-7d9c3dca1d66 with <0> Job and <1> Queues
I0714 09:39:39.190318       1 enqueue.go:79] Try to enqueue PodGroup to 0 Queues
I0714 09:39:39.190399       1 allocate.go:64] Try to allocate resource to 0 Queues
I0714 09:39:39.190611       1 session.go:244] Close Session c249fd89-6dc2-492b-a8cf-7d9c3dca1d66
I0714 09:39:40.192874       1 cache.go:1363] There are <0> Jobs, <1> Queues and <5> Nodes in total for scheduling.
I0714 09:39:40.193050       1 session.go:190] Open Session 35612a3f-a0e3-4126-ad83-da5a8205a7a1 with <0> Job and <1> Queues
I0714 09:39:40.194969       1 enqueue.go:79] Try to enqueue PodGroup to 0 Queues
I0714 09:39:40.195035       1 allocate.go:64] Try to allocate resource to 0 Queues
I0714 09:39:40.195280       1 session.go:244] Close Session 35612a3f-a0e3-4126-ad83-da5a8205a7a1
I0714 09:39:41.197856       1 cache.go:1363] There are <0> Jobs, <1> Queues and <5> Nodes in total for scheduling.
I0714 09:39:41.198006       1 session.go:190] Open Session 2c91880f-769d-443b-9180-a69361da982f with <0> Job and <1> Queues
I0714 09:39:41.199841       1 enqueue.go:79] Try to enqueue PodGroup to 0 Queues
I0714 09:39:41.199909       1 allocate.go:64] Try to allocate resource to 0 Queues
I0714 09:39:41.200131       1 session.go:244] Close Session 2c91880f-769d-443b-9180-a69361da982f
I0714 09:39:42.203239       1 cache.go:1363] There are <0> Jobs, <1> Queues and <5> Nodes in total for scheduling.
I0714 09:39:42.203435       1 session.go:190] Open Session df7273ff-0166-4c23-b833-bf04f705053d with <0> Job and <1> Queues
I0714 09:39:42.205854       1 enqueue.go:79] Try to enqueue PodGroup to 0 Queues
I0714 09:39:42.205946       1 allocate.go:64] Try to allocate resource to 0 Queues
I0714 09:39:42.206175       1 session.go:244] Close Session df7273ff-0166-4c23-b833-bf04f705053d
I0714 09:39:43.208907       1 cache.go:1363] There are <0> Jobs, <1> Queues and <5> Nodes in total for scheduling.
I0714 09:39:43.209072       1 session.go:190] Open Session 9dbb71dd-f81f-41c3-9706-a6a8866ff975 with <0> Job and <1> Queues
I0714 09:39:43.211010       1 enqueue.go:79] Try to enqueue PodGroup to 0 Queues
I0714 09:39:43.211082       1 allocate.go:64] Try to allocate resource to 0 Queues
I0714 09:39:43.211315       1 session.go:244] Close Session 9dbb71dd-f81f-41c3-9706-a6a8866ff975
I0714 09:39:44.214306       1 cache.go:1363] There are <0> Jobs, <1> Queues and <5> Nodes in total for scheduling.
I0714 09:39:44.214486       1 session.go:190] Open Session 528d8bc9-a658-40e6-82f7-5fbbabae682b with <0> Job and <1> Queues
I0714 09:39:44.216674       1 enqueue.go:79] Try to enqueue PodGroup to 0 Queues
I0714 09:39:44.216756       1 allocate.go:64] Try to allocate resource to 0 Queues
I0714 09:39:44.217002       1 session.go:244] Close Session 528d8bc9-a658-40e6-82f7-5fbbabae682b
I0714 09:39:45.219539       1 cache.go:1363] There are <0> Jobs, <1> Queues and <5> Nodes in total for scheduling.
I0714 09:39:45.219701       1 session.go:190] Open Session 4b33ecfb-9b09-4e55-b347-c93075d772fe with <0> Job and <1> Queues
I0714 09:39:45.221766       1 enqueue.go:79] Try to enqueue PodGroup to 0 Queues
I0714 09:39:45.221841       1 allocate.go:64] Try to allocate resource to 0 Queues
I0714 09:39:45.222060       1 session.go:244] Close Session 4b33ecfb-9b09-4e55-b347-c93075d772fe
I0714 09:39:46.224637       1 cache.go:1363] There are <0> Jobs, <1> Queues and <5> Nodes in total for scheduling.
I0714 09:39:46.224769       1 session.go:190] Open Session 4289b768-d3e7-4987-8d56-2c476193d41f with <0> Job and <1> Queues
I0714 09:39:46.226543       1 enqueue.go:79] Try to enqueue PodGroup to 0 Queues
I0714 09:39:46.226614       1 allocate.go:64] Try to allocate resource to 0 Queues
I0714 09:39:46.226826       1 session.go:244] Close Session 4289b768-d3e7-4987-8d56-2c476193d41f
I0714 09:39:47.229669       1 cache.go:1363] There are <0> Jobs, <1> Queues and <5> Nodes in total for scheduling.
I0714 09:39:47.229853       1 session.go:190] Open Session fea2ba4a-5b76-4c8f-a787-b7d58f0552b5 with <0> Job and <1> Queues
I0714 09:39:47.232029       1 enqueue.go:79] Try to enqueue PodGroup to 0 Queues
I0714 09:39:47.232103       1 allocate.go:64] Try to allocate resource to 0 Queues
I0714 09:39:47.232377       1 session.go:244] Close Session fea2ba4a-5b76-4c8f-a787-b7d58f0552b5
I0714 09:39:48.234889       1 cache.go:1363] There are <0> Jobs, <1> Queues and <5> Nodes in total for scheduling.
I0714 09:39:48.235030       1 session.go:190] Open Session 9e353276-f7ba-486f-a491-87b971162fac with <0> Job and <1> Queues
I0714 09:39:48.236855       1 enqueue.go:79] Try to enqueue PodGroup to 0 Queues
I0714 09:39:48.236929       1 allocate.go:64] Try to allocate resource to 0 Queues
I0714 09:39:48.237165       1 session.go:244] Close Session 9e353276-f7ba-486f-a491-87b971162fac
I0714 09:39:49.239436       1 cache.go:1363] There are <0> Jobs, <1> Queues and <5> Nodes in total for scheduling.
I0714 09:39:49.239601       1 session.go:190] Open Session 7d8f538b-53b9-4c73-a450-b4b4760f2d6d with <0> Job and <1> Queues
I0714 09:39:49.241540       1 enqueue.go:79] Try to enqueue PodGroup to 0 Queues
I0714 09:39:49.241611       1 allocate.go:64] Try to allocate resource to 0 Queues
I0714 09:39:49.241832       1 session.go:244] Close Session 7d8f538b-53b9-4c73-a450-b4b4760f2d6d
I0714 09:39:50.244649       1 cache.go:1363] There are <0> Jobs, <1> Queues and <5> Nodes in total for scheduling.
I0714 09:39:50.244818       1 session.go:190] Open Session fe1d64d0-5dfa-48f4-85f8-017d4ed6881a with <0> Job and <1> Queues
I0714 09:39:50.246643       1 enqueue.go:79] Try to enqueue PodGroup to 0 Queues
I0714 09:39:50.246724       1 allocate.go:64] Try to allocate resource to 0 Queues
I0714 09:39:50.246937       1 session.go:244] Close Session fe1d64d0-5dfa-48f4-85f8-017d4ed6881a
I0714 09:39:51.249574       1 cache.go:1363] There are <0> Jobs, <1> Queues and <5> Nodes in total for scheduling.
I0714 09:39:51.249745       1 session.go:190] Open Session 2e2dc4e3-702c-4e0f-bc28-9d099050e8c0 with <0> Job and <1> Queues
I0714 09:39:51.251692       1 enqueue.go:79] Try to enqueue PodGroup to 0 Queues
I0714 09:39:51.251766       1 allocate.go:64] Try to allocate resource to 0 Queues
I0714 09:39:51.251994       1 session.go:244] Close Session 2e2dc4e3-702c-4e0f-bc28-9d099050e8c0
I0714 09:39:52.254560       1 cache.go:1363] There are <0> Jobs, <1> Queues and <5> Nodes in total for scheduling.
I0714 09:39:52.254751       1 session.go:190] Open Session c27ec9a8-ac9c-42a1-b060-e61a15318d23 with <0> Job and <1> Queues
I0714 09:39:52.256730       1 enqueue.go:79] Try to enqueue PodGroup to 0 Queues
I0714 09:39:52.256801       1 allocate.go:64] Try to allocate resource to 0 Queues
I0714 09:39:52.257032       1 session.go:244] Close Session c27ec9a8-ac9c-42a1-b060-e61a15318d23
I0714 09:39:53.259974       1 cache.go:1363] There are <0> Jobs, <1> Queues and <5> Nodes in total for scheduling.
I0714 09:39:53.260172       1 session.go:190] Open Session c5d65f77-1101-49a5-9c33-24ad981d8712 with <0> Job and <1> Queues
I0714 09:39:53.262163       1 enqueue.go:79] Try to enqueue PodGroup to 0 Queues
I0714 09:39:53.262241       1 allocate.go:64] Try to allocate resource to 0 Queues
I0714 09:39:53.262481       1 session.go:244] Close Session c5d65f77-1101-49a5-9c33-24ad981d8712
I0714 09:39:54.265148       1 cache.go:1363] There are <0> Jobs, <1> Queues and <5> Nodes in total for scheduling.
I0714 09:39:54.265296       1 session.go:190] Open Session 146f8d25-f093-49f3-9456-53b64f1a1b2a with <0> Job and <1> Queues
I0714 09:39:54.267144       1 enqueue.go:79] Try to enqueue PodGroup to 0 Queues
I0714 09:39:54.267219       1 allocate.go:64] Try to allocate resource to 0 Queues
I0714 09:39:54.267438       1 session.go:244] Close Session 146f8d25-f093-49f3-9456-53b64f1a1b2a
I0714 09:39:55.270391       1 cache.go:1363] There are <0> Jobs, <1> Queues and <5> Nodes in total for scheduling.
I0714 09:39:55.270551       1 session.go:190] Open Session e0a2b8df-93b1-41d4-b51d-f4a79253d43e with <0> Job and <1> Queues
I0714 09:39:55.272511       1 enqueue.go:79] Try to enqueue PodGroup to 0 Queues
I0714 09:39:55.272587       1 allocate.go:64] Try to allocate resource to 0 Queues
I0714 09:39:55.272817       1 session.go:244] Close Session e0a2b8df-93b1-41d4-b51d-f4a79253d43e
I0714 09:39:56.275449       1 cache.go:1363] There are <0> Jobs, <1> Queues and <5> Nodes in total for scheduling.
I0714 09:39:56.275627       1 session.go:190] Open Session 0adceae5-1c28-411f-8254-ef19a24b4424 with <0> Job and <1> Queues
I0714 09:39:56.277801       1 enqueue.go:79] Try to enqueue PodGroup to 0 Queues
I0714 09:39:56.277879       1 allocate.go:64] Try to allocate resource to 0 Queues
I0714 09:39:56.278136       1 session.go:244] Close Session 0adceae5-1c28-411f-8254-ef19a24b4424
I0714 09:39:57.280704       1 cache.go:1363] There are <0> Jobs, <1> Queues and <5> Nodes in total for scheduling.
I0714 09:39:57.280877       1 session.go:190] Open Session a6cd12aa-720c-42b9-8d5f-45d8b210aa3a with <0> Job and <1> Queues
I0714 09:39:57.282786       1 enqueue.go:79] Try to enqueue PodGroup to 0 Queues
I0714 09:39:57.282868       1 allocate.go:64] Try to allocate resource to 0 Queues
I0714 09:39:57.283088       1 session.go:244] Close Session a6cd12aa-720c-42b9-8d5f-45d8b210aa3a
I0714 09:39:58.285591       1 cache.go:1363] There are <0> Jobs, <1> Queues and <5> Nodes in total for scheduling.
I0714 09:39:58.285754       1 session.go:190] Open Session 898d273a-d865-42d9-a9ba-652e7bfb0439 with <0> Job and <1> Queues
I0714 09:39:58.287639       1 enqueue.go:79] Try to enqueue PodGroup to 0 Queues
I0714 09:39:58.287716       1 allocate.go:64] Try to allocate resource to 0 Queues
I0714 09:39:58.287945       1 session.go:244] Close Session 898d273a-d865-42d9-a9ba-652e7bfb0439
I0714 09:39:59.290341       1 cache.go:1363] There are <0> Jobs, <1> Queues and <5> Nodes in total for scheduling.
I0714 09:39:59.290519       1 session.go:190] Open Session 7e651a7f-2258-450f-98c3-6900c227c384 with <0> Job and <1> Queues
I0714 09:39:59.292488       1 enqueue.go:79] Try to enqueue PodGroup to 0 Queues
I0714 09:39:59.292565       1 allocate.go:64] Try to allocate resource to 0 Queues
I0714 09:39:59.292800       1 session.go:244] Close Session 7e651a7f-2258-450f-98c3-6900c227c384
I0714 09:40:00.295832       1 cache.go:1363] There are <0> Jobs, <1> Queues and <5> Nodes in total for scheduling.
I0714 09:40:00.296013       1 session.go:190] Open Session 0a6dcb23-779d-4126-a107-a14cd7c92314 with <0> Job and <1> Queues
I0714 09:40:00.298059       1 enqueue.go:79] Try to enqueue PodGroup to 0 Queues
I0714 09:40:00.298135       1 allocate.go:64] Try to allocate resource to 0 Queues
I0714 09:40:00.298364       1 session.go:244] Close Session 0a6dcb23-779d-4126-a107-a14cd7c92314
I0714 09:40:01.300812       1 cache.go:1363] There are <0> Jobs, <1> Queues and <5> Nodes in total for scheduling.
I0714 09:40:01.300970       1 session.go:190] Open Session 329821b7-5870-46e8-9125-3cf9cf5b878c with <0> Job and <1> Queues
I0714 09:40:01.302839       1 enqueue.go:79] Try to enqueue PodGroup to 0 Queues
I0714 09:40:01.302910       1 allocate.go:64] Try to allocate resource to 0 Queues
I0714 09:40:01.303135       1 session.go:244] Close Session 329821b7-5870-46e8-9125-3cf9cf5b878c
I0714 09:40:02.305742       1 cache.go:1363] There are <0> Jobs, <1> Queues and <5> Nodes in total for scheduling.
I0714 09:40:02.305921       1 session.go:190] Open Session 02f2ddfe-1d9d-4d1c-bd77-da3e235554d0 with <0> Job and <1> Queues
I0714 09:40:02.307746       1 enqueue.go:79] Try to enqueue PodGroup to 0 Queues
I0714 09:40:02.307830       1 allocate.go:64] Try to allocate resource to 0 Queues
I0714 09:40:02.308064       1 session.go:244] Close Session 02f2ddfe-1d9d-4d1c-bd77-da3e235554d0
I0714 09:40:03.311050       1 cache.go:1363] There are <0> Jobs, <1> Queues and <5> Nodes in total for scheduling.
I0714 09:40:03.311237       1 session.go:190] Open Session 5d4a283e-364c-4a71-9eaa-28e6c17379fd with <0> Job and <1> Queues
I0714 09:40:03.313302       1 enqueue.go:79] Try to enqueue PodGroup to 0 Queues
I0714 09:40:03.313376       1 allocate.go:64] Try to allocate resource to 0 Queues
I0714 09:40:03.313608       1 session.go:244] Close Session 5d4a283e-364c-4a71-9eaa-28e6c17379fd
I0714 09:40:04.316800       1 cache.go:1363] There are <0> Jobs, <1> Queues and <5> Nodes in total for scheduling.
I0714 09:40:04.316958       1 session.go:190] Open Session 2b2d3c2e-70d9-4ced-a492-fb16583f1d07 with <0> Job and <1> Queues
I0714 09:40:04.318818       1 enqueue.go:79] Try to enqueue PodGroup to 0 Queues
I0714 09:40:04.318898       1 allocate.go:64] Try to allocate resource to 0 Queues
I0714 09:40:04.319120       1 session.go:244] Close Session 2b2d3c2e-70d9-4ced-a492-fb16583f1d07
I0714 09:40:05.322013       1 cache.go:1363] There are <0> Jobs, <1> Queues and <5> Nodes in total for scheduling.
I0714 09:40:05.322172       1 session.go:190] Open Session 2ca7ef6a-56b6-495e-a9ae-e30e36f54801 with <0> Job and <1> Queues
I0714 09:40:05.324113       1 enqueue.go:79] Try to enqueue PodGroup to 0 Queues
I0714 09:40:05.324177       1 allocate.go:64] Try to allocate resource to 0 Queues
I0714 09:40:05.324418       1 session.go:244] Close Session 2ca7ef6a-56b6-495e-a9ae-e30e36f54801
I0714 09:40:06.327043       1 cache.go:1363] There are <0> Jobs, <1> Queues and <5> Nodes in total for scheduling.
I0714 09:40:06.327250       1 session.go:190] Open Session 6bb17ee5-5977-4f7c-89d5-ad82e14b598c with <0> Job and <1> Queues
I0714 09:40:06.329274       1 enqueue.go:79] Try to enqueue PodGroup to 0 Queues
I0714 09:40:06.329360       1 allocate.go:64] Try to allocate resource to 0 Queues
I0714 09:40:06.329617       1 session.go:244] Close Session 6bb17ee5-5977-4f7c-89d5-ad82e14b598c
I0714 09:40:06.688644       1 cache.go:1489] The metrics type is not set in the volcano scheduler configmap file. As a result, the CPU and memory load information of the node is not collected.
I0714 09:40:07.331911       1 cache.go:1363] There are <0> Jobs, <1> Queues and <5> Nodes in total for scheduling.
I0714 09:40:07.332097       1 session.go:190] Open Session 043125e4-f8ca-4a18-a2f2-fde0fcf204d5 with <0> Job and <1> Queues
I0714 09:40:07.334164       1 enqueue.go:79] Try to enqueue PodGroup to 0 Queues
I0714 09:40:07.334244       1 allocate.go:64] Try to allocate resource to 0 Queues
I0714 09:40:07.334456       1 session.go:244] Close Session 043125e4-f8ca-4a18-a2f2-fde0fcf204d5
I0714 09:40:08.337493       1 cache.go:1363] There are <0> Jobs, <1> Queues and <5> Nodes in total for scheduling.
I0714 09:40:08.337670       1 session.go:190] Open Session c23154a3-7a9e-48fb-a46b-7f1749032214 with <0> Job and <1> Queues
I0714 09:40:08.339579       1 enqueue.go:79] Try to enqueue PodGroup to 0 Queues
I0714 09:40:08.339654       1 allocate.go:64] Try to allocate resource to 0 Queues
I0714 09:40:08.339883       1 session.go:244] Close Session c23154a3-7a9e-48fb-a46b-7f1749032214
I0714 09:40:09.342341       1 cache.go:1363] There are <0> Jobs, <1> Queues and <5> Nodes in total for scheduling.
I0714 09:40:09.342520       1 session.go:190] Open Session 50ee3f01-5bcb-4320-88c3-70cdd694361a with <0> Job and <1> Queues
I0714 09:40:09.344493       1 enqueue.go:79] Try to enqueue PodGroup to 0 Queues
I0714 09:40:09.344581       1 allocate.go:64] Try to allocate resource to 0 Queues
I0714 09:40:09.344835       1 session.go:244] Close Session 50ee3f01-5bcb-4320-88c3-70cdd694361a
I0714 09:40:10.347152       1 cache.go:1363] There are <0> Jobs, <1> Queues and <5> Nodes in total for scheduling.
I0714 09:40:10.347345       1 session.go:190] Open Session 1a3ab1a0-59f5-4fad-8795-711a4c8f3980 with <0> Job and <1> Queues
I0714 09:40:10.349457       1 enqueue.go:79] Try to enqueue PodGroup to 0 Queues
I0714 09:40:10.349530       1 allocate.go:64] Try to allocate resource to 0 Queues
I0714 09:40:10.349757       1 session.go:244] Close Session 1a3ab1a0-59f5-4fad-8795-711a4c8f3980
I0714 09:40:11.351860       1 cache.go:1363] There are <0> Jobs, <1> Queues and <5> Nodes in total for scheduling.
I0714 09:40:11.352039       1 session.go:190] Open Session 4bfbf728-79b4-4978-8c89-772993b2f193 with <0> Job and <1> Queues
I0714 09:40:11.354049       1 enqueue.go:79] Try to enqueue PodGroup to 0 Queues
I0714 09:40:11.354118       1 allocate.go:64] Try to allocate resource to 0 Queues
I0714 09:40:11.354351       1 session.go:244] Close Session 4bfbf728-79b4-4978-8c89-772993b2f193
I0714 09:40:12.356739       1 cache.go:1363] There are <0> Jobs, <1> Queues and <5> Nodes in total for scheduling.
I0714 09:40:12.356933       1 session.go:190] Open Session cc8c5144-2aa7-4502-b7a5-9bb49364da88 with <0> Job and <1> Queues
I0714 09:40:12.361668       1 enqueue.go:79] Try to enqueue PodGroup to 0 Queues
I0714 09:40:12.361824       1 allocate.go:64] Try to allocate resource to 0 Queues
I0714 09:40:12.362082       1 session.go:244] Close Session cc8c5144-2aa7-4502-b7a5-9bb49364da88
I0714 09:40:13.364686       1 cache.go:1363] There are <0> Jobs, <1> Queues and <5> Nodes in total for scheduling.
I0714 09:40:13.364855       1 session.go:190] Open Session da874898-c4f0-43e5-8836-ca001865333f with <0> Job and <1> Queues
I0714 09:40:13.366717       1 enqueue.go:79] Try to enqueue PodGroup to 0 Queues
I0714 09:40:13.366786       1 allocate.go:64] Try to allocate resource to 0 Queues
I0714 09:40:13.367022       1 session.go:244] Close Session da874898-c4f0-43e5-8836-ca001865333f
I0714 09:40:14.369879       1 cache.go:1363] There are <0> Jobs, <1> Queues and <5> Nodes in total for scheduling.
I0714 09:40:14.370049       1 session.go:190] Open Session 057532d9-b095-4c9b-81d9-f14424a88b4e with <0> Job and <1> Queues
I0714 09:40:14.371930       1 enqueue.go:79] Try to enqueue PodGroup to 0 Queues
I0714 09:40:14.372003       1 allocate.go:64] Try to allocate resource to 0 Queues
I0714 09:40:14.372223       1 session.go:244] Close Session 057532d9-b095-4c9b-81d9-f14424a88b4e
I0714 09:40:15.375210       1 cache.go:1363] There are <0> Jobs, <1> Queues and <5> Nodes in total for scheduling.
I0714 09:40:15.375376       1 session.go:190] Open Session c47b2e03-7927-4db5-8047-17244e8e1506 with <0> Job and <1> Queues
I0714 09:40:15.377342       1 enqueue.go:79] Try to enqueue PodGroup to 0 Queues
I0714 09:40:15.377413       1 allocate.go:64] Try to allocate resource to 0 Queues
I0714 09:40:15.377658       1 session.go:244] Close Session c47b2e03-7927-4db5-8047-17244e8e1506
I0714 09:40:16.380548       1 cache.go:1363] There are <0> Jobs, <1> Queues and <5> Nodes in total for scheduling.
I0714 09:40:16.380700       1 session.go:190] Open Session 7d496657-914b-4770-8565-39c271944cf3 with <0> Job and <1> Queues
I0714 09:40:16.382485       1 enqueue.go:79] Try to enqueue PodGroup to 0 Queues
I0714 09:40:16.382553       1 allocate.go:64] Try to allocate resource to 0 Queues
I0714 09:40:16.382763       1 session.go:244] Close Session 7d496657-914b-4770-8565-39c271944cf3
I0714 09:40:17.385920       1 cache.go:1363] There are <0> Jobs, <1> Queues and <5> Nodes in total for scheduling.
I0714 09:40:17.386108       1 session.go:190] Open Session 3d2fb66a-d398-4c3c-96f1-863db9c6ec4e with <0> Job and <1> Queues
I0714 09:40:17.387985       1 enqueue.go:79] Try to enqueue PodGroup to 0 Queues
I0714 09:40:17.388054       1 allocate.go:64] Try to allocate resource to 0 Queues
I0714 09:40:17.388367       1 session.go:244] Close Session 3d2fb66a-d398-4c3c-96f1-863db9c6ec4e
I0714 09:40:18.390423       1 cache.go:1363] There are <0> Jobs, <1> Queues and <5> Nodes in total for scheduling.
I0714 09:40:18.390574       1 session.go:190] Open Session 9f9dbc5d-f544-477f-a35d-3c509bda3608 with <0> Job and <1> Queues
I0714 09:40:18.392328       1 enqueue.go:79] Try to enqueue PodGroup to 0 Queues
I0714 09:40:18.392388       1 allocate.go:64] Try to allocate resource to 0 Queues
I0714 09:40:18.392589       1 session.go:244] Close Session 9f9dbc5d-f544-477f-a35d-3c509bda3608
I0714 09:40:19.395266       1 cache.go:1363] There are <0> Jobs, <1> Queues and <5> Nodes in total for scheduling.
I0714 09:40:19.395443       1 session.go:190] Open Session 2ef88bca-00fc-43ef-be1b-031e502a8a62 with <0> Job and <1> Queues
I0714 09:40:19.397325       1 enqueue.go:79] Try to enqueue PodGroup to 0 Queues
I0714 09:40:19.397400       1 allocate.go:64] Try to allocate resource to 0 Queues
I0714 09:40:19.397614       1 session.go:244] Close Session 2ef88bca-00fc-43ef-be1b-031e502a8a62
W0714 09:40:19.684355       1 event_handlers.go:181] Not support non-csi pvc.
I0714 09:40:19.687801       1 event_handlers.go:442] Deleted pod <default/yolo-cls> from cache.
W0714 09:40:19.748919       1 event_handlers.go:181] Not support non-csi pvc.
I0714 09:40:19.752119       1 event_handlers.go:442] Deleted pod <default/yolo-det> from cache.
W0714 09:40:19.810114       1 event_handlers.go:181] Not support non-csi pvc.
I0714 09:40:19.814237       1 event_handlers.go:442] Deleted pod <default/yolo-seg> from cache.
W0714 09:40:19.859465       1 event_handlers.go:181] Not support non-csi pvc.
I0714 09:40:19.874058       1 event_handlers.go:442] Deleted pod <default/yolo-obb> from cache.
W0714 09:40:19.935366       1 event_handlers.go:181] Not support non-csi pvc.
I0714 09:40:19.937426       1 event_handlers.go:442] Deleted pod <default/yolo-pos> from cache.
I0714 09:40:20.400162       1 cache.go:1363] There are <0> Jobs, <1> Queues and <5> Nodes in total for scheduling.
I0714 09:40:20.400414       1 session.go:190] Open Session fd1ec932-ea8e-46d8-ae24-875c0fdad289 with <0> Job and <1> Queues
I0714 09:40:20.402134       1 enqueue.go:79] Try to enqueue PodGroup to 0 Queues
I0714 09:40:20.402195       1 allocate.go:64] Try to allocate resource to 0 Queues
I0714 09:40:20.402417       1 session.go:244] Close Session fd1ec932-ea8e-46d8-ae24-875c0fdad289
I0714 09:40:21.405346       1 cache.go:1363] There are <0> Jobs, <1> Queues and <5> Nodes in total for scheduling.
I0714 09:40:21.405506       1 session.go:190] Open Session 52fd01c4-891b-4d16-9618-9fa6a95b9c99 with <0> Job and <1> Queues
I0714 09:40:21.407282       1 enqueue.go:79] Try to enqueue PodGroup to 0 Queues
I0714 09:40:21.407354       1 allocate.go:64] Try to allocate resource to 0 Queues
I0714 09:40:21.407582       1 session.go:244] Close Session 52fd01c4-891b-4d16-9618-9fa6a95b9c99
I0714 09:40:22.410369       1 cache.go:1363] There are <0> Jobs, <1> Queues and <5> Nodes in total for scheduling.
I0714 09:40:22.410551       1 session.go:190] Open Session ed7e1274-3163-40cf-9eaf-dd3c3304c5c9 with <0> Job and <1> Queues
I0714 09:40:22.412446       1 enqueue.go:79] Try to enqueue PodGroup to 0 Queues
I0714 09:40:22.412522       1 allocate.go:64] Try to allocate resource to 0 Queues
I0714 09:40:22.412766       1 session.go:244] Close Session ed7e1274-3163-40cf-9eaf-dd3c3304c5c9
I0714 09:40:23.415773       1 cache.go:1363] There are <0> Jobs, <1> Queues and <5> Nodes in total for scheduling.
I0714 09:40:23.415943       1 session.go:190] Open Session 2b8b6dac-e4a8-4aee-94dc-a5b45e401578 with <0> Job and <1> Queues
I0714 09:40:23.417767       1 enqueue.go:79] Try to enqueue PodGroup to 0 Queues
I0714 09:40:23.417842       1 allocate.go:64] Try to allocate resource to 0 Queues
I0714 09:40:23.418075       1 session.go:244] Close Session 2b8b6dac-e4a8-4aee-94dc-a5b45e401578
I0714 09:40:24.420456       1 cache.go:1363] There are <0> Jobs, <1> Queues and <5> Nodes in total for scheduling.
I0714 09:40:24.420574       1 session.go:190] Open Session 2c7d20c6-662e-40c3-9e6f-59e863d5cca1 with <0> Job and <1> Queues
I0714 09:40:24.422010       1 enqueue.go:79] Try to enqueue PodGroup to 0 Queues
I0714 09:40:24.422075       1 allocate.go:64] Try to allocate resource to 0 Queues
I0714 09:40:24.422263       1 session.go:244] Close Session 2c7d20c6-662e-40c3-9e6f-59e863d5cca1
I0714 09:40:25.424674       1 cache.go:1363] There are <0> Jobs, <1> Queues and <5> Nodes in total for scheduling.
I0714 09:40:25.424824       1 session.go:190] Open Session b037734c-e170-4bf1-b3c3-0336acfe6fff with <0> Job and <1> Queues
I0714 09:40:25.426430       1 enqueue.go:79] Try to enqueue PodGroup to 0 Queues
I0714 09:40:25.426496       1 allocate.go:64] Try to allocate resource to 0 Queues
I0714 09:40:25.426701       1 session.go:244] Close Session b037734c-e170-4bf1-b3c3-0336acfe6fff
I0714 09:40:26.429000       1 cache.go:1363] There are <0> Jobs, <1> Queues and <5> Nodes in total for scheduling.
I0714 09:40:26.429115       1 session.go:190] Open Session f1dafc8e-cfdb-4d0b-a076-e0fb9a4db64b with <0> Job and <1> Queues
I0714 09:40:26.430567       1 enqueue.go:79] Try to enqueue PodGroup to 0 Queues
I0714 09:40:26.430626       1 allocate.go:64] Try to allocate resource to 0 Queues
I0714 09:40:26.430809       1 session.go:244] Close Session f1dafc8e-cfdb-4d0b-a076-e0fb9a4db64b
I0714 09:40:27.433520       1 cache.go:1363] There are <0> Jobs, <1> Queues and <5> Nodes in total for scheduling.
I0714 09:40:27.433702       1 session.go:190] Open Session 3b627017-20b8-45ca-b069-a00645a42688 with <0> Job and <1> Queues
I0714 09:40:27.435421       1 enqueue.go:79] Try to enqueue PodGroup to 0 Queues
I0714 09:40:27.435492       1 allocate.go:64] Try to allocate resource to 0 Queues
I0714 09:40:27.435725       1 session.go:244] Close Session 3b627017-20b8-45ca-b069-a00645a42688
I0714 09:40:28.438233       1 cache.go:1363] There are <0> Jobs, <1> Queues and <5> Nodes in total for scheduling.
I0714 09:40:28.438359       1 session.go:190] Open Session 4fb489de-2472-4302-810f-7dfc3c21da30 with <0> Job and <1> Queues
I0714 09:40:28.439942       1 enqueue.go:79] Try to enqueue PodGroup to 0 Queues
I0714 09:40:28.440008       1 allocate.go:64] Try to allocate resource to 0 Queues
I0714 09:40:28.440226       1 session.go:244] Close Session 4fb489de-2472-4302-810f-7dfc3c21da30
I0714 09:40:29.442647       1 cache.go:1363] There are <0> Jobs, <1> Queues and <5> Nodes in total for scheduling.
I0714 09:40:29.442826       1 session.go:190] Open Session 7e575458-878d-41e1-9f5d-d87d84017642 with <0> Job and <1> Queues
I0714 09:40:29.444727       1 enqueue.go:79] Try to enqueue PodGroup to 0 Queues
I0714 09:40:29.444804       1 allocate.go:64] Try to allocate resource to 0 Queues
I0714 09:40:29.445015       1 session.go:244] Close Session 7e575458-878d-41e1-9f5d-d87d84017642
I0714 09:40:30.446394       1 cache.go:1363] There are <0> Jobs, <1> Queues and <5> Nodes in total for scheduling.
I0714 09:40:30.446497       1 session.go:190] Open Session 9fb122eb-9684-405e-bd82-344306fbc151 with <0> Job and <1> Queues
I0714 09:40:30.447778       1 enqueue.go:79] Try to enqueue PodGroup to 0 Queues
I0714 09:40:30.447837       1 allocate.go:64] Try to allocate resource to 0 Queues
I0714 09:40:30.447987       1 session.go:244] Close Session 9fb122eb-9684-405e-bd82-344306fbc151
I0714 09:40:31.449834       1 cache.go:1363] There are <0> Jobs, <1> Queues and <5> Nodes in total for scheduling.
I0714 09:40:31.449946       1 session.go:190] Open Session 9fe64158-832f-4481-aee2-ad5fe9fc4750 with <0> Job and <1> Queues
I0714 09:40:31.451207       1 enqueue.go:79] Try to enqueue PodGroup to 0 Queues
I0714 09:40:31.451261       1 allocate.go:64] Try to allocate resource to 0 Queues
I0714 09:40:31.451418       1 session.go:244] Close Session 9fe64158-832f-4481-aee2-ad5fe9fc4750
I0714 09:40:32.453953       1 cache.go:1363] There are <0> Jobs, <1> Queues and <5> Nodes in total for scheduling.
I0714 09:40:32.454143       1 session.go:190] Open Session 9e82c7d6-9f55-4674-ac80-b243f5f835fa with <0> Job and <1> Queues
I0714 09:40:32.455971       1 enqueue.go:79] Try to enqueue PodGroup to 0 Queues
I0714 09:40:32.456049       1 allocate.go:64] Try to allocate resource to 0 Queues
I0714 09:40:32.456280       1 session.go:244] Close Session 9e82c7d6-9f55-4674-ac80-b243f5f835fa
I0714 09:40:33.459259       1 cache.go:1363] There are <0> Jobs, <1> Queues and <5> Nodes in total for scheduling.
I0714 09:40:33.459437       1 session.go:190] Open Session c3d26570-615e-4071-bb02-7469ec54baa2 with <0> Job and <1> Queues
I0714 09:40:33.461462       1 enqueue.go:79] Try to enqueue PodGroup to 0 Queues
I0714 09:40:33.461536       1 allocate.go:64] Try to allocate resource to 0 Queues
I0714 09:40:33.461763       1 session.go:244] Close Session c3d26570-615e-4071-bb02-7469ec54baa2
I0714 09:40:34.463699       1 cache.go:1363] There are <0> Jobs, <1> Queues and <5> Nodes in total for scheduling.
I0714 09:40:34.463825       1 session.go:190] Open Session d9d2c5f2-5c11-4db9-a17a-b53287a5ece4 with <0> Job and <1> Queues
I0714 09:40:34.465455       1 enqueue.go:79] Try to enqueue PodGroup to 0 Queues
I0714 09:40:34.465523       1 allocate.go:64] Try to allocate resource to 0 Queues
I0714 09:40:34.465749       1 session.go:244] Close Session d9d2c5f2-5c11-4db9-a17a-b53287a5ece4
I0714 09:40:35.467916       1 cache.go:1363] There are <0> Jobs, <1> Queues and <5> Nodes in total for scheduling.
I0714 09:40:35.468066       1 session.go:190] Open Session e48f1bb8-f006-4e07-8062-637c9c6fa458 with <0> Job and <1> Queues
I0714 09:40:35.469817       1 enqueue.go:79] Try to enqueue PodGroup to 0 Queues
I0714 09:40:35.469895       1 allocate.go:64] Try to allocate resource to 0 Queues
I0714 09:40:35.470102       1 session.go:244] Close Session e48f1bb8-f006-4e07-8062-637c9c6fa458
I0714 09:40:36.472924       1 cache.go:1363] There are <0> Jobs, <1> Queues and <5> Nodes in total for scheduling.
I0714 09:40:36.473080       1 session.go:190] Open Session 6f587182-ae5e-4cd0-921c-d6fb1728b186 with <0> Job and <1> Queues
I0714 09:40:36.474885       1 enqueue.go:79] Try to enqueue PodGroup to 0 Queues
I0714 09:40:36.474962       1 allocate.go:64] Try to allocate resource to 0 Queues
I0714 09:40:36.475185       1 session.go:244] Close Session 6f587182-ae5e-4cd0-921c-d6fb1728b186
I0714 09:40:36.689824       1 cache.go:1489] The metrics type is not set in the volcano scheduler configmap file. As a result, the CPU and memory load information of the node is not collected.
I0714 09:40:37.477813       1 cache.go:1363] There are <0> Jobs, <1> Queues and <5> Nodes in total for scheduling.
I0714 09:40:37.477999       1 session.go:190] Open Session 7e7430d2-c58f-41f7-9971-f2d60b07f4c1 with <0> Job and <1> Queues
I0714 09:40:37.479897       1 enqueue.go:79] Try to enqueue PodGroup to 0 Queues
I0714 09:40:37.479969       1 allocate.go:64] Try to allocate resource to 0 Queues
I0714 09:40:37.480206       1 session.go:244] Close Session 7e7430d2-c58f-41f7-9971-f2d60b07f4c1
I0714 09:40:38.482648       1 cache.go:1363] There are <0> Jobs, <1> Queues and <5> Nodes in total for scheduling.
I0714 09:40:38.482830       1 session.go:190] Open Session e3d662c2-0bc1-406b-992c-e194497c0ac1 with <0> Job and <1> Queues
I0714 09:40:38.484735       1 enqueue.go:79] Try to enqueue PodGroup to 0 Queues
I0714 09:40:38.484806       1 allocate.go:64] Try to allocate resource to 0 Queues
I0714 09:40:38.485040       1 session.go:244] Close Session e3d662c2-0bc1-406b-992c-e194497c0ac1
I0714 09:40:39.487844       1 cache.go:1363] There are <0> Jobs, <1> Queues and <5> Nodes in total for scheduling.
I0714 09:40:39.488013       1 session.go:190] Open Session 1c5081a6-d6fd-447e-9e6e-04db321d712e with <0> Job and <1> Queues
I0714 09:40:39.489897       1 enqueue.go:79] Try to enqueue PodGroup to 0 Queues
I0714 09:40:39.489970       1 allocate.go:64] Try to allocate resource to 0 Queues
I0714 09:40:39.490205       1 session.go:244] Close Session 1c5081a6-d6fd-447e-9e6e-04db321d712e
I0714 09:40:40.493144       1 cache.go:1363] There are <0> Jobs, <1> Queues and <5> Nodes in total for scheduling.
I0714 09:40:40.493300       1 session.go:190] Open Session e2ef2de1-21e5-44f6-94a0-f64fe53651f8 with <0> Job and <1> Queues
I0714 09:40:40.494935       1 enqueue.go:79] Try to enqueue PodGroup to 0 Queues
I0714 09:40:40.495012       1 allocate.go:64] Try to allocate resource to 0 Queues
I0714 09:40:40.495240       1 session.go:244] Close Session e2ef2de1-21e5-44f6-94a0-f64fe53651f8
I0714 09:40:41.497530       1 cache.go:1363] There are <0> Jobs, <1> Queues and <5> Nodes in total for scheduling.
I0714 09:40:41.497672       1 session.go:190] Open Session 730729e9-05a4-4715-a512-d563da56a3fe with <0> Job and <1> Queues
I0714 09:40:41.499334       1 enqueue.go:79] Try to enqueue PodGroup to 0 Queues
I0714 09:40:41.499405       1 allocate.go:64] Try to allocate resource to 0 Queues
I0714 09:40:41.499609       1 session.go:244] Close Session 730729e9-05a4-4715-a512-d563da56a3fe
I0714 09:40:42.502005       1 cache.go:1363] There are <0> Jobs, <1> Queues and <5> Nodes in total for scheduling.
I0714 09:40:42.502191       1 session.go:190] Open Session c014b480-6f23-4ad8-bed5-d13027b77df0 with <0> Job and <1> Queues
I0714 09:40:42.504112       1 enqueue.go:79] Try to enqueue PodGroup to 0 Queues
I0714 09:40:42.504188       1 allocate.go:64] Try to allocate resource to 0 Queues
I0714 09:40:42.504459       1 session.go:244] Close Session c014b480-6f23-4ad8-bed5-d13027b77df0
I0714 09:40:43.507027       1 cache.go:1363] There are <0> Jobs, <1> Queues and <5> Nodes in total for scheduling.
I0714 09:40:43.507205       1 session.go:190] Open Session c7253aab-2aa8-457f-a977-31437915afd1 with <0> Job and <1> Queues
I0714 09:40:43.509047       1 enqueue.go:79] Try to enqueue PodGroup to 0 Queues
I0714 09:40:43.509117       1 allocate.go:64] Try to allocate resource to 0 Queues
I0714 09:40:43.509317       1 session.go:244] Close Session c7253aab-2aa8-457f-a977-31437915afd1
I0714 09:40:44.511132       1 cache.go:1363] There are <0> Jobs, <1> Queues and <5> Nodes in total for scheduling.
I0714 09:40:44.511295       1 session.go:190] Open Session 04e3d4a4-dff6-43fa-b4ed-de7d88e440f3 with <0> Job and <1> Queues
I0714 09:40:44.513027       1 enqueue.go:79] Try to enqueue PodGroup to 0 Queues
I0714 09:40:44.513101       1 allocate.go:64] Try to allocate resource to 0 Queues
I0714 09:40:44.513319       1 session.go:244] Close Session 04e3d4a4-dff6-43fa-b4ed-de7d88e440f3
I0714 09:40:45.515773       1 cache.go:1363] There are <0> Jobs, <1> Queues and <5> Nodes in total for scheduling.
I0714 09:40:45.515935       1 session.go:190] Open Session 888707d4-2523-4b62-a9f8-8735ff1bded9 with <0> Job and <1> Queues
I0714 09:40:45.517821       1 enqueue.go:79] Try to enqueue PodGroup to 0 Queues
I0714 09:40:45.517898       1 allocate.go:64] Try to allocate resource to 0 Queues
I0714 09:40:45.518108       1 session.go:244] Close Session 888707d4-2523-4b62-a9f8-8735ff1bded9
I0714 09:40:46.520158       1 cache.go:1363] There are <0> Jobs, <1> Queues and <5> Nodes in total for scheduling.
I0714 09:40:46.520347       1 session.go:190] Open Session d3031ddf-3b55-4eda-8657-c8ab9396a628 with <0> Job and <1> Queues
I0714 09:40:46.522050       1 enqueue.go:79] Try to enqueue PodGroup to 0 Queues
I0714 09:40:46.522120       1 allocate.go:64] Try to allocate resource to 0 Queues
I0714 09:40:46.522339       1 session.go:244] Close Session d3031ddf-3b55-4eda-8657-c8ab9396a628
I0714 09:40:47.524432       1 cache.go:1363] There are <0> Jobs, <1> Queues and <5> Nodes in total for scheduling.
I0714 09:40:47.524596       1 session.go:190] Open Session 5323f704-4655-485b-baa1-6616fe9f466a with <0> Job and <1> Queues
I0714 09:40:47.526339       1 enqueue.go:79] Try to enqueue PodGroup to 0 Queues
I0714 09:40:47.526415       1 allocate.go:64] Try to allocate resource to 0 Queues
I0714 09:40:47.526659       1 session.go:244] Close Session 5323f704-4655-485b-baa1-6616fe9f466a
I0714 09:40:48.529433       1 cache.go:1363] There are <0> Jobs, <1> Queues and <5> Nodes in total for scheduling.
I0714 09:40:48.529605       1 session.go:190] Open Session 639b2aa3-a2b4-4c4b-8bc7-85be89779329 with <0> Job and <1> Queues
I0714 09:40:48.531320       1 enqueue.go:79] Try to enqueue PodGroup to 0 Queues
I0714 09:40:48.531391       1 allocate.go:64] Try to allocate resource to 0 Queues
I0714 09:40:48.531622       1 session.go:244] Close Session 639b2aa3-a2b4-4c4b-8bc7-85be89779329
I0714 09:40:49.534414       1 cache.go:1363] There are <0> Jobs, <1> Queues and <5> Nodes in total for scheduling.
I0714 09:40:49.534573       1 session.go:190] Open Session 9b0422bc-4aff-4cb1-8966-6836627891d1 with <0> Job and <1> Queues
I0714 09:40:49.536334       1 enqueue.go:79] Try to enqueue PodGroup to 0 Queues
I0714 09:40:49.536411       1 allocate.go:64] Try to allocate resource to 0 Queues
I0714 09:40:49.536634       1 session.go:244] Close Session 9b0422bc-4aff-4cb1-8966-6836627891d1
I0714 09:40:50.538398       1 cache.go:1363] There are <0> Jobs, <1> Queues and <5> Nodes in total for scheduling.
I0714 09:40:50.538527       1 session.go:190] Open Session 04437f15-3591-4f60-bde3-e7846383dff1 with <0> Job and <1> Queues
I0714 09:40:50.539996       1 enqueue.go:79] Try to enqueue PodGroup to 0 Queues
I0714 09:40:50.540065       1 allocate.go:64] Try to allocate resource to 0 Queues
I0714 09:40:50.540246       1 session.go:244] Close Session 04437f15-3591-4f60-bde3-e7846383dff1
I0714 09:40:51.542687       1 cache.go:1363] There are <0> Jobs, <1> Queues and <5> Nodes in total for scheduling.
I0714 09:40:51.542874       1 session.go:190] Open Session baf1b779-e45a-462e-bb84-670987c9ef66 with <0> Job and <1> Queues
I0714 09:40:51.544745       1 enqueue.go:79] Try to enqueue PodGroup to 0 Queues
I0714 09:40:51.544829       1 allocate.go:64] Try to allocate resource to 0 Queues
I0714 09:40:51.545065       1 session.go:244] Close Session baf1b779-e45a-462e-bb84-670987c9ef66
I0714 09:40:52.547594       1 cache.go:1363] There are <0> Jobs, <1> Queues and <5> Nodes in total for scheduling.
I0714 09:40:52.547781       1 session.go:190] Open Session 99a61533-d034-4982-80e8-34f72416f8d0 with <0> Job and <1> Queues
I0714 09:40:52.549814       1 enqueue.go:79] Try to enqueue PodGroup to 0 Queues
I0714 09:40:52.549889       1 allocate.go:64] Try to allocate resource to 0 Queues
I0714 09:40:52.550122       1 session.go:244] Close Session 99a61533-d034-4982-80e8-34f72416f8d0
I0714 09:40:53.552752       1 cache.go:1363] There are <0> Jobs, <1> Queues and <5> Nodes in total for scheduling.
I0714 09:40:53.552929       1 session.go:190] Open Session 7195a288-90c2-4cda-abce-aaebac840399 with <0> Job and <1> Queues
I0714 09:40:53.554691       1 enqueue.go:79] Try to enqueue PodGroup to 0 Queues
I0714 09:40:53.554755       1 allocate.go:64] Try to allocate resource to 0 Queues
I0714 09:40:53.554968       1 session.go:244] Close Session 7195a288-90c2-4cda-abce-aaebac840399
I0714 09:40:54.557303       1 cache.go:1363] There are <0> Jobs, <1> Queues and <5> Nodes in total for scheduling.
I0714 09:40:54.557470       1 session.go:190] Open Session ee5a7c44-8acf-4e9f-8292-b180765c1ed6 with <0> Job and <1> Queues
I0714 09:40:54.559178       1 enqueue.go:79] Try to enqueue PodGroup to 0 Queues
I0714 09:40:54.559250       1 allocate.go:64] Try to allocate resource to 0 Queues
I0714 09:40:54.559470       1 session.go:244] Close Session ee5a7c44-8acf-4e9f-8292-b180765c1ed6
I0714 09:40:55.562736       1 cache.go:1363] There are <0> Jobs, <1> Queues and <5> Nodes in total for scheduling.
I0714 09:40:55.562912       1 session.go:190] Open Session 00abcb78-a55d-4c5e-b906-3583c53313ca with <0> Job and <1> Queues
I0714 09:40:55.564984       1 enqueue.go:79] Try to enqueue PodGroup to 0 Queues
I0714 09:40:55.565063       1 allocate.go:64] Try to allocate resource to 0 Queues
I0714 09:40:55.565297       1 session.go:244] Close Session 00abcb78-a55d-4c5e-b906-3583c53313ca
I0714 09:40:56.567658       1 cache.go:1363] There are <0> Jobs, <1> Queues and <5> Nodes in total for scheduling.
I0714 09:40:56.567812       1 session.go:190] Open Session 029be817-eca8-4c61-8e31-cbacf721207d with <0> Job and <1> Queues
I0714 09:40:56.569609       1 enqueue.go:79] Try to enqueue PodGroup to 0 Queues
I0714 09:40:56.569682       1 allocate.go:64] Try to allocate resource to 0 Queues
I0714 09:40:56.569899       1 session.go:244] Close Session 029be817-eca8-4c61-8e31-cbacf721207d
I0714 09:40:57.572138       1 cache.go:1363] There are <0> Jobs, <1> Queues and <5> Nodes in total for scheduling.
I0714 09:40:57.572352       1 session.go:190] Open Session 086d45fc-063e-4e41-a35f-ea96da70c798 with <0> Job and <1> Queues
I0714 09:40:57.574330       1 enqueue.go:79] Try to enqueue PodGroup to 0 Queues
I0714 09:40:57.574407       1 allocate.go:64] Try to allocate resource to 0 Queues
I0714 09:40:57.574648       1 session.go:244] Close Session 086d45fc-063e-4e41-a35f-ea96da70c798
I0714 09:40:58.576994       1 cache.go:1363] There are <0> Jobs, <1> Queues and <5> Nodes in total for scheduling.
I0714 09:40:58.577157       1 session.go:190] Open Session 8b0d8cc8-d064-496c-8c03-aac48f913e76 with <0> Job and <1> Queues
I0714 09:40:58.578943       1 enqueue.go:79] Try to enqueue PodGroup to 0 Queues
I0714 09:40:58.579016       1 allocate.go:64] Try to allocate resource to 0 Queues
I0714 09:40:58.579236       1 session.go:244] Close Session 8b0d8cc8-d064-496c-8c03-aac48f913e76
I0714 09:40:59.581603       1 cache.go:1363] There are <0> Jobs, <1> Queues and <5> Nodes in total for scheduling.
I0714 09:40:59.581771       1 session.go:190] Open Session b0112fd0-4637-4bb4-bae3-a9a36b6c0101 with <0> Job and <1> Queues
I0714 09:40:59.583591       1 enqueue.go:79] Try to enqueue PodGroup to 0 Queues
I0714 09:40:59.583669       1 allocate.go:64] Try to allocate resource to 0 Queues
I0714 09:40:59.583885       1 session.go:244] Close Session b0112fd0-4637-4bb4-bae3-a9a36b6c0101
I0714 09:41:00.586639       1 cache.go:1363] There are <0> Jobs, <1> Queues and <5> Nodes in total for scheduling.
I0714 09:41:00.586801       1 session.go:190] Open Session fdc4524d-d5ed-4ad0-839b-d9a9d86c5295 with <0> Job and <1> Queues
I0714 09:41:00.588820       1 enqueue.go:79] Try to enqueue PodGroup to 0 Queues
I0714 09:41:00.588901       1 allocate.go:64] Try to allocate resource to 0 Queues
I0714 09:41:00.589098       1 session.go:244] Close Session fdc4524d-d5ed-4ad0-839b-d9a9d86c5295
I0714 09:41:01.591932       1 cache.go:1363] There are <0> Jobs, <1> Queues and <5> Nodes in total for scheduling.
I0714 09:41:01.592099       1 session.go:190] Open Session fe28ab3c-d817-4d28-b559-06a653d34d6b with <0> Job and <1> Queues
I0714 09:41:01.593883       1 enqueue.go:79] Try to enqueue PodGroup to 0 Queues
I0714 09:41:01.593974       1 allocate.go:64] Try to allocate resource to 0 Queues
I0714 09:41:01.594206       1 session.go:244] Close Session fe28ab3c-d817-4d28-b559-06a653d34d6b
I0714 09:41:02.597213       1 cache.go:1363] There are <0> Jobs, <1> Queues and <5> Nodes in total for scheduling.
I0714 09:41:02.597381       1 session.go:190] Open Session ef1185ef-220a-481e-8472-f5588a5f4856 with <0> Job and <1> Queues
I0714 09:41:02.599108       1 enqueue.go:79] Try to enqueue PodGroup to 0 Queues
I0714 09:41:02.599174       1 allocate.go:64] Try to allocate resource to 0 Queues
I0714 09:41:02.599401       1 session.go:244] Close Session ef1185ef-220a-481e-8472-f5588a5f4856
I0714 09:41:03.601761       1 cache.go:1363] There are <0> Jobs, <1> Queues and <5> Nodes in total for scheduling.
I0714 09:41:03.601931       1 session.go:190] Open Session 2cb7193e-77bf-4715-ac3c-4eb10ae972d4 with <0> Job and <1> Queues
I0714 09:41:03.603815       1 enqueue.go:79] Try to enqueue PodGroup to 0 Queues
I0714 09:41:03.603892       1 allocate.go:64] Try to allocate resource to 0 Queues
I0714 09:41:03.604110       1 session.go:244] Close Session 2cb7193e-77bf-4715-ac3c-4eb10ae972d4
I0714 09:41:04.606485       1 cache.go:1363] There are <0> Jobs, <1> Queues and <5> Nodes in total for scheduling.
I0714 09:41:04.606661       1 session.go:190] Open Session 42ffdde6-5155-441c-9e98-4ce8d2189d2a with <0> Job and <1> Queues
I0714 09:41:04.608475       1 enqueue.go:79] Try to enqueue PodGroup to 0 Queues
I0714 09:41:04.608547       1 allocate.go:64] Try to allocate resource to 0 Queues
I0714 09:41:04.608770       1 session.go:244] Close Session 42ffdde6-5155-441c-9e98-4ce8d2189d2a
I0714 09:41:05.611207       1 cache.go:1363] There are <0> Jobs, <1> Queues and <5> Nodes in total for scheduling.
I0714 09:41:05.611381       1 session.go:190] Open Session 0a38b288-06c8-47ed-996c-e927dce9331e with <0> Job and <1> Queues
I0714 09:41:05.613167       1 enqueue.go:79] Try to enqueue PodGroup to 0 Queues
I0714 09:41:05.613249       1 allocate.go:64] Try to allocate resource to 0 Queues
I0714 09:41:05.613467       1 session.go:244] Close Session 0a38b288-06c8-47ed-996c-e927dce9331e
I0714 09:41:06.616119       1 cache.go:1363] There are <0> Jobs, <1> Queues and <5> Nodes in total for scheduling.
I0714 09:41:06.616321       1 session.go:190] Open Session 65a381ed-d80f-4fab-b18c-2b2fbbe2663e with <0> Job and <1> Queues
I0714 09:41:06.618131       1 enqueue.go:79] Try to enqueue PodGroup to 0 Queues
I0714 09:41:06.618205       1 allocate.go:64] Try to allocate resource to 0 Queues
I0714 09:41:06.618423       1 session.go:244] Close Session 65a381ed-d80f-4fab-b18c-2b2fbbe2663e
I0714 09:41:06.690975       1 cache.go:1489] The metrics type is not set in the volcano scheduler configmap file. As a result, the CPU and memory load information of the node is not collected.
I0714 09:41:07.621078       1 cache.go:1363] There are <0> Jobs, <1> Queues and <5> Nodes in total for scheduling.
I0714 09:41:07.621247       1 session.go:190] Open Session a1e86d58-a829-43c3-8db0-9336c5f670b7 with <0> Job and <1> Queues
I0714 09:41:07.623085       1 enqueue.go:79] Try to enqueue PodGroup to 0 Queues
I0714 09:41:07.623157       1 allocate.go:64] Try to allocate resource to 0 Queues
I0714 09:41:07.623375       1 session.go:244] Close Session a1e86d58-a829-43c3-8db0-9336c5f670b7
W0714 09:41:08.616093       1 event_handlers.go:181] Not support non-csi pvc.
I0714 09:41:08.616216       1 event_handlers.go:387] Added pod <default/yolo-cls> into cache.
I0714 09:41:08.625551       1 cache.go:1363] There are <0> Jobs, <1> Queues and <5> Nodes in total for scheduling.
I0714 09:41:08.625709       1 session.go:190] Open Session 48e9f336-f0b3-44fb-8236-73601fb3320f with <0> Job and <1> Queues
I0714 09:41:08.627976       1 enqueue.go:79] Try to enqueue PodGroup to 0 Queues
I0714 09:41:08.628078       1 allocate.go:64] Try to allocate resource to 0 Queues
I0714 09:41:08.628325       1 session.go:244] Close Session 48e9f336-f0b3-44fb-8236-73601fb3320f
W0714 09:41:08.641945       1 event_handlers.go:181] Not support non-csi pvc.
I0714 09:41:09.631345       1 cache.go:1363] There are <1> Jobs, <1> Queues and <5> Nodes in total for scheduling.
I0714 09:41:09.631499       1 session.go:190] Open Session 3fa7b5ba-3b4b-47d8-80e0-d52536a4b2ad with <1> Job and <1> Queues
I0714 09:41:09.633628       1 enqueue.go:79] Try to enqueue PodGroup to 1 Queues
I0714 09:41:09.633887       1 allocate.go:64] Try to allocate resource to 1 Queues
I0714 09:41:09.633944       1 allocate.go:129] Try to allocate resource to Jobs in Queue <default>
I0714 09:41:09.633978       1 allocate.go:161] Try to allocate resource to 1 tasks of Job <default/podgroup-30bf02ba-0caa-48a8-9944-4af3700d4e30>
I0714 09:41:09.634020       1 allocate.go:181] There are <5> nodes for Job <default/podgroup-30bf02ba-0caa-48a8-9944-4af3700d4e30>
I0714 09:41:09.634324       1 predicate_helper.go:75] Predicates failed: task default/yolo-cls on node gpu-master fit failed: Insufficient nvidia.com/gpu
I0714 09:41:09.634704       1 predicate_helper.go:75] Predicates failed: task default/yolo-cls on node gpuorin5-desktop fit failed: plugin NodeAffinity predicates failed node(s) didn't match Pod's node affinity/selector
I0714 09:41:09.634700       1 predicate_helper.go:75] Predicates failed: task default/yolo-cls on node gpuorin4-desktop fit failed: plugin NodeAffinity predicates failed node(s) didn't match Pod's node affinity/selector
I0714 09:41:09.635673       1 allocate.go:249] Binding Task <default/yolo-cls> to node <gpu-orin3>
I0714 09:41:09.635885       1 statement.go:266] After allocated Task <default/yolo-cls> to Node <gpu-orin3>: idle <cpu 5900.00, memory 7832723456.00, pods 105.00, hugepages-32Mi 0.00, hugepages-64Ki 0.00, nvidia.com/gpu 4000.00, ephemeral-storage 111715275387000.00, hugepages-2Mi 0.00, hugepages-1Gi 0.00>, used <cpu 100.00, memory 52428800.00, pods 5.00, nvidia.com/gpu 1000.00>, releasing <cpu 0.00, memory 0.00>
I0714 09:41:09.636510       1 statement.go:284] Allocating operations ...
I0714 09:41:09.636645       1 statement.go:378] Committing operations ...
I0714 09:41:09.636763       1 proportion.go:302] Queue <default>: deserved <cpu 0.00, memory 0.00, pods 1.00, nvidia.com/gpu 1000.00>, allocated <cpu 0.00, memory 0.00, nvidia.com/gpu 1000.00, pods 1.00>, share <1>
I0714 09:41:09.636831       1 allocate.go:125] Queue <default> is overused, ignore it.
I0714 09:41:09.655512       1 cache.go:900] bind ok, latency 17.501587ms
W0714 09:41:09.657750       1 event_handlers.go:181] Not support non-csi pvc.
I0714 09:41:09.663071       1 session.go:244] Close Session 3fa7b5ba-3b4b-47d8-80e0-d52536a4b2ad
W0714 09:41:09.697762       1 event_handlers.go:181] Not support non-csi pvc.
W0714 09:41:09.853629       1 event_handlers.go:181] Not support non-csi pvc.
I0714 09:41:09.860490       1 event_handlers.go:442] Deleted pod <default/yolo-cls> from cache.
I0714 09:41:09.875679       1 cache.go:1013] Try to delete Job <default/podgroup-30bf02ba-0caa-48a8-9944-4af3700d4e30:default/podgroup-30bf02ba-0caa-48a8-9944-4af3700d4e30>
I0714 09:41:09.875935       1 cache.go:1054] Job <default/podgroup-30bf02ba-0caa-48a8-9944-4af3700d4e30:default/podgroup-30bf02ba-0caa-48a8-9944-4af3700d4e30> was deleted.
W0714 09:41:10.028852       1 event_handlers.go:181] Not support non-csi pvc.
I0714 09:41:10.028999       1 event_handlers.go:387] Added pod <default/yolo-cls> into cache.
W0714 09:41:10.065501       1 event_handlers.go:181] Not support non-csi pvc.
I0714 09:41:10.666119       1 cache.go:1363] There are <0> Jobs, <1> Queues and <5> Nodes in total for scheduling.
I0714 09:41:10.666303       1 session.go:190] Open Session a6a6d4f3-d0f0-4dff-882f-2e785858a465 with <0> Job and <1> Queues
I0714 09:41:10.668113       1 enqueue.go:79] Try to enqueue PodGroup to 0 Queues
I0714 09:41:10.668193       1 allocate.go:64] Try to allocate resource to 0 Queues
I0714 09:41:10.668454       1 session.go:244] Close Session a6a6d4f3-d0f0-4dff-882f-2e785858a465
I0714 09:41:11.671081       1 cache.go:1363] There are <0> Jobs, <1> Queues and <5> Nodes in total for scheduling.
I0714 09:41:11.671259       1 session.go:190] Open Session 9adcf508-f178-4b80-8b92-3f902b14b337 with <0> Job and <1> Queues
I0714 09:41:11.673311       1 enqueue.go:79] Try to enqueue PodGroup to 0 Queues
I0714 09:41:11.673386       1 allocate.go:64] Try to allocate resource to 0 Queues
I0714 09:41:11.673621       1 session.go:244] Close Session 9adcf508-f178-4b80-8b92-3f902b14b337
I0714 09:41:12.676180       1 cache.go:1363] There are <0> Jobs, <1> Queues and <5> Nodes in total for scheduling.
I0714 09:41:12.676394       1 session.go:190] Open Session d3b4e6eb-2390-4854-8df5-b319b82f96fd with <0> Job and <1> Queues
I0714 09:41:12.678352       1 enqueue.go:79] Try to enqueue PodGroup to 0 Queues
I0714 09:41:12.678432       1 allocate.go:64] Try to allocate resource to 0 Queues
I0714 09:41:12.678676       1 session.go:244] Close Session d3b4e6eb-2390-4854-8df5-b319b82f96fd
W0714 09:41:12.933534       1 event_handlers.go:181] Not support non-csi pvc.
I0714 09:41:13.681841       1 cache.go:1363] There are <0> Jobs, <1> Queues and <5> Nodes in total for scheduling.
I0714 09:41:13.682008       1 session.go:190] Open Session fa9c89ac-a9cb-40a1-8ffc-1b35567c4ac3 with <0> Job and <1> Queues
I0714 09:41:13.683863       1 enqueue.go:79] Try to enqueue PodGroup to 0 Queues
I0714 09:41:13.683938       1 allocate.go:64] Try to allocate resource to 0 Queues
I0714 09:41:13.684176       1 session.go:244] Close Session fa9c89ac-a9cb-40a1-8ffc-1b35567c4ac3
I0714 09:41:14.686591       1 cache.go:1363] There are <0> Jobs, <1> Queues and <5> Nodes in total for scheduling.
I0714 09:41:14.686753       1 session.go:190] Open Session 029187e7-2906-4f8f-98dd-593aa6692c3d with <0> Job and <1> Queues
I0714 09:41:14.688926       1 enqueue.go:79] Try to enqueue PodGroup to 0 Queues
I0714 09:41:14.689045       1 allocate.go:64] Try to allocate resource to 0 Queues
I0714 09:41:14.689371       1 session.go:244] Close Session 029187e7-2906-4f8f-98dd-593aa6692c3d
I0714 09:41:15.691762       1 cache.go:1363] There are <0> Jobs, <1> Queues and <5> Nodes in total for scheduling.
I0714 09:41:15.691925       1 session.go:190] Open Session c4987631-2aab-4004-ae07-6b1189a53b81 with <0> Job and <1> Queues
I0714 09:41:15.693685       1 enqueue.go:79] Try to enqueue PodGroup to 0 Queues
I0714 09:41:15.693760       1 allocate.go:64] Try to allocate resource to 0 Queues
I0714 09:41:15.693986       1 session.go:244] Close Session c4987631-2aab-4004-ae07-6b1189a53b81
I0714 09:41:16.696417       1 cache.go:1363] There are <0> Jobs, <1> Queues and <5> Nodes in total for scheduling.
I0714 09:41:16.696567       1 session.go:190] Open Session c3e4a469-6612-47a7-941b-3baddbcf2722 with <0> Job and <1> Queues
I0714 09:41:16.698275       1 enqueue.go:79] Try to enqueue PodGroup to 0 Queues
I0714 09:41:16.698343       1 allocate.go:64] Try to allocate resource to 0 Queues
I0714 09:41:16.698553       1 session.go:244] Close Session c3e4a469-6612-47a7-941b-3baddbcf2722
W0714 09:41:16.800203       1 event_handlers.go:181] Not support non-csi pvc.
I0714 09:41:16.800443       1 event_handlers.go:387] Added pod <default/yolo-det> into cache.
W0714 09:41:16.825557       1 event_handlers.go:181] Not support non-csi pvc.
I0714 09:41:17.700810       1 cache.go:1363] There are <1> Jobs, <1> Queues and <5> Nodes in total for scheduling.
I0714 09:41:17.700980       1 session.go:190] Open Session c3a69276-cb8c-4b4e-b9bc-81c5bc6b0d2c with <1> Job and <1> Queues
I0714 09:41:17.703135       1 enqueue.go:79] Try to enqueue PodGroup to 1 Queues
I0714 09:41:17.703369       1 allocate.go:64] Try to allocate resource to 1 Queues
I0714 09:41:17.703423       1 allocate.go:129] Try to allocate resource to Jobs in Queue <default>
I0714 09:41:17.703459       1 allocate.go:161] Try to allocate resource to 1 tasks of Job <default/podgroup-dc461a96-a543-4450-8ca8-c63d0af44fbc>
I0714 09:41:17.703509       1 allocate.go:181] There are <5> nodes for Job <default/podgroup-dc461a96-a543-4450-8ca8-c63d0af44fbc>
I0714 09:41:17.703832       1 predicate_helper.go:75] Predicates failed: task default/yolo-det on node gpu-master fit failed: Insufficient nvidia.com/gpu
I0714 09:41:17.704213       1 predicate_helper.go:75] Predicates failed: task default/yolo-det on node gpuorin4-desktop fit failed: plugin NodeAffinity predicates failed node(s) didn't match Pod's node affinity/selector
I0714 09:41:17.704501       1 predicate_helper.go:75] Predicates failed: task default/yolo-det on node gpuorin5-desktop fit failed: plugin NodeAffinity predicates failed node(s) didn't match Pod's node affinity/selector
I0714 09:41:17.705311       1 allocate.go:249] Binding Task <default/yolo-det> to node <gpu-orin2>
I0714 09:41:17.705518       1 statement.go:266] After allocated Task <default/yolo-det> to Node <gpu-orin2>: idle <cpu 5900.00, memory 7832690688.00, pods 105.00, hugepages-1Gi 0.00, hugepages-2Mi 0.00, hugepages-32Mi 0.00, hugepages-64Ki 0.00, ephemeral-storage 225118140453000.00, nvidia.com/gpu 4000.00>, used <cpu 100.00, memory 52428800.00, pods 5.00, nvidia.com/gpu 1000.00>, releasing <cpu 0.00, memory 0.00>
I0714 09:41:17.705962       1 statement.go:284] Allocating operations ...
I0714 09:41:17.706094       1 statement.go:378] Committing operations ...
I0714 09:41:17.706231       1 proportion.go:302] Queue <default>: deserved <cpu 0.00, memory 0.00, pods 1.00, nvidia.com/gpu 1000.00>, allocated <cpu 0.00, memory 0.00, nvidia.com/gpu 1000.00, pods 1.00>, share <1>
I0714 09:41:17.706302       1 allocate.go:125] Queue <default> is overused, ignore it.
I0714 09:41:17.731593       1 session.go:244] Close Session c3a69276-cb8c-4b4e-b9bc-81c5bc6b0d2c
I0714 09:41:17.736929       1 cache.go:900] bind ok, latency 23.793155ms
W0714 09:41:17.738718       1 event_handlers.go:181] Not support non-csi pvc.
W0714 09:41:17.771577       1 event_handlers.go:181] Not support non-csi pvc.
W0714 09:41:17.998619       1 event_handlers.go:181] Not support non-csi pvc.
I0714 09:41:18.001306       1 event_handlers.go:442] Deleted pod <default/yolo-det> from cache.
I0714 09:41:18.009990       1 cache.go:1013] Try to delete Job <default/podgroup-dc461a96-a543-4450-8ca8-c63d0af44fbc:default/podgroup-dc461a96-a543-4450-8ca8-c63d0af44fbc>
I0714 09:41:18.010230       1 cache.go:1054] Job <default/podgroup-dc461a96-a543-4450-8ca8-c63d0af44fbc:default/podgroup-dc461a96-a543-4450-8ca8-c63d0af44fbc> was deleted.
W0714 09:41:18.139851       1 event_handlers.go:181] Not support non-csi pvc.
I0714 09:41:18.139988       1 event_handlers.go:387] Added pod <default/yolo-det> into cache.
W0714 09:41:18.174902       1 event_handlers.go:181] Not support non-csi pvc.
I0714 09:41:18.734322       1 cache.go:1363] There are <0> Jobs, <1> Queues and <5> Nodes in total for scheduling.
I0714 09:41:18.734453       1 session.go:190] Open Session 8777a097-9214-4ee6-b960-78b4b272da26 with <0> Job and <1> Queues
I0714 09:41:18.736350       1 enqueue.go:79] Try to enqueue PodGroup to 0 Queues
I0714 09:41:18.736428       1 allocate.go:64] Try to allocate resource to 0 Queues
I0714 09:41:18.736656       1 session.go:244] Close Session 8777a097-9214-4ee6-b960-78b4b272da26
I0714 09:41:19.739628       1 cache.go:1363] There are <0> Jobs, <1> Queues and <5> Nodes in total for scheduling.
I0714 09:41:19.739785       1 session.go:190] Open Session acb30d42-e12b-43d4-b2a6-56e3b94d121f with <0> Job and <1> Queues
I0714 09:41:19.741698       1 enqueue.go:79] Try to enqueue PodGroup to 0 Queues
I0714 09:41:19.741837       1 allocate.go:64] Try to allocate resource to 0 Queues
I0714 09:41:19.742069       1 session.go:244] Close Session acb30d42-e12b-43d4-b2a6-56e3b94d121f
W0714 09:41:20.058096       1 event_handlers.go:181] Not support non-csi pvc.
I0714 09:41:20.744148       1 cache.go:1363] There are <0> Jobs, <1> Queues and <5> Nodes in total for scheduling.
I0714 09:41:20.744342       1 session.go:190] Open Session ebe998d8-e36c-44b5-8359-1faa25f7d899 with <0> Job and <1> Queues
I0714 09:41:20.746175       1 enqueue.go:79] Try to enqueue PodGroup to 0 Queues
I0714 09:41:20.746253       1 allocate.go:64] Try to allocate resource to 0 Queues
I0714 09:41:20.746482       1 session.go:244] Close Session ebe998d8-e36c-44b5-8359-1faa25f7d899
I0714 09:41:21.749147       1 cache.go:1363] There are <0> Jobs, <1> Queues and <5> Nodes in total for scheduling.
I0714 09:41:21.749321       1 session.go:190] Open Session 5d1c1c77-00a1-465a-80f9-b61af4843b7e with <0> Job and <1> Queues
I0714 09:41:21.751138       1 enqueue.go:79] Try to enqueue PodGroup to 0 Queues
I0714 09:41:21.751212       1 allocate.go:64] Try to allocate resource to 0 Queues
I0714 09:41:21.751438       1 session.go:244] Close Session 5d1c1c77-00a1-465a-80f9-b61af4843b7e
I0714 09:41:22.753972       1 cache.go:1363] There are <0> Jobs, <1> Queues and <5> Nodes in total for scheduling.
I0714 09:41:22.754170       1 session.go:190] Open Session 0dad8b38-8847-433b-82e7-109fc0584ee4 with <0> Job and <1> Queues
I0714 09:41:22.756018       1 enqueue.go:79] Try to enqueue PodGroup to 0 Queues
I0714 09:41:22.756101       1 allocate.go:64] Try to allocate resource to 0 Queues
I0714 09:41:22.756359       1 session.go:244] Close Session 0dad8b38-8847-433b-82e7-109fc0584ee4
W0714 09:41:23.756085       1 event_handlers.go:181] Not support non-csi pvc.
I0714 09:41:23.756208       1 event_handlers.go:387] Added pod <default/yolo-seg> into cache.
I0714 09:41:23.759057       1 cache.go:1363] There are <0> Jobs, <1> Queues and <5> Nodes in total for scheduling.
I0714 09:41:23.759181       1 session.go:190] Open Session 95f4a960-eab8-446f-9612-6dba0f03576b with <0> Job and <1> Queues
I0714 09:41:23.761042       1 enqueue.go:79] Try to enqueue PodGroup to 0 Queues
I0714 09:41:23.761134       1 allocate.go:64] Try to allocate resource to 0 Queues
I0714 09:41:23.761354       1 session.go:244] Close Session 95f4a960-eab8-446f-9612-6dba0f03576b
W0714 09:41:23.783296       1 event_handlers.go:181] Not support non-csi pvc.
I0714 09:41:24.764096       1 cache.go:1363] There are <1> Jobs, <1> Queues and <5> Nodes in total for scheduling.
I0714 09:41:24.764313       1 session.go:190] Open Session 0cab37cb-f1fc-412a-97eb-a65e9bf5e00e with <1> Job and <1> Queues
I0714 09:41:24.766486       1 enqueue.go:79] Try to enqueue PodGroup to 1 Queues
I0714 09:41:24.766741       1 allocate.go:64] Try to allocate resource to 1 Queues
I0714 09:41:24.766965       1 allocate.go:129] Try to allocate resource to Jobs in Queue <default>
I0714 09:41:24.767020       1 allocate.go:161] Try to allocate resource to 1 tasks of Job <default/podgroup-9da6ccae-863f-4c19-924b-ca76e67514db>
I0714 09:41:24.767069       1 allocate.go:181] There are <5> nodes for Job <default/podgroup-9da6ccae-863f-4c19-924b-ca76e67514db>
I0714 09:41:24.767378       1 predicate_helper.go:75] Predicates failed: task default/yolo-seg on node gpu-master fit failed: Insufficient nvidia.com/gpu
I0714 09:41:24.767783       1 predicate_helper.go:75] Predicates failed: task default/yolo-seg on node gpuorin5-desktop fit failed: plugin NodeAffinity predicates failed node(s) didn't match Pod's node affinity/selector
I0714 09:41:24.767811       1 predicate_helper.go:75] Predicates failed: task default/yolo-seg on node gpuorin4-desktop fit failed: plugin NodeAffinity predicates failed node(s) didn't match Pod's node affinity/selector
I0714 09:41:24.768654       1 allocate.go:249] Binding Task <default/yolo-seg> to node <gpu-orin3>
I0714 09:41:24.768884       1 statement.go:266] After allocated Task <default/yolo-seg> to Node <gpu-orin3>: idle <cpu 5900.00, memory 7832723456.00, hugepages-2Mi 0.00, hugepages-32Mi 0.00, hugepages-64Ki 0.00, nvidia.com/gpu 3000.00, pods 104.00, hugepages-1Gi 0.00, ephemeral-storage 111715275387000.00>, used <cpu 100.00, memory 52428800.00, pods 6.00, nvidia.com/gpu 2000.00>, releasing <cpu 0.00, memory 0.00>
I0714 09:41:24.769370       1 statement.go:284] Allocating operations ...
I0714 09:41:24.769506       1 statement.go:378] Committing operations ...
I0714 09:41:24.769648       1 proportion.go:302] Queue <default>: deserved <cpu 0.00, memory 0.00, pods 1.00, nvidia.com/gpu 1000.00>, allocated <cpu 0.00, memory 0.00, pods 1.00, nvidia.com/gpu 1000.00>, share <1>
I0714 09:41:24.769710       1 allocate.go:125] Queue <default> is overused, ignore it.
I0714 09:41:24.790236       1 session.go:244] Close Session 0cab37cb-f1fc-412a-97eb-a65e9bf5e00e
I0714 09:41:24.795507       1 cache.go:900] bind ok, latency 17.138378ms
W0714 09:41:24.798003       1 event_handlers.go:181] Not support non-csi pvc.
W0714 09:41:24.832710       1 event_handlers.go:181] Not support non-csi pvc.
W0714 09:41:25.010852       1 event_handlers.go:181] Not support non-csi pvc.
I0714 09:41:25.015402       1 event_handlers.go:442] Deleted pod <default/yolo-seg> from cache.
I0714 09:41:25.020134       1 cache.go:1013] Try to delete Job <default/podgroup-9da6ccae-863f-4c19-924b-ca76e67514db:default/podgroup-9da6ccae-863f-4c19-924b-ca76e67514db>
I0714 09:41:25.020352       1 cache.go:1054] Job <default/podgroup-9da6ccae-863f-4c19-924b-ca76e67514db:default/podgroup-9da6ccae-863f-4c19-924b-ca76e67514db> was deleted.
W0714 09:41:25.174677       1 event_handlers.go:181] Not support non-csi pvc.
I0714 09:41:25.174797       1 event_handlers.go:387] Added pod <default/yolo-seg> into cache.
W0714 09:41:25.208427       1 event_handlers.go:181] Not support non-csi pvc.
I0714 09:41:25.792946       1 cache.go:1363] There are <0> Jobs, <1> Queues and <5> Nodes in total for scheduling.
I0714 09:41:25.793098       1 session.go:190] Open Session da125863-a3de-4a58-88c3-54a914bb4e75 with <0> Job and <1> Queues
I0714 09:41:25.794966       1 enqueue.go:79] Try to enqueue PodGroup to 0 Queues
I0714 09:41:25.795062       1 allocate.go:64] Try to allocate resource to 0 Queues
I0714 09:41:25.795287       1 session.go:244] Close Session da125863-a3de-4a58-88c3-54a914bb4e75
I0714 09:41:26.797012       1 cache.go:1363] There are <0> Jobs, <1> Queues and <5> Nodes in total for scheduling.
I0714 09:41:26.797111       1 session.go:190] Open Session ff5359f6-118a-4398-99d3-6283842699be with <0> Job and <1> Queues
I0714 09:41:26.798081       1 enqueue.go:79] Try to enqueue PodGroup to 0 Queues
I0714 09:41:26.798134       1 allocate.go:64] Try to allocate resource to 0 Queues
I0714 09:41:26.798252       1 session.go:244] Close Session ff5359f6-118a-4398-99d3-6283842699be
I0714 09:41:27.801022       1 cache.go:1363] There are <0> Jobs, <1> Queues and <5> Nodes in total for scheduling.
I0714 09:41:27.801186       1 session.go:190] Open Session d245386b-0675-4195-96a3-5f0f44707e49 with <0> Job and <1> Queues
I0714 09:41:27.803285       1 enqueue.go:79] Try to enqueue PodGroup to 0 Queues
I0714 09:41:27.803371       1 allocate.go:64] Try to allocate resource to 0 Queues
I0714 09:41:27.803591       1 session.go:244] Close Session d245386b-0675-4195-96a3-5f0f44707e49
W0714 09:41:28.023442       1 event_handlers.go:181] Not support non-csi pvc.
I0714 09:41:28.806311       1 cache.go:1363] There are <0> Jobs, <1> Queues and <5> Nodes in total for scheduling.
I0714 09:41:28.806467       1 session.go:190] Open Session cc3a342f-921f-43fe-98f9-a68fb939b560 with <0> Job and <1> Queues
I0714 09:41:28.808357       1 enqueue.go:79] Try to enqueue PodGroup to 0 Queues
I0714 09:41:28.808450       1 allocate.go:64] Try to allocate resource to 0 Queues
I0714 09:41:28.808669       1 session.go:244] Close Session cc3a342f-921f-43fe-98f9-a68fb939b560
I0714 09:41:29.810887       1 cache.go:1363] There are <0> Jobs, <1> Queues and <5> Nodes in total for scheduling.
I0714 09:41:29.811074       1 session.go:190] Open Session 2f025d91-7322-46d8-9331-768b03c4b62d with <0> Job and <1> Queues
I0714 09:41:29.813265       1 enqueue.go:79] Try to enqueue PodGroup to 0 Queues
I0714 09:41:29.813369       1 allocate.go:64] Try to allocate resource to 0 Queues
I0714 09:41:29.813602       1 session.go:244] Close Session 2f025d91-7322-46d8-9331-768b03c4b62d
I0714 09:41:30.815686       1 cache.go:1363] There are <0> Jobs, <1> Queues and <5> Nodes in total for scheduling.
I0714 09:41:30.815860       1 session.go:190] Open Session 8235dcbc-b714-47ad-b1a0-e3fdec2ac54b with <0> Job and <1> Queues
I0714 09:41:30.818120       1 enqueue.go:79] Try to enqueue PodGroup to 0 Queues
I0714 09:41:30.818212       1 allocate.go:64] Try to allocate resource to 0 Queues
I0714 09:41:30.818447       1 session.go:244] Close Session 8235dcbc-b714-47ad-b1a0-e3fdec2ac54b
I0714 09:41:31.821708       1 cache.go:1363] There are <0> Jobs, <1> Queues and <5> Nodes in total for scheduling.
I0714 09:41:31.821879       1 session.go:190] Open Session 21680e49-7ba2-4552-845f-9e0fe46a6ec2 with <0> Job and <1> Queues
I0714 09:41:31.823859       1 enqueue.go:79] Try to enqueue PodGroup to 0 Queues
I0714 09:41:31.823928       1 allocate.go:64] Try to allocate resource to 0 Queues
I0714 09:41:31.824151       1 session.go:244] Close Session 21680e49-7ba2-4552-845f-9e0fe46a6ec2
W0714 09:41:32.023724       1 event_handlers.go:181] Not support non-csi pvc.
I0714 09:41:32.023828       1 event_handlers.go:387] Added pod <default/yolo-obb> into cache.
W0714 09:41:32.051454       1 event_handlers.go:181] Not support non-csi pvc.
I0714 09:41:32.826636       1 cache.go:1363] There are <1> Jobs, <1> Queues and <5> Nodes in total for scheduling.
I0714 09:41:32.826837       1 session.go:190] Open Session 380c864c-b17b-44a8-b55f-27aef29c9224 with <1> Job and <1> Queues
I0714 09:41:32.829447       1 enqueue.go:79] Try to enqueue PodGroup to 1 Queues
I0714 09:41:32.829710       1 allocate.go:64] Try to allocate resource to 1 Queues
I0714 09:41:32.829765       1 allocate.go:129] Try to allocate resource to Jobs in Queue <default>
I0714 09:41:32.829801       1 allocate.go:161] Try to allocate resource to 1 tasks of Job <default/podgroup-76a05ac1-8833-4290-b09d-8a4209d3c96a>
I0714 09:41:32.829842       1 allocate.go:181] There are <5> nodes for Job <default/podgroup-76a05ac1-8833-4290-b09d-8a4209d3c96a>
I0714 09:41:32.830166       1 predicate_helper.go:75] Predicates failed: task default/yolo-obb on node gpu-master fit failed: Insufficient nvidia.com/gpu
I0714 09:41:32.830508       1 predicate_helper.go:75] Predicates failed: task default/yolo-obb on node gpuorin4-desktop fit failed: plugin NodeAffinity predicates failed node(s) didn't match Pod's node affinity/selector
I0714 09:41:32.830699       1 predicate_helper.go:75] Predicates failed: task default/yolo-obb on node gpuorin5-desktop fit failed: plugin NodeAffinity predicates failed node(s) didn't match Pod's node affinity/selector
I0714 09:41:32.831375       1 allocate.go:249] Binding Task <default/yolo-obb> to node <gpu-orin2>
I0714 09:41:32.831572       1 statement.go:266] After allocated Task <default/yolo-obb> to Node <gpu-orin2>: idle <cpu 5900.00, memory 7832690688.00, hugepages-64Ki 0.00, nvidia.com/gpu 3000.00, pods 104.00, ephemeral-storage 225118140453000.00, hugepages-1Gi 0.00, hugepages-2Mi 0.00, hugepages-32Mi 0.00>, used <cpu 100.00, memory 52428800.00, nvidia.com/gpu 2000.00, pods 6.00>, releasing <cpu 0.00, memory 0.00>
I0714 09:41:32.832010       1 statement.go:284] Allocating operations ...
I0714 09:41:32.832131       1 statement.go:378] Committing operations ...
I0714 09:41:32.832267       1 proportion.go:302] Queue <default>: deserved <cpu 0.00, memory 0.00, pods 1.00, nvidia.com/gpu 1000.00>, allocated <cpu 0.00, memory 0.00, nvidia.com/gpu 1000.00, pods 1.00>, share <1>
I0714 09:41:32.832387       1 allocate.go:125] Queue <default> is overused, ignore it.
I0714 09:41:32.852006       1 session.go:244] Close Session 380c864c-b17b-44a8-b55f-27aef29c9224
I0714 09:41:32.870638       1 cache.go:900] bind ok, latency 19.202265ms
W0714 09:41:32.872915       1 event_handlers.go:181] Not support non-csi pvc.
W0714 09:41:32.911834       1 event_handlers.go:181] Not support non-csi pvc.
W0714 09:41:33.215149       1 event_handlers.go:181] Not support non-csi pvc.
I0714 09:41:33.216214       1 event_handlers.go:442] Deleted pod <default/yolo-obb> from cache.
I0714 09:41:33.218497       1 cache.go:1013] Try to delete Job <default/podgroup-76a05ac1-8833-4290-b09d-8a4209d3c96a:default/podgroup-76a05ac1-8833-4290-b09d-8a4209d3c96a>
I0714 09:41:33.218824       1 cache.go:1054] Job <default/podgroup-76a05ac1-8833-4290-b09d-8a4209d3c96a:default/podgroup-76a05ac1-8833-4290-b09d-8a4209d3c96a> was deleted.
W0714 09:41:33.337853       1 event_handlers.go:181] Not support non-csi pvc.
I0714 09:41:33.337954       1 event_handlers.go:387] Added pod <default/yolo-obb> into cache.
W0714 09:41:33.368797       1 event_handlers.go:181] Not support non-csi pvc.
I0714 09:41:33.855041       1 cache.go:1363] There are <0> Jobs, <1> Queues and <5> Nodes in total for scheduling.
I0714 09:41:33.855166       1 session.go:190] Open Session b138208a-8aa4-4cf0-a459-f043c3f43174 with <0> Job and <1> Queues
I0714 09:41:33.857314       1 enqueue.go:79] Try to enqueue PodGroup to 0 Queues
I0714 09:41:33.857397       1 allocate.go:64] Try to allocate resource to 0 Queues
I0714 09:41:33.857620       1 session.go:244] Close Session b138208a-8aa4-4cf0-a459-f043c3f43174
I0714 09:41:34.860866       1 cache.go:1363] There are <0> Jobs, <1> Queues and <5> Nodes in total for scheduling.
I0714 09:41:34.861012       1 session.go:190] Open Session 7a85e799-db24-44cd-8999-c50a87baf091 with <0> Job and <1> Queues
I0714 09:41:34.862756       1 enqueue.go:79] Try to enqueue PodGroup to 0 Queues
I0714 09:41:34.862817       1 allocate.go:64] Try to allocate resource to 0 Queues
I0714 09:41:34.863042       1 session.go:244] Close Session 7a85e799-db24-44cd-8999-c50a87baf091
W0714 09:41:35.124353       1 event_handlers.go:181] Not support non-csi pvc.
I0714 09:41:35.865861       1 cache.go:1363] There are <0> Jobs, <1> Queues and <5> Nodes in total for scheduling.
I0714 09:41:35.866018       1 session.go:190] Open Session 6b236276-db3d-429b-8342-3886860a9d5f with <0> Job and <1> Queues
I0714 09:41:35.868210       1 enqueue.go:79] Try to enqueue PodGroup to 0 Queues
I0714 09:41:35.868312       1 allocate.go:64] Try to allocate resource to 0 Queues
I0714 09:41:35.868548       1 session.go:244] Close Session 6b236276-db3d-429b-8342-3886860a9d5f
I0714 09:41:36.691381       1 cache.go:1489] The metrics type is not set in the volcano scheduler configmap file. As a result, the CPU and memory load information of the node is not collected.
I0714 09:41:36.871274       1 cache.go:1363] There are <0> Jobs, <1> Queues and <5> Nodes in total for scheduling.
I0714 09:41:36.871464       1 session.go:190] Open Session b2a2be38-06a9-4ed5-b203-1693a111f454 with <0> Job and <1> Queues
I0714 09:41:36.873462       1 enqueue.go:79] Try to enqueue PodGroup to 0 Queues
I0714 09:41:36.873548       1 allocate.go:64] Try to allocate resource to 0 Queues
I0714 09:41:36.873781       1 session.go:244] Close Session b2a2be38-06a9-4ed5-b203-1693a111f454
I0714 09:41:37.875862       1 cache.go:1363] There are <0> Jobs, <1> Queues and <5> Nodes in total for scheduling.
I0714 09:41:37.876037       1 session.go:190] Open Session 1663f501-24cd-48b1-bda4-e8da13707e65 with <0> Job and <1> Queues
I0714 09:41:37.877921       1 enqueue.go:79] Try to enqueue PodGroup to 0 Queues
I0714 09:41:37.877994       1 allocate.go:64] Try to allocate resource to 0 Queues
I0714 09:41:37.878196       1 session.go:244] Close Session 1663f501-24cd-48b1-bda4-e8da13707e65
W0714 09:41:38.789197       1 event_handlers.go:181] Not support non-csi pvc.
I0714 09:41:38.789315       1 event_handlers.go:387] Added pod <default/yolo-pos> into cache.
W0714 09:41:38.813179       1 event_handlers.go:181] Not support non-csi pvc.
I0714 09:41:38.881248       1 cache.go:1363] There are <1> Jobs, <1> Queues and <5> Nodes in total for scheduling.
I0714 09:41:38.881401       1 session.go:190] Open Session b31a8eb2-159c-49c5-994a-3774e95f5af8 with <1> Job and <1> Queues
I0714 09:41:38.883498       1 enqueue.go:79] Try to enqueue PodGroup to 1 Queues
I0714 09:41:38.883738       1 allocate.go:64] Try to allocate resource to 1 Queues
I0714 09:41:38.883797       1 allocate.go:129] Try to allocate resource to Jobs in Queue <default>
I0714 09:41:38.883837       1 allocate.go:161] Try to allocate resource to 1 tasks of Job <default/podgroup-8dd7ef23-9d1b-4ce9-9ad3-b4eed17f61d5>
I0714 09:41:38.883878       1 allocate.go:181] There are <5> nodes for Job <default/podgroup-8dd7ef23-9d1b-4ce9-9ad3-b4eed17f61d5>
I0714 09:41:38.884162       1 predicate_helper.go:75] Predicates failed: task default/yolo-pos on node gpu-master fit failed: Insufficient nvidia.com/gpu
I0714 09:41:38.884490       1 predicate_helper.go:75] Predicates failed: task default/yolo-pos on node gpuorin4-desktop fit failed: plugin NodeAffinity predicates failed node(s) didn't match Pod's node affinity/selector
I0714 09:41:38.884522       1 predicate_helper.go:75] Predicates failed: task default/yolo-pos on node gpuorin5-desktop fit failed: plugin NodeAffinity predicates failed node(s) didn't match Pod's node affinity/selector
I0714 09:41:38.885472       1 allocate.go:249] Binding Task <default/yolo-pos> to node <gpu-orin3>
I0714 09:41:38.885867       1 statement.go:266] After allocated Task <default/yolo-pos> to Node <gpu-orin3>: idle <cpu 5900.00, memory 7832723456.00, hugepages-2Mi 0.00, hugepages-32Mi 0.00, hugepages-64Ki 0.00, nvidia.com/gpu 2000.00, hugepages-1Gi 0.00, pods 103.00, ephemeral-storage 111715275387000.00>, used <cpu 100.00, memory 52428800.00, pods 7.00, nvidia.com/gpu 3000.00>, releasing <cpu 0.00, memory 0.00>
I0714 09:41:38.886315       1 statement.go:284] Allocating operations ...
I0714 09:41:38.886439       1 statement.go:378] Committing operations ...
I0714 09:41:38.886557       1 proportion.go:302] Queue <default>: deserved <cpu 0.00, memory 0.00, pods 1.00, nvidia.com/gpu 1000.00>, allocated <cpu 0.00, memory 0.00, nvidia.com/gpu 1000.00, pods 1.00>, share <1>
I0714 09:41:38.886620       1 allocate.go:125] Queue <default> is overused, ignore it.
I0714 09:41:38.900521       1 cache.go:900] bind ok, latency 13.490998ms
W0714 09:41:38.902188       1 event_handlers.go:181] Not support non-csi pvc.
I0714 09:41:38.904088       1 session.go:244] Close Session b31a8eb2-159c-49c5-994a-3774e95f5af8
W0714 09:41:38.935217       1 event_handlers.go:181] Not support non-csi pvc.
W0714 09:41:39.441230       1 event_handlers.go:181] Not support non-csi pvc.
I0714 09:41:39.449427       1 event_handlers.go:442] Deleted pod <default/yolo-pos> from cache.
I0714 09:41:39.458116       1 cache.go:1013] Try to delete Job <default/podgroup-8dd7ef23-9d1b-4ce9-9ad3-b4eed17f61d5:default/podgroup-8dd7ef23-9d1b-4ce9-9ad3-b4eed17f61d5>
I0714 09:41:39.458330       1 cache.go:1054] Job <default/podgroup-8dd7ef23-9d1b-4ce9-9ad3-b4eed17f61d5:default/podgroup-8dd7ef23-9d1b-4ce9-9ad3-b4eed17f61d5> was deleted.
W0714 09:41:39.622679       1 event_handlers.go:181] Not support non-csi pvc.
I0714 09:41:39.622796       1 event_handlers.go:387] Added pod <default/yolo-pos> into cache.
W0714 09:41:39.655924       1 event_handlers.go:181] Not support non-csi pvc.
I0714 09:41:39.906490       1 cache.go:1363] There are <0> Jobs, <1> Queues and <5> Nodes in total for scheduling.
I0714 09:41:39.906630       1 session.go:190] Open Session 74db4ec0-8c64-4d78-8c55-3c39725ade12 with <0> Job and <1> Queues
I0714 09:41:39.908541       1 enqueue.go:79] Try to enqueue PodGroup to 0 Queues
I0714 09:41:39.908626       1 allocate.go:64] Try to allocate resource to 0 Queues
I0714 09:41:39.908847       1 session.go:244] Close Session 74db4ec0-8c64-4d78-8c55-3c39725ade12
I0714 09:41:40.911554       1 cache.go:1363] There are <0> Jobs, <1> Queues and <5> Nodes in total for scheduling.
I0714 09:41:40.911748       1 session.go:190] Open Session 4d202e3f-b1fd-4f1c-a360-ebdc90e95ece with <0> Job and <1> Queues
I0714 09:41:40.914100       1 enqueue.go:79] Try to enqueue PodGroup to 0 Queues
I0714 09:41:40.914192       1 allocate.go:64] Try to allocate resource to 0 Queues
I0714 09:41:40.914548       1 session.go:244] Close Session 4d202e3f-b1fd-4f1c-a360-ebdc90e95ece
I0714 09:41:41.917165       1 cache.go:1363] There are <0> Jobs, <1> Queues and <5> Nodes in total for scheduling.
I0714 09:41:41.917359       1 session.go:190] Open Session 40459507-79c3-46e4-a2dd-cda4071227c7 with <0> Job and <1> Queues
I0714 09:41:41.919248       1 enqueue.go:79] Try to enqueue PodGroup to 0 Queues
I0714 09:41:41.919325       1 allocate.go:64] Try to allocate resource to 0 Queues
I0714 09:41:41.919548       1 session.go:244] Close Session 40459507-79c3-46e4-a2dd-cda4071227c7
W0714 09:41:42.156518       1 event_handlers.go:181] Not support non-csi pvc.
I0714 09:41:42.922773       1 cache.go:1363] There are <0> Jobs, <1> Queues and <5> Nodes in total for scheduling.
I0714 09:41:42.922956       1 session.go:190] Open Session ac3386a1-1275-4626-be1d-74d323e8213d with <0> Job and <1> Queues
I0714 09:41:42.925004       1 enqueue.go:79] Try to enqueue PodGroup to 0 Queues
I0714 09:41:42.925078       1 allocate.go:64] Try to allocate resource to 0 Queues
I0714 09:41:42.925300       1 session.go:244] Close Session ac3386a1-1275-4626-be1d-74d323e8213d
I0714 09:41:43.927940       1 cache.go:1363] There are <0> Jobs, <1> Queues and <5> Nodes in total for scheduling.
I0714 09:41:43.928121       1 session.go:190] Open Session 86c25521-cfee-4f8e-99ad-a9f20f18d903 with <0> Job and <1> Queues
I0714 09:41:43.930126       1 enqueue.go:79] Try to enqueue PodGroup to 0 Queues
I0714 09:41:43.930209       1 allocate.go:64] Try to allocate resource to 0 Queues
I0714 09:41:43.930423       1 session.go:244] Close Session 86c25521-cfee-4f8e-99ad-a9f20f18d903
I0714 09:41:44.933313       1 cache.go:1363] There are <0> Jobs, <1> Queues and <5> Nodes in total for scheduling.
I0714 09:41:44.933497       1 session.go:190] Open Session 679c266c-092e-4719-bae4-456ee7e27e3d with <0> Job and <1> Queues
I0714 09:41:44.935443       1 enqueue.go:79] Try to enqueue PodGroup to 0 Queues
I0714 09:41:44.935535       1 allocate.go:64] Try to allocate resource to 0 Queues
I0714 09:41:44.935771       1 session.go:244] Close Session 679c266c-092e-4719-bae4-456ee7e27e3d
I0714 09:41:45.938611       1 cache.go:1363] There are <0> Jobs, <1> Queues and <5> Nodes in total for scheduling.
I0714 09:41:45.938763       1 session.go:190] Open Session fa257a79-94ad-45b3-900a-7eadcb4fedcc with <0> Job and <1> Queues
I0714 09:41:45.940713       1 enqueue.go:79] Try to enqueue PodGroup to 0 Queues
I0714 09:41:45.940791       1 allocate.go:64] Try to allocate resource to 0 Queues
I0714 09:41:45.941005       1 session.go:244] Close Session fa257a79-94ad-45b3-900a-7eadcb4fedcc
I0714 09:41:46.943993       1 cache.go:1363] There are <0> Jobs, <1> Queues and <5> Nodes in total for scheduling.
I0714 09:41:46.944167       1 session.go:190] Open Session 9d632a70-dabe-46e2-8378-751588dfd017 with <0> Job and <1> Queues
I0714 09:41:46.946476       1 enqueue.go:79] Try to enqueue PodGroup to 0 Queues
I0714 09:41:46.946546       1 allocate.go:64] Try to allocate resource to 0 Queues
I0714 09:41:46.946776       1 session.go:244] Close Session 9d632a70-dabe-46e2-8378-751588dfd017
I0714 09:41:47.949805       1 cache.go:1363] There are <0> Jobs, <1> Queues and <5> Nodes in total for scheduling.
I0714 09:41:47.949977       1 session.go:190] Open Session a7d0c0df-41be-441a-8593-9433fbcdd6c7 with <0> Job and <1> Queues
I0714 09:41:47.951937       1 enqueue.go:79] Try to enqueue PodGroup to 0 Queues
I0714 09:41:47.952011       1 allocate.go:64] Try to allocate resource to 0 Queues
I0714 09:41:47.952240       1 session.go:244] Close Session a7d0c0df-41be-441a-8593-9433fbcdd6c7
I0714 09:41:48.954779       1 cache.go:1363] There are <0> Jobs, <1> Queues and <5> Nodes in total for scheduling.
I0714 09:41:48.954955       1 session.go:190] Open Session 3947edc9-4216-4d32-b30a-81d1142d9f9f with <0> Job and <1> Queues
I0714 09:41:48.957335       1 enqueue.go:79] Try to enqueue PodGroup to 0 Queues
I0714 09:41:48.957428       1 allocate.go:64] Try to allocate resource to 0 Queues
I0714 09:41:48.957649       1 session.go:244] Close Session 3947edc9-4216-4d32-b30a-81d1142d9f9f
I0714 09:41:49.960051       1 cache.go:1363] There are <0> Jobs, <1> Queues and <5> Nodes in total for scheduling.
I0714 09:41:49.960219       1 session.go:190] Open Session e509c550-681f-488b-874b-ec6eb8fbbc45 with <0> Job and <1> Queues
I0714 09:41:49.962207       1 enqueue.go:79] Try to enqueue PodGroup to 0 Queues
I0714 09:41:49.962285       1 allocate.go:64] Try to allocate resource to 0 Queues
I0714 09:41:49.962524       1 session.go:244] Close Session e509c550-681f-488b-874b-ec6eb8fbbc45
I0714 09:41:50.965644       1 cache.go:1363] There are <0> Jobs, <1> Queues and <5> Nodes in total for scheduling.
I0714 09:41:50.965813       1 session.go:190] Open Session 10b870e7-91c2-48b6-b23d-2bb99fd0b27f with <0> Job and <1> Queues
I0714 09:41:50.967917       1 enqueue.go:79] Try to enqueue PodGroup to 0 Queues
I0714 09:41:50.967988       1 allocate.go:64] Try to allocate resource to 0 Queues
I0714 09:41:50.968221       1 session.go:244] Close Session 10b870e7-91c2-48b6-b23d-2bb99fd0b27f
I0714 09:41:51.970391       1 cache.go:1363] There are <0> Jobs, <1> Queues and <5> Nodes in total for scheduling.
I0714 09:41:51.970586       1 session.go:190] Open Session 9c18aa57-5c39-4ccd-8e4e-ce2923f1f27d with <0> Job and <1> Queues
I0714 09:41:51.972703       1 enqueue.go:79] Try to enqueue PodGroup to 0 Queues
I0714 09:41:51.972776       1 allocate.go:64] Try to allocate resource to 0 Queues
I0714 09:41:51.973006       1 session.go:244] Close Session 9c18aa57-5c39-4ccd-8e4e-ce2923f1f27d
I0714 09:41:52.975192       1 cache.go:1363] There are <0> Jobs, <1> Queues and <5> Nodes in total for scheduling.
I0714 09:41:52.975393       1 session.go:190] Open Session 26fea4af-c233-444c-b2b9-60147f9a0927 with <0> Job and <1> Queues
I0714 09:41:52.977551       1 enqueue.go:79] Try to enqueue PodGroup to 0 Queues
I0714 09:41:52.977632       1 allocate.go:64] Try to allocate resource to 0 Queues
I0714 09:41:52.977852       1 session.go:244] Close Session 26fea4af-c233-444c-b2b9-60147f9a0927
I0714 09:41:53.980442       1 cache.go:1363] There are <0> Jobs, <1> Queues and <5> Nodes in total for scheduling.
I0714 09:41:53.980603       1 session.go:190] Open Session 66a0d39e-73bd-4f30-8e12-ec64935e8e4e with <0> Job and <1> Queues
I0714 09:41:53.982508       1 enqueue.go:79] Try to enqueue PodGroup to 0 Queues
I0714 09:41:53.982585       1 allocate.go:64] Try to allocate resource to 0 Queues
I0714 09:41:53.982811       1 session.go:244] Close Session 66a0d39e-73bd-4f30-8e12-ec64935e8e4e
I0714 09:41:54.985414       1 cache.go:1363] There are <0> Jobs, <1> Queues and <5> Nodes in total for scheduling.
I0714 09:41:54.985584       1 session.go:190] Open Session 8d3e313d-c1ff-4ab6-ab1f-f671cbcf7ffb with <0> Job and <1> Queues
I0714 09:41:54.987474       1 enqueue.go:79] Try to enqueue PodGroup to 0 Queues
I0714 09:41:54.987554       1 allocate.go:64] Try to allocate resource to 0 Queues
I0714 09:41:54.987785       1 session.go:244] Close Session 8d3e313d-c1ff-4ab6-ab1f-f671cbcf7ffb
I0714 09:41:55.990248       1 cache.go:1363] There are <0> Jobs, <1> Queues and <5> Nodes in total for scheduling.
I0714 09:41:55.990403       1 session.go:190] Open Session 45c016d4-2340-460a-a0bf-4e7228a9168c with <0> Job and <1> Queues
I0714 09:41:55.992250       1 enqueue.go:79] Try to enqueue PodGroup to 0 Queues
I0714 09:41:55.992373       1 allocate.go:64] Try to allocate resource to 0 Queues
I0714 09:41:55.992612       1 session.go:244] Close Session 45c016d4-2340-460a-a0bf-4e7228a9168c
I0714 09:41:56.995531       1 cache.go:1363] There are <0> Jobs, <1> Queues and <5> Nodes in total for scheduling.
I0714 09:41:56.995712       1 session.go:190] Open Session c4df59f7-87b8-450d-a462-5fe70fabee1a with <0> Job and <1> Queues
I0714 09:41:56.997662       1 enqueue.go:79] Try to enqueue PodGroup to 0 Queues
I0714 09:41:56.997749       1 allocate.go:64] Try to allocate resource to 0 Queues
I0714 09:41:56.997975       1 session.go:244] Close Session c4df59f7-87b8-450d-a462-5fe70fabee1a
I0714 09:41:58.000450       1 cache.go:1363] There are <0> Jobs, <1> Queues and <5> Nodes in total for scheduling.
I0714 09:41:58.000626       1 session.go:190] Open Session 56c4c6ed-b819-4882-876e-d74f7ad9df1a with <0> Job and <1> Queues
I0714 09:41:58.002721       1 enqueue.go:79] Try to enqueue PodGroup to 0 Queues
I0714 09:41:58.002803       1 allocate.go:64] Try to allocate resource to 0 Queues
I0714 09:41:58.003033       1 session.go:244] Close Session 56c4c6ed-b819-4882-876e-d74f7ad9df1a
I0714 09:41:59.005577       1 cache.go:1363] There are <0> Jobs, <1> Queues and <5> Nodes in total for scheduling.
I0714 09:41:59.005752       1 session.go:190] Open Session 608d6a78-fe52-42e3-8693-43b9961ea9a9 with <0> Job and <1> Queues
I0714 09:41:59.007669       1 enqueue.go:79] Try to enqueue PodGroup to 0 Queues
I0714 09:41:59.007755       1 allocate.go:64] Try to allocate resource to 0 Queues
I0714 09:41:59.007970       1 session.go:244] Close Session 608d6a78-fe52-42e3-8693-43b9961ea9a9
I0714 09:42:00.010422       1 cache.go:1363] There are <0> Jobs, <1> Queues and <5> Nodes in total for scheduling.
I0714 09:42:00.010600       1 session.go:190] Open Session c8cd816e-c8c6-40cb-97cc-ca4852043f08 with <0> Job and <1> Queues
I0714 09:42:00.012716       1 enqueue.go:79] Try to enqueue PodGroup to 0 Queues
I0714 09:42:00.012787       1 allocate.go:64] Try to allocate resource to 0 Queues
I0714 09:42:00.013007       1 session.go:244] Close Session c8cd816e-c8c6-40cb-97cc-ca4852043f08
I0714 09:42:01.015936       1 cache.go:1363] There are <0> Jobs, <1> Queues and <5> Nodes in total for scheduling.
I0714 09:42:01.016082       1 session.go:190] Open Session 25140c42-f8d2-4053-8d6e-b25113da6656 with <0> Job and <1> Queues
I0714 09:42:01.018392       1 enqueue.go:79] Try to enqueue PodGroup to 0 Queues
I0714 09:42:01.018485       1 allocate.go:64] Try to allocate resource to 0 Queues
I0714 09:42:01.018709       1 session.go:244] Close Session 25140c42-f8d2-4053-8d6e-b25113da6656
I0714 09:42:02.021651       1 cache.go:1363] There are <0> Jobs, <1> Queues and <5> Nodes in total for scheduling.
I0714 09:42:02.021796       1 session.go:190] Open Session 94738fc6-11ac-4dee-a041-9852798fedc6 with <0> Job and <1> Queues
I0714 09:42:02.023640       1 enqueue.go:79] Try to enqueue PodGroup to 0 Queues
I0714 09:42:02.023719       1 allocate.go:64] Try to allocate resource to 0 Queues
I0714 09:42:02.023934       1 session.go:244] Close Session 94738fc6-11ac-4dee-a041-9852798fedc6
I0714 09:42:03.026711       1 cache.go:1363] There are <0> Jobs, <1> Queues and <5> Nodes in total for scheduling.
I0714 09:42:03.026888       1 session.go:190] Open Session cb3ee1b6-0926-497e-a82d-cc55889ec46c with <0> Job and <1> Queues
I0714 09:42:03.028834       1 enqueue.go:79] Try to enqueue PodGroup to 0 Queues
I0714 09:42:03.028925       1 allocate.go:64] Try to allocate resource to 0 Queues
I0714 09:42:03.029128       1 session.go:244] Close Session cb3ee1b6-0926-497e-a82d-cc55889ec46c
I0714 09:42:04.031572       1 cache.go:1363] There are <0> Jobs, <1> Queues and <5> Nodes in total for scheduling.
I0714 09:42:04.031725       1 session.go:190] Open Session a82ea9b5-03dd-49dd-93a4-c95183be9aff with <0> Job and <1> Queues
I0714 09:42:04.033658       1 enqueue.go:79] Try to enqueue PodGroup to 0 Queues
I0714 09:42:04.033733       1 allocate.go:64] Try to allocate resource to 0 Queues
I0714 09:42:04.033940       1 session.go:244] Close Session a82ea9b5-03dd-49dd-93a4-c95183be9aff
I0714 09:42:05.036597       1 cache.go:1363] There are <0> Jobs, <1> Queues and <5> Nodes in total for scheduling.
I0714 09:42:05.036767       1 session.go:190] Open Session 7c09fad3-e2aa-469a-b5d8-42cafb581e68 with <0> Job and <1> Queues
I0714 09:42:05.038619       1 enqueue.go:79] Try to enqueue PodGroup to 0 Queues
I0714 09:42:05.038690       1 allocate.go:64] Try to allocate resource to 0 Queues
I0714 09:42:05.039103       1 session.go:244] Close Session 7c09fad3-e2aa-469a-b5d8-42cafb581e68
I0714 09:42:06.041435       1 cache.go:1363] There are <0> Jobs, <1> Queues and <5> Nodes in total for scheduling.
I0714 09:42:06.041620       1 session.go:190] Open Session 2411941c-b9c8-4e53-aa0f-859e62cb00eb with <0> Job and <1> Queues
I0714 09:42:06.043547       1 enqueue.go:79] Try to enqueue PodGroup to 0 Queues
I0714 09:42:06.043625       1 allocate.go:64] Try to allocate resource to 0 Queues
I0714 09:42:06.043837       1 session.go:244] Close Session 2411941c-b9c8-4e53-aa0f-859e62cb00eb
I0714 09:42:06.692723       1 cache.go:1489] The metrics type is not set in the volcano scheduler configmap file. As a result, the CPU and memory load information of the node is not collected.
I0714 09:42:07.046469       1 cache.go:1363] There are <0> Jobs, <1> Queues and <5> Nodes in total for scheduling.
I0714 09:42:07.046647       1 session.go:190] Open Session d54ca098-a535-4841-bf56-51db2b917fbb with <0> Job and <1> Queues
I0714 09:42:07.048831       1 enqueue.go:79] Try to enqueue PodGroup to 0 Queues
I0714 09:42:07.048907       1 allocate.go:64] Try to allocate resource to 0 Queues
I0714 09:42:07.049128       1 session.go:244] Close Session d54ca098-a535-4841-bf56-51db2b917fbb
I0714 09:42:08.052073       1 cache.go:1363] There are <0> Jobs, <1> Queues and <5> Nodes in total for scheduling.
I0714 09:42:08.052234       1 session.go:190] Open Session 4ec6abc7-221f-4dde-afa8-b902e5e7908d with <0> Job and <1> Queues
I0714 09:42:08.054416       1 enqueue.go:79] Try to enqueue PodGroup to 0 Queues
I0714 09:42:08.054500       1 allocate.go:64] Try to allocate resource to 0 Queues
I0714 09:42:08.054713       1 session.go:244] Close Session 4ec6abc7-221f-4dde-afa8-b902e5e7908d
I0714 09:42:09.057110       1 cache.go:1363] There are <0> Jobs, <1> Queues and <5> Nodes in total for scheduling.
I0714 09:42:09.057276       1 session.go:190] Open Session 8cae7571-f0b5-4fd5-bbaa-45e6e0ee0dac with <0> Job and <1> Queues
I0714 09:42:09.059132       1 enqueue.go:79] Try to enqueue PodGroup to 0 Queues
I0714 09:42:09.059213       1 allocate.go:64] Try to allocate resource to 0 Queues
I0714 09:42:09.059448       1 session.go:244] Close Session 8cae7571-f0b5-4fd5-bbaa-45e6e0ee0dac
I0714 09:42:10.062222       1 cache.go:1363] There are <0> Jobs, <1> Queues and <5> Nodes in total for scheduling.
I0714 09:42:10.062399       1 session.go:190] Open Session a3f5c71c-be5b-4181-8d51-66640719c5f1 with <0> Job and <1> Queues
I0714 09:42:10.064503       1 enqueue.go:79] Try to enqueue PodGroup to 0 Queues
I0714 09:42:10.064581       1 allocate.go:64] Try to allocate resource to 0 Queues
I0714 09:42:10.064811       1 session.go:244] Close Session a3f5c71c-be5b-4181-8d51-66640719c5f1
I0714 09:42:11.067314       1 cache.go:1363] There are <0> Jobs, <1> Queues and <5> Nodes in total for scheduling.
I0714 09:42:11.067489       1 session.go:190] Open Session 0c92f22e-33f4-4e8b-babe-df6b2abf05c2 with <0> Job and <1> Queues
I0714 09:42:11.069819       1 enqueue.go:79] Try to enqueue PodGroup to 0 Queues
I0714 09:42:11.069910       1 allocate.go:64] Try to allocate resource to 0 Queues
I0714 09:42:11.070137       1 session.go:244] Close Session 0c92f22e-33f4-4e8b-babe-df6b2abf05c2
I0714 09:42:12.072790       1 cache.go:1363] There are <0> Jobs, <1> Queues and <5> Nodes in total for scheduling.
I0714 09:42:12.072966       1 session.go:190] Open Session 1d15897b-d01b-422e-8761-13e58e0cc1e4 with <0> Job and <1> Queues
I0714 09:42:12.074832       1 enqueue.go:79] Try to enqueue PodGroup to 0 Queues
I0714 09:42:12.074907       1 allocate.go:64] Try to allocate resource to 0 Queues
I0714 09:42:12.075136       1 session.go:244] Close Session 1d15897b-d01b-422e-8761-13e58e0cc1e4
I0714 09:42:13.078279       1 cache.go:1363] There are <0> Jobs, <1> Queues and <5> Nodes in total for scheduling.
I0714 09:42:13.078425       1 session.go:190] Open Session 64e6da39-6520-44a8-8c8f-1510c2015083 with <0> Job and <1> Queues
I0714 09:42:13.080188       1 enqueue.go:79] Try to enqueue PodGroup to 0 Queues
I0714 09:42:13.080263       1 allocate.go:64] Try to allocate resource to 0 Queues
I0714 09:42:13.080515       1 session.go:244] Close Session 64e6da39-6520-44a8-8c8f-1510c2015083
I0714 09:42:14.083679       1 cache.go:1363] There are <0> Jobs, <1> Queues and <5> Nodes in total for scheduling.
I0714 09:42:14.083843       1 session.go:190] Open Session 7ab393a6-8360-4ae6-8e28-3dacf8b376d1 with <0> Job and <1> Queues
I0714 09:42:14.088425       1 enqueue.go:79] Try to enqueue PodGroup to 0 Queues
I0714 09:42:14.088548       1 allocate.go:64] Try to allocate resource to 0 Queues
I0714 09:42:14.088822       1 session.go:244] Close Session 7ab393a6-8360-4ae6-8e28-3dacf8b376d1
I0714 09:42:15.091520       1 cache.go:1363] There are <0> Jobs, <1> Queues and <5> Nodes in total for scheduling.
I0714 09:42:15.091686       1 session.go:190] Open Session a33cf6bf-5fd7-4f63-a9de-c9b5ba031af5 with <0> Job and <1> Queues
I0714 09:42:15.093704       1 enqueue.go:79] Try to enqueue PodGroup to 0 Queues
I0714 09:42:15.093787       1 allocate.go:64] Try to allocate resource to 0 Queues
I0714 09:42:15.093991       1 session.go:244] Close Session a33cf6bf-5fd7-4f63-a9de-c9b5ba031af5
I0714 09:42:16.096583       1 cache.go:1363] There are <0> Jobs, <1> Queues and <5> Nodes in total for scheduling.
I0714 09:42:16.096717       1 session.go:190] Open Session e5a507f4-4446-48b3-b5ac-d4adc7f06772 with <0> Job and <1> Queues
I0714 09:42:16.098400       1 enqueue.go:79] Try to enqueue PodGroup to 0 Queues
I0714 09:42:16.098476       1 allocate.go:64] Try to allocate resource to 0 Queues
I0714 09:42:16.098674       1 session.go:244] Close Session e5a507f4-4446-48b3-b5ac-d4adc7f06772
I0714 09:42:17.101045       1 cache.go:1363] There are <0> Jobs, <1> Queues and <5> Nodes in total for scheduling.
I0714 09:42:17.101197       1 session.go:190] Open Session 683a0b4c-6f45-4d57-9401-29ac84aea97a with <0> Job and <1> Queues
I0714 09:42:17.103188       1 enqueue.go:79] Try to enqueue PodGroup to 0 Queues
I0714 09:42:17.103264       1 allocate.go:64] Try to allocate resource to 0 Queues
I0714 09:42:17.103467       1 session.go:244] Close Session 683a0b4c-6f45-4d57-9401-29ac84aea97a
I0714 09:42:18.106603       1 cache.go:1363] There are <0> Jobs, <1> Queues and <5> Nodes in total for scheduling.
I0714 09:42:18.106788       1 session.go:190] Open Session 27427341-be09-4614-b62d-95cfda69bacb with <0> Job and <1> Queues
I0714 09:42:18.108895       1 enqueue.go:79] Try to enqueue PodGroup to 0 Queues
I0714 09:42:18.108981       1 allocate.go:64] Try to allocate resource to 0 Queues
I0714 09:42:18.109184       1 session.go:244] Close Session 27427341-be09-4614-b62d-95cfda69bacb
I0714 09:42:19.111472       1 cache.go:1363] There are <0> Jobs, <1> Queues and <5> Nodes in total for scheduling.
I0714 09:42:19.111636       1 session.go:190] Open Session e761701c-e2a6-4348-ad42-ba6e291f9ba0 with <0> Job and <1> Queues
I0714 09:42:19.113469       1 enqueue.go:79] Try to enqueue PodGroup to 0 Queues
I0714 09:42:19.113553       1 allocate.go:64] Try to allocate resource to 0 Queues
I0714 09:42:19.113762       1 session.go:244] Close Session e761701c-e2a6-4348-ad42-ba6e291f9ba0
I0714 09:42:20.116888       1 cache.go:1363] There are <0> Jobs, <1> Queues and <5> Nodes in total for scheduling.
I0714 09:42:20.117059       1 session.go:190] Open Session 2a1f55cb-3e11-4120-8c76-2f6047cc81aa with <0> Job and <1> Queues
I0714 09:42:20.118959       1 enqueue.go:79] Try to enqueue PodGroup to 0 Queues
I0714 09:42:20.119041       1 allocate.go:64] Try to allocate resource to 0 Queues
I0714 09:42:20.119285       1 session.go:244] Close Session 2a1f55cb-3e11-4120-8c76-2f6047cc81aa
I0714 09:42:21.121824       1 cache.go:1363] There are <0> Jobs, <1> Queues and <5> Nodes in total for scheduling.
I0714 09:42:21.121987       1 session.go:190] Open Session 87aac540-fd87-4b44-9e15-a62c46e12f5d with <0> Job and <1> Queues
I0714 09:42:21.124238       1 enqueue.go:79] Try to enqueue PodGroup to 0 Queues
I0714 09:42:21.124359       1 allocate.go:64] Try to allocate resource to 0 Queues
I0714 09:42:21.124595       1 session.go:244] Close Session 87aac540-fd87-4b44-9e15-a62c46e12f5d
I0714 09:42:22.127182       1 cache.go:1363] There are <0> Jobs, <1> Queues and <5> Nodes in total for scheduling.
I0714 09:42:22.127387       1 session.go:190] Open Session 21b25aa7-7556-426e-b1ba-8160f0d572db with <0> Job and <1> Queues
I0714 09:42:22.129390       1 enqueue.go:79] Try to enqueue PodGroup to 0 Queues
I0714 09:42:22.129471       1 allocate.go:64] Try to allocate resource to 0 Queues
I0714 09:42:22.130044       1 session.go:244] Close Session 21b25aa7-7556-426e-b1ba-8160f0d572db
I0714 09:42:23.133044       1 cache.go:1363] There are <0> Jobs, <1> Queues and <5> Nodes in total for scheduling.
I0714 09:42:23.133228       1 session.go:190] Open Session 5bd2806a-3a8e-4780-87c0-64c534f2eaeb with <0> Job and <1> Queues
I0714 09:42:23.135463       1 enqueue.go:79] Try to enqueue PodGroup to 0 Queues
I0714 09:42:23.135553       1 allocate.go:64] Try to allocate resource to 0 Queues
I0714 09:42:23.135779       1 session.go:244] Close Session 5bd2806a-3a8e-4780-87c0-64c534f2eaeb
I0714 09:42:24.138291       1 cache.go:1363] There are <0> Jobs, <1> Queues and <5> Nodes in total for scheduling.
I0714 09:42:24.138435       1 session.go:190] Open Session 2fb76e5b-ef82-4d47-960e-01948a3ea1d9 with <0> Job and <1> Queues
I0714 09:42:24.140341       1 enqueue.go:79] Try to enqueue PodGroup to 0 Queues
I0714 09:42:24.140425       1 allocate.go:64] Try to allocate resource to 0 Queues
I0714 09:42:24.140641       1 session.go:244] Close Session 2fb76e5b-ef82-4d47-960e-01948a3ea1d9
I0714 09:42:25.143244       1 cache.go:1363] There are <0> Jobs, <1> Queues and <5> Nodes in total for scheduling.
I0714 09:42:25.143415       1 session.go:190] Open Session eb5c2bf1-2a43-4731-b96e-3695bc6a3f93 with <0> Job and <1> Queues
I0714 09:42:25.145555       1 enqueue.go:79] Try to enqueue PodGroup to 0 Queues
I0714 09:42:25.145637       1 allocate.go:64] Try to allocate resource to 0 Queues
I0714 09:42:25.145864       1 session.go:244] Close Session eb5c2bf1-2a43-4731-b96e-3695bc6a3f93
I0714 09:42:26.148040       1 cache.go:1363] There are <0> Jobs, <1> Queues and <5> Nodes in total for scheduling.
I0714 09:42:26.148185       1 session.go:190] Open Session 900c6dc8-3d34-45ed-932b-ecb14b03bde1 with <0> Job and <1> Queues
I0714 09:42:26.150343       1 enqueue.go:79] Try to enqueue PodGroup to 0 Queues
I0714 09:42:26.150424       1 allocate.go:64] Try to allocate resource to 0 Queues
I0714 09:42:26.150635       1 session.go:244] Close Session 900c6dc8-3d34-45ed-932b-ecb14b03bde1
I0714 09:42:27.153174       1 cache.go:1363] There are <0> Jobs, <1> Queues and <5> Nodes in total for scheduling.
I0714 09:42:27.153334       1 session.go:190] Open Session e837939d-cd6b-42cb-8d17-948f3707758e with <0> Job and <1> Queues
I0714 09:42:27.155230       1 enqueue.go:79] Try to enqueue PodGroup to 0 Queues
I0714 09:42:27.155306       1 allocate.go:64] Try to allocate resource to 0 Queues
I0714 09:42:27.155533       1 session.go:244] Close Session e837939d-cd6b-42cb-8d17-948f3707758e
I0714 09:42:28.158337       1 cache.go:1363] There are <0> Jobs, <1> Queues and <5> Nodes in total for scheduling.
I0714 09:42:28.158507       1 session.go:190] Open Session 4ecc463e-06f4-4147-95a7-02ed71330990 with <0> Job and <1> Queues
I0714 09:42:28.160397       1 enqueue.go:79] Try to enqueue PodGroup to 0 Queues
I0714 09:42:28.160475       1 allocate.go:64] Try to allocate resource to 0 Queues
I0714 09:42:28.160718       1 session.go:244] Close Session 4ecc463e-06f4-4147-95a7-02ed71330990
I0714 09:42:29.163320       1 cache.go:1363] There are <0> Jobs, <1> Queues and <5> Nodes in total for scheduling.
I0714 09:42:29.163485       1 session.go:190] Open Session afb0185f-2014-4a0d-ae29-05d772659067 with <0> Job and <1> Queues
I0714 09:42:29.165748       1 enqueue.go:79] Try to enqueue PodGroup to 0 Queues
I0714 09:42:29.165827       1 allocate.go:64] Try to allocate resource to 0 Queues
I0714 09:42:29.166048       1 session.go:244] Close Session afb0185f-2014-4a0d-ae29-05d772659067
I0714 09:42:30.168463       1 cache.go:1363] There are <0> Jobs, <1> Queues and <5> Nodes in total for scheduling.
I0714 09:42:30.168637       1 session.go:190] Open Session 3206c389-18fa-49dc-95cb-a2e68b5123c4 with <0> Job and <1> Queues
I0714 09:42:30.170614       1 enqueue.go:79] Try to enqueue PodGroup to 0 Queues
I0714 09:42:30.170702       1 allocate.go:64] Try to allocate resource to 0 Queues
I0714 09:42:30.170930       1 session.go:244] Close Session 3206c389-18fa-49dc-95cb-a2e68b5123c4
I0714 09:42:31.173504       1 cache.go:1363] There are <0> Jobs, <1> Queues and <5> Nodes in total for scheduling.
I0714 09:42:31.173662       1 session.go:190] Open Session f5f93b64-f6c1-4186-bcdc-88c8ac79dc7e with <0> Job and <1> Queues
I0714 09:42:31.175738       1 enqueue.go:79] Try to enqueue PodGroup to 0 Queues
I0714 09:42:31.175812       1 allocate.go:64] Try to allocate resource to 0 Queues
I0714 09:42:31.176046       1 session.go:244] Close Session f5f93b64-f6c1-4186-bcdc-88c8ac79dc7e
I0714 09:42:32.178976       1 cache.go:1363] There are <0> Jobs, <1> Queues and <5> Nodes in total for scheduling.
I0714 09:42:32.179152       1 session.go:190] Open Session a2431f3c-e0a5-43b5-b13f-235d7039eea1 with <0> Job and <1> Queues
I0714 09:42:32.181047       1 enqueue.go:79] Try to enqueue PodGroup to 0 Queues
I0714 09:42:32.181116       1 allocate.go:64] Try to allocate resource to 0 Queues
I0714 09:42:32.181329       1 session.go:244] Close Session a2431f3c-e0a5-43b5-b13f-235d7039eea1
I0714 09:42:33.183717       1 cache.go:1363] There are <0> Jobs, <1> Queues and <5> Nodes in total for scheduling.
I0714 09:42:33.183891       1 session.go:190] Open Session 7602a84f-b2ae-4c7e-9023-885217f088eb with <0> Job and <1> Queues
I0714 09:42:33.185871       1 enqueue.go:79] Try to enqueue PodGroup to 0 Queues
I0714 09:42:33.185941       1 allocate.go:64] Try to allocate resource to 0 Queues
I0714 09:42:33.186187       1 session.go:244] Close Session 7602a84f-b2ae-4c7e-9023-885217f088eb
I0714 09:42:34.188908       1 cache.go:1363] There are <0> Jobs, <1> Queues and <5> Nodes in total for scheduling.
I0714 09:42:34.189066       1 session.go:190] Open Session ba4ad04c-0c9c-4663-a683-075fe3d49ce5 with <0> Job and <1> Queues
I0714 09:42:34.190903       1 enqueue.go:79] Try to enqueue PodGroup to 0 Queues
I0714 09:42:34.190977       1 allocate.go:64] Try to allocate resource to 0 Queues
I0714 09:42:34.191210       1 session.go:244] Close Session ba4ad04c-0c9c-4663-a683-075fe3d49ce5
