2026-07-01 16:35:38.983 I0701 07:22:48.901174       1 resource_allocation.go:76] "Listed internal info for allocatable resources, requested resources and score" pod="default/yolo-cls-1" node="gpu-orin2" resourceAllocationScorer="LeastAllocated" allocatableResource=[6000,7885127680] requestedResource=[700,1468006400] resourceScore=84
2026-07-01 16:35:38.983 I0701 07:22:48.901207       1 resource_allocation.go:76] "Listed internal info for allocatable resources, requested resources and score" pod="default/yolo-cls-1" node="gpuorin5-desktop" resourceAllocationScorer="LeastAllocated" allocatableResource=[6000,7885127680] requestedResource=[700,1468006400] resourceScore=84
2026-07-01 16:35:38.984 I0701 07:22:48.901260       1 resource_allocation.go:76] "Listed internal info for allocatable resources, requested resources and score" pod="default/yolo-cls-1" node="gpuorin5-desktop" resourceAllocationScorer="NodeResourcesBalancedAllocation" allocatableResource=[6000,7885127680] requestedResource=[100,52428800] resourceScore=99
2026-07-01 16:35:38.985 I0701 07:22:48.901270       1 resource_allocation.go:76] "Listed internal info for allocatable resources, requested resources and score" pod="default/yolo-cls-1" node="gpu-orin2" resourceAllocationScorer="NodeResourcesBalancedAllocation" allocatableResource=[6000,7885127680] requestedResource=[100,52428800] resourceScore=99
2026-07-01 16:35:38.985 I0701 07:22:48.901275       1 resource_allocation.go:76] "Listed internal info for allocatable resources, requested resources and score" pod="default/yolo-cls-1" node="gpuorin4-desktop" resourceAllocationScorer="LeastAllocated" allocatableResource=[6000,7885250560] requestedResource=[1000,2097152000] resourceScore=78
2026-07-01 16:35:38.986 I0701 07:22:48.901183       1 resource_allocation.go:76] "Listed internal info for allocatable resources, requested resources and score" pod="default/yolo-cls-1" node="gpu-orin3" resourceAllocationScorer="LeastAllocated" allocatableResource=[6000,7885152256] requestedResource=[700,1468006400] resourceScore=84
2026-07-01 16:35:38.987 I0701 07:22:48.901323       1 resource_allocation.go:76] "Listed internal info for allocatable resources, requested resources and score" pod="default/yolo-cls-1" node="gpu-orin3" resourceAllocationScorer="NodeResourcesBalancedAllocation" allocatableResource=[6000,7885152256] requestedResource=[100,52428800] resourceScore=99
2026-07-01 16:35:38.987 I0701 07:22:48.901323       1 resource_allocation.go:76] "Listed internal info for allocatable resources, requested resources and score" pod="default/yolo-cls-1" node="gpuorin4-desktop" resourceAllocationScorer="NodeResourcesBalancedAllocation" allocatableResource=[6000,7885250560] requestedResource=[100,52428800] resourceScore=99
2026-07-01 16:35:38.988 I0701 07:22:48.901450       1 schedule_one.go:745] "Plugin scored node for pod" pod="default/yolo-cls-1" plugin="TaintToleration" node="gpu-orin2" score=300
2026-07-01 16:35:38.989 I0701 07:22:48.901478       1 schedule_one.go:745] "Plugin scored node for pod" pod="default/yolo-cls-1" plugin="NodeAffinity" node="gpu-orin2" score=0
2026-07-01 16:35:38.989 I0701 07:22:48.901493       1 schedule_one.go:745] "Plugin scored node for pod" pod="default/yolo-cls-1" plugin="NodeResourcesFit" node="gpu-orin2" score=84
2026-07-01 16:35:38.990 I0701 07:22:48.901507       1 schedule_one.go:745] "Plugin scored node for pod" pod="default/yolo-cls-1" plugin="VolumeBinding" node="gpu-orin2" score=0
2026-07-01 16:35:38.991 I0701 07:22:48.901520       1 schedule_one.go:745] "Plugin scored node for pod" pod="default/yolo-cls-1" plugin="NodeResourcesBalancedAllocation" node="gpu-orin2" score=99
2026-07-01 16:35:38.991 I0701 07:22:48.901541       1 schedule_one.go:745] "Plugin scored node for pod" pod="default/yolo-cls-1" plugin="ImageLocality" node="gpu-orin2" score=0
2026-07-01 16:35:38.992 I0701 07:22:48.901552       1 schedule_one.go:745] "Plugin scored node for pod" pod="default/yolo-cls-1" plugin="TaintToleration" node="gpu-orin3" score=300
2026-07-01 16:35:38.993 I0701 07:22:48.901564       1 schedule_one.go:745] "Plugin scored node for pod" pod="default/yolo-cls-1" plugin="NodeAffinity" node="gpu-orin3" score=0
2026-07-01 16:35:38.993 I0701 07:22:48.901576       1 schedule_one.go:745] "Plugin scored node for pod" pod="default/yolo-cls-1" plugin="NodeResourcesFit" node="gpu-orin3" score=84
2026-07-01 16:35:38.994 I0701 07:22:48.901588       1 schedule_one.go:745] "Plugin scored node for pod" pod="default/yolo-cls-1" plugin="VolumeBinding" node="gpu-orin3" score=0
2026-07-01 16:35:38.994 I0701 07:22:48.901600       1 schedule_one.go:745] "Plugin scored node for pod" pod="default/yolo-cls-1" plugin="NodeResourcesBalancedAllocation" node="gpu-orin3" score=99
2026-07-01 16:35:38.995 I0701 07:22:48.901612       1 schedule_one.go:745] "Plugin scored node for pod" pod="default/yolo-cls-1" plugin="ImageLocality" node="gpu-orin3" score=0
2026-07-01 16:35:38.996 I0701 07:22:48.901624       1 schedule_one.go:745] "Plugin scored node for pod" pod="default/yolo-cls-1" plugin="TaintToleration" node="gpuorin5-desktop" score=300
2026-07-01 16:35:38.996 I0701 07:22:48.901636       1 schedule_one.go:745] "Plugin scored node for pod" pod="default/yolo-cls-1" plugin="NodeAffinity" node="gpuorin5-desktop" score=0
2026-07-01 16:35:38.997 I0701 07:22:48.901652       1 schedule_one.go:745] "Plugin scored node for pod" pod="default/yolo-cls-1" plugin="NodeResourcesFit" node="gpuorin5-desktop" score=84
2026-07-01 16:35:38.998 I0701 07:22:48.901663       1 schedule_one.go:745] "Plugin scored node for pod" pod="default/yolo-cls-1" plugin="VolumeBinding" node="gpuorin5-desktop" score=0
2026-07-01 16:35:38.998 I0701 07:22:48.901675       1 schedule_one.go:745] "Plugin scored node for pod" pod="default/yolo-cls-1" plugin="NodeResourcesBalancedAllocation" node="gpuorin5-desktop" score=99
2026-07-01 16:35:38.999 I0701 07:22:48.901686       1 schedule_one.go:745] "Plugin scored node for pod" pod="default/yolo-cls-1" plugin="ImageLocality" node="gpuorin5-desktop" score=0
2026-07-01 16:35:39.000 I0701 07:22:48.901698       1 schedule_one.go:745] "Plugin scored node for pod" pod="default/yolo-cls-1" plugin="TaintToleration" node="gpuorin4-desktop" score=300
2026-07-01 16:35:39.000 I0701 07:22:48.901709       1 schedule_one.go:745] "Plugin scored node for pod" pod="default/yolo-cls-1" plugin="NodeAffinity" node="gpuorin4-desktop" score=0
2026-07-01 16:35:39.001 I0701 07:22:48.901721       1 schedule_one.go:745] "Plugin scored node for pod" pod="default/yolo-cls-1" plugin="NodeResourcesFit" node="gpuorin4-desktop" score=78
2026-07-01 16:35:39.001 I0701 07:22:48.901734       1 schedule_one.go:745] "Plugin scored node for pod" pod="default/yolo-cls-1" plugin="VolumeBinding" node="gpuorin4-desktop" score=0
2026-07-01 16:35:39.002 I0701 07:22:48.901747       1 schedule_one.go:745] "Plugin scored node for pod" pod="default/yolo-cls-1" plugin="NodeResourcesBalancedAllocation" node="gpuorin4-desktop" score=99
2026-07-01 16:35:39.003 I0701 07:22:48.901758       1 schedule_one.go:745] "Plugin scored node for pod" pod="default/yolo-cls-1" plugin="ImageLocality" node="gpuorin4-desktop" score=0
2026-07-01 16:35:39.003 I0701 07:22:48.901806       1 schedule_one.go:812] "Calculated node's final score for pod" pod="default/yolo-cls-1" node="gpu-orin2" score=483
2026-07-01 16:35:39.004 I0701 07:22:48.901824       1 schedule_one.go:812] "Calculated node's final score for pod" pod="default/yolo-cls-1" node="gpu-orin3" score=483
2026-07-01 16:35:39.005 I0701 07:22:48.901838       1 schedule_one.go:812] "Calculated node's final score for pod" pod="default/yolo-cls-1" node="gpuorin5-desktop" score=483
2026-07-01 16:35:39.006 I0701 07:22:48.901853       1 schedule_one.go:812] "Calculated node's final score for pod" pod="default/yolo-cls-1" node="gpuorin4-desktop" score=477
2026-07-01 16:35:39.006 I0701 07:22:52.833913       1 resource_allocation.go:76] "Listed internal info for allocatable resources, requested resources and score" pod="default/yolo-det-1" node="gpu-orin2" resourceAllocationScorer="LeastAllocated" allocatableResource=[6000,7885127680] requestedResource=[800,1677721600] resourceScore=82
2026-07-01 16:35:39.007 I0701 07:22:52.833948       1 resource_allocation.go:76] "Listed internal info for allocatable resources, requested resources and score" pod="default/yolo-det-1" node="gpu-orin2" resourceAllocationScorer="NodeResourcesBalancedAllocation" allocatableResource=[6000,7885127680] requestedResource=[100,52428800] resourceScore=99
2026-07-01 16:35:39.008 I0701 07:22:52.833966       1 resource_allocation.go:76] "Listed internal info for allocatable resources, requested resources and score" pod="default/yolo-det-1" node="gpuorin4-desktop" resourceAllocationScorer="LeastAllocated" allocatableResource=[6000,7885250560] requestedResource=[1000,2097152000] resourceScore=78
2026-07-01 16:35:39.009 I0701 07:22:52.833971       1 resource_allocation.go:76] "Listed internal info for allocatable resources, requested resources and score" pod="default/yolo-det-1" node="gpuorin5-desktop" resourceAllocationScorer="LeastAllocated" allocatableResource=[6000,7885127680] requestedResource=[700,1468006400] resourceScore=84
2026-07-01 16:35:39.009 I0701 07:22:52.834021       1 resource_allocation.go:76] "Listed internal info for allocatable resources, requested resources and score" pod="default/yolo-det-1" node="gpuorin4-desktop" resourceAllocationScorer="NodeResourcesBalancedAllocation" allocatableResource=[6000,7885250560] requestedResource=[100,52428800] resourceScore=99
2026-07-01 16:35:39.010 I0701 07:22:52.834026       1 resource_allocation.go:76] "Listed internal info for allocatable resources, requested resources and score" pod="default/yolo-det-1" node="gpuorin5-desktop" resourceAllocationScorer="NodeResourcesBalancedAllocation" allocatableResource=[6000,7885127680] requestedResource=[100,52428800] resourceScore=99
2026-07-01 16:35:39.011 I0701 07:22:52.834096       1 resource_allocation.go:76] "Listed internal info for allocatable resources, requested resources and score" pod="default/yolo-det-1" node="gpu-orin3" resourceAllocationScorer="LeastAllocated" allocatableResource=[6000,7885152256] requestedResource=[700,1468006400] resourceScore=84
2026-07-01 16:35:39.012 I0701 07:22:52.834160       1 resource_allocation.go:76] "Listed internal info for allocatable resources, requested resources and score" pod="default/yolo-det-1" node="gpu-orin3" resourceAllocationScorer="NodeResourcesBalancedAllocation" allocatableResource=[6000,7885152256] requestedResource=[100,52428800] resourceScore=99
2026-07-01 16:35:39.012 I0701 07:22:52.834289       1 schedule_one.go:745] "Plugin scored node for pod" pod="default/yolo-det-1" plugin="TaintToleration" node="gpu-orin2" score=300
2026-07-01 16:35:39.013 I0701 07:22:52.834311       1 schedule_one.go:745] "Plugin scored node for pod" pod="default/yolo-det-1" plugin="NodeAffinity" node="gpu-orin2" score=0
2026-07-01 16:35:39.014 I0701 07:22:52.834330       1 schedule_one.go:745] "Plugin scored node for pod" pod="default/yolo-det-1" plugin="NodeResourcesFit" node="gpu-orin2" score=82
2026-07-01 16:35:39.014 I0701 07:22:52.834345       1 schedule_one.go:745] "Plugin scored node for pod" pod="default/yolo-det-1" plugin="VolumeBinding" node="gpu-orin2" score=0
2026-07-01 16:35:39.015 I0701 07:22:52.834361       1 schedule_one.go:745] "Plugin scored node for pod" pod="default/yolo-det-1" plugin="NodeResourcesBalancedAllocation" node="gpu-orin2" score=99
2026-07-01 16:35:39.016 I0701 07:22:52.834374       1 schedule_one.go:745] "Plugin scored node for pod" pod="default/yolo-det-1" plugin="ImageLocality" node="gpu-orin2" score=0
2026-07-01 16:35:39.017 I0701 07:22:52.834392       1 schedule_one.go:745] "Plugin scored node for pod" pod="default/yolo-det-1" plugin="TaintToleration" node="gpuorin4-desktop" score=300
2026-07-01 16:35:39.017 I0701 07:22:52.834407       1 schedule_one.go:745] "Plugin scored node for pod" pod="default/yolo-det-1" plugin="NodeAffinity" node="gpuorin4-desktop" score=0
2026-07-01 16:35:39.018 I0701 07:22:52.834422       1 schedule_one.go:745] "Plugin scored node for pod" pod="default/yolo-det-1" plugin="NodeResourcesFit" node="gpuorin4-desktop" score=78
2026-07-01 16:35:39.019 I0701 07:22:52.834436       1 schedule_one.go:745] "Plugin scored node for pod" pod="default/yolo-det-1" plugin="VolumeBinding" node="gpuorin4-desktop" score=0
2026-07-01 16:35:39.019 I0701 07:22:52.834450       1 schedule_one.go:745] "Plugin scored node for pod" pod="default/yolo-det-1" plugin="NodeResourcesBalancedAllocation" node="gpuorin4-desktop" score=99
2026-07-01 16:35:39.020 I0701 07:22:52.834461       1 schedule_one.go:745] "Plugin scored node for pod" pod="default/yolo-det-1" plugin="ImageLocality" node="gpuorin4-desktop" score=0
2026-07-01 16:35:39.020 I0701 07:22:52.834476       1 schedule_one.go:745] "Plugin scored node for pod" pod="default/yolo-det-1" plugin="TaintToleration" node="gpu-orin3" score=300
2026-07-01 16:35:39.021 I0701 07:22:52.834489       1 schedule_one.go:745] "Plugin scored node for pod" pod="default/yolo-det-1" plugin="NodeAffinity" node="gpu-orin3" score=0
2026-07-01 16:35:39.022 I0701 07:22:52.834500       1 schedule_one.go:745] "Plugin scored node for pod" pod="default/yolo-det-1" plugin="NodeResourcesFit" node="gpu-orin3" score=84
2026-07-01 16:35:39.022 I0701 07:22:52.834512       1 schedule_one.go:745] "Plugin scored node for pod" pod="default/yolo-det-1" plugin="VolumeBinding" node="gpu-orin3" score=0
2026-07-01 16:35:39.023 I0701 07:22:52.834524       1 schedule_one.go:745] "Plugin scored node for pod" pod="default/yolo-det-1" plugin="NodeResourcesBalancedAllocation" node="gpu-orin3" score=99
2026-07-01 16:35:39.024 I0701 07:22:52.834535       1 schedule_one.go:745] "Plugin scored node for pod" pod="default/yolo-det-1" plugin="ImageLocality" node="gpu-orin3" score=0
2026-07-01 16:35:39.024 I0701 07:22:52.834551       1 schedule_one.go:745] "Plugin scored node for pod" pod="default/yolo-det-1" plugin="TaintToleration" node="gpuorin5-desktop" score=300
2026-07-01 16:35:39.025 I0701 07:22:52.834563       1 schedule_one.go:745] "Plugin scored node for pod" pod="default/yolo-det-1" plugin="NodeAffinity" node="gpuorin5-desktop" score=0
2026-07-01 16:35:39.026 I0701 07:22:52.834575       1 schedule_one.go:745] "Plugin scored node for pod" pod="default/yolo-det-1" plugin="NodeResourcesFit" node="gpuorin5-desktop" score=84
2026-07-01 16:35:39.026 I0701 07:22:52.834590       1 schedule_one.go:745] "Plugin scored node for pod" pod="default/yolo-det-1" plugin="VolumeBinding" node="gpuorin5-desktop" score=0
2026-07-01 16:35:39.027 I0701 07:22:52.834602       1 schedule_one.go:745] "Plugin scored node for pod" pod="default/yolo-det-1" plugin="NodeResourcesBalancedAllocation" node="gpuorin5-desktop" score=99
2026-07-01 16:35:39.027 I0701 07:22:52.834617       1 schedule_one.go:745] "Plugin scored node for pod" pod="default/yolo-det-1" plugin="ImageLocality" node="gpuorin5-desktop" score=0
2026-07-01 16:35:39.028 I0701 07:22:52.834635       1 schedule_one.go:812] "Calculated node's final score for pod" pod="default/yolo-det-1" node="gpu-orin2" score=481
2026-07-01 16:35:39.029 I0701 07:22:52.834649       1 schedule_one.go:812] "Calculated node's final score for pod" pod="default/yolo-det-1" node="gpuorin4-desktop" score=477
2026-07-01 16:35:39.029 I0701 07:22:52.834662       1 schedule_one.go:812] "Calculated node's final score for pod" pod="default/yolo-det-1" node="gpu-orin3" score=483
2026-07-01 16:35:39.030 I0701 07:22:52.834674       1 schedule_one.go:812] "Calculated node's final score for pod" pod="default/yolo-det-1" node="gpuorin5-desktop" score=483
2026-07-01 16:35:39.031 I0701 07:22:57.013135       1 resource_allocation.go:76] "Listed internal info for allocatable resources, requested resources and score" pod="default/yolo-seg-1" node="gpu-orin3" resourceAllocationScorer="LeastAllocated" allocatableResource=[6000,7885152256] requestedResource=[700,1468006400] resourceScore=84
2026-07-01 16:35:39.031 I0701 07:22:57.013180       1 resource_allocation.go:76] "Listed internal info for allocatable resources, requested resources and score" pod="default/yolo-seg-1" node="gpu-orin3" resourceAllocationScorer="NodeResourcesBalancedAllocation" allocatableResource=[6000,7885152256] requestedResource=[100,52428800] resourceScore=99
2026-07-01 16:35:39.032 I0701 07:22:57.013257       1 resource_allocation.go:76] "Listed internal info for allocatable resources, requested resources and score" pod="default/yolo-seg-1" node="gpu-orin2" resourceAllocationScorer="LeastAllocated" allocatableResource=[6000,7885127680] requestedResource=[800,1677721600] resourceScore=82
2026-07-01 16:35:39.033 I0701 07:22:57.013262       1 resource_allocation.go:76] "Listed internal info for allocatable resources, requested resources and score" pod="default/yolo-seg-1" node="gpuorin4-desktop" resourceAllocationScorer="LeastAllocated" allocatableResource=[6000,7885250560] requestedResource=[1000,2097152000] resourceScore=78
2026-07-01 16:35:39.034 I0701 07:22:57.013300       1 resource_allocation.go:76] "Listed internal info for allocatable resources, requested resources and score" pod="default/yolo-seg-1" node="gpu-orin2" resourceAllocationScorer="NodeResourcesBalancedAllocation" allocatableResource=[6000,7885127680] requestedResource=[100,52428800] resourceScore=99
2026-07-01 16:35:39.034 I0701 07:22:57.013335       1 resource_allocation.go:76] "Listed internal info for allocatable resources, requested resources and score" pod="default/yolo-seg-1" node="gpuorin4-desktop" resourceAllocationScorer="NodeResourcesBalancedAllocation" allocatableResource=[6000,7885250560] requestedResource=[100,52428800] resourceScore=99
2026-07-01 16:35:39.035 I0701 07:22:57.013263       1 resource_allocation.go:76] "Listed internal info for allocatable resources, requested resources and score" pod="default/yolo-seg-1" node="gpuorin5-desktop" resourceAllocationScorer="LeastAllocated" allocatableResource=[6000,7885127680] requestedResource=[800,1677721600] resourceScore=82
2026-07-01 16:35:39.036 I0701 07:22:57.013394       1 resource_allocation.go:76] "Listed internal info for allocatable resources, requested resources and score" pod="default/yolo-seg-1" node="gpuorin5-desktop" resourceAllocationScorer="NodeResourcesBalancedAllocation" allocatableResource=[6000,7885127680] requestedResource=[100,52428800] resourceScore=99
2026-07-01 16:35:39.036 I0701 07:22:57.013548       1 schedule_one.go:745] "Plugin scored node for pod" pod="default/yolo-seg-1" plugin="TaintToleration" node="gpu-orin3" score=300
2026-07-01 16:35:39.037 I0701 07:22:57.013600       1 schedule_one.go:745] "Plugin scored node for pod" pod="default/yolo-seg-1" plugin="NodeAffinity" node="gpu-orin3" score=0
2026-07-01 16:35:39.038 I0701 07:22:57.013617       1 schedule_one.go:745] "Plugin scored node for pod" pod="default/yolo-seg-1" plugin="NodeResourcesFit" node="gpu-orin3" score=84
2026-07-01 16:35:39.038 I0701 07:22:57.013630       1 schedule_one.go:745] "Plugin scored node for pod" pod="default/yolo-seg-1" plugin="VolumeBinding" node="gpu-orin3" score=0
2026-07-01 16:35:39.039 I0701 07:22:57.013643       1 schedule_one.go:745] "Plugin scored node for pod" pod="default/yolo-seg-1" plugin="NodeResourcesBalancedAllocation" node="gpu-orin3" score=99
2026-07-01 16:35:39.040 I0701 07:22:57.013656       1 schedule_one.go:745] "Plugin scored node for pod" pod="default/yolo-seg-1" plugin="ImageLocality" node="gpu-orin3" score=0
2026-07-01 16:35:39.040 I0701 07:22:57.013669       1 schedule_one.go:745] "Plugin scored node for pod" pod="default/yolo-seg-1" plugin="TaintToleration" node="gpuorin4-desktop" score=300
2026-07-01 16:35:39.041 I0701 07:22:57.013685       1 schedule_one.go:745] "Plugin scored node for pod" pod="default/yolo-seg-1" plugin="NodeAffinity" node="gpuorin4-desktop" score=0
2026-07-01 16:35:39.042 I0701 07:22:57.013696       1 schedule_one.go:745] "Plugin scored node for pod" pod="default/yolo-seg-1" plugin="NodeResourcesFit" node="gpuorin4-desktop" score=78
2026-07-01 16:35:39.042 I0701 07:22:57.013708       1 schedule_one.go:745] "Plugin scored node for pod" pod="default/yolo-seg-1" plugin="VolumeBinding" node="gpuorin4-desktop" score=0
2026-07-01 16:35:39.043 I0701 07:22:57.013725       1 schedule_one.go:745] "Plugin scored node for pod" pod="default/yolo-seg-1" plugin="NodeResourcesBalancedAllocation" node="gpuorin4-desktop" score=99
2026-07-01 16:35:39.043 I0701 07:22:57.013737       1 schedule_one.go:745] "Plugin scored node for pod" pod="default/yolo-seg-1" plugin="ImageLocality" node="gpuorin4-desktop" score=0
2026-07-01 16:35:39.044 I0701 07:22:57.013749       1 schedule_one.go:745] "Plugin scored node for pod" pod="default/yolo-seg-1" plugin="TaintToleration" node="gpu-orin2" score=300
2026-07-01 16:35:39.045 I0701 07:22:57.013761       1 schedule_one.go:745] "Plugin scored node for pod" pod="default/yolo-seg-1" plugin="NodeAffinity" node="gpu-orin2" score=0
2026-07-01 16:35:39.045 I0701 07:22:57.013788       1 schedule_one.go:745] "Plugin scored node for pod" pod="default/yolo-seg-1" plugin="NodeResourcesFit" node="gpu-orin2" score=82
2026-07-01 16:35:39.046 I0701 07:22:57.013803       1 schedule_one.go:745] "Plugin scored node for pod" pod="default/yolo-seg-1" plugin="VolumeBinding" node="gpu-orin2" score=0
2026-07-01 16:35:39.047 I0701 07:22:57.013815       1 schedule_one.go:745] "Plugin scored node for pod" pod="default/yolo-seg-1" plugin="NodeResourcesBalancedAllocation" node="gpu-orin2" score=99
2026-07-01 16:35:39.047 I0701 07:22:57.013827       1 schedule_one.go:745] "Plugin scored node for pod" pod="default/yolo-seg-1" plugin="ImageLocality" node="gpu-orin2" score=0
2026-07-01 16:35:39.048 I0701 07:22:57.013841       1 schedule_one.go:745] "Plugin scored node for pod" pod="default/yolo-seg-1" plugin="TaintToleration" node="gpuorin5-desktop" score=300
2026-07-01 16:35:39.048 I0701 07:22:57.013853       1 schedule_one.go:745] "Plugin scored node for pod" pod="default/yolo-seg-1" plugin="NodeAffinity" node="gpuorin5-desktop" score=0
2026-07-01 16:35:39.049 I0701 07:22:57.013866       1 schedule_one.go:745] "Plugin scored node for pod" pod="default/yolo-seg-1" plugin="NodeResourcesFit" node="gpuorin5-desktop" score=82
2026-07-01 16:35:39.050 I0701 07:22:57.013878       1 schedule_one.go:745] "Plugin scored node for pod" pod="default/yolo-seg-1" plugin="VolumeBinding" node="gpuorin5-desktop" score=0
2026-07-01 16:35:39.050 I0701 07:22:57.013892       1 schedule_one.go:745] "Plugin scored node for pod" pod="default/yolo-seg-1" plugin="NodeResourcesBalancedAllocation" node="gpuorin5-desktop" score=99
2026-07-01 16:35:39.051 I0701 07:22:57.013907       1 schedule_one.go:745] "Plugin scored node for pod" pod="default/yolo-seg-1" plugin="ImageLocality" node="gpuorin5-desktop" score=0
2026-07-01 16:35:39.052 I0701 07:22:57.013924       1 schedule_one.go:812] "Calculated node's final score for pod" pod="default/yolo-seg-1" node="gpu-orin3" score=483
2026-07-01 16:35:39.052 I0701 07:22:57.013939       1 schedule_one.go:812] "Calculated node's final score for pod" pod="default/yolo-seg-1" node="gpuorin4-desktop" score=477
2026-07-01 16:35:39.053 I0701 07:22:57.013953       1 schedule_one.go:812] "Calculated node's final score for pod" pod="default/yolo-seg-1" node="gpu-orin2" score=481
2026-07-01 16:35:39.054 I0701 07:22:57.013967       1 schedule_one.go:812] "Calculated node's final score for pod" pod="default/yolo-seg-1" node="gpuorin5-desktop" score=481
2026-07-01 16:35:39.054 I0701 07:23:01.368510       1 resource_allocation.go:76] "Listed internal info for allocatable resources, requested resources and score" pod="default/yolo-obb-1" node="gpu-orin2" resourceAllocationScorer="LeastAllocated" allocatableResource=[6000,7885127680] requestedResource=[800,1677721600] resourceScore=82
2026-07-01 16:35:39.055 I0701 07:23:01.368544       1 resource_allocation.go:76] "Listed internal info for allocatable resources, requested resources and score" pod="default/yolo-obb-1" node="gpu-orin2" resourceAllocationScorer="NodeResourcesBalancedAllocation" allocatableResource=[6000,7885127680] requestedResource=[100,52428800] resourceScore=99
2026-07-01 16:35:39.056 I0701 07:23:01.368576       1 resource_allocation.go:76] "Listed internal info for allocatable resources, requested resources and score" pod="default/yolo-obb-1" node="gpuorin4-desktop" resourceAllocationScorer="LeastAllocated" allocatableResource=[6000,7885250560] requestedResource=[1000,2097152000] resourceScore=78
2026-07-01 16:35:39.056 I0701 07:23:01.368608       1 resource_allocation.go:76] "Listed internal info for allocatable resources, requested resources and score" pod="default/yolo-obb-1" node="gpuorin4-desktop" resourceAllocationScorer="NodeResourcesBalancedAllocation" allocatableResource=[6000,7885250560] requestedResource=[100,52428800] resourceScore=99
2026-07-01 16:35:39.057 I0701 07:23:01.368636       1 resource_allocation.go:76] "Listed internal info for allocatable resources, requested resources and score" pod="default/yolo-obb-1" node="gpu-orin3" resourceAllocationScorer="LeastAllocated" allocatableResource=[6000,7885152256] requestedResource=[800,1677721600] resourceScore=82
2026-07-01 16:35:39.058 I0701 07:23:01.368666       1 resource_allocation.go:76] "Listed internal info for allocatable resources, requested resources and score" pod="default/yolo-obb-1" node="gpu-orin3" resourceAllocationScorer="NodeResourcesBalancedAllocation" allocatableResource=[6000,7885152256] requestedResource=[100,52428800] resourceScore=99
2026-07-01 16:35:39.059 I0701 07:23:01.368693       1 resource_allocation.go:76] "Listed internal info for allocatable resources, requested resources and score" pod="default/yolo-obb-1" node="gpuorin5-desktop" resourceAllocationScorer="LeastAllocated" allocatableResource=[6000,7885127680] requestedResource=[800,1677721600] resourceScore=82
2026-07-01 16:35:39.059 I0701 07:23:01.368716       1 resource_allocation.go:76] "Listed internal info for allocatable resources, requested resources and score" pod="default/yolo-obb-1" node="gpuorin5-desktop" resourceAllocationScorer="NodeResourcesBalancedAllocation" allocatableResource=[6000,7885127680] requestedResource=[100,52428800] resourceScore=99
2026-07-01 16:35:39.060 I0701 07:23:01.368812       1 schedule_one.go:745] "Plugin scored node for pod" pod="default/yolo-obb-1" plugin="TaintToleration" node="gpu-orin2" score=300
2026-07-01 16:35:39.061 I0701 07:23:01.368832       1 schedule_one.go:745] "Plugin scored node for pod" pod="default/yolo-obb-1" plugin="NodeAffinity" node="gpu-orin2" score=0
2026-07-01 16:35:39.061 I0701 07:23:01.368857       1 schedule_one.go:745] "Plugin scored node for pod" pod="default/yolo-obb-1" plugin="NodeResourcesFit" node="gpu-orin2" score=82
2026-07-01 16:35:39.062 I0701 07:23:01.368871       1 schedule_one.go:745] "Plugin scored node for pod" pod="default/yolo-obb-1" plugin="VolumeBinding" node="gpu-orin2" score=0
2026-07-01 16:35:39.062 I0701 07:23:01.368884       1 schedule_one.go:745] "Plugin scored node for pod" pod="default/yolo-obb-1" plugin="NodeResourcesBalancedAllocation" node="gpu-orin2" score=99
2026-07-01 16:35:39.063 I0701 07:23:01.368897       1 schedule_one.go:745] "Plugin scored node for pod" pod="default/yolo-obb-1" plugin="ImageLocality" node="gpu-orin2" score=0
2026-07-01 16:35:39.064 I0701 07:23:01.368912       1 schedule_one.go:745] "Plugin scored node for pod" pod="default/yolo-obb-1" plugin="TaintToleration" node="gpuorin4-desktop" score=300
2026-07-01 16:35:39.064 I0701 07:23:01.368928       1 schedule_one.go:745] "Plugin scored node for pod" pod="default/yolo-obb-1" plugin="NodeAffinity" node="gpuorin4-desktop" score=0
2026-07-01 16:35:39.065 I0701 07:23:01.368940       1 schedule_one.go:745] "Plugin scored node for pod" pod="default/yolo-obb-1" plugin="NodeResourcesFit" node="gpuorin4-desktop" score=78
2026-07-01 16:35:39.066 I0701 07:23:01.368952       1 schedule_one.go:745] "Plugin scored node for pod" pod="default/yolo-obb-1" plugin="VolumeBinding" node="gpuorin4-desktop" score=0
2026-07-01 16:35:39.066 I0701 07:23:01.368965       1 schedule_one.go:745] "Plugin scored node for pod" pod="default/yolo-obb-1" plugin="NodeResourcesBalancedAllocation" node="gpuorin4-desktop" score=99
2026-07-01 16:35:39.067 I0701 07:23:01.368976       1 schedule_one.go:745] "Plugin scored node for pod" pod="default/yolo-obb-1" plugin="ImageLocality" node="gpuorin4-desktop" score=0
2026-07-01 16:35:39.068 I0701 07:23:01.368988       1 schedule_one.go:745] "Plugin scored node for pod" pod="default/yolo-obb-1" plugin="TaintToleration" node="gpu-orin3" score=300
2026-07-01 16:35:39.068 I0701 07:23:01.368999       1 schedule_one.go:745] "Plugin scored node for pod" pod="default/yolo-obb-1" plugin="NodeAffinity" node="gpu-orin3" score=0
2026-07-01 16:35:39.069 I0701 07:23:01.369017       1 schedule_one.go:745] "Plugin scored node for pod" pod="default/yolo-obb-1" plugin="NodeResourcesFit" node="gpu-orin3" score=82
2026-07-01 16:35:39.069 I0701 07:23:01.369028       1 schedule_one.go:745] "Plugin scored node for pod" pod="default/yolo-obb-1" plugin="VolumeBinding" node="gpu-orin3" score=0
2026-07-01 16:35:39.070 I0701 07:23:01.369040       1 schedule_one.go:745] "Plugin scored node for pod" pod="default/yolo-obb-1" plugin="NodeResourcesBalancedAllocation" node="gpu-orin3" score=99
2026-07-01 16:35:39.071 I0701 07:23:01.369052       1 schedule_one.go:745] "Plugin scored node for pod" pod="default/yolo-obb-1" plugin="ImageLocality" node="gpu-orin3" score=0
2026-07-01 16:35:39.071 I0701 07:23:01.369065       1 schedule_one.go:745] "Plugin scored node for pod" pod="default/yolo-obb-1" plugin="TaintToleration" node="gpuorin5-desktop" score=300
2026-07-01 16:35:39.072 I0701 07:23:01.369076       1 schedule_one.go:745] "Plugin scored node for pod" pod="default/yolo-obb-1" plugin="NodeAffinity" node="gpuorin5-desktop" score=0
2026-07-01 16:35:39.073 I0701 07:23:01.369088       1 schedule_one.go:745] "Plugin scored node for pod" pod="default/yolo-obb-1" plugin="NodeResourcesFit" node="gpuorin5-desktop" score=82
2026-07-01 16:35:39.073 I0701 07:23:01.369103       1 schedule_one.go:745] "Plugin scored node for pod" pod="default/yolo-obb-1" plugin="VolumeBinding" node="gpuorin5-desktop" score=0
2026-07-01 16:35:39.074 I0701 07:23:01.369115       1 schedule_one.go:745] "Plugin scored node for pod" pod="default/yolo-obb-1" plugin="NodeResourcesBalancedAllocation" node="gpuorin5-desktop" score=99
2026-07-01 16:35:39.074 I0701 07:23:01.369132       1 schedule_one.go:745] "Plugin scored node for pod" pod="default/yolo-obb-1" plugin="ImageLocality" node="gpuorin5-desktop" score=0
2026-07-01 16:35:39.075 I0701 07:23:01.369148       1 schedule_one.go:812] "Calculated node's final score for pod" pod="default/yolo-obb-1" node="gpu-orin2" score=481
2026-07-01 16:35:39.076 I0701 07:23:01.369163       1 schedule_one.go:812] "Calculated node's final score for pod" pod="default/yolo-obb-1" node="gpuorin4-desktop" score=477
2026-07-01 16:35:39.076 I0701 07:23:01.369176       1 schedule_one.go:812] "Calculated node's final score for pod" pod="default/yolo-obb-1" node="gpu-orin3" score=481
2026-07-01 16:35:39.077 I0701 07:23:01.369190       1 schedule_one.go:812] "Calculated node's final score for pod" pod="default/yolo-obb-1" node="gpuorin5-desktop" score=481
2026-07-01 16:35:39.077 I0701 07:23:05.846983       1 resource_allocation.go:76] "Listed internal info for allocatable resources, requested resources and score" pod="default/yolo-pos-1" node="gpu-orin3" resourceAllocationScorer="LeastAllocated" allocatableResource=[6000,7885152256] requestedResource=[800,1677721600] resourceScore=82
2026-07-01 16:35:39.078 I0701 07:23:05.847024       1 resource_allocation.go:76] "Listed internal info for allocatable resources, requested resources and score" pod="default/yolo-pos-1" node="gpu-orin3" resourceAllocationScorer="NodeResourcesBalancedAllocation" allocatableResource=[6000,7885152256] requestedResource=[100,52428800] resourceScore=99
2026-07-01 16:35:39.079 I0701 07:23:05.847061       1 resource_allocation.go:76] "Listed internal info for allocatable resources, requested resources and score" pod="default/yolo-pos-1" node="gpuorin4-desktop" resourceAllocationScorer="LeastAllocated" allocatableResource=[6000,7885250560] requestedResource=[1000,2097152000] resourceScore=78
2026-07-01 16:35:39.080 I0701 07:23:05.847090       1 resource_allocation.go:76] "Listed internal info for allocatable resources, requested resources and score" pod="default/yolo-pos-1" node="gpuorin4-desktop" resourceAllocationScorer="NodeResourcesBalancedAllocation" allocatableResource=[6000,7885250560] requestedResource=[100,52428800] resourceScore=99
2026-07-01 16:35:39.080 I0701 07:23:05.847110       1 resource_allocation.go:76] "Listed internal info for allocatable resources, requested resources and score" pod="default/yolo-pos-1" node="gpu-orin2" resourceAllocationScorer="LeastAllocated" allocatableResource=[6000,7885127680] requestedResource=[900,1887436800] resourceScore=80
2026-07-01 16:35:39.081 I0701 07:23:05.847141       1 resource_allocation.go:76] "Listed internal info for allocatable resources, requested resources and score" pod="default/yolo-pos-1" node="gpu-orin2" resourceAllocationScorer="NodeResourcesBalancedAllocation" allocatableResource=[6000,7885127680] requestedResource=[100,52428800] resourceScore=99
2026-07-01 16:35:39.082 I0701 07:23:05.847181       1 resource_allocation.go:76] "Listed internal info for allocatable resources, requested resources and score" pod="default/yolo-pos-1" node="gpuorin5-desktop" resourceAllocationScorer="LeastAllocated" allocatableResource=[6000,7885127680] requestedResource=[800,1677721600] resourceScore=82
2026-07-01 16:35:39.083 I0701 07:23:05.847236       1 resource_allocation.go:76] "Listed internal info for allocatable resources, requested resources and score" pod="default/yolo-pos-1" node="gpuorin5-desktop" resourceAllocationScorer="NodeResourcesBalancedAllocation" allocatableResource=[6000,7885127680] requestedResource=[100,52428800] resourceScore=99
2026-07-01 16:35:39.083 I0701 07:23:05.847416       1 schedule_one.go:745] "Plugin scored node for pod" pod="default/yolo-pos-1" plugin="TaintToleration" node="gpu-orin3" score=300
2026-07-01 16:35:39.084 I0701 07:23:05.847447       1 schedule_one.go:745] "Plugin scored node for pod" pod="default/yolo-pos-1" plugin="NodeAffinity" node="gpu-orin3" score=0
2026-07-01 16:35:39.085 I0701 07:23:05.847463       1 schedule_one.go:745] "Plugin scored node for pod" pod="default/yolo-pos-1" plugin="NodeResourcesFit" node="gpu-orin3" score=82
2026-07-01 16:35:39.086 I0701 07:23:05.847478       1 schedule_one.go:745] "Plugin scored node for pod" pod="default/yolo-pos-1" plugin="VolumeBinding" node="gpu-orin3" score=0
2026-07-01 16:35:39.086 I0701 07:23:05.847492       1 schedule_one.go:745] "Plugin scored node for pod" pod="default/yolo-pos-1" plugin="NodeResourcesBalancedAllocation" node="gpu-orin3" score=99
2026-07-01 16:35:39.087 I0701 07:23:05.847507       1 schedule_one.go:745] "Plugin scored node for pod" pod="default/yolo-pos-1" plugin="ImageLocality" node="gpu-orin3" score=0
2026-07-01 16:35:39.088 I0701 07:23:05.847521       1 schedule_one.go:745] "Plugin scored node for pod" pod="default/yolo-pos-1" plugin="TaintToleration" node="gpu-orin2" score=300
2026-07-01 16:35:39.088 I0701 07:23:05.847591       1 schedule_one.go:745] "Plugin scored node for pod" pod="default/yolo-pos-1" plugin="NodeAffinity" node="gpu-orin2" score=0
2026-07-01 16:35:39.089 I0701 07:23:05.847613       1 schedule_one.go:745] "Plugin scored node for pod" pod="default/yolo-pos-1" plugin="NodeResourcesFit" node="gpu-orin2" score=80
2026-07-01 16:35:39.089 I0701 07:23:05.847627       1 schedule_one.go:745] "Plugin scored node for pod" pod="default/yolo-pos-1" plugin="VolumeBinding" node="gpu-orin2" score=0
2026-07-01 16:35:39.090 I0701 07:23:05.847642       1 schedule_one.go:745] "Plugin scored node for pod" pod="default/yolo-pos-1" plugin="NodeResourcesBalancedAllocation" node="gpu-orin2" score=99
2026-07-01 16:35:39.091 I0701 07:23:05.847658       1 schedule_one.go:745] "Plugin scored node for pod" pod="default/yolo-pos-1" plugin="ImageLocality" node="gpu-orin2" score=0
2026-07-01 16:35:39.091 I0701 07:23:05.847672       1 schedule_one.go:745] "Plugin scored node for pod" pod="default/yolo-pos-1" plugin="TaintToleration" node="gpuorin4-desktop" score=300
2026-07-01 16:35:39.092 I0701 07:23:05.847689       1 schedule_one.go:745] "Plugin scored node for pod" pod="default/yolo-pos-1" plugin="NodeAffinity" node="gpuorin4-desktop" score=0
2026-07-01 16:35:39.093 I0701 07:23:05.847700       1 schedule_one.go:745] "Plugin scored node for pod" pod="default/yolo-pos-1" plugin="NodeResourcesFit" node="gpuorin4-desktop" score=78
2026-07-01 16:35:39.093 I0701 07:23:05.847714       1 schedule_one.go:745] "Plugin scored node for pod" pod="default/yolo-pos-1" plugin="VolumeBinding" node="gpuorin4-desktop" score=0
2026-07-01 16:35:39.094 I0701 07:23:05.847726       1 schedule_one.go:745] "Plugin scored node for pod" pod="default/yolo-pos-1" plugin="NodeResourcesBalancedAllocation" node="gpuorin4-desktop" score=99
2026-07-01 16:35:39.095 I0701 07:23:05.847793       1 schedule_one.go:745] "Plugin scored node for pod" pod="default/yolo-pos-1" plugin="ImageLocality" node="gpuorin4-desktop" score=0
2026-07-01 16:35:39.095 I0701 07:23:05.847816       1 schedule_one.go:745] "Plugin scored node for pod" pod="default/yolo-pos-1" plugin="TaintToleration" node="gpuorin5-desktop" score=300
2026-07-01 16:35:39.096 I0701 07:23:05.847825       1 schedule_one.go:745] "Plugin scored node for pod" pod="default/yolo-pos-1" plugin="NodeAffinity" node="gpuorin5-desktop" score=0
2026-07-01 16:35:39.097 I0701 07:23:05.847834       1 schedule_one.go:745] "Plugin scored node for pod" pod="default/yolo-pos-1" plugin="NodeResourcesFit" node="gpuorin5-desktop" score=82
2026-07-01 16:35:39.097 I0701 07:23:05.847841       1 schedule_one.go:745] "Plugin scored node for pod" pod="default/yolo-pos-1" plugin="VolumeBinding" node="gpuorin5-desktop" score=0
2026-07-01 16:35:39.098 I0701 07:23:05.847850       1 schedule_one.go:745] "Plugin scored node for pod" pod="default/yolo-pos-1" plugin="NodeResourcesBalancedAllocation" node="gpuorin5-desktop" score=99
2026-07-01 16:35:39.098 I0701 07:23:05.847858       1 schedule_one.go:745] "Plugin scored node for pod" pod="default/yolo-pos-1" plugin="ImageLocality" node="gpuorin5-desktop" score=0
2026-07-01 16:35:39.099 I0701 07:23:05.847872       1 schedule_one.go:812] "Calculated node's final score for pod" pod="default/yolo-pos-1" node="gpu-orin3" score=481
2026-07-01 16:35:39.100 I0701 07:23:05.847884       1 schedule_one.go:812] "Calculated node's final score for pod" pod="default/yolo-pos-1" node="gpu-orin2" score=479
2026-07-01 16:35:39.100 I0701 07:23:05.847900       1 schedule_one.go:812] "Calculated node's final score for pod" pod="default/yolo-pos-1" node="gpuorin4-desktop" score=477
2026-07-01 16:35:39.101 I0701 07:23:05.847911       1 schedule_one.go:812] "Calculated node's final score for pod" pod="default/yolo-pos-1" node="gpuorin5-desktop" score=481
2026-07-01 16:35:39.102 I0701 07:23:10.546417       1 resource_allocation.go:76] "Listed internal info for allocatable resources, requested resources and score" pod="default/yolo-cls-2" node="gpu-orin2" resourceAllocationScorer="LeastAllocated" allocatableResource=[6000,7885127680] requestedResource=[900,1887436800] resourceScore=80
2026-07-01 16:35:39.102 I0701 07:23:10.546452       1 resource_allocation.go:76] "Listed internal info for allocatable resources, requested resources and score" pod="default/yolo-cls-2" node="gpu-orin2" resourceAllocationScorer="NodeResourcesBalancedAllocation" allocatableResource=[6000,7885127680] requestedResource=[100,52428800] resourceScore=99
2026-07-01 16:35:39.103 I0701 07:23:10.546477       1 resource_allocation.go:76] "Listed internal info for allocatable resources, requested resources and score" pod="default/yolo-cls-2" node="gpuorin4-desktop" resourceAllocationScorer="LeastAllocated" allocatableResource=[6000,7885250560] requestedResource=[1000,2097152000] resourceScore=78
2026-07-01 16:35:39.104 I0701 07:23:10.546534       1 resource_allocation.go:76] "Listed internal info for allocatable resources, requested resources and score" pod="default/yolo-cls-2" node="gpuorin4-desktop" resourceAllocationScorer="NodeResourcesBalancedAllocation" allocatableResource=[6000,7885250560] requestedResource=[100,52428800] resourceScore=99
2026-07-01 16:35:39.104 I0701 07:23:10.546491       1 resource_allocation.go:76] "Listed internal info for allocatable resources, requested resources and score" pod="default/yolo-cls-2" node="gpuorin5-desktop" resourceAllocationScorer="LeastAllocated" allocatableResource=[6000,7885127680] requestedResource=[800,1677721600] resourceScore=82
2026-07-01 16:35:39.105 I0701 07:23:10.546566       1 resource_allocation.go:76] "Listed internal info for allocatable resources, requested resources and score" pod="default/yolo-cls-2" node="gpu-orin3" resourceAllocationScorer="LeastAllocated" allocatableResource=[6000,7885152256] requestedResource=[900,1887436800] resourceScore=80
2026-07-01 16:35:39.106 I0701 07:23:10.546593       1 resource_allocation.go:76] "Listed internal info for allocatable resources, requested resources and score" pod="default/yolo-cls-2" node="gpuorin5-desktop" resourceAllocationScorer="NodeResourcesBalancedAllocation" allocatableResource=[6000,7885127680] requestedResource=[100,52428800] resourceScore=99
2026-07-01 16:35:39.107 I0701 07:23:10.546609       1 resource_allocation.go:76] "Listed internal info for allocatable resources, requested resources and score" pod="default/yolo-cls-2" node="gpu-orin3" resourceAllocationScorer="NodeResourcesBalancedAllocation" allocatableResource=[6000,7885152256] requestedResource=[100,52428800] resourceScore=99
2026-07-01 16:35:39.107 I0701 07:23:10.546789       1 schedule_one.go:745] "Plugin scored node for pod" pod="default/yolo-cls-2" plugin="TaintToleration" node="gpu-orin2" score=300
2026-07-01 16:35:39.108 I0701 07:23:10.546816       1 schedule_one.go:745] "Plugin scored node for pod" pod="default/yolo-cls-2" plugin="NodeAffinity" node="gpu-orin2" score=0
2026-07-01 16:35:39.108 I0701 07:23:10.546830       1 schedule_one.go:745] "Plugin scored node for pod" pod="default/yolo-cls-2" plugin="NodeResourcesFit" node="gpu-orin2" score=80
2026-07-01 16:35:39.109 I0701 07:23:10.546841       1 schedule_one.go:745] "Plugin scored node for pod" pod="default/yolo-cls-2" plugin="VolumeBinding" node="gpu-orin2" score=0
2026-07-01 16:35:39.110 I0701 07:23:10.546852       1 schedule_one.go:745] "Plugin scored node for pod" pod="default/yolo-cls-2" plugin="NodeResourcesBalancedAllocation" node="gpu-orin2" score=99
2026-07-01 16:35:39.111 I0701 07:23:10.546862       1 schedule_one.go:745] "Plugin scored node for pod" pod="default/yolo-cls-2" plugin="ImageLocality" node="gpu-orin2" score=0
2026-07-01 16:35:39.111 I0701 07:23:10.546877       1 schedule_one.go:745] "Plugin scored node for pod" pod="default/yolo-cls-2" plugin="TaintToleration" node="gpuorin4-desktop" score=300
2026-07-01 16:35:39.112 I0701 07:23:10.546887       1 schedule_one.go:745] "Plugin scored node for pod" pod="default/yolo-cls-2" plugin="NodeAffinity" node="gpuorin4-desktop" score=0
2026-07-01 16:35:39.112 I0701 07:23:10.546897       1 schedule_one.go:745] "Plugin scored node for pod" pod="default/yolo-cls-2" plugin="NodeResourcesFit" node="gpuorin4-desktop" score=78
2026-07-01 16:35:39.113 I0701 07:23:10.546906       1 schedule_one.go:745] "Plugin scored node for pod" pod="default/yolo-cls-2" plugin="VolumeBinding" node="gpuorin4-desktop" score=0
2026-07-01 16:35:39.114 I0701 07:23:10.546917       1 schedule_one.go:745] "Plugin scored node for pod" pod="default/yolo-cls-2" plugin="NodeResourcesBalancedAllocation" node="gpuorin4-desktop" score=99
2026-07-01 16:35:39.114 I0701 07:23:10.546930       1 schedule_one.go:745] "Plugin scored node for pod" pod="default/yolo-cls-2" plugin="ImageLocality" node="gpuorin4-desktop" score=0
2026-07-01 16:35:39.115 I0701 07:23:10.546941       1 schedule_one.go:745] "Plugin scored node for pod" pod="default/yolo-cls-2" plugin="TaintToleration" node="gpuorin5-desktop" score=300
2026-07-01 16:35:39.116 I0701 07:23:10.546950       1 schedule_one.go:745] "Plugin scored node for pod" pod="default/yolo-cls-2" plugin="NodeAffinity" node="gpuorin5-desktop" score=0
2026-07-01 16:35:39.117 I0701 07:23:10.546962       1 schedule_one.go:745] "Plugin scored node for pod" pod="default/yolo-cls-2" plugin="NodeResourcesFit" node="gpuorin5-desktop" score=82
2026-07-01 16:35:39.117 I0701 07:23:10.546971       1 schedule_one.go:745] "Plugin scored node for pod" pod="default/yolo-cls-2" plugin="VolumeBinding" node="gpuorin5-desktop" score=0
2026-07-01 16:35:39.118 I0701 07:23:10.546982       1 schedule_one.go:745] "Plugin scored node for pod" pod="default/yolo-cls-2" plugin="NodeResourcesBalancedAllocation" node="gpuorin5-desktop" score=99
2026-07-01 16:35:39.118 I0701 07:23:10.546992       1 schedule_one.go:745] "Plugin scored node for pod" pod="default/yolo-cls-2" plugin="ImageLocality" node="gpuorin5-desktop" score=0
2026-07-01 16:35:39.119 I0701 07:23:10.547002       1 schedule_one.go:745] "Plugin scored node for pod" pod="default/yolo-cls-2" plugin="TaintToleration" node="gpu-orin3" score=300
2026-07-01 16:35:39.120 I0701 07:23:10.547011       1 schedule_one.go:745] "Plugin scored node for pod" pod="default/yolo-cls-2" plugin="NodeAffinity" node="gpu-orin3" score=0
2026-07-01 16:35:39.120 I0701 07:23:10.547020       1 schedule_one.go:745] "Plugin scored node for pod" pod="default/yolo-cls-2" plugin="NodeResourcesFit" node="gpu-orin3" score=80
2026-07-01 16:35:39.121 I0701 07:23:10.547029       1 schedule_one.go:745] "Plugin scored node for pod" pod="default/yolo-cls-2" plugin="VolumeBinding" node="gpu-orin3" score=0
2026-07-01 16:35:39.122 I0701 07:23:10.547039       1 schedule_one.go:745] "Plugin scored node for pod" pod="default/yolo-cls-2" plugin="NodeResourcesBalancedAllocation" node="gpu-orin3" score=99
2026-07-01 16:35:39.122 I0701 07:23:10.547051       1 schedule_one.go:745] "Plugin scored node for pod" pod="default/yolo-cls-2" plugin="ImageLocality" node="gpu-orin3" score=0
2026-07-01 16:35:39.123 I0701 07:23:10.547067       1 schedule_one.go:812] "Calculated node's final score for pod" pod="default/yolo-cls-2" node="gpu-orin2" score=479
2026-07-01 16:35:39.124 I0701 07:23:10.547080       1 schedule_one.go:812] "Calculated node's final score for pod" pod="default/yolo-cls-2" node="gpuorin4-desktop" score=477
2026-07-01 16:35:39.124 I0701 07:23:10.547091       1 schedule_one.go:812] "Calculated node's final score for pod" pod="default/yolo-cls-2" node="gpuorin5-desktop" score=481
2026-07-01 16:35:39.125 I0701 07:23:10.547108       1 schedule_one.go:812] "Calculated node's final score for pod" pod="default/yolo-cls-2" node="gpu-orin3" score=479
2026-07-01 16:35:39.125 I0701 07:23:14.287831       1 resource_allocation.go:76] "Listed internal info for allocatable resources, requested resources and score" pod="default/yolo-det-2" node="gpu-orin2" resourceAllocationScorer="LeastAllocated" allocatableResource=[6000,7885127680] requestedResource=[900,1887436800] resourceScore=80
2026-07-01 16:35:39.126 I0701 07:23:14.287869       1 resource_allocation.go:76] "Listed internal info for allocatable resources, requested resources and score" pod="default/yolo-det-2" node="gpu-orin2" resourceAllocationScorer="NodeResourcesBalancedAllocation" allocatableResource=[6000,7885127680] requestedResource=[100,52428800] resourceScore=99
2026-07-01 16:35:39.127 I0701 07:23:14.287871       1 resource_allocation.go:76] "Listed internal info for allocatable resources, requested resources and score" pod="default/yolo-det-2" node="gpu-orin3" resourceAllocationScorer="LeastAllocated" allocatableResource=[6000,7885152256] requestedResource=[900,1887436800] resourceScore=80
2026-07-01 16:35:39.128 I0701 07:23:14.287882       1 resource_allocation.go:76] "Listed internal info for allocatable resources, requested resources and score" pod="default/yolo-det-2" node="gpuorin4-desktop" resourceAllocationScorer="LeastAllocated" allocatableResource=[6000,7885250560] requestedResource=[1000,2097152000] resourceScore=78
2026-07-01 16:35:39.128 I0701 07:23:14.287912       1 resource_allocation.go:76] "Listed internal info for allocatable resources, requested resources and score" pod="default/yolo-det-2" node="gpu-orin3" resourceAllocationScorer="NodeResourcesBalancedAllocation" allocatableResource=[6000,7885152256] requestedResource=[100,52428800] resourceScore=99
2026-07-01 16:35:39.129 I0701 07:23:14.287925       1 resource_allocation.go:76] "Listed internal info for allocatable resources, requested resources and score" pod="default/yolo-det-2" node="gpuorin4-desktop" resourceAllocationScorer="NodeResourcesBalancedAllocation" allocatableResource=[6000,7885250560] requestedResource=[100,52428800] resourceScore=99
2026-07-01 16:35:39.130 I0701 07:23:14.287974       1 resource_allocation.go:76] "Listed internal info for allocatable resources, requested resources and score" pod="default/yolo-det-2" node="gpuorin5-desktop" resourceAllocationScorer="LeastAllocated" allocatableResource=[6000,7885127680] requestedResource=[900,1887436800] resourceScore=80
2026-07-01 16:35:39.130 I0701 07:23:14.288045       1 resource_allocation.go:76] "Listed internal info for allocatable resources, requested resources and score" pod="default/yolo-det-2" node="gpuorin5-desktop" resourceAllocationScorer="NodeResourcesBalancedAllocation" allocatableResource=[6000,7885127680] requestedResource=[100,52428800] resourceScore=99
2026-07-01 16:35:39.131 I0701 07:23:14.288212       1 schedule_one.go:745] "Plugin scored node for pod" pod="default/yolo-det-2" plugin="TaintToleration" node="gpu-orin2" score=300
2026-07-01 16:35:39.132 I0701 07:23:14.288278       1 schedule_one.go:745] "Plugin scored node for pod" pod="default/yolo-det-2" plugin="NodeAffinity" node="gpu-orin2" score=0
2026-07-01 16:35:39.132 I0701 07:23:14.288331       1 schedule_one.go:745] "Plugin scored node for pod" pod="default/yolo-det-2" plugin="NodeResourcesFit" node="gpu-orin2" score=80
2026-07-01 16:35:39.133 I0701 07:23:14.288348       1 schedule_one.go:745] "Plugin scored node for pod" pod="default/yolo-det-2" plugin="VolumeBinding" node="gpu-orin2" score=0
2026-07-01 16:35:39.134 I0701 07:23:14.288370       1 schedule_one.go:745] "Plugin scored node for pod" pod="default/yolo-det-2" plugin="NodeResourcesBalancedAllocation" node="gpu-orin2" score=99
2026-07-01 16:35:39.134 I0701 07:23:14.288384       1 schedule_one.go:745] "Plugin scored node for pod" pod="default/yolo-det-2" plugin="ImageLocality" node="gpu-orin2" score=0
2026-07-01 16:35:39.135 I0701 07:23:14.288402       1 schedule_one.go:745] "Plugin scored node for pod" pod="default/yolo-det-2" plugin="TaintToleration" node="gpuorin5-desktop" score=300
2026-07-01 16:35:39.136 I0701 07:23:14.288416       1 schedule_one.go:745] "Plugin scored node for pod" pod="default/yolo-det-2" plugin="NodeAffinity" node="gpuorin5-desktop" score=0
2026-07-01 16:35:39.136 I0701 07:23:14.288428       1 schedule_one.go:745] "Plugin scored node for pod" pod="default/yolo-det-2" plugin="NodeResourcesFit" node="gpuorin5-desktop" score=80
2026-07-01 16:35:39.137 I0701 07:23:14.288440       1 schedule_one.go:745] "Plugin scored node for pod" pod="default/yolo-det-2" plugin="VolumeBinding" node="gpuorin5-desktop" score=0
2026-07-01 16:35:39.137 I0701 07:23:14.288452       1 schedule_one.go:745] "Plugin scored node for pod" pod="default/yolo-det-2" plugin="NodeResourcesBalancedAllocation" node="gpuorin5-desktop" score=99
2026-07-01 16:35:39.138 I0701 07:23:14.288465       1 schedule_one.go:745] "Plugin scored node for pod" pod="default/yolo-det-2" plugin="ImageLocality" node="gpuorin5-desktop" score=0
2026-07-01 16:35:39.139 I0701 07:23:14.288478       1 schedule_one.go:745] "Plugin scored node for pod" pod="default/yolo-det-2" plugin="TaintToleration" node="gpuorin4-desktop" score=300
2026-07-01 16:35:39.139 I0701 07:23:14.288489       1 schedule_one.go:745] "Plugin scored node for pod" pod="default/yolo-det-2" plugin="NodeAffinity" node="gpuorin4-desktop" score=0
2026-07-01 16:35:39.140 I0701 07:23:14.288503       1 schedule_one.go:745] "Plugin scored node for pod" pod="default/yolo-det-2" plugin="NodeResourcesFit" node="gpuorin4-desktop" score=78
2026-07-01 16:35:39.141 I0701 07:23:14.288517       1 schedule_one.go:745] "Plugin scored node for pod" pod="default/yolo-det-2" plugin="VolumeBinding" node="gpuorin4-desktop" score=0
2026-07-01 16:35:39.141 I0701 07:23:14.288530       1 schedule_one.go:745] "Plugin scored node for pod" pod="default/yolo-det-2" plugin="NodeResourcesBalancedAllocation" node="gpuorin4-desktop" score=99
2026-07-01 16:35:39.142 I0701 07:23:14.288543       1 schedule_one.go:745] "Plugin scored node for pod" pod="default/yolo-det-2" plugin="ImageLocality" node="gpuorin4-desktop" score=0
2026-07-01 16:35:39.143 I0701 07:23:14.288555       1 schedule_one.go:745] "Plugin scored node for pod" pod="default/yolo-det-2" plugin="TaintToleration" node="gpu-orin3" score=300
2026-07-01 16:35:39.143 I0701 07:23:14.288569       1 schedule_one.go:745] "Plugin scored node for pod" pod="default/yolo-det-2" plugin="NodeAffinity" node="gpu-orin3" score=0
2026-07-01 16:35:39.144 I0701 07:23:14.288581       1 schedule_one.go:745] "Plugin scored node for pod" pod="default/yolo-det-2" plugin="NodeResourcesFit" node="gpu-orin3" score=80
2026-07-01 16:35:39.145 I0701 07:23:14.288594       1 schedule_one.go:745] "Plugin scored node for pod" pod="default/yolo-det-2" plugin="VolumeBinding" node="gpu-orin3" score=0
2026-07-01 16:35:39.145 I0701 07:23:14.288606       1 schedule_one.go:745] "Plugin scored node for pod" pod="default/yolo-det-2" plugin="NodeResourcesBalancedAllocation" node="gpu-orin3" score=99
2026-07-01 16:35:39.146 I0701 07:23:14.288620       1 schedule_one.go:745] "Plugin scored node for pod" pod="default/yolo-det-2" plugin="ImageLocality" node="gpu-orin3" score=0
2026-07-01 16:35:39.146 I0701 07:23:14.288639       1 schedule_one.go:812] "Calculated node's final score for pod" pod="default/yolo-det-2" node="gpu-orin2" score=479
2026-07-01 16:35:39.147 I0701 07:23:14.288656       1 schedule_one.go:812] "Calculated node's final score for pod" pod="default/yolo-det-2" node="gpuorin5-desktop" score=479
2026-07-01 16:35:39.148 I0701 07:23:14.288673       1 schedule_one.go:812] "Calculated node's final score for pod" pod="default/yolo-det-2" node="gpuorin4-desktop" score=477
2026-07-01 16:35:39.148 I0701 07:23:14.288686       1 schedule_one.go:812] "Calculated node's final score for pod" pod="default/yolo-det-2" node="gpu-orin3" score=479
2026-07-01 16:35:39.149 I0701 07:23:18.512581       1 resource_allocation.go:76] "Listed internal info for allocatable resources, requested resources and score" pod="default/yolo-seg-2" node="gpu-orin2" resourceAllocationScorer="LeastAllocated" allocatableResource=[6000,7885127680] requestedResource=[900,1887436800] resourceScore=80
2026-07-01 16:35:39.150 I0701 07:23:18.512617       1 resource_allocation.go:76] "Listed internal info for allocatable resources, requested resources and score" pod="default/yolo-seg-2" node="gpu-orin3" resourceAllocationScorer="LeastAllocated" allocatableResource=[6000,7885152256] requestedResource=[1000,2097152000] resourceScore=78
2026-07-01 16:35:39.150 I0701 07:23:18.512624       1 resource_allocation.go:76] "Listed internal info for allocatable resources, requested resources and score" pod="default/yolo-seg-2" node="gpu-orin2" resourceAllocationScorer="NodeResourcesBalancedAllocation" allocatableResource=[6000,7885127680] requestedResource=[100,52428800] resourceScore=99
2026-07-01 16:35:39.151 I0701 07:23:18.512625       1 resource_allocation.go:76] "Listed internal info for allocatable resources, requested resources and score" pod="default/yolo-seg-2" node="gpuorin5-desktop" resourceAllocationScorer="LeastAllocated" allocatableResource=[6000,7885127680] requestedResource=[900,1887436800] resourceScore=80
2026-07-01 16:35:39.152 I0701 07:23:18.512657       1 resource_allocation.go:76] "Listed internal info for allocatable resources, requested resources and score" pod="default/yolo-seg-2" node="gpu-orin3" resourceAllocationScorer="NodeResourcesBalancedAllocation" allocatableResource=[6000,7885152256] requestedResource=[100,52428800] resourceScore=99
2026-07-01 16:35:39.152 I0701 07:23:18.512675       1 resource_allocation.go:76] "Listed internal info for allocatable resources, requested resources and score" pod="default/yolo-seg-2" node="gpuorin5-desktop" resourceAllocationScorer="NodeResourcesBalancedAllocation" allocatableResource=[6000,7885127680] requestedResource=[100,52428800] resourceScore=99
2026-07-01 16:35:39.153 I0701 07:23:18.512690       1 resource_allocation.go:76] "Listed internal info for allocatable resources, requested resources and score" pod="default/yolo-seg-2" node="gpuorin4-desktop" resourceAllocationScorer="LeastAllocated" allocatableResource=[6000,7885250560] requestedResource=[1000,2097152000] resourceScore=78
2026-07-01 16:35:39.154 I0701 07:23:18.512727       1 resource_allocation.go:76] "Listed internal info for allocatable resources, requested resources and score" pod="default/yolo-seg-2" node="gpuorin4-desktop" resourceAllocationScorer="NodeResourcesBalancedAllocation" allocatableResource=[6000,7885250560] requestedResource=[100,52428800] resourceScore=99
2026-07-01 16:35:39.154 I0701 07:23:18.512853       1 schedule_one.go:745] "Plugin scored node for pod" pod="default/yolo-seg-2" plugin="TaintToleration" node="gpuorin4-desktop" score=300
2026-07-01 16:35:39.155 I0701 07:23:18.512877       1 schedule_one.go:745] "Plugin scored node for pod" pod="default/yolo-seg-2" plugin="NodeAffinity" node="gpuorin4-desktop" score=0
2026-07-01 16:35:39.156 I0701 07:23:18.512893       1 schedule_one.go:745] "Plugin scored node for pod" pod="default/yolo-seg-2" plugin="NodeResourcesFit" node="gpuorin4-desktop" score=78
2026-07-01 16:35:39.156 I0701 07:23:18.512906       1 schedule_one.go:745] "Plugin scored node for pod" pod="default/yolo-seg-2" plugin="VolumeBinding" node="gpuorin4-desktop" score=0
2026-07-01 16:35:39.157 I0701 07:23:18.512925       1 schedule_one.go:745] "Plugin scored node for pod" pod="default/yolo-seg-2" plugin="NodeResourcesBalancedAllocation" node="gpuorin4-desktop" score=99
2026-07-01 16:35:39.158 I0701 07:23:18.512941       1 schedule_one.go:745] "Plugin scored node for pod" pod="default/yolo-seg-2" plugin="ImageLocality" node="gpuorin4-desktop" score=0
2026-07-01 16:35:39.158 I0701 07:23:18.512956       1 schedule_one.go:745] "Plugin scored node for pod" pod="default/yolo-seg-2" plugin="TaintToleration" node="gpu-orin3" score=300
2026-07-01 16:35:39.159 I0701 07:23:18.512967       1 schedule_one.go:745] "Plugin scored node for pod" pod="default/yolo-seg-2" plugin="NodeAffinity" node="gpu-orin3" score=0
2026-07-01 16:35:39.160 I0701 07:23:18.512980       1 schedule_one.go:745] "Plugin scored node for pod" pod="default/yolo-seg-2" plugin="NodeResourcesFit" node="gpu-orin3" score=78
2026-07-01 16:35:39.160 I0701 07:23:18.512991       1 schedule_one.go:745] "Plugin scored node for pod" pod="default/yolo-seg-2" plugin="VolumeBinding" node="gpu-orin3" score=0
2026-07-01 16:35:39.161 I0701 07:23:18.513003       1 schedule_one.go:745] "Plugin scored node for pod" pod="default/yolo-seg-2" plugin="NodeResourcesBalancedAllocation" node="gpu-orin3" score=99
2026-07-01 16:35:39.161 I0701 07:23:18.513018       1 schedule_one.go:745] "Plugin scored node for pod" pod="default/yolo-seg-2" plugin="ImageLocality" node="gpu-orin3" score=0
2026-07-01 16:35:39.162 I0701 07:23:18.513030       1 schedule_one.go:745] "Plugin scored node for pod" pod="default/yolo-seg-2" plugin="TaintToleration" node="gpu-orin2" score=300
2026-07-01 16:35:39.163 I0701 07:23:18.513042       1 schedule_one.go:745] "Plugin scored node for pod" pod="default/yolo-seg-2" plugin="NodeAffinity" node="gpu-orin2" score=0
2026-07-01 16:35:39.163 I0701 07:23:18.513057       1 schedule_one.go:745] "Plugin scored node for pod" pod="default/yolo-seg-2" plugin="NodeResourcesFit" node="gpu-orin2" score=80
2026-07-01 16:35:39.164 I0701 07:23:18.513069       1 schedule_one.go:745] "Plugin scored node for pod" pod="default/yolo-seg-2" plugin="VolumeBinding" node="gpu-orin2" score=0
2026-07-01 16:35:39.165 I0701 07:23:18.513081       1 schedule_one.go:745] "Plugin scored node for pod" pod="default/yolo-seg-2" plugin="NodeResourcesBalancedAllocation" node="gpu-orin2" score=99
2026-07-01 16:35:39.165 I0701 07:23:18.513093       1 schedule_one.go:745] "Plugin scored node for pod" pod="default/yolo-seg-2" plugin="ImageLocality" node="gpu-orin2" score=0
2026-07-01 16:35:39.166 I0701 07:23:18.513105       1 schedule_one.go:745] "Plugin scored node for pod" pod="default/yolo-seg-2" plugin="TaintToleration" node="gpuorin5-desktop" score=300
2026-07-01 16:35:39.167 I0701 07:23:18.513117       1 schedule_one.go:745] "Plugin scored node for pod" pod="default/yolo-seg-2" plugin="NodeAffinity" node="gpuorin5-desktop" score=0
2026-07-01 16:35:39.167 I0701 07:23:18.513129       1 schedule_one.go:745] "Plugin scored node for pod" pod="default/yolo-seg-2" plugin="NodeResourcesFit" node="gpuorin5-desktop" score=80
2026-07-01 16:35:39.168 I0701 07:23:18.513140       1 schedule_one.go:745] "Plugin scored node for pod" pod="default/yolo-seg-2" plugin="VolumeBinding" node="gpuorin5-desktop" score=0
2026-07-01 16:35:39.169 I0701 07:23:18.513152       1 schedule_one.go:745] "Plugin scored node for pod" pod="default/yolo-seg-2" plugin="NodeResourcesBalancedAllocation" node="gpuorin5-desktop" score=99
2026-07-01 16:35:39.169 I0701 07:23:18.513166       1 schedule_one.go:745] "Plugin scored node for pod" pod="default/yolo-seg-2" plugin="ImageLocality" node="gpuorin5-desktop" score=0
2026-07-01 16:35:39.170 I0701 07:23:18.513183       1 schedule_one.go:812] "Calculated node's final score for pod" pod="default/yolo-seg-2" node="gpuorin4-desktop" score=477
2026-07-01 16:35:39.171 I0701 07:23:18.513199       1 schedule_one.go:812] "Calculated node's final score for pod" pod="default/yolo-seg-2" node="gpu-orin3" score=477
2026-07-01 16:35:39.171 I0701 07:23:18.513212       1 schedule_one.go:812] "Calculated node's final score for pod" pod="default/yolo-seg-2" node="gpu-orin2" score=479
2026-07-01 16:35:39.172 I0701 07:23:18.513228       1 schedule_one.go:812] "Calculated node's final score for pod" pod="default/yolo-seg-2" node="gpuorin5-desktop" score=479
2026-07-01 16:35:39.173 I0701 07:23:22.887434       1 resource_allocation.go:76] "Listed internal info for allocatable resources, requested resources and score" pod="default/yolo-obb-2" node="gpuorin4-desktop" resourceAllocationScorer="LeastAllocated" allocatableResource=[6000,7885250560] requestedResource=[1000,2097152000] resourceScore=78
2026-07-01 16:35:39.173 I0701 07:23:22.887434       1 resource_allocation.go:76] "Listed internal info for allocatable resources, requested resources and score" pod="default/yolo-obb-2" node="gpu-orin3" resourceAllocationScorer="LeastAllocated" allocatableResource=[6000,7885152256] requestedResource=[1000,2097152000] resourceScore=78
2026-07-01 16:35:39.174 I0701 07:23:22.887434       1 resource_allocation.go:76] "Listed internal info for allocatable resources, requested resources and score" pod="default/yolo-obb-2" node="gpu-orin2" resourceAllocationScorer="LeastAllocated" allocatableResource=[6000,7885127680] requestedResource=[1000,2097152000] resourceScore=78
2026-07-01 16:35:39.175 I0701 07:23:22.887446       1 resource_allocation.go:76] "Listed internal info for allocatable resources, requested resources and score" pod="default/yolo-obb-2" node="gpu-orin3" resourceAllocationScorer="NodeResourcesBalancedAllocation" allocatableResource=[6000,7885152256] requestedResource=[100,52428800] resourceScore=99
2026-07-01 16:35:39.175 I0701 07:23:22.887447       1 resource_allocation.go:76] "Listed internal info for allocatable resources, requested resources and score" pod="default/yolo-obb-2" node="gpuorin4-desktop" resourceAllocationScorer="NodeResourcesBalancedAllocation" allocatableResource=[6000,7885250560] requestedResource=[100,52428800] resourceScore=99
2026-07-01 16:35:39.176 I0701 07:23:22.887451       1 resource_allocation.go:76] "Listed internal info for allocatable resources, requested resources and score" pod="default/yolo-obb-2" node="gpu-orin2" resourceAllocationScorer="NodeResourcesBalancedAllocation" allocatableResource=[6000,7885127680] requestedResource=[100,52428800] resourceScore=99
2026-07-01 16:35:39.177 I0701 07:23:22.887434       1 resource_allocation.go:76] "Listed internal info for allocatable resources, requested resources and score" pod="default/yolo-obb-2" node="gpuorin5-desktop" resourceAllocationScorer="LeastAllocated" allocatableResource=[6000,7885127680] requestedResource=[900,1887436800] resourceScore=80
2026-07-01 16:35:39.177 I0701 07:23:22.887470       1 resource_allocation.go:76] "Listed internal info for allocatable resources, requested resources and score" pod="default/yolo-obb-2" node="gpuorin5-desktop" resourceAllocationScorer="NodeResourcesBalancedAllocation" allocatableResource=[6000,7885127680] requestedResource=[100,52428800] resourceScore=99
2026-07-01 16:35:39.178 I0701 07:23:22.887505       1 schedule_one.go:745] "Plugin scored node for pod" pod="default/yolo-obb-2" plugin="TaintToleration" node="gpu-orin3" score=300
2026-07-01 16:35:39.179 I0701 07:23:22.887513       1 schedule_one.go:745] "Plugin scored node for pod" pod="default/yolo-obb-2" plugin="NodeAffinity" node="gpu-orin3" score=0
2026-07-01 16:35:39.179 I0701 07:23:22.887517       1 schedule_one.go:745] "Plugin scored node for pod" pod="default/yolo-obb-2" plugin="NodeResourcesFit" node="gpu-orin3" score=78
2026-07-01 16:35:39.180 I0701 07:23:22.887521       1 schedule_one.go:745] "Plugin scored node for pod" pod="default/yolo-obb-2" plugin="VolumeBinding" node="gpu-orin3" score=0
2026-07-01 16:35:39.181 I0701 07:23:22.887525       1 schedule_one.go:745] "Plugin scored node for pod" pod="default/yolo-obb-2" plugin="NodeResourcesBalancedAllocation" node="gpu-orin3" score=99
2026-07-01 16:35:39.181 I0701 07:23:22.887529       1 schedule_one.go:745] "Plugin scored node for pod" pod="default/yolo-obb-2" plugin="ImageLocality" node="gpu-orin3" score=0
2026-07-01 16:35:39.182 I0701 07:23:22.887533       1 schedule_one.go:745] "Plugin scored node for pod" pod="default/yolo-obb-2" plugin="TaintToleration" node="gpuorin5-desktop" score=300
2026-07-01 16:35:39.183 I0701 07:23:22.887537       1 schedule_one.go:745] "Plugin scored node for pod" pod="default/yolo-obb-2" plugin="NodeAffinity" node="gpuorin5-desktop" score=0
2026-07-01 16:35:39.183 I0701 07:23:22.887540       1 schedule_one.go:745] "Plugin scored node for pod" pod="default/yolo-obb-2" plugin="NodeResourcesFit" node="gpuorin5-desktop" score=80
2026-07-01 16:35:39.184 I0701 07:23:22.887543       1 schedule_one.go:745] "Plugin scored node for pod" pod="default/yolo-obb-2" plugin="VolumeBinding" node="gpuorin5-desktop" score=0
2026-07-01 16:35:39.185 I0701 07:23:22.887549       1 schedule_one.go:745] "Plugin scored node for pod" pod="default/yolo-obb-2" plugin="NodeResourcesBalancedAllocation" node="gpuorin5-desktop" score=99
2026-07-01 16:35:39.185 I0701 07:23:22.887553       1 schedule_one.go:745] "Plugin scored node for pod" pod="default/yolo-obb-2" plugin="ImageLocality" node="gpuorin5-desktop" score=0
2026-07-01 16:35:39.186 I0701 07:23:22.887558       1 schedule_one.go:745] "Plugin scored node for pod" pod="default/yolo-obb-2" plugin="TaintToleration" node="gpu-orin2" score=300
2026-07-01 16:35:39.187 I0701 07:23:22.887562       1 schedule_one.go:745] "Plugin scored node for pod" pod="default/yolo-obb-2" plugin="NodeAffinity" node="gpu-orin2" score=0
2026-07-01 16:35:39.187 I0701 07:23:22.887568       1 schedule_one.go:745] "Plugin scored node for pod" pod="default/yolo-obb-2" plugin="NodeResourcesFit" node="gpu-orin2" score=78
2026-07-01 16:35:39.188 I0701 07:23:22.887571       1 schedule_one.go:745] "Plugin scored node for pod" pod="default/yolo-obb-2" plugin="VolumeBinding" node="gpu-orin2" score=0
2026-07-01 16:35:39.188 I0701 07:23:22.887575       1 schedule_one.go:745] "Plugin scored node for pod" pod="default/yolo-obb-2" plugin="NodeResourcesBalancedAllocation" node="gpu-orin2" score=99
2026-07-01 16:35:39.189 I0701 07:23:22.887579       1 schedule_one.go:745] "Plugin scored node for pod" pod="default/yolo-obb-2" plugin="ImageLocality" node="gpu-orin2" score=0
2026-07-01 16:35:39.190 I0701 07:23:22.887583       1 schedule_one.go:745] "Plugin scored node for pod" pod="default/yolo-obb-2" plugin="TaintToleration" node="gpuorin4-desktop" score=300
2026-07-01 16:35:39.190 I0701 07:23:22.887587       1 schedule_one.go:745] "Plugin scored node for pod" pod="default/yolo-obb-2" plugin="NodeAffinity" node="gpuorin4-desktop" score=0
2026-07-01 16:35:39.191 I0701 07:23:22.887591       1 schedule_one.go:745] "Plugin scored node for pod" pod="default/yolo-obb-2" plugin="NodeResourcesFit" node="gpuorin4-desktop" score=78
2026-07-01 16:35:39.192 I0701 07:23:22.887594       1 schedule_one.go:745] "Plugin scored node for pod" pod="default/yolo-obb-2" plugin="VolumeBinding" node="gpuorin4-desktop" score=0
2026-07-01 16:35:39.192 I0701 07:23:22.887597       1 schedule_one.go:745] "Plugin scored node for pod" pod="default/yolo-obb-2" plugin="NodeResourcesBalancedAllocation" node="gpuorin4-desktop" score=99
2026-07-01 16:35:39.193 I0701 07:23:22.887601       1 schedule_one.go:745] "Plugin scored node for pod" pod="default/yolo-obb-2" plugin="ImageLocality" node="gpuorin4-desktop" score=0
2026-07-01 16:35:39.194 I0701 07:23:22.887607       1 schedule_one.go:812] "Calculated node's final score for pod" pod="default/yolo-obb-2" node="gpu-orin3" score=477
2026-07-01 16:35:39.194 I0701 07:23:22.887612       1 schedule_one.go:812] "Calculated node's final score for pod" pod="default/yolo-obb-2" node="gpuorin5-desktop" score=479
2026-07-01 16:35:39.195 I0701 07:23:22.887616       1 schedule_one.go:812] "Calculated node's final score for pod" pod="default/yolo-obb-2" node="gpu-orin2" score=477
2026-07-01 16:35:39.196 I0701 07:23:22.887622       1 schedule_one.go:812] "Calculated node's final score for pod" pod="default/yolo-obb-2" node="gpuorin4-desktop" score=477
2026-07-01 16:35:39.196 I0701 07:23:26.305361       1 resource_allocation.go:76] "Listed internal info for allocatable resources, requested resources and score" pod="default/yolo-pos-2" node="gpu-orin2" resourceAllocationScorer="LeastAllocated" allocatableResource=[6000,7885127680] requestedResource=[1000,2097152000] resourceScore=78
2026-07-01 16:35:39.197 I0701 07:23:26.305364       1 resource_allocation.go:76] "Listed internal info for allocatable resources, requested resources and score" pod="default/yolo-pos-2" node="gpu-orin3" resourceAllocationScorer="LeastAllocated" allocatableResource=[6000,7885152256] requestedResource=[1000,2097152000] resourceScore=78
2026-07-01 16:35:39.198 I0701 07:23:26.305386       1 resource_allocation.go:76] "Listed internal info for allocatable resources, requested resources and score" pod="default/yolo-pos-2" node="gpu-orin2" resourceAllocationScorer="NodeResourcesBalancedAllocation" allocatableResource=[6000,7885127680] requestedResource=[100,52428800] resourceScore=99
2026-07-01 16:35:39.198 I0701 07:23:26.305403       1 resource_allocation.go:76] "Listed internal info for allocatable resources, requested resources and score" pod="default/yolo-pos-2" node="gpu-orin3" resourceAllocationScorer="NodeResourcesBalancedAllocation" allocatableResource=[6000,7885152256] requestedResource=[100,52428800] resourceScore=99
2026-07-01 16:35:39.199 I0701 07:23:26.305420       1 resource_allocation.go:76] "Listed internal info for allocatable resources, requested resources and score" pod="default/yolo-pos-2" node="gpuorin5-desktop" resourceAllocationScorer="LeastAllocated" allocatableResource=[6000,7885127680] requestedResource=[1000,2097152000] resourceScore=78
2026-07-01 16:35:39.200 I0701 07:23:26.305470       1 resource_allocation.go:76] "Listed internal info for allocatable resources, requested resources and score" pod="default/yolo-pos-2" node="gpuorin5-desktop" resourceAllocationScorer="NodeResourcesBalancedAllocation" allocatableResource=[6000,7885127680] requestedResource=[100,52428800] resourceScore=99
2026-07-01 16:35:39.201 I0701 07:23:26.305420       1 resource_allocation.go:76] "Listed internal info for allocatable resources, requested resources and score" pod="default/yolo-pos-2" node="gpuorin4-desktop" resourceAllocationScorer="LeastAllocated" allocatableResource=[6000,7885250560] requestedResource=[1000,2097152000] resourceScore=78
2026-07-01 16:35:39.201 I0701 07:23:26.305532       1 resource_allocation.go:76] "Listed internal info for allocatable resources, requested resources and score" pod="default/yolo-pos-2" node="gpuorin4-desktop" resourceAllocationScorer="NodeResourcesBalancedAllocation" allocatableResource=[6000,7885250560] requestedResource=[100,52428800] resourceScore=99
2026-07-01 16:35:39.202 I0701 07:23:26.305705       1 schedule_one.go:745] "Plugin scored node for pod" pod="default/yolo-pos-2" plugin="TaintToleration" node="gpu-orin3" score=300
2026-07-01 16:35:39.203 I0701 07:23:26.305828       1 schedule_one.go:745] "Plugin scored node for pod" pod="default/yolo-pos-2" plugin="NodeAffinity" node="gpu-orin3" score=0
2026-07-01 16:35:39.203 I0701 07:23:26.305857       1 schedule_one.go:745] "Plugin scored node for pod" pod="default/yolo-pos-2" plugin="NodeResourcesFit" node="gpu-orin3" score=78
2026-07-01 16:35:39.204 I0701 07:23:26.305868       1 schedule_one.go:745] "Plugin scored node for pod" pod="default/yolo-pos-2" plugin="VolumeBinding" node="gpu-orin3" score=0
2026-07-01 16:35:39.205 I0701 07:23:26.305877       1 schedule_one.go:745] "Plugin scored node for pod" pod="default/yolo-pos-2" plugin="NodeResourcesBalancedAllocation" node="gpu-orin3" score=99
2026-07-01 16:35:39.205 I0701 07:23:26.305891       1 schedule_one.go:745] "Plugin scored node for pod" pod="default/yolo-pos-2" plugin="ImageLocality" node="gpu-orin3" score=0
2026-07-01 16:35:39.206 I0701 07:23:26.305909       1 schedule_one.go:745] "Plugin scored node for pod" pod="default/yolo-pos-2" plugin="TaintToleration" node="gpu-orin2" score=300
2026-07-01 16:35:39.207 I0701 07:23:26.305916       1 schedule_one.go:745] "Plugin scored node for pod" pod="default/yolo-pos-2" plugin="NodeAffinity" node="gpu-orin2" score=0
2026-07-01 16:35:39.207 I0701 07:23:26.305924       1 schedule_one.go:745] "Plugin scored node for pod" pod="default/yolo-pos-2" plugin="NodeResourcesFit" node="gpu-orin2" score=78
2026-07-01 16:35:39.208 I0701 07:23:26.305931       1 schedule_one.go:745] "Plugin scored node for pod" pod="default/yolo-pos-2" plugin="VolumeBinding" node="gpu-orin2" score=0
2026-07-01 16:35:39.209 I0701 07:23:26.305941       1 schedule_one.go:745] "Plugin scored node for pod" pod="default/yolo-pos-2" plugin="NodeResourcesBalancedAllocation" node="gpu-orin2" score=99
2026-07-01 16:35:39.209 I0701 07:23:26.305948       1 schedule_one.go:745] "Plugin scored node for pod" pod="default/yolo-pos-2" plugin="ImageLocality" node="gpu-orin2" score=0
2026-07-01 16:35:39.210 I0701 07:23:26.305956       1 schedule_one.go:745] "Plugin scored node for pod" pod="default/yolo-pos-2" plugin="TaintToleration" node="gpuorin4-desktop" score=300
2026-07-01 16:35:39.211 I0701 07:23:26.305964       1 schedule_one.go:745] "Plugin scored node for pod" pod="default/yolo-pos-2" plugin="NodeAffinity" node="gpuorin4-desktop" score=0
2026-07-01 16:35:39.211 I0701 07:23:26.305971       1 schedule_one.go:745] "Plugin scored node for pod" pod="default/yolo-pos-2" plugin="NodeResourcesFit" node="gpuorin4-desktop" score=78
2026-07-01 16:35:39.212 I0701 07:23:26.305979       1 schedule_one.go:745] "Plugin scored node for pod" pod="default/yolo-pos-2" plugin="VolumeBinding" node="gpuorin4-desktop" score=0
2026-07-01 16:35:39.213 I0701 07:23:26.305987       1 schedule_one.go:745] "Plugin scored node for pod" pod="default/yolo-pos-2" plugin="NodeResourcesBalancedAllocation" node="gpuorin4-desktop" score=99
2026-07-01 16:35:39.213 I0701 07:23:26.305995       1 schedule_one.go:745] "Plugin scored node for pod" pod="default/yolo-pos-2" plugin="ImageLocality" node="gpuorin4-desktop" score=0
2026-07-01 16:35:39.214 I0701 07:23:26.306003       1 schedule_one.go:745] "Plugin scored node for pod" pod="default/yolo-pos-2" plugin="TaintToleration" node="gpuorin5-desktop" score=300
2026-07-01 16:35:39.215 I0701 07:23:26.306010       1 schedule_one.go:745] "Plugin scored node for pod" pod="default/yolo-pos-2" plugin="NodeAffinity" node="gpuorin5-desktop" score=0
2026-07-01 16:35:39.215 I0701 07:23:26.306019       1 schedule_one.go:745] "Plugin scored node for pod" pod="default/yolo-pos-2" plugin="NodeResourcesFit" node="gpuorin5-desktop" score=78
2026-07-01 16:35:39.216 I0701 07:23:26.306039       1 schedule_one.go:745] "Plugin scored node for pod" pod="default/yolo-pos-2" plugin="VolumeBinding" node="gpuorin5-desktop" score=0
2026-07-01 16:35:39.217 I0701 07:23:26.306052       1 schedule_one.go:745] "Plugin scored node for pod" pod="default/yolo-pos-2" plugin="NodeResourcesBalancedAllocation" node="gpuorin5-desktop" score=99
2026-07-01 16:35:39.217 I0701 07:23:26.306066       1 schedule_one.go:745] "Plugin scored node for pod" pod="default/yolo-pos-2" plugin="ImageLocality" node="gpuorin5-desktop" score=0
2026-07-01 16:35:39.218 I0701 07:23:26.306085       1 schedule_one.go:812] "Calculated node's final score for pod" pod="default/yolo-pos-2" node="gpu-orin3" score=477
2026-07-01 16:35:39.219 I0701 07:23:26.306098       1 schedule_one.go:812] "Calculated node's final score for pod" pod="default/yolo-pos-2" node="gpu-orin2" score=477
2026-07-01 16:35:39.219 I0701 07:23:26.306113       1 schedule_one.go:812] "Calculated node's final score for pod" pod="default/yolo-pos-2" node="gpuorin4-desktop" score=477
2026-07-01 16:35:39.220 I0701 07:23:26.306125       1 schedule_one.go:812] "Calculated node's final score for pod" pod="default/yolo-pos-2" node="gpuorin5-desktop" score=477
2026-07-01 16:35:39.221 I0701 07:26:04.435927       1 resource_allocation.go:76] "Listed internal info for allocatable resources, requested resources and score" pod="default/yolo-cls-1" node="gpu-orin3" resourceAllocationScorer="LeastAllocated" allocatableResource=[6000,7885152256] requestedResource=[700,1468006400] resourceScore=84
2026-07-01 16:35:39.221 I0701 07:26:04.435927       1 resource_allocation.go:76] "Listed internal info for allocatable resources, requested resources and score" pod="default/yolo-cls-1" node="gpuorin4-desktop" resourceAllocationScorer="LeastAllocated" allocatableResource=[6000,7885250560] requestedResource=[1000,2097152000] resourceScore=78
2026-07-01 16:35:39.222 I0701 07:26:04.435927       1 resource_allocation.go:76] "Listed internal info for allocatable resources, requested resources and score" pod="default/yolo-cls-1" node="gpuorin5-desktop" resourceAllocationScorer="LeastAllocated" allocatableResource=[6000,7885127680] requestedResource=[700,1468006400] resourceScore=84
2026-07-01 16:35:39.223 I0701 07:26:04.435934       1 resource_allocation.go:76] "Listed internal info for allocatable resources, requested resources and score" pod="default/yolo-cls-1" node="gpu-orin3" resourceAllocationScorer="NodeResourcesBalancedAllocation" allocatableResource=[6000,7885152256] requestedResource=[100,52428800] resourceScore=99
2026-07-01 16:35:39.223 I0701 07:26:04.435938       1 resource_allocation.go:76] "Listed internal info for allocatable resources, requested resources and score" pod="default/yolo-cls-1" node="gpuorin5-desktop" resourceAllocationScorer="NodeResourcesBalancedAllocation" allocatableResource=[6000,7885127680] requestedResource=[100,52428800] resourceScore=99
2026-07-01 16:35:39.224 I0701 07:26:04.435938       1 resource_allocation.go:76] "Listed internal info for allocatable resources, requested resources and score" pod="default/yolo-cls-1" node="gpuorin4-desktop" resourceAllocationScorer="NodeResourcesBalancedAllocation" allocatableResource=[6000,7885250560] requestedResource=[100,52428800] resourceScore=99
2026-07-01 16:35:39.225 I0701 07:26:04.435943       1 resource_allocation.go:76] "Listed internal info for allocatable resources, requested resources and score" pod="default/yolo-cls-1" node="gpu-orin2" resourceAllocationScorer="LeastAllocated" allocatableResource=[6000,7885127680] requestedResource=[700,1468006400] resourceScore=84
2026-07-01 16:35:39.225 I0701 07:26:04.435957       1 resource_allocation.go:76] "Listed internal info for allocatable resources, requested resources and score" pod="default/yolo-cls-1" node="gpu-orin2" resourceAllocationScorer="NodeResourcesBalancedAllocation" allocatableResource=[6000,7885127680] requestedResource=[100,52428800] resourceScore=99
2026-07-01 16:35:39.226 I0701 07:26:04.435991       1 schedule_one.go:745] "Plugin scored node for pod" pod="default/yolo-cls-1" plugin="TaintToleration" node="gpuorin4-desktop" score=300
2026-07-01 16:35:39.227 I0701 07:26:04.435996       1 schedule_one.go:745] "Plugin scored node for pod" pod="default/yolo-cls-1" plugin="NodeAffinity" node="gpuorin4-desktop" score=0
2026-07-01 16:35:39.227 I0701 07:26:04.435999       1 schedule_one.go:745] "Plugin scored node for pod" pod="default/yolo-cls-1" plugin="NodeResourcesFit" node="gpuorin4-desktop" score=78
2026-07-01 16:35:39.228 I0701 07:26:04.436001       1 schedule_one.go:745] "Plugin scored node for pod" pod="default/yolo-cls-1" plugin="VolumeBinding" node="gpuorin4-desktop" score=0
2026-07-01 16:35:39.229 I0701 07:26:04.436002       1 schedule_one.go:745] "Plugin scored node for pod" pod="default/yolo-cls-1" plugin="NodeResourcesBalancedAllocation" node="gpuorin4-desktop" score=99
2026-07-01 16:35:39.229 I0701 07:26:04.436004       1 schedule_one.go:745] "Plugin scored node for pod" pod="default/yolo-cls-1" plugin="ImageLocality" node="gpuorin4-desktop" score=0
2026-07-01 16:35:39.230 I0701 07:26:04.436005       1 schedule_one.go:745] "Plugin scored node for pod" pod="default/yolo-cls-1" plugin="TaintToleration" node="gpuorin5-desktop" score=300
2026-07-01 16:35:39.230 I0701 07:26:04.436007       1 schedule_one.go:745] "Plugin scored node for pod" pod="default/yolo-cls-1" plugin="NodeAffinity" node="gpuorin5-desktop" score=0
2026-07-01 16:35:39.231 I0701 07:26:04.436008       1 schedule_one.go:745] "Plugin scored node for pod" pod="default/yolo-cls-1" plugin="NodeResourcesFit" node="gpuorin5-desktop" score=84
2026-07-01 16:35:39.232 I0701 07:26:04.436010       1 schedule_one.go:745] "Plugin scored node for pod" pod="default/yolo-cls-1" plugin="VolumeBinding" node="gpuorin5-desktop" score=0
2026-07-01 16:35:39.232 I0701 07:26:04.436013       1 schedule_one.go:745] "Plugin scored node for pod" pod="default/yolo-cls-1" plugin="NodeResourcesBalancedAllocation" node="gpuorin5-desktop" score=99
2026-07-01 16:35:39.233 I0701 07:26:04.436014       1 schedule_one.go:745] "Plugin scored node for pod" pod="default/yolo-cls-1" plugin="ImageLocality" node="gpuorin5-desktop" score=0
2026-07-01 16:35:39.234 I0701 07:26:04.436016       1 schedule_one.go:745] "Plugin scored node for pod" pod="default/yolo-cls-1" plugin="TaintToleration" node="gpu-orin3" score=300
2026-07-01 16:35:39.234 I0701 07:26:04.436018       1 schedule_one.go:745] "Plugin scored node for pod" pod="default/yolo-cls-1" plugin="NodeAffinity" node="gpu-orin3" score=0
2026-07-01 16:35:39.235 I0701 07:26:04.436020       1 schedule_one.go:745] "Plugin scored node for pod" pod="default/yolo-cls-1" plugin="NodeResourcesFit" node="gpu-orin3" score=84
2026-07-01 16:35:39.236 I0701 07:26:04.436021       1 schedule_one.go:745] "Plugin scored node for pod" pod="default/yolo-cls-1" plugin="VolumeBinding" node="gpu-orin3" score=0
2026-07-01 16:35:39.237 I0701 07:26:04.436023       1 schedule_one.go:745] "Plugin scored node for pod" pod="default/yolo-cls-1" plugin="NodeResourcesBalancedAllocation" node="gpu-orin3" score=99
2026-07-01 16:35:39.237 I0701 07:26:04.436024       1 schedule_one.go:745] "Plugin scored node for pod" pod="default/yolo-cls-1" plugin="ImageLocality" node="gpu-orin3" score=0
2026-07-01 16:35:39.238 I0701 07:26:04.436026       1 schedule_one.go:745] "Plugin scored node for pod" pod="default/yolo-cls-1" plugin="TaintToleration" node="gpu-orin2" score=300
2026-07-01 16:35:39.239 I0701 07:26:04.436027       1 schedule_one.go:745] "Plugin scored node for pod" pod="default/yolo-cls-1" plugin="NodeAffinity" node="gpu-orin2" score=0
2026-07-01 16:35:39.239 I0701 07:26:04.436030       1 schedule_one.go:745] "Plugin scored node for pod" pod="default/yolo-cls-1" plugin="NodeResourcesFit" node="gpu-orin2" score=84
2026-07-01 16:35:39.240 I0701 07:26:04.436033       1 schedule_one.go:745] "Plugin scored node for pod" pod="default/yolo-cls-1" plugin="VolumeBinding" node="gpu-orin2" score=0
2026-07-01 16:35:39.241 I0701 07:26:04.436035       1 schedule_one.go:745] "Plugin scored node for pod" pod="default/yolo-cls-1" plugin="NodeResourcesBalancedAllocation" node="gpu-orin2" score=99
2026-07-01 16:35:39.241 I0701 07:26:04.436037       1 schedule_one.go:745] "Plugin scored node for pod" pod="default/yolo-cls-1" plugin="ImageLocality" node="gpu-orin2" score=0
2026-07-01 16:35:39.242 I0701 07:26:04.436040       1 schedule_one.go:812] "Calculated node's final score for pod" pod="default/yolo-cls-1" node="gpuorin4-desktop" score=477
2026-07-01 16:35:39.242 I0701 07:26:04.436042       1 schedule_one.go:812] "Calculated node's final score for pod" pod="default/yolo-cls-1" node="gpuorin5-desktop" score=483
2026-07-01 16:35:39.243 I0701 07:26:04.436044       1 schedule_one.go:812] "Calculated node's final score for pod" pod="default/yolo-cls-1" node="gpu-orin3" score=483
2026-07-01 16:35:39.244 I0701 07:26:04.436046       1 schedule_one.go:812] "Calculated node's final score for pod" pod="default/yolo-cls-1" node="gpu-orin2" score=483
2026-07-01 16:35:39.244 I0701 07:26:09.650120       1 resource_allocation.go:76] "Listed internal info for allocatable resources, requested resources and score" pod="default/yolo-det-1" node="gpu-orin3" resourceAllocationScorer="LeastAllocated" allocatableResource=[6000,7885152256] requestedResource=[700,1468006400] resourceScore=84
2026-07-01 16:35:39.245 I0701 07:26:09.650144       1 resource_allocation.go:76] "Listed internal info for allocatable resources, requested resources and score" pod="default/yolo-det-1" node="gpu-orin3" resourceAllocationScorer="NodeResourcesBalancedAllocation" allocatableResource=[6000,7885152256] requestedResource=[100,52428800] resourceScore=99
2026-07-01 16:35:39.246 I0701 07:26:09.650144       1 resource_allocation.go:76] "Listed internal info for allocatable resources, requested resources and score" pod="default/yolo-det-1" node="gpu-orin2" resourceAllocationScorer="LeastAllocated" allocatableResource=[6000,7885127680] requestedResource=[800,1677721600] resourceScore=82
2026-07-01 16:35:39.246 I0701 07:26:09.650166       1 resource_allocation.go:76] "Listed internal info for allocatable resources, requested resources and score" pod="default/yolo-det-1" node="gpuorin4-desktop" resourceAllocationScorer="LeastAllocated" allocatableResource=[6000,7885250560] requestedResource=[1000,2097152000] resourceScore=78
2026-07-01 16:35:39.247 I0701 07:26:09.650168       1 resource_allocation.go:76] "Listed internal info for allocatable resources, requested resources and score" pod="default/yolo-det-1" node="gpu-orin2" resourceAllocationScorer="NodeResourcesBalancedAllocation" allocatableResource=[6000,7885127680] requestedResource=[100,52428800] resourceScore=99
2026-07-01 16:35:39.248 I0701 07:26:09.650181       1 resource_allocation.go:76] "Listed internal info for allocatable resources, requested resources and score" pod="default/yolo-det-1" node="gpuorin4-desktop" resourceAllocationScorer="NodeResourcesBalancedAllocation" allocatableResource=[6000,7885250560] requestedResource=[100,52428800] resourceScore=99
2026-07-01 16:35:39.249 I0701 07:26:09.650186       1 resource_allocation.go:76] "Listed internal info for allocatable resources, requested resources and score" pod="default/yolo-det-1" node="gpuorin5-desktop" resourceAllocationScorer="LeastAllocated" allocatableResource=[6000,7885127680] requestedResource=[700,1468006400] resourceScore=84
2026-07-01 16:35:39.249 I0701 07:26:09.650207       1 resource_allocation.go:76] "Listed internal info for allocatable resources, requested resources and score" pod="default/yolo-det-1" node="gpuorin5-desktop" resourceAllocationScorer="NodeResourcesBalancedAllocation" allocatableResource=[6000,7885127680] requestedResource=[100,52428800] resourceScore=99
2026-07-01 16:35:39.250 I0701 07:26:09.650256       1 schedule_one.go:745] "Plugin scored node for pod" pod="default/yolo-det-1" plugin="TaintToleration" node="gpu-orin3" score=300
2026-07-01 16:35:39.250 I0701 07:26:09.650263       1 schedule_one.go:745] "Plugin scored node for pod" pod="default/yolo-det-1" plugin="NodeAffinity" node="gpu-orin3" score=0
2026-07-01 16:35:39.251 I0701 07:26:09.650268       1 schedule_one.go:745] "Plugin scored node for pod" pod="default/yolo-det-1" plugin="NodeResourcesFit" node="gpu-orin3" score=84
2026-07-01 16:35:39.252 I0701 07:26:09.650272       1 schedule_one.go:745] "Plugin scored node for pod" pod="default/yolo-det-1" plugin="VolumeBinding" node="gpu-orin3" score=0
2026-07-01 16:35:39.252 I0701 07:26:09.650277       1 schedule_one.go:745] "Plugin scored node for pod" pod="default/yolo-det-1" plugin="NodeResourcesBalancedAllocation" node="gpu-orin3" score=99
2026-07-01 16:35:39.253 I0701 07:26:09.650281       1 schedule_one.go:745] "Plugin scored node for pod" pod="default/yolo-det-1" plugin="ImageLocality" node="gpu-orin3" score=0
2026-07-01 16:35:39.254 I0701 07:26:09.650285       1 schedule_one.go:745] "Plugin scored node for pod" pod="default/yolo-det-1" plugin="TaintToleration" node="gpu-orin2" score=300
2026-07-01 16:35:39.254 I0701 07:26:09.650290       1 schedule_one.go:745] "Plugin scored node for pod" pod="default/yolo-det-1" plugin="NodeAffinity" node="gpu-orin2" score=0
2026-07-01 16:35:39.255 I0701 07:26:09.650294       1 schedule_one.go:745] "Plugin scored node for pod" pod="default/yolo-det-1" plugin="NodeResourcesFit" node="gpu-orin2" score=82
2026-07-01 16:35:39.256 I0701 07:26:09.650298       1 schedule_one.go:745] "Plugin scored node for pod" pod="default/yolo-det-1" plugin="VolumeBinding" node="gpu-orin2" score=0
2026-07-01 16:35:39.256 I0701 07:26:09.650302       1 schedule_one.go:745] "Plugin scored node for pod" pod="default/yolo-det-1" plugin="NodeResourcesBalancedAllocation" node="gpu-orin2" score=99
2026-07-01 16:35:39.257 I0701 07:26:09.650306       1 schedule_one.go:745] "Plugin scored node for pod" pod="default/yolo-det-1" plugin="ImageLocality" node="gpu-orin2" score=0
2026-07-01 16:35:39.258 I0701 07:26:09.650310       1 schedule_one.go:745] "Plugin scored node for pod" pod="default/yolo-det-1" plugin="TaintToleration" node="gpuorin5-desktop" score=300
2026-07-01 16:35:39.258 I0701 07:26:09.650314       1 schedule_one.go:745] "Plugin scored node for pod" pod="default/yolo-det-1" plugin="NodeAffinity" node="gpuorin5-desktop" score=0
2026-07-01 16:35:39.259 I0701 07:26:09.650318       1 schedule_one.go:745] "Plugin scored node for pod" pod="default/yolo-det-1" plugin="NodeResourcesFit" node="gpuorin5-desktop" score=84
2026-07-01 16:35:39.260 I0701 07:26:09.650322       1 schedule_one.go:745] "Plugin scored node for pod" pod="default/yolo-det-1" plugin="VolumeBinding" node="gpuorin5-desktop" score=0
2026-07-01 16:35:39.260 I0701 07:26:09.650327       1 schedule_one.go:745] "Plugin scored node for pod" pod="default/yolo-det-1" plugin="NodeResourcesBalancedAllocation" node="gpuorin5-desktop" score=99
2026-07-01 16:35:39.261 I0701 07:26:09.650331       1 schedule_one.go:745] "Plugin scored node for pod" pod="default/yolo-det-1" plugin="ImageLocality" node="gpuorin5-desktop" score=0
2026-07-01 16:35:39.261 I0701 07:26:09.650335       1 schedule_one.go:745] "Plugin scored node for pod" pod="default/yolo-det-1" plugin="TaintToleration" node="gpuorin4-desktop" score=300
2026-07-01 16:35:39.262 I0701 07:26:09.650343       1 schedule_one.go:745] "Plugin scored node for pod" pod="default/yolo-det-1" plugin="NodeAffinity" node="gpuorin4-desktop" score=0
2026-07-01 16:35:39.263 I0701 07:26:09.650351       1 schedule_one.go:745] "Plugin scored node for pod" pod="default/yolo-det-1" plugin="NodeResourcesFit" node="gpuorin4-desktop" score=78
2026-07-01 16:35:39.263 I0701 07:26:09.650356       1 schedule_one.go:745] "Plugin scored node for pod" pod="default/yolo-det-1" plugin="VolumeBinding" node="gpuorin4-desktop" score=0
2026-07-01 16:35:39.264 I0701 07:26:09.650361       1 schedule_one.go:745] "Plugin scored node for pod" pod="default/yolo-det-1" plugin="NodeResourcesBalancedAllocation" node="gpuorin4-desktop" score=99
2026-07-01 16:35:39.265 I0701 07:26:09.650366       1 schedule_one.go:745] "Plugin scored node for pod" pod="default/yolo-det-1" plugin="ImageLocality" node="gpuorin4-desktop" score=0
2026-07-01 16:35:39.265 I0701 07:26:09.650373       1 schedule_one.go:812] "Calculated node's final score for pod" pod="default/yolo-det-1" node="gpu-orin3" score=483
2026-07-01 16:35:39.266 I0701 07:26:09.650381       1 schedule_one.go:812] "Calculated node's final score for pod" pod="default/yolo-det-1" node="gpu-orin2" score=481
2026-07-01 16:35:39.267 I0701 07:26:09.650386       1 schedule_one.go:812] "Calculated node's final score for pod" pod="default/yolo-det-1" node="gpuorin5-desktop" score=483
2026-07-01 16:35:39.267 I0701 07:26:09.650391       1 schedule_one.go:812] "Calculated node's final score for pod" pod="default/yolo-det-1" node="gpuorin4-desktop" score=477
2026-07-01 16:35:39.268 I0701 07:26:13.878813       1 resource_allocation.go:76] "Listed internal info for allocatable resources, requested resources and score" pod="default/yolo-seg-1" node="gpu-orin2" resourceAllocationScorer="LeastAllocated" allocatableResource=[6000,7885127680] requestedResource=[800,1677721600] resourceScore=82
2026-07-01 16:35:39.268 I0701 07:26:13.878814       1 resource_allocation.go:76] "Listed internal info for allocatable resources, requested resources and score" pod="default/yolo-seg-1" node="gpuorin4-desktop" resourceAllocationScorer="LeastAllocated" allocatableResource=[6000,7885250560] requestedResource=[1000,2097152000] resourceScore=78
2026-07-01 16:35:39.269 I0701 07:26:13.878830       1 resource_allocation.go:76] "Listed internal info for allocatable resources, requested resources and score" pod="default/yolo-seg-1" node="gpuorin5-desktop" resourceAllocationScorer="LeastAllocated" allocatableResource=[6000,7885127680] requestedResource=[800,1677721600] resourceScore=82
2026-07-01 16:35:39.270 I0701 07:26:13.878850       1 resource_allocation.go:76] "Listed internal info for allocatable resources, requested resources and score" pod="default/yolo-seg-1" node="gpu-orin2" resourceAllocationScorer="NodeResourcesBalancedAllocation" allocatableResource=[6000,7885127680] requestedResource=[100,52428800] resourceScore=99
2026-07-01 16:35:39.270 I0701 07:26:13.878853       1 resource_allocation.go:76] "Listed internal info for allocatable resources, requested resources and score" pod="default/yolo-seg-1" node="gpu-orin3" resourceAllocationScorer="LeastAllocated" allocatableResource=[6000,7885152256] requestedResource=[700,1468006400] resourceScore=84
2026-07-01 16:35:39.271 I0701 07:26:13.878860       1 resource_allocation.go:76] "Listed internal info for allocatable resources, requested resources and score" pod="default/yolo-seg-1" node="gpuorin4-desktop" resourceAllocationScorer="NodeResourcesBalancedAllocation" allocatableResource=[6000,7885250560] requestedResource=[100,52428800] resourceScore=99
2026-07-01 16:35:39.272 I0701 07:26:13.878868       1 resource_allocation.go:76] "Listed internal info for allocatable resources, requested resources and score" pod="default/yolo-seg-1" node="gpuorin5-desktop" resourceAllocationScorer="NodeResourcesBalancedAllocation" allocatableResource=[6000,7885127680] requestedResource=[100,52428800] resourceScore=99
2026-07-01 16:35:39.273 I0701 07:26:13.878886       1 resource_allocation.go:76] "Listed internal info for allocatable resources, requested resources and score" pod="default/yolo-seg-1" node="gpu-orin3" resourceAllocationScorer="NodeResourcesBalancedAllocation" allocatableResource=[6000,7885152256] requestedResource=[100,52428800] resourceScore=99
2026-07-01 16:35:39.273 I0701 07:26:13.879046       1 schedule_one.go:745] "Plugin scored node for pod" pod="default/yolo-seg-1" plugin="TaintToleration" node="gpu-orin2" score=300
2026-07-01 16:35:39.274 I0701 07:26:13.879075       1 schedule_one.go:745] "Plugin scored node for pod" pod="default/yolo-seg-1" plugin="NodeAffinity" node="gpu-orin2" score=0
2026-07-01 16:35:39.274 I0701 07:26:13.879086       1 schedule_one.go:745] "Plugin scored node for pod" pod="default/yolo-seg-1" plugin="NodeResourcesFit" node="gpu-orin2" score=82
2026-07-01 16:35:39.275 I0701 07:26:13.879096       1 schedule_one.go:745] "Plugin scored node for pod" pod="default/yolo-seg-1" plugin="VolumeBinding" node="gpu-orin2" score=0
2026-07-01 16:35:39.276 I0701 07:26:13.879104       1 schedule_one.go:745] "Plugin scored node for pod" pod="default/yolo-seg-1" plugin="NodeResourcesBalancedAllocation" node="gpu-orin2" score=99
2026-07-01 16:35:39.276 I0701 07:26:13.879117       1 schedule_one.go:745] "Plugin scored node for pod" pod="default/yolo-seg-1" plugin="ImageLocality" node="gpu-orin2" score=0
2026-07-01 16:35:39.277 I0701 07:26:13.879125       1 schedule_one.go:745] "Plugin scored node for pod" pod="default/yolo-seg-1" plugin="TaintToleration" node="gpuorin4-desktop" score=300
2026-07-01 16:35:39.278 I0701 07:26:13.879133       1 schedule_one.go:745] "Plugin scored node for pod" pod="default/yolo-seg-1" plugin="NodeAffinity" node="gpuorin4-desktop" score=0
2026-07-01 16:35:39.278 I0701 07:26:13.879140       1 schedule_one.go:745] "Plugin scored node for pod" pod="default/yolo-seg-1" plugin="NodeResourcesFit" node="gpuorin4-desktop" score=78
2026-07-01 16:35:39.279 I0701 07:26:13.879147       1 schedule_one.go:745] "Plugin scored node for pod" pod="default/yolo-seg-1" plugin="VolumeBinding" node="gpuorin4-desktop" score=0
2026-07-01 16:35:39.279 I0701 07:26:13.879155       1 schedule_one.go:745] "Plugin scored node for pod" pod="default/yolo-seg-1" plugin="NodeResourcesBalancedAllocation" node="gpuorin4-desktop" score=99
2026-07-01 16:35:39.280 I0701 07:26:13.879166       1 schedule_one.go:745] "Plugin scored node for pod" pod="default/yolo-seg-1" plugin="ImageLocality" node="gpuorin4-desktop" score=0
2026-07-01 16:35:39.281 I0701 07:26:13.879173       1 schedule_one.go:745] "Plugin scored node for pod" pod="default/yolo-seg-1" plugin="TaintToleration" node="gpuorin5-desktop" score=300
2026-07-01 16:35:39.281 I0701 07:26:13.879181       1 schedule_one.go:745] "Plugin scored node for pod" pod="default/yolo-seg-1" plugin="NodeAffinity" node="gpuorin5-desktop" score=0
2026-07-01 16:35:39.282 I0701 07:26:13.879189       1 schedule_one.go:745] "Plugin scored node for pod" pod="default/yolo-seg-1" plugin="NodeResourcesFit" node="gpuorin5-desktop" score=82
2026-07-01 16:35:39.283 I0701 07:26:13.879196       1 schedule_one.go:745] "Plugin scored node for pod" pod="default/yolo-seg-1" plugin="VolumeBinding" node="gpuorin5-desktop" score=0
2026-07-01 16:35:39.283 I0701 07:26:13.879209       1 schedule_one.go:745] "Plugin scored node for pod" pod="default/yolo-seg-1" plugin="NodeResourcesBalancedAllocation" node="gpuorin5-desktop" score=99
2026-07-01 16:35:39.284 I0701 07:26:13.879217       1 schedule_one.go:745] "Plugin scored node for pod" pod="default/yolo-seg-1" plugin="ImageLocality" node="gpuorin5-desktop" score=0
2026-07-01 16:35:39.284 I0701 07:26:13.879225       1 schedule_one.go:745] "Plugin scored node for pod" pod="default/yolo-seg-1" plugin="TaintToleration" node="gpu-orin3" score=300
2026-07-01 16:35:39.285 I0701 07:26:13.879233       1 schedule_one.go:745] "Plugin scored node for pod" pod="default/yolo-seg-1" plugin="NodeAffinity" node="gpu-orin3" score=0
2026-07-01 16:35:39.286 I0701 07:26:13.879241       1 schedule_one.go:745] "Plugin scored node for pod" pod="default/yolo-seg-1" plugin="NodeResourcesFit" node="gpu-orin3" score=84
2026-07-01 16:35:39.286 I0701 07:26:13.879251       1 schedule_one.go:745] "Plugin scored node for pod" pod="default/yolo-seg-1" plugin="VolumeBinding" node="gpu-orin3" score=0
2026-07-01 16:35:39.287 I0701 07:26:13.879258       1 schedule_one.go:745] "Plugin scored node for pod" pod="default/yolo-seg-1" plugin="NodeResourcesBalancedAllocation" node="gpu-orin3" score=99
2026-07-01 16:35:39.288 I0701 07:26:13.879265       1 schedule_one.go:745] "Plugin scored node for pod" pod="default/yolo-seg-1" plugin="ImageLocality" node="gpu-orin3" score=0
2026-07-01 16:35:39.288 I0701 07:26:13.879277       1 schedule_one.go:812] "Calculated node's final score for pod" pod="default/yolo-seg-1" node="gpu-orin2" score=481
2026-07-01 16:35:39.289 I0701 07:26:13.879288       1 schedule_one.go:812] "Calculated node's final score for pod" pod="default/yolo-seg-1" node="gpuorin4-desktop" score=477
2026-07-01 16:35:39.290 I0701 07:26:13.879299       1 schedule_one.go:812] "Calculated node's final score for pod" pod="default/yolo-seg-1" node="gpuorin5-desktop" score=481
2026-07-01 16:35:39.290 I0701 07:26:13.879310       1 schedule_one.go:812] "Calculated node's final score for pod" pod="default/yolo-seg-1" node="gpu-orin3" score=483
2026-07-01 16:35:39.291 I0701 07:26:18.576033       1 resource_allocation.go:76] "Listed internal info for allocatable resources, requested resources and score" pod="default/yolo-obb-1" node="gpuorin5-desktop" resourceAllocationScorer="LeastAllocated" allocatableResource=[6000,7885127680] requestedResource=[800,1677721600] resourceScore=82
2026-07-01 16:35:39.292 I0701 07:26:18.576057       1 resource_allocation.go:76] "Listed internal info for allocatable resources, requested resources and score" pod="default/yolo-obb-1" node="gpu-orin3" resourceAllocationScorer="LeastAllocated" allocatableResource=[6000,7885152256] requestedResource=[800,1677721600] resourceScore=82
2026-07-01 16:35:39.292 I0701 07:26:18.576067       1 resource_allocation.go:76] "Listed internal info for allocatable resources, requested resources and score" pod="default/yolo-obb-1" node="gpuorin5-desktop" resourceAllocationScorer="NodeResourcesBalancedAllocation" allocatableResource=[6000,7885127680] requestedResource=[100,52428800] resourceScore=99
2026-07-01 16:35:39.293 I0701 07:26:18.576059       1 resource_allocation.go:76] "Listed internal info for allocatable resources, requested resources and score" pod="default/yolo-obb-1" node="gpu-orin2" resourceAllocationScorer="LeastAllocated" allocatableResource=[6000,7885127680] requestedResource=[800,1677721600] resourceScore=82
2026-07-01 16:35:39.294 I0701 07:26:18.576090       1 resource_allocation.go:76] "Listed internal info for allocatable resources, requested resources and score" pod="default/yolo-obb-1" node="gpu-orin3" resourceAllocationScorer="NodeResourcesBalancedAllocation" allocatableResource=[6000,7885152256] requestedResource=[100,52428800] resourceScore=99
2026-07-01 16:35:39.294 I0701 07:26:18.576108       1 resource_allocation.go:76] "Listed internal info for allocatable resources, requested resources and score" pod="default/yolo-obb-1" node="gpu-orin2" resourceAllocationScorer="NodeResourcesBalancedAllocation" allocatableResource=[6000,7885127680] requestedResource=[100,52428800] resourceScore=99
2026-07-01 16:35:39.295 I0701 07:26:18.576113       1 resource_allocation.go:76] "Listed internal info for allocatable resources, requested resources and score" pod="default/yolo-obb-1" node="gpuorin4-desktop" resourceAllocationScorer="LeastAllocated" allocatableResource=[6000,7885250560] requestedResource=[1000,2097152000] resourceScore=78
2026-07-01 16:35:39.296 I0701 07:26:18.576155       1 resource_allocation.go:76] "Listed internal info for allocatable resources, requested resources and score" pod="default/yolo-obb-1" node="gpuorin4-desktop" resourceAllocationScorer="NodeResourcesBalancedAllocation" allocatableResource=[6000,7885250560] requestedResource=[100,52428800] resourceScore=99
2026-07-01 16:35:39.297 I0701 07:26:18.576319       1 schedule_one.go:745] "Plugin scored node for pod" pod="default/yolo-obb-1" plugin="TaintToleration" node="gpuorin5-desktop" score=300
2026-07-01 16:35:39.297 I0701 07:26:18.576347       1 schedule_one.go:745] "Plugin scored node for pod" pod="default/yolo-obb-1" plugin="NodeAffinity" node="gpuorin5-desktop" score=0
2026-07-01 16:35:39.298 I0701 07:26:18.576361       1 schedule_one.go:745] "Plugin scored node for pod" pod="default/yolo-obb-1" plugin="NodeResourcesFit" node="gpuorin5-desktop" score=82
2026-07-01 16:35:39.298 I0701 07:26:18.576371       1 schedule_one.go:745] "Plugin scored node for pod" pod="default/yolo-obb-1" plugin="VolumeBinding" node="gpuorin5-desktop" score=0
2026-07-01 16:35:39.299 I0701 07:26:18.576382       1 schedule_one.go:745] "Plugin scored node for pod" pod="default/yolo-obb-1" plugin="NodeResourcesBalancedAllocation" node="gpuorin5-desktop" score=99
2026-07-01 16:35:39.300 I0701 07:26:18.576398       1 schedule_one.go:745] "Plugin scored node for pod" pod="default/yolo-obb-1" plugin="ImageLocality" node="gpuorin5-desktop" score=0
2026-07-01 16:35:39.300 I0701 07:26:18.576409       1 schedule_one.go:745] "Plugin scored node for pod" pod="default/yolo-obb-1" plugin="TaintToleration" node="gpu-orin3" score=300
2026-07-01 16:35:39.301 I0701 07:26:18.576421       1 schedule_one.go:745] "Plugin scored node for pod" pod="default/yolo-obb-1" plugin="NodeAffinity" node="gpu-orin3" score=0
2026-07-01 16:35:39.302 I0701 07:26:18.576431       1 schedule_one.go:745] "Plugin scored node for pod" pod="default/yolo-obb-1" plugin="NodeResourcesFit" node="gpu-orin3" score=82
2026-07-01 16:35:39.302 I0701 07:26:18.576443       1 schedule_one.go:745] "Plugin scored node for pod" pod="default/yolo-obb-1" plugin="VolumeBinding" node="gpu-orin3" score=0
2026-07-01 16:35:39.303 I0701 07:26:18.576453       1 schedule_one.go:745] "Plugin scored node for pod" pod="default/yolo-obb-1" plugin="NodeResourcesBalancedAllocation" node="gpu-orin3" score=99
2026-07-01 16:35:39.303 I0701 07:26:18.576462       1 schedule_one.go:745] "Plugin scored node for pod" pod="default/yolo-obb-1" plugin="ImageLocality" node="gpu-orin3" score=0
2026-07-01 16:35:39.304 I0701 07:26:18.576472       1 schedule_one.go:745] "Plugin scored node for pod" pod="default/yolo-obb-1" plugin="TaintToleration" node="gpu-orin2" score=300
2026-07-01 16:35:39.305 I0701 07:26:18.576481       1 schedule_one.go:745] "Plugin scored node for pod" pod="default/yolo-obb-1" plugin="NodeAffinity" node="gpu-orin2" score=0
2026-07-01 16:35:39.305 I0701 07:26:18.576491       1 schedule_one.go:745] "Plugin scored node for pod" pod="default/yolo-obb-1" plugin="NodeResourcesFit" node="gpu-orin2" score=82
2026-07-01 16:35:39.306 I0701 07:26:18.576500       1 schedule_one.go:745] "Plugin scored node for pod" pod="default/yolo-obb-1" plugin="VolumeBinding" node="gpu-orin2" score=0
2026-07-01 16:35:39.306 I0701 07:26:18.576510       1 schedule_one.go:745] "Plugin scored node for pod" pod="default/yolo-obb-1" plugin="NodeResourcesBalancedAllocation" node="gpu-orin2" score=99
2026-07-01 16:35:39.307 I0701 07:26:18.576524       1 schedule_one.go:745] "Plugin scored node for pod" pod="default/yolo-obb-1" plugin="ImageLocality" node="gpu-orin2" score=0
2026-07-01 16:35:39.308 I0701 07:26:18.576535       1 schedule_one.go:745] "Plugin scored node for pod" pod="default/yolo-obb-1" plugin="TaintToleration" node="gpuorin4-desktop" score=300
2026-07-01 16:35:39.308 I0701 07:26:18.576544       1 schedule_one.go:745] "Plugin scored node for pod" pod="default/yolo-obb-1" plugin="NodeAffinity" node="gpuorin4-desktop" score=0
2026-07-01 16:35:39.309 I0701 07:26:18.576554       1 schedule_one.go:745] "Plugin scored node for pod" pod="default/yolo-obb-1" plugin="NodeResourcesFit" node="gpuorin4-desktop" score=78
2026-07-01 16:35:39.310 I0701 07:26:18.576563       1 schedule_one.go:745] "Plugin scored node for pod" pod="default/yolo-obb-1" plugin="VolumeBinding" node="gpuorin4-desktop" score=0
2026-07-01 16:35:39.310 I0701 07:26:18.576573       1 schedule_one.go:745] "Plugin scored node for pod" pod="default/yolo-obb-1" plugin="NodeResourcesBalancedAllocation" node="gpuorin4-desktop" score=99
2026-07-01 16:35:39.311 I0701 07:26:18.576583       1 schedule_one.go:745] "Plugin scored node for pod" pod="default/yolo-obb-1" plugin="ImageLocality" node="gpuorin4-desktop" score=0
2026-07-01 16:35:39.312 I0701 07:26:18.576601       1 schedule_one.go:812] "Calculated node's final score for pod" pod="default/yolo-obb-1" node="gpuorin5-desktop" score=481
2026-07-01 16:35:39.312 I0701 07:26:18.576615       1 schedule_one.go:812] "Calculated node's final score for pod" pod="default/yolo-obb-1" node="gpu-orin3" score=481
2026-07-01 16:35:39.313 I0701 07:26:18.576627       1 schedule_one.go:812] "Calculated node's final score for pod" pod="default/yolo-obb-1" node="gpu-orin2" score=481
2026-07-01 16:35:39.313 I0701 07:26:18.576639       1 schedule_one.go:812] "Calculated node's final score for pod" pod="default/yolo-obb-1" node="gpuorin4-desktop" score=477
2026-07-01 16:35:39.314 I0701 07:26:22.750211       1 resource_allocation.go:76] "Listed internal info for allocatable resources, requested resources and score" pod="default/yolo-pos-1" node="gpu-orin3" resourceAllocationScorer="LeastAllocated" allocatableResource=[6000,7885152256] requestedResource=[900,1887436800] resourceScore=80
2026-07-01 16:35:39.315 I0701 07:26:22.750228       1 resource_allocation.go:76] "Listed internal info for allocatable resources, requested resources and score" pod="default/yolo-pos-1" node="gpuorin4-desktop" resourceAllocationScorer="LeastAllocated" allocatableResource=[6000,7885250560] requestedResource=[1000,2097152000] resourceScore=78
2026-07-01 16:35:39.315 I0701 07:26:22.750236       1 resource_allocation.go:76] "Listed internal info for allocatable resources, requested resources and score" pod="default/yolo-pos-1" node="gpu-orin3" resourceAllocationScorer="NodeResourcesBalancedAllocation" allocatableResource=[6000,7885152256] requestedResource=[100,52428800] resourceScore=99
2026-07-01 16:35:39.316 I0701 07:26:22.750229       1 resource_allocation.go:76] "Listed internal info for allocatable resources, requested resources and score" pod="default/yolo-pos-1" node="gpu-orin2" resourceAllocationScorer="LeastAllocated" allocatableResource=[6000,7885127680] requestedResource=[800,1677721600] resourceScore=82
2026-07-01 16:35:39.317 I0701 07:26:22.750246       1 resource_allocation.go:76] "Listed internal info for allocatable resources, requested resources and score" pod="default/yolo-pos-1" node="gpuorin5-desktop" resourceAllocationScorer="LeastAllocated" allocatableResource=[6000,7885127680] requestedResource=[800,1677721600] resourceScore=82
2026-07-01 16:35:39.317 I0701 07:26:22.750257       1 resource_allocation.go:76] "Listed internal info for allocatable resources, requested resources and score" pod="default/yolo-pos-1" node="gpu-orin2" resourceAllocationScorer="NodeResourcesBalancedAllocation" allocatableResource=[6000,7885127680] requestedResource=[100,52428800] resourceScore=99
2026-07-01 16:35:39.318 I0701 07:26:22.750256       1 resource_allocation.go:76] "Listed internal info for allocatable resources, requested resources and score" pod="default/yolo-pos-1" node="gpuorin4-desktop" resourceAllocationScorer="NodeResourcesBalancedAllocation" allocatableResource=[6000,7885250560] requestedResource=[100,52428800] resourceScore=99
2026-07-01 16:35:39.318 I0701 07:26:22.750273       1 resource_allocation.go:76] "Listed internal info for allocatable resources, requested resources and score" pod="default/yolo-pos-1" node="gpuorin5-desktop" resourceAllocationScorer="NodeResourcesBalancedAllocation" allocatableResource=[6000,7885127680] requestedResource=[100,52428800] resourceScore=99
2026-07-01 16:35:39.319 I0701 07:26:22.750360       1 schedule_one.go:745] "Plugin scored node for pod" pod="default/yolo-pos-1" plugin="TaintToleration" node="gpu-orin3" score=300
2026-07-01 16:35:39.320 I0701 07:26:22.750371       1 schedule_one.go:745] "Plugin scored node for pod" pod="default/yolo-pos-1" plugin="NodeAffinity" node="gpu-orin3" score=0
2026-07-01 16:35:39.320 I0701 07:26:22.750377       1 schedule_one.go:745] "Plugin scored node for pod" pod="default/yolo-pos-1" plugin="NodeResourcesFit" node="gpu-orin3" score=80
2026-07-01 16:35:39.321 I0701 07:26:22.750384       1 schedule_one.go:745] "Plugin scored node for pod" pod="default/yolo-pos-1" plugin="VolumeBinding" node="gpu-orin3" score=0
2026-07-01 16:35:39.322 I0701 07:26:22.750392       1 schedule_one.go:745] "Plugin scored node for pod" pod="default/yolo-pos-1" plugin="NodeResourcesBalancedAllocation" node="gpu-orin3" score=99
2026-07-01 16:35:39.322 I0701 07:26:22.750397       1 schedule_one.go:745] "Plugin scored node for pod" pod="default/yolo-pos-1" plugin="ImageLocality" node="gpu-orin3" score=0
2026-07-01 16:35:39.323 I0701 07:26:22.750404       1 schedule_one.go:745] "Plugin scored node for pod" pod="default/yolo-pos-1" plugin="TaintToleration" node="gpu-orin2" score=300
2026-07-01 16:35:39.324 I0701 07:26:22.750409       1 schedule_one.go:745] "Plugin scored node for pod" pod="default/yolo-pos-1" plugin="NodeAffinity" node="gpu-orin2" score=0
2026-07-01 16:35:39.324 I0701 07:26:22.750415       1 schedule_one.go:745] "Plugin scored node for pod" pod="default/yolo-pos-1" plugin="NodeResourcesFit" node="gpu-orin2" score=82
2026-07-01 16:35:39.325 I0701 07:26:22.750422       1 schedule_one.go:745] "Plugin scored node for pod" pod="default/yolo-pos-1" plugin="VolumeBinding" node="gpu-orin2" score=0
2026-07-01 16:35:39.326 I0701 07:26:22.750427       1 schedule_one.go:745] "Plugin scored node for pod" pod="default/yolo-pos-1" plugin="NodeResourcesBalancedAllocation" node="gpu-orin2" score=99
2026-07-01 16:35:39.326 I0701 07:26:22.750432       1 schedule_one.go:745] "Plugin scored node for pod" pod="default/yolo-pos-1" plugin="ImageLocality" node="gpu-orin2" score=0
2026-07-01 16:35:39.327 I0701 07:26:22.750436       1 schedule_one.go:745] "Plugin scored node for pod" pod="default/yolo-pos-1" plugin="TaintToleration" node="gpuorin4-desktop" score=300
2026-07-01 16:35:39.327 I0701 07:26:22.750443       1 schedule_one.go:745] "Plugin scored node for pod" pod="default/yolo-pos-1" plugin="NodeAffinity" node="gpuorin4-desktop" score=0
2026-07-01 16:35:39.328 I0701 07:26:22.750447       1 schedule_one.go:745] "Plugin scored node for pod" pod="default/yolo-pos-1" plugin="NodeResourcesFit" node="gpuorin4-desktop" score=78
2026-07-01 16:35:39.329 I0701 07:26:22.750452       1 schedule_one.go:745] "Plugin scored node for pod" pod="default/yolo-pos-1" plugin="VolumeBinding" node="gpuorin4-desktop" score=0
2026-07-01 16:35:39.329 I0701 07:26:22.750456       1 schedule_one.go:745] "Plugin scored node for pod" pod="default/yolo-pos-1" plugin="NodeResourcesBalancedAllocation" node="gpuorin4-desktop" score=99
2026-07-01 16:35:39.330 I0701 07:26:22.750461       1 schedule_one.go:745] "Plugin scored node for pod" pod="default/yolo-pos-1" plugin="ImageLocality" node="gpuorin4-desktop" score=0
2026-07-01 16:35:39.331 I0701 07:26:22.750467       1 schedule_one.go:745] "Plugin scored node for pod" pod="default/yolo-pos-1" plugin="TaintToleration" node="gpuorin5-desktop" score=300
2026-07-01 16:35:39.331 I0701 07:26:22.750471       1 schedule_one.go:745] "Plugin scored node for pod" pod="default/yolo-pos-1" plugin="NodeAffinity" node="gpuorin5-desktop" score=0
2026-07-01 16:35:39.332 I0701 07:26:22.750475       1 schedule_one.go:745] "Plugin scored node for pod" pod="default/yolo-pos-1" plugin="NodeResourcesFit" node="gpuorin5-desktop" score=82
2026-07-01 16:35:39.332 I0701 07:26:22.750480       1 schedule_one.go:745] "Plugin scored node for pod" pod="default/yolo-pos-1" plugin="VolumeBinding" node="gpuorin5-desktop" score=0
2026-07-01 16:35:39.333 I0701 07:26:22.750489       1 schedule_one.go:745] "Plugin scored node for pod" pod="default/yolo-pos-1" plugin="NodeResourcesBalancedAllocation" node="gpuorin5-desktop" score=99
2026-07-01 16:35:39.334 I0701 07:26:22.750494       1 schedule_one.go:745] "Plugin scored node for pod" pod="default/yolo-pos-1" plugin="ImageLocality" node="gpuorin5-desktop" score=0
2026-07-01 16:35:39.334 I0701 07:26:22.750501       1 schedule_one.go:812] "Calculated node's final score for pod" pod="default/yolo-pos-1" node="gpu-orin3" score=479
2026-07-01 16:35:39.335 I0701 07:26:22.750508       1 schedule_one.go:812] "Calculated node's final score for pod" pod="default/yolo-pos-1" node="gpu-orin2" score=481
2026-07-01 16:35:39.336 I0701 07:26:22.750513       1 schedule_one.go:812] "Calculated node's final score for pod" pod="default/yolo-pos-1" node="gpuorin4-desktop" score=477
2026-07-01 16:35:39.336 I0701 07:26:22.750520       1 schedule_one.go:812] "Calculated node's final score for pod" pod="default/yolo-pos-1" node="gpuorin5-desktop" score=481
2026-07-01 16:35:39.337 I0701 07:26:26.942434       1 resource_allocation.go:76] "Listed internal info for allocatable resources, requested resources and score" pod="default/yolo-cls-2" node="gpu-orin2" resourceAllocationScorer="LeastAllocated" allocatableResource=[6000,7885127680] requestedResource=[800,1677721600] resourceScore=82
2026-07-01 16:35:39.337 I0701 07:26:26.942449       1 resource_allocation.go:76] "Listed internal info for allocatable resources, requested resources and score" pod="default/yolo-cls-2" node="gpuorin4-desktop" resourceAllocationScorer="LeastAllocated" allocatableResource=[6000,7885250560] requestedResource=[1000,2097152000] resourceScore=78
2026-07-01 16:35:39.338 I0701 07:26:26.942453       1 resource_allocation.go:76] "Listed internal info for allocatable resources, requested resources and score" pod="default/yolo-cls-2" node="gpu-orin2" resourceAllocationScorer="NodeResourcesBalancedAllocation" allocatableResource=[6000,7885127680] requestedResource=[100,52428800] resourceScore=99
2026-07-01 16:35:39.339 I0701 07:26:26.942459       1 resource_allocation.go:76] "Listed internal info for allocatable resources, requested resources and score" pod="default/yolo-cls-2" node="gpuorin5-desktop" resourceAllocationScorer="LeastAllocated" allocatableResource=[6000,7885127680] requestedResource=[900,1887436800] resourceScore=80
2026-07-01 16:35:39.339 I0701 07:26:26.942460       1 resource_allocation.go:76] "Listed internal info for allocatable resources, requested resources and score" pod="default/yolo-cls-2" node="gpu-orin3" resourceAllocationScorer="LeastAllocated" allocatableResource=[6000,7885152256] requestedResource=[900,1887436800] resourceScore=80
2026-07-01 16:35:39.340 I0701 07:26:26.942470       1 resource_allocation.go:76] "Listed internal info for allocatable resources, requested resources and score" pod="default/yolo-cls-2" node="gpuorin4-desktop" resourceAllocationScorer="NodeResourcesBalancedAllocation" allocatableResource=[6000,7885250560] requestedResource=[100,52428800] resourceScore=99
2026-07-01 16:35:39.341 I0701 07:26:26.942484       1 resource_allocation.go:76] "Listed internal info for allocatable resources, requested resources and score" pod="default/yolo-cls-2" node="gpu-orin3" resourceAllocationScorer="NodeResourcesBalancedAllocation" allocatableResource=[6000,7885152256] requestedResource=[100,52428800] resourceScore=99
2026-07-01 16:35:39.341 I0701 07:26:26.942481       1 resource_allocation.go:76] "Listed internal info for allocatable resources, requested resources and score" pod="default/yolo-cls-2" node="gpuorin5-desktop" resourceAllocationScorer="NodeResourcesBalancedAllocation" allocatableResource=[6000,7885127680] requestedResource=[100,52428800] resourceScore=99
2026-07-01 16:35:39.342 I0701 07:26:26.942583       1 schedule_one.go:745] "Plugin scored node for pod" pod="default/yolo-cls-2" plugin="TaintToleration" node="gpu-orin2" score=300
2026-07-01 16:35:39.342 I0701 07:26:26.942603       1 schedule_one.go:745] "Plugin scored node for pod" pod="default/yolo-cls-2" plugin="NodeAffinity" node="gpu-orin2" score=0
2026-07-01 16:35:39.343 I0701 07:26:26.942609       1 schedule_one.go:745] "Plugin scored node for pod" pod="default/yolo-cls-2" plugin="NodeResourcesFit" node="gpu-orin2" score=82
2026-07-01 16:35:39.344 I0701 07:26:26.942615       1 schedule_one.go:745] "Plugin scored node for pod" pod="default/yolo-cls-2" plugin="VolumeBinding" node="gpu-orin2" score=0
2026-07-01 16:35:39.344 I0701 07:26:26.942623       1 schedule_one.go:745] "Plugin scored node for pod" pod="default/yolo-cls-2" plugin="NodeResourcesBalancedAllocation" node="gpu-orin2" score=99
2026-07-01 16:35:39.345 I0701 07:26:26.942628       1 schedule_one.go:745] "Plugin scored node for pod" pod="default/yolo-cls-2" plugin="ImageLocality" node="gpu-orin2" score=0
2026-07-01 16:35:39.346 I0701 07:26:26.942634       1 schedule_one.go:745] "Plugin scored node for pod" pod="default/yolo-cls-2" plugin="TaintToleration" node="gpuorin4-desktop" score=300
2026-07-01 16:35:39.346 I0701 07:26:26.942639       1 schedule_one.go:745] "Plugin scored node for pod" pod="default/yolo-cls-2" plugin="NodeAffinity" node="gpuorin4-desktop" score=0
2026-07-01 16:35:39.347 I0701 07:26:26.942644       1 schedule_one.go:745] "Plugin scored node for pod" pod="default/yolo-cls-2" plugin="NodeResourcesFit" node="gpuorin4-desktop" score=78
2026-07-01 16:35:39.348 I0701 07:26:26.942649       1 schedule_one.go:745] "Plugin scored node for pod" pod="default/yolo-cls-2" plugin="VolumeBinding" node="gpuorin4-desktop" score=0
2026-07-01 16:35:39.348 I0701 07:26:26.942655       1 schedule_one.go:745] "Plugin scored node for pod" pod="default/yolo-cls-2" plugin="NodeResourcesBalancedAllocation" node="gpuorin4-desktop" score=99
2026-07-01 16:35:39.349 I0701 07:26:26.942660       1 schedule_one.go:745] "Plugin scored node for pod" pod="default/yolo-cls-2" plugin="ImageLocality" node="gpuorin4-desktop" score=0
2026-07-01 16:35:39.349 I0701 07:26:26.942665       1 schedule_one.go:745] "Plugin scored node for pod" pod="default/yolo-cls-2" plugin="TaintToleration" node="gpu-orin3" score=300
2026-07-01 16:35:39.350 I0701 07:26:26.942669       1 schedule_one.go:745] "Plugin scored node for pod" pod="default/yolo-cls-2" plugin="NodeAffinity" node="gpu-orin3" score=0
2026-07-01 16:35:39.351 I0701 07:26:26.942673       1 schedule_one.go:745] "Plugin scored node for pod" pod="default/yolo-cls-2" plugin="NodeResourcesFit" node="gpu-orin3" score=80
2026-07-01 16:35:39.351 I0701 07:26:26.942678       1 schedule_one.go:745] "Plugin scored node for pod" pod="default/yolo-cls-2" plugin="VolumeBinding" node="gpu-orin3" score=0
2026-07-01 16:35:39.352 I0701 07:26:26.942682       1 schedule_one.go:745] "Plugin scored node for pod" pod="default/yolo-cls-2" plugin="NodeResourcesBalancedAllocation" node="gpu-orin3" score=99
2026-07-01 16:35:39.353 I0701 07:26:26.942691       1 schedule_one.go:745] "Plugin scored node for pod" pod="default/yolo-cls-2" plugin="ImageLocality" node="gpu-orin3" score=0
2026-07-01 16:35:39.353 I0701 07:26:26.942696       1 schedule_one.go:745] "Plugin scored node for pod" pod="default/yolo-cls-2" plugin="TaintToleration" node="gpuorin5-desktop" score=300
2026-07-01 16:35:39.354 I0701 07:26:26.942701       1 schedule_one.go:745] "Plugin scored node for pod" pod="default/yolo-cls-2" plugin="NodeAffinity" node="gpuorin5-desktop" score=0
2026-07-01 16:35:39.355 I0701 07:26:26.942707       1 schedule_one.go:745] "Plugin scored node for pod" pod="default/yolo-cls-2" plugin="NodeResourcesFit" node="gpuorin5-desktop" score=80
2026-07-01 16:35:39.355 I0701 07:26:26.942712       1 schedule_one.go:745] "Plugin scored node for pod" pod="default/yolo-cls-2" plugin="VolumeBinding" node="gpuorin5-desktop" score=0
2026-07-01 16:35:39.356 I0701 07:26:26.942717       1 schedule_one.go:745] "Plugin scored node for pod" pod="default/yolo-cls-2" plugin="NodeResourcesBalancedAllocation" node="gpuorin5-desktop" score=99
2026-07-01 16:35:39.357 I0701 07:26:26.942721       1 schedule_one.go:745] "Plugin scored node for pod" pod="default/yolo-cls-2" plugin="ImageLocality" node="gpuorin5-desktop" score=0
2026-07-01 16:35:39.357 I0701 07:26:26.942729       1 schedule_one.go:812] "Calculated node's final score for pod" pod="default/yolo-cls-2" node="gpu-orin2" score=481
2026-07-01 16:35:39.358 I0701 07:26:26.942738       1 schedule_one.go:812] "Calculated node's final score for pod" pod="default/yolo-cls-2" node="gpuorin4-desktop" score=477
2026-07-01 16:35:39.358 I0701 07:26:26.942744       1 schedule_one.go:812] "Calculated node's final score for pod" pod="default/yolo-cls-2" node="gpu-orin3" score=479
2026-07-01 16:35:39.359 I0701 07:26:26.942749       1 schedule_one.go:812] "Calculated node's final score for pod" pod="default/yolo-cls-2" node="gpuorin5-desktop" score=479
2026-07-01 16:35:39.360 I0701 07:26:31.636646       1 resource_allocation.go:76] "Listed internal info for allocatable resources, requested resources and score" pod="default/yolo-det-2" node="gpuorin4-desktop" resourceAllocationScorer="LeastAllocated" allocatableResource=[6000,7885250560] requestedResource=[1000,2097152000] resourceScore=78
2026-07-01 16:35:39.360 I0701 07:26:31.636673       1 resource_allocation.go:76] "Listed internal info for allocatable resources, requested resources and score" pod="default/yolo-det-2" node="gpuorin4-desktop" resourceAllocationScorer="NodeResourcesBalancedAllocation" allocatableResource=[6000,7885250560] requestedResource=[100,52428800] resourceScore=99
2026-07-01 16:35:39.361 I0701 07:26:31.636685       1 resource_allocation.go:76] "Listed internal info for allocatable resources, requested resources and score" pod="default/yolo-det-2" node="gpuorin5-desktop" resourceAllocationScorer="LeastAllocated" allocatableResource=[6000,7885127680] requestedResource=[900,1887436800] resourceScore=80
2026-07-01 16:35:39.362 I0701 07:26:31.636687       1 resource_allocation.go:76] "Listed internal info for allocatable resources, requested resources and score" pod="default/yolo-det-2" node="gpu-orin3" resourceAllocationScorer="LeastAllocated" allocatableResource=[6000,7885152256] requestedResource=[900,1887436800] resourceScore=80
2026-07-01 16:35:39.362 I0701 07:26:31.636729       1 resource_allocation.go:76] "Listed internal info for allocatable resources, requested resources and score" pod="default/yolo-det-2" node="gpuorin5-desktop" resourceAllocationScorer="NodeResourcesBalancedAllocation" allocatableResource=[6000,7885127680] requestedResource=[100,52428800] resourceScore=99
2026-07-01 16:35:39.363 I0701 07:26:31.636732       1 resource_allocation.go:76] "Listed internal info for allocatable resources, requested resources and score" pod="default/yolo-det-2" node="gpu-orin3" resourceAllocationScorer="NodeResourcesBalancedAllocation" allocatableResource=[6000,7885152256] requestedResource=[100,52428800] resourceScore=99
2026-07-01 16:35:39.364 I0701 07:26:31.636726       1 resource_allocation.go:76] "Listed internal info for allocatable resources, requested resources and score" pod="default/yolo-det-2" node="gpu-orin2" resourceAllocationScorer="LeastAllocated" allocatableResource=[6000,7885127680] requestedResource=[900,1887436800] resourceScore=80
2026-07-01 16:35:39.364 I0701 07:26:31.636795       1 resource_allocation.go:76] "Listed internal info for allocatable resources, requested resources and score" pod="default/yolo-det-2" node="gpu-orin2" resourceAllocationScorer="NodeResourcesBalancedAllocation" allocatableResource=[6000,7885127680] requestedResource=[100,52428800] resourceScore=99
2026-07-01 16:35:39.365 I0701 07:26:31.636918       1 schedule_one.go:745] "Plugin scored node for pod" pod="default/yolo-det-2" plugin="TaintToleration" node="gpuorin4-desktop" score=300
2026-07-01 16:35:39.365 I0701 07:26:31.636940       1 schedule_one.go:745] "Plugin scored node for pod" pod="default/yolo-det-2" plugin="NodeAffinity" node="gpuorin4-desktop" score=0
2026-07-01 16:35:39.366 I0701 07:26:31.636952       1 schedule_one.go:745] "Plugin scored node for pod" pod="default/yolo-det-2" plugin="NodeResourcesFit" node="gpuorin4-desktop" score=78
2026-07-01 16:35:39.367 I0701 07:26:31.636962       1 schedule_one.go:745] "Plugin scored node for pod" pod="default/yolo-det-2" plugin="VolumeBinding" node="gpuorin4-desktop" score=0
2026-07-01 16:35:39.367 I0701 07:26:31.636972       1 schedule_one.go:745] "Plugin scored node for pod" pod="default/yolo-det-2" plugin="NodeResourcesBalancedAllocation" node="gpuorin4-desktop" score=99
2026-07-01 16:35:39.368 I0701 07:26:31.636981       1 schedule_one.go:745] "Plugin scored node for pod" pod="default/yolo-det-2" plugin="ImageLocality" node="gpuorin4-desktop" score=0
2026-07-01 16:35:39.369 I0701 07:26:31.636990       1 schedule_one.go:745] "Plugin scored node for pod" pod="default/yolo-det-2" plugin="TaintToleration" node="gpu-orin3" score=300
2026-07-01 16:35:39.369 I0701 07:26:31.636998       1 schedule_one.go:745] "Plugin scored node for pod" pod="default/yolo-det-2" plugin="NodeAffinity" node="gpu-orin3" score=0
2026-07-01 16:35:39.370 I0701 07:26:31.637006       1 schedule_one.go:745] "Plugin scored node for pod" pod="default/yolo-det-2" plugin="NodeResourcesFit" node="gpu-orin3" score=80
2026-07-01 16:35:39.370 I0701 07:26:31.637014       1 schedule_one.go:745] "Plugin scored node for pod" pod="default/yolo-det-2" plugin="VolumeBinding" node="gpu-orin3" score=0
2026-07-01 16:35:39.371 I0701 07:26:31.637022       1 schedule_one.go:745] "Plugin scored node for pod" pod="default/yolo-det-2" plugin="NodeResourcesBalancedAllocation" node="gpu-orin3" score=99
2026-07-01 16:35:39.372 I0701 07:26:31.637029       1 schedule_one.go:745] "Plugin scored node for pod" pod="default/yolo-det-2" plugin="ImageLocality" node="gpu-orin3" score=0
2026-07-01 16:35:39.372 I0701 07:26:31.637037       1 schedule_one.go:745] "Plugin scored node for pod" pod="default/yolo-det-2" plugin="TaintToleration" node="gpuorin5-desktop" score=300
2026-07-01 16:35:39.373 I0701 07:26:31.637045       1 schedule_one.go:745] "Plugin scored node for pod" pod="default/yolo-det-2" plugin="NodeAffinity" node="gpuorin5-desktop" score=0
2026-07-01 16:35:39.373 I0701 07:26:31.637053       1 schedule_one.go:745] "Plugin scored node for pod" pod="default/yolo-det-2" plugin="NodeResourcesFit" node="gpuorin5-desktop" score=80
2026-07-01 16:35:39.374 I0701 07:26:31.637063       1 schedule_one.go:745] "Plugin scored node for pod" pod="default/yolo-det-2" plugin="VolumeBinding" node="gpuorin5-desktop" score=0
2026-07-01 16:35:39.375 I0701 07:26:31.637071       1 schedule_one.go:745] "Plugin scored node for pod" pod="default/yolo-det-2" plugin="NodeResourcesBalancedAllocation" node="gpuorin5-desktop" score=99
2026-07-01 16:35:39.376 I0701 07:26:31.637079       1 schedule_one.go:745] "Plugin scored node for pod" pod="default/yolo-det-2" plugin="ImageLocality" node="gpuorin5-desktop" score=0
2026-07-01 16:35:39.376 I0701 07:26:31.637086       1 schedule_one.go:745] "Plugin scored node for pod" pod="default/yolo-det-2" plugin="TaintToleration" node="gpu-orin2" score=300
2026-07-01 16:35:39.377 I0701 07:26:31.637094       1 schedule_one.go:745] "Plugin scored node for pod" pod="default/yolo-det-2" plugin="NodeAffinity" node="gpu-orin2" score=0
2026-07-01 16:35:39.378 I0701 07:26:31.637101       1 schedule_one.go:745] "Plugin scored node for pod" pod="default/yolo-det-2" plugin="NodeResourcesFit" node="gpu-orin2" score=80
2026-07-01 16:35:39.379 I0701 07:26:31.637109       1 schedule_one.go:745] "Plugin scored node for pod" pod="default/yolo-det-2" plugin="VolumeBinding" node="gpu-orin2" score=0
2026-07-01 16:35:39.379 I0701 07:26:31.637117       1 schedule_one.go:745] "Plugin scored node for pod" pod="default/yolo-det-2" plugin="NodeResourcesBalancedAllocation" node="gpu-orin2" score=99
2026-07-01 16:35:39.380 I0701 07:26:31.637128       1 schedule_one.go:745] "Plugin scored node for pod" pod="default/yolo-det-2" plugin="ImageLocality" node="gpu-orin2" score=0
2026-07-01 16:35:39.380 I0701 07:26:31.637140       1 schedule_one.go:812] "Calculated node's final score for pod" pod="default/yolo-det-2" node="gpuorin4-desktop" score=477
2026-07-01 16:35:39.381 I0701 07:26:31.637151       1 schedule_one.go:812] "Calculated node's final score for pod" pod="default/yolo-det-2" node="gpu-orin3" score=479
2026-07-01 16:35:39.382 I0701 07:26:31.637163       1 schedule_one.go:812] "Calculated node's final score for pod" pod="default/yolo-det-2" node="gpuorin5-desktop" score=479
2026-07-01 16:35:39.382 I0701 07:26:31.637173       1 schedule_one.go:812] "Calculated node's final score for pod" pod="default/yolo-det-2" node="gpu-orin2" score=479
2026-07-01 16:35:39.383 I0701 07:26:35.782989       1 resource_allocation.go:76] "Listed internal info for allocatable resources, requested resources and score" pod="default/yolo-seg-2" node="gpu-orin3" resourceAllocationScorer="LeastAllocated" allocatableResource=[6000,7885152256] requestedResource=[900,1887436800] resourceScore=80
2026-07-01 16:35:39.384 I0701 07:26:35.783023       1 resource_allocation.go:76] "Listed internal info for allocatable resources, requested resources and score" pod="default/yolo-seg-2" node="gpu-orin3" resourceAllocationScorer="NodeResourcesBalancedAllocation" allocatableResource=[6000,7885152256] requestedResource=[100,52428800] resourceScore=99
2026-07-01 16:35:39.384 I0701 07:26:35.783053       1 resource_allocation.go:76] "Listed internal info for allocatable resources, requested resources and score" pod="default/yolo-seg-2" node="gpu-orin2" resourceAllocationScorer="LeastAllocated" allocatableResource=[6000,7885127680] requestedResource=[1000,2097152000] resourceScore=78
2026-07-01 16:35:39.385 I0701 07:26:35.783059       1 resource_allocation.go:76] "Listed internal info for allocatable resources, requested resources and score" pod="default/yolo-seg-2" node="gpuorin5-desktop" resourceAllocationScorer="LeastAllocated" allocatableResource=[6000,7885127680] requestedResource=[900,1887436800] resourceScore=80
2026-07-01 16:35:39.385 I0701 07:26:35.783076       1 resource_allocation.go:76] "Listed internal info for allocatable resources, requested resources and score" pod="default/yolo-seg-2" node="gpu-orin2" resourceAllocationScorer="NodeResourcesBalancedAllocation" allocatableResource=[6000,7885127680] requestedResource=[100,52428800] resourceScore=99
2026-07-01 16:35:39.386 I0701 07:26:35.783100       1 resource_allocation.go:76] "Listed internal info for allocatable resources, requested resources and score" pod="default/yolo-seg-2" node="gpuorin5-desktop" resourceAllocationScorer="NodeResourcesBalancedAllocation" allocatableResource=[6000,7885127680] requestedResource=[100,52428800] resourceScore=99
2026-07-01 16:35:39.387 I0701 07:26:35.783103       1 resource_allocation.go:76] "Listed internal info for allocatable resources, requested resources and score" pod="default/yolo-seg-2" node="gpuorin4-desktop" resourceAllocationScorer="LeastAllocated" allocatableResource=[6000,7885250560] requestedResource=[1000,2097152000] resourceScore=78
2026-07-01 16:35:39.387 I0701 07:26:35.783135       1 resource_allocation.go:76] "Listed internal info for allocatable resources, requested resources and score" pod="default/yolo-seg-2" node="gpuorin4-desktop" resourceAllocationScorer="NodeResourcesBalancedAllocation" allocatableResource=[6000,7885250560] requestedResource=[100,52428800] resourceScore=99
2026-07-01 16:35:39.388 I0701 07:26:35.783265       1 schedule_one.go:745] "Plugin scored node for pod" pod="default/yolo-seg-2" plugin="TaintToleration" node="gpu-orin3" score=300
2026-07-01 16:35:39.389 I0701 07:26:35.783296       1 schedule_one.go:745] "Plugin scored node for pod" pod="default/yolo-seg-2" plugin="NodeAffinity" node="gpu-orin3" score=0
2026-07-01 16:35:39.389 I0701 07:26:35.783311       1 schedule_one.go:745] "Plugin scored node for pod" pod="default/yolo-seg-2" plugin="NodeResourcesFit" node="gpu-orin3" score=80
2026-07-01 16:35:39.390 I0701 07:26:35.783323       1 schedule_one.go:745] "Plugin scored node for pod" pod="default/yolo-seg-2" plugin="VolumeBinding" node="gpu-orin3" score=0
2026-07-01 16:35:39.391 I0701 07:26:35.783340       1 schedule_one.go:745] "Plugin scored node for pod" pod="default/yolo-seg-2" plugin="NodeResourcesBalancedAllocation" node="gpu-orin3" score=99
2026-07-01 16:35:39.391 I0701 07:26:35.783352       1 schedule_one.go:745] "Plugin scored node for pod" pod="default/yolo-seg-2" plugin="ImageLocality" node="gpu-orin3" score=0
2026-07-01 16:35:39.392 I0701 07:26:35.783364       1 schedule_one.go:745] "Plugin scored node for pod" pod="default/yolo-seg-2" plugin="TaintToleration" node="gpuorin5-desktop" score=300
2026-07-01 16:35:39.392 I0701 07:26:35.783374       1 schedule_one.go:745] "Plugin scored node for pod" pod="default/yolo-seg-2" plugin="NodeAffinity" node="gpuorin5-desktop" score=0
2026-07-01 16:35:39.393 I0701 07:26:35.783385       1 schedule_one.go:745] "Plugin scored node for pod" pod="default/yolo-seg-2" plugin="NodeResourcesFit" node="gpuorin5-desktop" score=80
2026-07-01 16:35:39.394 I0701 07:26:35.783396       1 schedule_one.go:745] "Plugin scored node for pod" pod="default/yolo-seg-2" plugin="VolumeBinding" node="gpuorin5-desktop" score=0
2026-07-01 16:35:39.394 I0701 07:26:35.783407       1 schedule_one.go:745] "Plugin scored node for pod" pod="default/yolo-seg-2" plugin="NodeResourcesBalancedAllocation" node="gpuorin5-desktop" score=99
2026-07-01 16:35:39.395 I0701 07:26:35.783417       1 schedule_one.go:745] "Plugin scored node for pod" pod="default/yolo-seg-2" plugin="ImageLocality" node="gpuorin5-desktop" score=0
2026-07-01 16:35:39.395 I0701 07:26:35.783428       1 schedule_one.go:745] "Plugin scored node for pod" pod="default/yolo-seg-2" plugin="TaintToleration" node="gpu-orin2" score=300
2026-07-01 16:35:39.396 I0701 07:26:35.783440       1 schedule_one.go:745] "Plugin scored node for pod" pod="default/yolo-seg-2" plugin="NodeAffinity" node="gpu-orin2" score=0
2026-07-01 16:35:39.397 I0701 07:26:35.783454       1 schedule_one.go:745] "Plugin scored node for pod" pod="default/yolo-seg-2" plugin="NodeResourcesFit" node="gpu-orin2" score=78
2026-07-01 16:35:39.397 I0701 07:26:35.783464       1 schedule_one.go:745] "Plugin scored node for pod" pod="default/yolo-seg-2" plugin="VolumeBinding" node="gpu-orin2" score=0
2026-07-01 16:35:39.398 I0701 07:26:35.783475       1 schedule_one.go:745] "Plugin scored node for pod" pod="default/yolo-seg-2" plugin="NodeResourcesBalancedAllocation" node="gpu-orin2" score=99
2026-07-01 16:35:39.399 I0701 07:26:35.783486       1 schedule_one.go:745] "Plugin scored node for pod" pod="default/yolo-seg-2" plugin="ImageLocality" node="gpu-orin2" score=0
2026-07-01 16:35:39.399 I0701 07:26:35.783496       1 schedule_one.go:745] "Plugin scored node for pod" pod="default/yolo-seg-2" plugin="TaintToleration" node="gpuorin4-desktop" score=300
2026-07-01 16:35:39.400 I0701 07:26:35.783506       1 schedule_one.go:745] "Plugin scored node for pod" pod="default/yolo-seg-2" plugin="NodeAffinity" node="gpuorin4-desktop" score=0
2026-07-01 16:35:39.400 I0701 07:26:35.783516       1 schedule_one.go:745] "Plugin scored node for pod" pod="default/yolo-seg-2" plugin="NodeResourcesFit" node="gpuorin4-desktop" score=78
2026-07-01 16:35:39.401 I0701 07:26:35.783527       1 schedule_one.go:745] "Plugin scored node for pod" pod="default/yolo-seg-2" plugin="VolumeBinding" node="gpuorin4-desktop" score=0
2026-07-01 16:35:39.402 I0701 07:26:35.783538       1 schedule_one.go:745] "Plugin scored node for pod" pod="default/yolo-seg-2" plugin="NodeResourcesBalancedAllocation" node="gpuorin4-desktop" score=99
2026-07-01 16:35:39.402 I0701 07:26:35.783548       1 schedule_one.go:745] "Plugin scored node for pod" pod="default/yolo-seg-2" plugin="ImageLocality" node="gpuorin4-desktop" score=0
2026-07-01 16:35:39.403 I0701 07:26:35.783563       1 schedule_one.go:812] "Calculated node's final score for pod" pod="default/yolo-seg-2" node="gpu-orin3" score=479
2026-07-01 16:35:39.403 I0701 07:26:35.783576       1 schedule_one.go:812] "Calculated node's final score for pod" pod="default/yolo-seg-2" node="gpuorin5-desktop" score=479
2026-07-01 16:35:39.404 I0701 07:26:35.783588       1 schedule_one.go:812] "Calculated node's final score for pod" pod="default/yolo-seg-2" node="gpu-orin2" score=477
2026-07-01 16:35:39.405 I0701 07:26:35.783602       1 schedule_one.go:812] "Calculated node's final score for pod" pod="default/yolo-seg-2" node="gpuorin4-desktop" score=477
2026-07-01 16:35:39.405 I0701 07:26:39.730358       1 resource_allocation.go:76] "Listed internal info for allocatable resources, requested resources and score" pod="default/yolo-obb-2" node="gpu-orin2" resourceAllocationScorer="LeastAllocated" allocatableResource=[6000,7885127680] requestedResource=[1000,2097152000] resourceScore=78
2026-07-01 16:35:39.406 I0701 07:26:39.730386       1 resource_allocation.go:76] "Listed internal info for allocatable resources, requested resources and score" pod="default/yolo-obb-2" node="gpuorin4-desktop" resourceAllocationScorer="LeastAllocated" allocatableResource=[6000,7885250560] requestedResource=[1000,2097152000] resourceScore=78
2026-07-01 16:35:39.407 I0701 07:26:39.730394       1 resource_allocation.go:76] "Listed internal info for allocatable resources, requested resources and score" pod="default/yolo-obb-2" node="gpu-orin2" resourceAllocationScorer="NodeResourcesBalancedAllocation" allocatableResource=[6000,7885127680] requestedResource=[100,52428800] resourceScore=99
2026-07-01 16:35:39.407 I0701 07:26:39.730386       1 resource_allocation.go:76] "Listed internal info for allocatable resources, requested resources and score" pod="default/yolo-obb-2" node="gpu-orin3" resourceAllocationScorer="LeastAllocated" allocatableResource=[6000,7885152256] requestedResource=[1000,2097152000] resourceScore=78
2026-07-01 16:35:39.408 I0701 07:26:39.730416       1 resource_allocation.go:76] "Listed internal info for allocatable resources, requested resources and score" pod="default/yolo-obb-2" node="gpuorin5-desktop" resourceAllocationScorer="LeastAllocated" allocatableResource=[6000,7885127680] requestedResource=[900,1887436800] resourceScore=80
2026-07-01 16:35:39.409 I0701 07:26:39.730439       1 resource_allocation.go:76] "Listed internal info for allocatable resources, requested resources and score" pod="default/yolo-obb-2" node="gpu-orin3" resourceAllocationScorer="NodeResourcesBalancedAllocation" allocatableResource=[6000,7885152256] requestedResource=[100,52428800] resourceScore=99
2026-07-01 16:35:39.409 I0701 07:26:39.730434       1 resource_allocation.go:76] "Listed internal info for allocatable resources, requested resources and score" pod="default/yolo-obb-2" node="gpuorin4-desktop" resourceAllocationScorer="NodeResourcesBalancedAllocation" allocatableResource=[6000,7885250560] requestedResource=[100,52428800] resourceScore=99
2026-07-01 16:35:39.410 I0701 07:26:39.730478       1 resource_allocation.go:76] "Listed internal info for allocatable resources, requested resources and score" pod="default/yolo-obb-2" node="gpuorin5-desktop" resourceAllocationScorer="NodeResourcesBalancedAllocation" allocatableResource=[6000,7885127680] requestedResource=[100,52428800] resourceScore=99
2026-07-01 16:35:39.411 I0701 07:26:39.730661       1 schedule_one.go:745] "Plugin scored node for pod" pod="default/yolo-obb-2" plugin="TaintToleration" node="gpu-orin2" score=300
2026-07-01 16:35:39.412 I0701 07:26:39.730697       1 schedule_one.go:745] "Plugin scored node for pod" pod="default/yolo-obb-2" plugin="NodeAffinity" node="gpu-orin2" score=0
2026-07-01 16:35:39.412 I0701 07:26:39.730714       1 schedule_one.go:745] "Plugin scored node for pod" pod="default/yolo-obb-2" plugin="NodeResourcesFit" node="gpu-orin2" score=78
2026-07-01 16:35:39.413 I0701 07:26:39.730730       1 schedule_one.go:745] "Plugin scored node for pod" pod="default/yolo-obb-2" plugin="VolumeBinding" node="gpu-orin2" score=0
2026-07-01 16:35:39.413 I0701 07:26:39.730750       1 schedule_one.go:745] "Plugin scored node for pod" pod="default/yolo-obb-2" plugin="NodeResourcesBalancedAllocation" node="gpu-orin2" score=99
2026-07-01 16:35:39.414 I0701 07:26:39.730788       1 schedule_one.go:745] "Plugin scored node for pod" pod="default/yolo-obb-2" plugin="ImageLocality" node="gpu-orin2" score=0
2026-07-01 16:35:39.415 I0701 07:26:39.730807       1 schedule_one.go:745] "Plugin scored node for pod" pod="default/yolo-obb-2" plugin="TaintToleration" node="gpu-orin3" score=300
2026-07-01 16:35:39.416 I0701 07:26:39.730822       1 schedule_one.go:745] "Plugin scored node for pod" pod="default/yolo-obb-2" plugin="NodeAffinity" node="gpu-orin3" score=0
2026-07-01 16:35:39.416 I0701 07:26:39.730837       1 schedule_one.go:745] "Plugin scored node for pod" pod="default/yolo-obb-2" plugin="NodeResourcesFit" node="gpu-orin3" score=78
2026-07-01 16:35:39.417 I0701 07:26:39.730850       1 schedule_one.go:745] "Plugin scored node for pod" pod="default/yolo-obb-2" plugin="VolumeBinding" node="gpu-orin3" score=0
2026-07-01 16:35:39.418 I0701 07:26:39.730863       1 schedule_one.go:745] "Plugin scored node for pod" pod="default/yolo-obb-2" plugin="NodeResourcesBalancedAllocation" node="gpu-orin3" score=99
2026-07-01 16:35:39.419 I0701 07:26:39.730875       1 schedule_one.go:745] "Plugin scored node for pod" pod="default/yolo-obb-2" plugin="ImageLocality" node="gpu-orin3" score=0
2026-07-01 16:35:39.420 I0701 07:26:39.730894       1 schedule_one.go:745] "Plugin scored node for pod" pod="default/yolo-obb-2" plugin="TaintToleration" node="gpuorin4-desktop" score=300
2026-07-01 16:35:39.421 I0701 07:26:39.730905       1 schedule_one.go:745] "Plugin scored node for pod" pod="default/yolo-obb-2" plugin="NodeAffinity" node="gpuorin4-desktop" score=0
2026-07-01 16:35:39.422 I0701 07:26:39.730918       1 schedule_one.go:745] "Plugin scored node for pod" pod="default/yolo-obb-2" plugin="NodeResourcesFit" node="gpuorin4-desktop" score=78
2026-07-01 16:35:39.423 I0701 07:26:39.730932       1 schedule_one.go:745] "Plugin scored node for pod" pod="default/yolo-obb-2" plugin="VolumeBinding" node="gpuorin4-desktop" score=0
2026-07-01 16:35:39.425 I0701 07:26:39.730945       1 schedule_one.go:745] "Plugin scored node for pod" pod="default/yolo-obb-2" plugin="NodeResourcesBalancedAllocation" node="gpuorin4-desktop" score=99
2026-07-01 16:35:39.426 I0701 07:26:39.730956       1 schedule_one.go:745] "Plugin scored node for pod" pod="default/yolo-obb-2" plugin="ImageLocality" node="gpuorin4-desktop" score=0
2026-07-01 16:35:39.428 I0701 07:26:39.730973       1 schedule_one.go:745] "Plugin scored node for pod" pod="default/yolo-obb-2" plugin="TaintToleration" node="gpuorin5-desktop" score=300
2026-07-01 16:35:39.430 I0701 07:26:39.730985       1 schedule_one.go:745] "Plugin scored node for pod" pod="default/yolo-obb-2" plugin="NodeAffinity" node="gpuorin5-desktop" score=0
2026-07-01 16:35:39.432 I0701 07:26:39.730998       1 schedule_one.go:745] "Plugin scored node for pod" pod="default/yolo-obb-2" plugin="NodeResourcesFit" node="gpuorin5-desktop" score=80
2026-07-01 16:35:39.434 I0701 07:26:39.731011       1 schedule_one.go:745] "Plugin scored node for pod" pod="default/yolo-obb-2" plugin="VolumeBinding" node="gpuorin5-desktop" score=0
2026-07-01 16:35:39.437 I0701 07:26:39.731023       1 schedule_one.go:745] "Plugin scored node for pod" pod="default/yolo-obb-2" plugin="NodeResourcesBalancedAllocation" node="gpuorin5-desktop" score=99
2026-07-01 16:35:39.439 I0701 07:26:39.731037       1 schedule_one.go:745] "Plugin scored node for pod" pod="default/yolo-obb-2" plugin="ImageLocality" node="gpuorin5-desktop" score=0
2026-07-01 16:35:39.442 I0701 07:26:39.731054       1 schedule_one.go:812] "Calculated node's final score for pod" pod="default/yolo-obb-2" node="gpu-orin2" score=477
2026-07-01 16:35:39.444 I0701 07:26:39.731075       1 schedule_one.go:812] "Calculated node's final score for pod" pod="default/yolo-obb-2" node="gpu-orin3" score=477
2026-07-01 16:35:39.447 I0701 07:26:39.731089       1 schedule_one.go:812] "Calculated node's final score for pod" pod="default/yolo-obb-2" node="gpuorin4-desktop" score=477
2026-07-01 16:35:39.450 I0701 07:26:39.731108       1 schedule_one.go:812] "Calculated node's final score for pod" pod="default/yolo-obb-2" node="gpuorin5-desktop" score=479
2026-07-01 16:35:39.452 I0701 07:26:43.985863       1 resource_allocation.go:76] "Listed internal info for allocatable resources, requested resources and score" pod="default/yolo-pos-2" node="gpu-orin3" resourceAllocationScorer="LeastAllocated" allocatableResource=[6000,7885152256] requestedResource=[1000,2097152000] resourceScore=78
2026-07-01 16:35:39.455 I0701 07:26:43.985876       1 resource_allocation.go:76] "Listed internal info for allocatable resources, requested resources and score" pod="default/yolo-pos-2" node="gpuorin4-desktop" resourceAllocationScorer="LeastAllocated" allocatableResource=[6000,7885250560] requestedResource=[1000,2097152000] resourceScore=78
2026-07-01 16:35:39.457 I0701 07:26:43.985907       1 resource_allocation.go:76] "Listed internal info for allocatable resources, requested resources and score" pod="default/yolo-pos-2" node="gpu-orin3" resourceAllocationScorer="NodeResourcesBalancedAllocation" allocatableResource=[6000,7885152256] requestedResource=[100,52428800] resourceScore=99
2026-07-01 16:35:39.460 I0701 07:26:43.985908       1 resource_allocation.go:76] "Listed internal info for allocatable resources, requested resources and score" pod="default/yolo-pos-2" node="gpuorin4-desktop" resourceAllocationScorer="NodeResourcesBalancedAllocation" allocatableResource=[6000,7885250560] requestedResource=[100,52428800] resourceScore=99
2026-07-01 16:35:39.462 I0701 07:26:43.985863       1 resource_allocation.go:76] "Listed internal info for allocatable resources, requested resources and score" pod="default/yolo-pos-2" node="gpu-orin2" resourceAllocationScorer="LeastAllocated" allocatableResource=[6000,7885127680] requestedResource=[1000,2097152000] resourceScore=78
2026-07-01 16:35:39.465 I0701 07:26:43.985955       1 resource_allocation.go:76] "Listed internal info for allocatable resources, requested resources and score" pod="default/yolo-pos-2" node="gpu-orin2" resourceAllocationScorer="NodeResourcesBalancedAllocation" allocatableResource=[6000,7885127680] requestedResource=[100,52428800] resourceScore=99
2026-07-01 16:35:39.468 I0701 07:26:43.986006       1 resource_allocation.go:76] "Listed internal info for allocatable resources, requested resources and score" pod="default/yolo-pos-2" node="gpuorin5-desktop" resourceAllocationScorer="LeastAllocated" allocatableResource=[6000,7885127680] requestedResource=[1000,2097152000] resourceScore=78
2026-07-01 16:35:39.471 I0701 07:26:43.986057       1 resource_allocation.go:76] "Listed internal info for allocatable resources, requested resources and score" pod="default/yolo-pos-2" node="gpuorin5-desktop" resourceAllocationScorer="NodeResourcesBalancedAllocation" allocatableResource=[6000,7885127680] requestedResource=[100,52428800] resourceScore=99
2026-07-01 16:35:39.473 I0701 07:26:43.986164       1 schedule_one.go:745] "Plugin scored node for pod" pod="default/yolo-pos-2" plugin="TaintToleration" node="gpu-orin3" score=300
2026-07-01 16:35:39.476 I0701 07:26:43.986344       1 schedule_one.go:745] "Plugin scored node for pod" pod="default/yolo-pos-2" plugin="NodeAffinity" node="gpu-orin3" score=0
2026-07-01 16:35:39.478 I0701 07:26:43.986373       1 schedule_one.go:745] "Plugin scored node for pod" pod="default/yolo-pos-2" plugin="NodeResourcesFit" node="gpu-orin3" score=78
2026-07-01 16:35:39.481 I0701 07:26:43.986386       1 schedule_one.go:745] "Plugin scored node for pod" pod="default/yolo-pos-2" plugin="VolumeBinding" node="gpu-orin3" score=0
2026-07-01 16:35:39.483 I0701 07:26:43.986399       1 schedule_one.go:745] "Plugin scored node for pod" pod="default/yolo-pos-2" plugin="NodeResourcesBalancedAllocation" node="gpu-orin3" score=99
2026-07-01 16:35:39.486 I0701 07:26:43.986413       1 schedule_one.go:745] "Plugin scored node for pod" pod="default/yolo-pos-2" plugin="ImageLocality" node="gpu-orin3" score=0
2026-07-01 16:35:39.489 I0701 07:26:43.986427       1 schedule_one.go:745] "Plugin scored node for pod" pod="default/yolo-pos-2" plugin="TaintToleration" node="gpu-orin2" score=300
2026-07-01 16:35:39.491 I0701 07:26:43.986439       1 schedule_one.go:745] "Plugin scored node for pod" pod="default/yolo-pos-2" plugin="NodeAffinity" node="gpu-orin2" score=0
2026-07-01 16:35:39.494 I0701 07:26:43.986450       1 schedule_one.go:745] "Plugin scored node for pod" pod="default/yolo-pos-2" plugin="NodeResourcesFit" node="gpu-orin2" score=78
2026-07-01 16:35:39.496 I0701 07:26:43.986462       1 schedule_one.go:745] "Plugin scored node for pod" pod="default/yolo-pos-2" plugin="VolumeBinding" node="gpu-orin2" score=0
2026-07-01 16:35:39.499 I0701 07:26:43.986473       1 schedule_one.go:745] "Plugin scored node for pod" pod="default/yolo-pos-2" plugin="NodeResourcesBalancedAllocation" node="gpu-orin2" score=99
2026-07-01 16:35:39.501 I0701 07:26:43.986483       1 schedule_one.go:745] "Plugin scored node for pod" pod="default/yolo-pos-2" plugin="ImageLocality" node="gpu-orin2" score=0
2026-07-01 16:35:39.504 I0701 07:26:43.986493       1 schedule_one.go:745] "Plugin scored node for pod" pod="default/yolo-pos-2" plugin="TaintToleration" node="gpuorin4-desktop" score=300
2026-07-01 16:35:39.506 I0701 07:26:43.986504       1 schedule_one.go:745] "Plugin scored node for pod" pod="default/yolo-pos-2" plugin="NodeAffinity" node="gpuorin4-desktop" score=0
2026-07-01 16:35:39.509 I0701 07:26:43.986517       1 schedule_one.go:745] "Plugin scored node for pod" pod="default/yolo-pos-2" plugin="NodeResourcesFit" node="gpuorin4-desktop" score=78
2026-07-01 16:35:39.511 I0701 07:26:43.986528       1 schedule_one.go:745] "Plugin scored node for pod" pod="default/yolo-pos-2" plugin="VolumeBinding" node="gpuorin4-desktop" score=0
2026-07-01 16:35:39.514 I0701 07:26:43.986546       1 schedule_one.go:745] "Plugin scored node for pod" pod="default/yolo-pos-2" plugin="NodeResourcesBalancedAllocation" node="gpuorin4-desktop" score=99
2026-07-01 16:35:39.516 I0701 07:26:43.986557       1 schedule_one.go:745] "Plugin scored node for pod" pod="default/yolo-pos-2" plugin="ImageLocality" node="gpuorin4-desktop" score=0
2026-07-01 16:35:39.519 I0701 07:26:43.986568       1 schedule_one.go:745] "Plugin scored node for pod" pod="default/yolo-pos-2" plugin="TaintToleration" node="gpuorin5-desktop" score=300
2026-07-01 16:35:39.522 I0701 07:26:43.986579       1 schedule_one.go:745] "Plugin scored node for pod" pod="default/yolo-pos-2" plugin="NodeAffinity" node="gpuorin5-desktop" score=0
2026-07-01 16:35:39.524 I0701 07:26:43.986590       1 schedule_one.go:745] "Plugin scored node for pod" pod="default/yolo-pos-2" plugin="NodeResourcesFit" node="gpuorin5-desktop" score=78
2026-07-01 16:35:39.527 I0701 07:26:43.986601       1 schedule_one.go:745] "Plugin scored node for pod" pod="default/yolo-pos-2" plugin="VolumeBinding" node="gpuorin5-desktop" score=0
2026-07-01 16:35:39.529 I0701 07:26:43.986614       1 schedule_one.go:745] "Plugin scored node for pod" pod="default/yolo-pos-2" plugin="NodeResourcesBalancedAllocation" node="gpuorin5-desktop" score=99
2026-07-01 16:35:39.532 I0701 07:26:43.986624       1 schedule_one.go:745] "Plugin scored node for pod" pod="default/yolo-pos-2" plugin="ImageLocality" node="gpuorin5-desktop" score=0
2026-07-01 16:35:39.534 I0701 07:26:43.986641       1 schedule_one.go:812] "Calculated node's final score for pod" pod="default/yolo-pos-2" node="gpu-orin3" score=477
2026-07-01 16:35:39.537 I0701 07:26:43.986654       1 schedule_one.go:812] "Calculated node's final score for pod" pod="default/yolo-pos-2" node="gpu-orin2" score=477
2026-07-01 16:35:39.539 I0701 07:26:43.986669       1 schedule_one.go:812] "Calculated node's final score for pod" pod="default/yolo-pos-2" node="gpuorin4-desktop" score=477
2026-07-01 16:35:39.542 I0701 07:26:43.986682       1 schedule_one.go:812] "Calculated node's final score for pod" pod="default/yolo-pos-2" node="gpuorin5-desktop" score=477
2026-07-01 16:35:39.545 I0701 07:29:21.721387       1 resource_allocation.go:76] "Listed internal info for allocatable resources, requested resources and score" pod="default/yolo-cls-1" node="gpu-orin2" resourceAllocationScorer="LeastAllocated" allocatableResource=[6000,7885127680] requestedResource=[700,1468006400] resourceScore=84
2026-07-01 16:35:39.547 I0701 07:29:21.721415       1 resource_allocation.go:76] "Listed internal info for allocatable resources, requested resources and score" pod="default/yolo-cls-1" node="gpu-orin2" resourceAllocationScorer="NodeResourcesBalancedAllocation" allocatableResource=[6000,7885127680] requestedResource=[100,52428800] resourceScore=99
2026-07-01 16:35:39.550 I0701 07:29:21.721449       1 resource_allocation.go:76] "Listed internal info for allocatable resources, requested resources and score" pod="default/yolo-cls-1" node="gpuorin5-desktop" resourceAllocationScorer="LeastAllocated" allocatableResource=[6000,7885127680] requestedResource=[700,1468006400] resourceScore=84
2026-07-01 16:35:39.553 I0701 07:29:21.721503       1 resource_allocation.go:76] "Listed internal info for allocatable resources, requested resources and score" pod="default/yolo-cls-1" node="gpuorin5-desktop" resourceAllocationScorer="NodeResourcesBalancedAllocation" allocatableResource=[6000,7885127680] requestedResource=[100,52428800] resourceScore=99
2026-07-01 16:35:39.556 I0701 07:29:21.721499       1 resource_allocation.go:76] "Listed internal info for allocatable resources, requested resources and score" pod="default/yolo-cls-1" node="gpuorin4-desktop" resourceAllocationScorer="LeastAllocated" allocatableResource=[6000,7885250560] requestedResource=[1000,2097152000] resourceScore=78
2026-07-01 16:35:39.558 I0701 07:29:21.721581       1 resource_allocation.go:76] "Listed internal info for allocatable resources, requested resources and score" pod="default/yolo-cls-1" node="gpuorin4-desktop" resourceAllocationScorer="NodeResourcesBalancedAllocation" allocatableResource=[6000,7885250560] requestedResource=[100,52428800] resourceScore=99
2026-07-01 16:35:39.561 I0701 07:29:21.721499       1 resource_allocation.go:76] "Listed internal info for allocatable resources, requested resources and score" pod="default/yolo-cls-1" node="gpu-orin3" resourceAllocationScorer="LeastAllocated" allocatableResource=[6000,7885152256] requestedResource=[700,1468006400] resourceScore=84
2026-07-01 16:35:39.564 I0701 07:29:21.721619       1 resource_allocation.go:76] "Listed internal info for allocatable resources, requested resources and score" pod="default/yolo-cls-1" node="gpu-orin3" resourceAllocationScorer="NodeResourcesBalancedAllocation" allocatableResource=[6000,7885152256] requestedResource=[100,52428800] resourceScore=99
2026-07-01 16:35:39.566 I0701 07:29:21.721736       1 schedule_one.go:745] "Plugin scored node for pod" pod="default/yolo-cls-1" plugin="TaintToleration" node="gpu-orin2" score=300
2026-07-01 16:35:39.569 I0701 07:29:21.721791       1 schedule_one.go:745] "Plugin scored node for pod" pod="default/yolo-cls-1" plugin="NodeAffinity" node="gpu-orin2" score=0
2026-07-01 16:35:39.571 I0701 07:29:21.721809       1 schedule_one.go:745] "Plugin scored node for pod" pod="default/yolo-cls-1" plugin="NodeResourcesFit" node="gpu-orin2" score=84
2026-07-01 16:35:39.574 I0701 07:29:21.721823       1 schedule_one.go:745] "Plugin scored node for pod" pod="default/yolo-cls-1" plugin="VolumeBinding" node="gpu-orin2" score=0
2026-07-01 16:35:39.576 I0701 07:29:21.721843       1 schedule_one.go:745] "Plugin scored node for pod" pod="default/yolo-cls-1" plugin="NodeResourcesBalancedAllocation" node="gpu-orin2" score=99
2026-07-01 16:35:39.579 I0701 07:29:21.721862       1 schedule_one.go:745] "Plugin scored node for pod" pod="default/yolo-cls-1" plugin="ImageLocality" node="gpu-orin2" score=0
2026-07-01 16:35:39.581 I0701 07:29:21.721875       1 schedule_one.go:745] "Plugin scored node for pod" pod="default/yolo-cls-1" plugin="TaintToleration" node="gpuorin5-desktop" score=300
2026-07-01 16:35:39.584 I0701 07:29:21.721888       1 schedule_one.go:745] "Plugin scored node for pod" pod="default/yolo-cls-1" plugin="NodeAffinity" node="gpuorin5-desktop" score=0
2026-07-01 16:35:39.586 I0701 07:29:21.721904       1 schedule_one.go:745] "Plugin scored node for pod" pod="default/yolo-cls-1" plugin="NodeResourcesFit" node="gpuorin5-desktop" score=84
2026-07-01 16:35:39.589 I0701 07:29:21.721916       1 schedule_one.go:745] "Plugin scored node for pod" pod="default/yolo-cls-1" plugin="VolumeBinding" node="gpuorin5-desktop" score=0
2026-07-01 16:35:39.592 I0701 07:29:21.721928       1 schedule_one.go:745] "Plugin scored node for pod" pod="default/yolo-cls-1" plugin="NodeResourcesBalancedAllocation" node="gpuorin5-desktop" score=99
2026-07-01 16:35:39.594 I0701 07:29:21.721940       1 schedule_one.go:745] "Plugin scored node for pod" pod="default/yolo-cls-1" plugin="ImageLocality" node="gpuorin5-desktop" score=0
2026-07-01 16:35:39.596 I0701 07:29:21.721955       1 schedule_one.go:745] "Plugin scored node for pod" pod="default/yolo-cls-1" plugin="TaintToleration" node="gpu-orin3" score=300
2026-07-01 16:35:39.599 I0701 07:29:21.721967       1 schedule_one.go:745] "Plugin scored node for pod" pod="default/yolo-cls-1" plugin="NodeAffinity" node="gpu-orin3" score=0
2026-07-01 16:35:39.602 I0701 07:29:21.721978       1 schedule_one.go:745] "Plugin scored node for pod" pod="default/yolo-cls-1" plugin="NodeResourcesFit" node="gpu-orin3" score=84
2026-07-01 16:35:39.604 I0701 07:29:21.721990       1 schedule_one.go:745] "Plugin scored node for pod" pod="default/yolo-cls-1" plugin="VolumeBinding" node="gpu-orin3" score=0
2026-07-01 16:35:39.607 I0701 07:29:21.722002       1 schedule_one.go:745] "Plugin scored node for pod" pod="default/yolo-cls-1" plugin="NodeResourcesBalancedAllocation" node="gpu-orin3" score=99
2026-07-01 16:35:39.609 I0701 07:29:21.722017       1 schedule_one.go:745] "Plugin scored node for pod" pod="default/yolo-cls-1" plugin="ImageLocality" node="gpu-orin3" score=0
2026-07-01 16:35:39.612 I0701 07:29:21.722034       1 schedule_one.go:745] "Plugin scored node for pod" pod="default/yolo-cls-1" plugin="TaintToleration" node="gpuorin4-desktop" score=300
2026-07-01 16:35:39.614 I0701 07:29:21.722049       1 schedule_one.go:745] "Plugin scored node for pod" pod="default/yolo-cls-1" plugin="NodeAffinity" node="gpuorin4-desktop" score=0
2026-07-01 16:35:39.617 I0701 07:29:21.722061       1 schedule_one.go:745] "Plugin scored node for pod" pod="default/yolo-cls-1" plugin="NodeResourcesFit" node="gpuorin4-desktop" score=78
2026-07-01 16:35:39.619 I0701 07:29:21.722073       1 schedule_one.go:745] "Plugin scored node for pod" pod="default/yolo-cls-1" plugin="VolumeBinding" node="gpuorin4-desktop" score=0
2026-07-01 16:35:39.622 I0701 07:29:21.722089       1 schedule_one.go:745] "Plugin scored node for pod" pod="default/yolo-cls-1" plugin="NodeResourcesBalancedAllocation" node="gpuorin4-desktop" score=99
2026-07-01 16:35:39.624 I0701 07:29:21.722101       1 schedule_one.go:745] "Plugin scored node for pod" pod="default/yolo-cls-1" plugin="ImageLocality" node="gpuorin4-desktop" score=0
2026-07-01 16:35:39.627 I0701 07:29:21.722118       1 schedule_one.go:812] "Calculated node's final score for pod" pod="default/yolo-cls-1" node="gpu-orin2" score=483
2026-07-01 16:35:39.629 I0701 07:29:21.722138       1 schedule_one.go:812] "Calculated node's final score for pod" pod="default/yolo-cls-1" node="gpuorin5-desktop" score=483
2026-07-01 16:35:39.632 I0701 07:29:21.722155       1 schedule_one.go:812] "Calculated node's final score for pod" pod="default/yolo-cls-1" node="gpu-orin3" score=483
2026-07-01 16:35:39.634 I0701 07:29:21.722170       1 schedule_one.go:812] "Calculated node's final score for pod" pod="default/yolo-cls-1" node="gpuorin4-desktop" score=477
2026-07-01 16:35:39.637 I0701 07:29:26.663425       1 resource_allocation.go:76] "Listed internal info for allocatable resources, requested resources and score" pod="default/yolo-det-1" node="gpu-orin2" resourceAllocationScorer="LeastAllocated" allocatableResource=[6000,7885127680] requestedResource=[700,1468006400] resourceScore=84
2026-07-01 16:35:39.639 I0701 07:29:26.663450       1 resource_allocation.go:76] "Listed internal info for allocatable resources, requested resources and score" pod="default/yolo-det-1" node="gpu-orin2" resourceAllocationScorer="NodeResourcesBalancedAllocation" allocatableResource=[6000,7885127680] requestedResource=[100,52428800] resourceScore=99
2026-07-01 16:35:39.642 I0701 07:29:26.663459       1 resource_allocation.go:76] "Listed internal info for allocatable resources, requested resources and score" pod="default/yolo-det-1" node="gpuorin4-desktop" resourceAllocationScorer="LeastAllocated" allocatableResource=[6000,7885250560] requestedResource=[1000,2097152000] resourceScore=78
2026-07-01 16:35:39.644 I0701 07:29:26.663460       1 resource_allocation.go:76] "Listed internal info for allocatable resources, requested resources and score" pod="default/yolo-det-1" node="gpu-orin3" resourceAllocationScorer="LeastAllocated" allocatableResource=[6000,7885152256] requestedResource=[800,1677721600] resourceScore=82
2026-07-01 16:35:39.647 I0701 07:29:26.663487       1 resource_allocation.go:76] "Listed internal info for allocatable resources, requested resources and score" pod="default/yolo-det-1" node="gpuorin4-desktop" resourceAllocationScorer="NodeResourcesBalancedAllocation" allocatableResource=[6000,7885250560] requestedResource=[100,52428800] resourceScore=99
2026-07-01 16:35:39.650 I0701 07:29:26.663488       1 resource_allocation.go:76] "Listed internal info for allocatable resources, requested resources and score" pod="default/yolo-det-1" node="gpu-orin3" resourceAllocationScorer="NodeResourcesBalancedAllocation" allocatableResource=[6000,7885152256] requestedResource=[100,52428800] resourceScore=99
2026-07-01 16:35:39.653 I0701 07:29:26.663526       1 resource_allocation.go:76] "Listed internal info for allocatable resources, requested resources and score" pod="default/yolo-det-1" node="gpuorin5-desktop" resourceAllocationScorer="LeastAllocated" allocatableResource=[6000,7885127680] requestedResource=[700,1468006400] resourceScore=84
2026-07-01 16:35:39.655 I0701 07:29:26.663563       1 resource_allocation.go:76] "Listed internal info for allocatable resources, requested resources and score" pod="default/yolo-det-1" node="gpuorin5-desktop" resourceAllocationScorer="NodeResourcesBalancedAllocation" allocatableResource=[6000,7885127680] requestedResource=[100,52428800] resourceScore=99
2026-07-01 16:35:39.658 I0701 07:29:26.663678       1 schedule_one.go:745] "Plugin scored node for pod" pod="default/yolo-det-1" plugin="TaintToleration" node="gpu-orin2" score=300
2026-07-01 16:35:39.661 I0701 07:29:26.663701       1 schedule_one.go:745] "Plugin scored node for pod" pod="default/yolo-det-1" plugin="NodeAffinity" node="gpu-orin2" score=0
2026-07-01 16:35:39.663 I0701 07:29:26.663711       1 schedule_one.go:745] "Plugin scored node for pod" pod="default/yolo-det-1" plugin="NodeResourcesFit" node="gpu-orin2" score=84
2026-07-01 16:35:39.665 I0701 07:29:26.663718       1 schedule_one.go:745] "Plugin scored node for pod" pod="default/yolo-det-1" plugin="VolumeBinding" node="gpu-orin2" score=0
2026-07-01 16:35:39.668 I0701 07:29:26.663726       1 schedule_one.go:745] "Plugin scored node for pod" pod="default/yolo-det-1" plugin="NodeResourcesBalancedAllocation" node="gpu-orin2" score=99
2026-07-01 16:35:39.670 I0701 07:29:26.663740       1 schedule_one.go:745] "Plugin scored node for pod" pod="default/yolo-det-1" plugin="ImageLocality" node="gpu-orin2" score=0
2026-07-01 16:35:39.673 I0701 07:29:26.663751       1 schedule_one.go:745] "Plugin scored node for pod" pod="default/yolo-det-1" plugin="TaintToleration" node="gpu-orin3" score=300
2026-07-01 16:35:39.675 I0701 07:29:26.663758       1 schedule_one.go:745] "Plugin scored node for pod" pod="default/yolo-det-1" plugin="NodeAffinity" node="gpu-orin3" score=0
2026-07-01 16:35:39.678 I0701 07:29:26.663780       1 schedule_one.go:745] "Plugin scored node for pod" pod="default/yolo-det-1" plugin="NodeResourcesFit" node="gpu-orin3" score=82
2026-07-01 16:35:39.680 I0701 07:29:26.663788       1 schedule_one.go:745] "Plugin scored node for pod" pod="default/yolo-det-1" plugin="VolumeBinding" node="gpu-orin3" score=0
2026-07-01 16:35:39.682 I0701 07:29:26.663797       1 schedule_one.go:745] "Plugin scored node for pod" pod="default/yolo-det-1" plugin="NodeResourcesBalancedAllocation" node="gpu-orin3" score=99
2026-07-01 16:35:39.684 I0701 07:29:26.663804       1 schedule_one.go:745] "Plugin scored node for pod" pod="default/yolo-det-1" plugin="ImageLocality" node="gpu-orin3" score=0
2026-07-01 16:35:39.685 I0701 07:29:26.663811       1 schedule_one.go:745] "Plugin scored node for pod" pod="default/yolo-det-1" plugin="TaintToleration" node="gpuorin4-desktop" score=300
2026-07-01 16:35:39.687 I0701 07:29:26.663820       1 schedule_one.go:745] "Plugin scored node for pod" pod="default/yolo-det-1" plugin="NodeAffinity" node="gpuorin4-desktop" score=0
2026-07-01 16:35:39.688 I0701 07:29:26.663827       1 schedule_one.go:745] "Plugin scored node for pod" pod="default/yolo-det-1" plugin="NodeResourcesFit" node="gpuorin4-desktop" score=78
2026-07-01 16:35:39.690 I0701 07:29:26.663834       1 schedule_one.go:745] "Plugin scored node for pod" pod="default/yolo-det-1" plugin="VolumeBinding" node="gpuorin4-desktop" score=0
2026-07-01 16:35:39.691 I0701 07:29:26.663841       1 schedule_one.go:745] "Plugin scored node for pod" pod="default/yolo-det-1" plugin="NodeResourcesBalancedAllocation" node="gpuorin4-desktop" score=99
2026-07-01 16:35:39.692 I0701 07:29:26.663849       1 schedule_one.go:745] "Plugin scored node for pod" pod="default/yolo-det-1" plugin="ImageLocality" node="gpuorin4-desktop" score=0
2026-07-01 16:35:39.693 I0701 07:29:26.663857       1 schedule_one.go:745] "Plugin scored node for pod" pod="default/yolo-det-1" plugin="TaintToleration" node="gpuorin5-desktop" score=300
2026-07-01 16:35:39.694 I0701 07:29:26.663864       1 schedule_one.go:745] "Plugin scored node for pod" pod="default/yolo-det-1" plugin="NodeAffinity" node="gpuorin5-desktop" score=0
2026-07-01 16:35:39.695 I0701 07:29:26.663870       1 schedule_one.go:745] "Plugin scored node for pod" pod="default/yolo-det-1" plugin="NodeResourcesFit" node="gpuorin5-desktop" score=84
2026-07-01 16:35:39.696 I0701 07:29:26.663877       1 schedule_one.go:745] "Plugin scored node for pod" pod="default/yolo-det-1" plugin="VolumeBinding" node="gpuorin5-desktop" score=0
2026-07-01 16:35:39.697 I0701 07:29:26.663884       1 schedule_one.go:745] "Plugin scored node for pod" pod="default/yolo-det-1" plugin="NodeResourcesBalancedAllocation" node="gpuorin5-desktop" score=99
2026-07-01 16:35:39.698 I0701 07:29:26.663891       1 schedule_one.go:745] "Plugin scored node for pod" pod="default/yolo-det-1" plugin="ImageLocality" node="gpuorin5-desktop" score=0
2026-07-01 16:35:39.699 I0701 07:29:26.663900       1 schedule_one.go:812] "Calculated node's final score for pod" pod="default/yolo-det-1" node="gpu-orin2" score=483
2026-07-01 16:35:39.700 I0701 07:29:26.663911       1 schedule_one.go:812] "Calculated node's final score for pod" pod="default/yolo-det-1" node="gpu-orin3" score=481
2026-07-01 16:35:39.700 I0701 07:29:26.663920       1 schedule_one.go:812] "Calculated node's final score for pod" pod="default/yolo-det-1" node="gpuorin4-desktop" score=477
2026-07-01 16:35:39.701 I0701 07:29:26.663929       1 schedule_one.go:812] "Calculated node's final score for pod" pod="default/yolo-det-1" node="gpuorin5-desktop" score=483
2026-07-01 16:35:39.702 I0701 07:29:30.543452       1 resource_allocation.go:76] "Listed internal info for allocatable resources, requested resources and score" pod="default/yolo-seg-1" node="gpu-orin3" resourceAllocationScorer="LeastAllocated" allocatableResource=[6000,7885152256] requestedResource=[800,1677721600] resourceScore=82
2026-07-01 16:35:39.702 I0701 07:29:30.543475       1 resource_allocation.go:76] "Listed internal info for allocatable resources, requested resources and score" pod="default/yolo-seg-1" node="gpu-orin3" resourceAllocationScorer="NodeResourcesBalancedAllocation" allocatableResource=[6000,7885152256] requestedResource=[100,52428800] resourceScore=99
2026-07-01 16:35:39.703 I0701 07:29:30.543502       1 resource_allocation.go:76] "Listed internal info for allocatable resources, requested resources and score" pod="default/yolo-seg-1" node="gpu-orin2" resourceAllocationScorer="LeastAllocated" allocatableResource=[6000,7885127680] requestedResource=[800,1677721600] resourceScore=82
2026-07-01 16:35:39.703 I0701 07:29:30.543504       1 resource_allocation.go:76] "Listed internal info for allocatable resources, requested resources and score" pod="default/yolo-seg-1" node="gpuorin5-desktop" resourceAllocationScorer="LeastAllocated" allocatableResource=[6000,7885127680] requestedResource=[700,1468006400] resourceScore=84
2026-07-01 16:35:39.704 I0701 07:29:30.543524       1 resource_allocation.go:76] "Listed internal info for allocatable resources, requested resources and score" pod="default/yolo-seg-1" node="gpu-orin2" resourceAllocationScorer="NodeResourcesBalancedAllocation" allocatableResource=[6000,7885127680] requestedResource=[100,52428800] resourceScore=99
2026-07-01 16:35:39.705 I0701 07:29:30.543561       1 resource_allocation.go:76] "Listed internal info for allocatable resources, requested resources and score" pod="default/yolo-seg-1" node="gpuorin5-desktop" resourceAllocationScorer="NodeResourcesBalancedAllocation" allocatableResource=[6000,7885127680] requestedResource=[100,52428800] resourceScore=99
2026-07-01 16:35:39.705 I0701 07:29:30.543504       1 resource_allocation.go:76] "Listed internal info for allocatable resources, requested resources and score" pod="default/yolo-seg-1" node="gpuorin4-desktop" resourceAllocationScorer="LeastAllocated" allocatableResource=[6000,7885250560] requestedResource=[1000,2097152000] resourceScore=78
2026-07-01 16:35:39.706 I0701 07:29:30.543625       1 resource_allocation.go:76] "Listed internal info for allocatable resources, requested resources and score" pod="default/yolo-seg-1" node="gpuorin4-desktop" resourceAllocationScorer="NodeResourcesBalancedAllocation" allocatableResource=[6000,7885250560] requestedResource=[100,52428800] resourceScore=99
2026-07-01 16:35:39.707 I0701 07:29:30.543713       1 schedule_one.go:745] "Plugin scored node for pod" pod="default/yolo-seg-1" plugin="TaintToleration" node="gpu-orin3" score=300
2026-07-01 16:35:39.707 I0701 07:29:30.543727       1 schedule_one.go:745] "Plugin scored node for pod" pod="default/yolo-seg-1" plugin="NodeAffinity" node="gpu-orin3" score=0
2026-07-01 16:35:39.708 I0701 07:29:30.543738       1 schedule_one.go:745] "Plugin scored node for pod" pod="default/yolo-seg-1" plugin="NodeResourcesFit" node="gpu-orin3" score=82
2026-07-01 16:35:39.709 I0701 07:29:30.543748       1 schedule_one.go:745] "Plugin scored node for pod" pod="default/yolo-seg-1" plugin="VolumeBinding" node="gpu-orin3" score=0
2026-07-01 16:35:39.709 I0701 07:29:30.543756       1 schedule_one.go:745] "Plugin scored node for pod" pod="default/yolo-seg-1" plugin="NodeResourcesBalancedAllocation" node="gpu-orin3" score=99
2026-07-01 16:35:39.710 I0701 07:29:30.543783       1 schedule_one.go:745] "Plugin scored node for pod" pod="default/yolo-seg-1" plugin="ImageLocality" node="gpu-orin3" score=0
2026-07-01 16:35:39.710 I0701 07:29:30.543793       1 schedule_one.go:745] "Plugin scored node for pod" pod="default/yolo-seg-1" plugin="TaintToleration" node="gpuorin5-desktop" score=300
2026-07-01 16:35:39.711 I0701 07:29:30.543802       1 schedule_one.go:745] "Plugin scored node for pod" pod="default/yolo-seg-1" plugin="NodeAffinity" node="gpuorin5-desktop" score=0
2026-07-01 16:35:39.712 I0701 07:29:30.543814       1 schedule_one.go:745] "Plugin scored node for pod" pod="default/yolo-seg-1" plugin="NodeResourcesFit" node="gpuorin5-desktop" score=84
2026-07-01 16:35:39.712 I0701 07:29:30.543824       1 schedule_one.go:745] "Plugin scored node for pod" pod="default/yolo-seg-1" plugin="VolumeBinding" node="gpuorin5-desktop" score=0
2026-07-01 16:35:39.713 I0701 07:29:30.543832       1 schedule_one.go:745] "Plugin scored node for pod" pod="default/yolo-seg-1" plugin="NodeResourcesBalancedAllocation" node="gpuorin5-desktop" score=99
2026-07-01 16:35:39.713 I0701 07:29:30.543840       1 schedule_one.go:745] "Plugin scored node for pod" pod="default/yolo-seg-1" plugin="ImageLocality" node="gpuorin5-desktop" score=0
2026-07-01 16:35:39.714 I0701 07:29:30.543847       1 schedule_one.go:745] "Plugin scored node for pod" pod="default/yolo-seg-1" plugin="TaintToleration" node="gpuorin4-desktop" score=300
2026-07-01 16:35:39.715 I0701 07:29:30.543857       1 schedule_one.go:745] "Plugin scored node for pod" pod="default/yolo-seg-1" plugin="NodeAffinity" node="gpuorin4-desktop" score=0
2026-07-01 16:35:39.715 I0701 07:29:30.543865       1 schedule_one.go:745] "Plugin scored node for pod" pod="default/yolo-seg-1" plugin="NodeResourcesFit" node="gpuorin4-desktop" score=78
2026-07-01 16:35:39.716 I0701 07:29:30.543873       1 schedule_one.go:745] "Plugin scored node for pod" pod="default/yolo-seg-1" plugin="VolumeBinding" node="gpuorin4-desktop" score=0
2026-07-01 16:35:39.717 I0701 07:29:30.543881       1 schedule_one.go:745] "Plugin scored node for pod" pod="default/yolo-seg-1" plugin="NodeResourcesBalancedAllocation" node="gpuorin4-desktop" score=99
2026-07-01 16:35:39.717 I0701 07:29:30.543915       1 schedule_one.go:745] "Plugin scored node for pod" pod="default/yolo-seg-1" plugin="ImageLocality" node="gpuorin4-desktop" score=0
2026-07-01 16:35:39.718 I0701 07:29:30.543928       1 schedule_one.go:745] "Plugin scored node for pod" pod="default/yolo-seg-1" plugin="TaintToleration" node="gpu-orin2" score=300
2026-07-01 16:35:39.719 I0701 07:29:30.543942       1 schedule_one.go:745] "Plugin scored node for pod" pod="default/yolo-seg-1" plugin="NodeAffinity" node="gpu-orin2" score=0
2026-07-01 16:35:39.719 I0701 07:29:30.543954       1 schedule_one.go:745] "Plugin scored node for pod" pod="default/yolo-seg-1" plugin="NodeResourcesFit" node="gpu-orin2" score=82
2026-07-01 16:35:39.720 I0701 07:29:30.543962       1 schedule_one.go:745] "Plugin scored node for pod" pod="default/yolo-seg-1" plugin="VolumeBinding" node="gpu-orin2" score=0
2026-07-01 16:35:39.720 I0701 07:29:30.543970       1 schedule_one.go:745] "Plugin scored node for pod" pod="default/yolo-seg-1" plugin="NodeResourcesBalancedAllocation" node="gpu-orin2" score=99
2026-07-01 16:35:39.721 I0701 07:29:30.543978       1 schedule_one.go:745] "Plugin scored node for pod" pod="default/yolo-seg-1" plugin="ImageLocality" node="gpu-orin2" score=0
2026-07-01 16:35:39.722 I0701 07:29:30.543990       1 schedule_one.go:812] "Calculated node's final score for pod" pod="default/yolo-seg-1" node="gpu-orin3" score=481
2026-07-01 16:35:39.722 I0701 07:29:30.543999       1 schedule_one.go:812] "Calculated node's final score for pod" pod="default/yolo-seg-1" node="gpuorin5-desktop" score=483
2026-07-01 16:35:39.723 I0701 07:29:30.544009       1 schedule_one.go:812] "Calculated node's final score for pod" pod="default/yolo-seg-1" node="gpuorin4-desktop" score=477
2026-07-01 16:35:39.723 I0701 07:29:30.544017       1 schedule_one.go:812] "Calculated node's final score for pod" pod="default/yolo-seg-1" node="gpu-orin2" score=481
2026-07-01 16:35:39.724 I0701 07:29:34.501254       1 resource_allocation.go:76] "Listed internal info for allocatable resources, requested resources and score" pod="default/yolo-obb-1" node="gpu-orin3" resourceAllocationScorer="LeastAllocated" allocatableResource=[6000,7885152256] requestedResource=[800,1677721600] resourceScore=82
2026-07-01 16:35:39.725 I0701 07:29:34.501300       1 resource_allocation.go:76] "Listed internal info for allocatable resources, requested resources and score" pod="default/yolo-obb-1" node="gpu-orin2" resourceAllocationScorer="LeastAllocated" allocatableResource=[6000,7885127680] requestedResource=[800,1677721600] resourceScore=82
2026-07-01 16:35:39.725 I0701 07:29:34.501313       1 resource_allocation.go:76] "Listed internal info for allocatable resources, requested resources and score" pod="default/yolo-obb-1" node="gpu-orin3" resourceAllocationScorer="NodeResourcesBalancedAllocation" allocatableResource=[6000,7885152256] requestedResource=[100,52428800] resourceScore=99
2026-07-01 16:35:39.726 I0701 07:29:34.501331       1 resource_allocation.go:76] "Listed internal info for allocatable resources, requested resources and score" pod="default/yolo-obb-1" node="gpuorin5-desktop" resourceAllocationScorer="LeastAllocated" allocatableResource=[6000,7885127680] requestedResource=[800,1677721600] resourceScore=82
2026-07-01 16:35:39.727 I0701 07:29:34.501337       1 resource_allocation.go:76] "Listed internal info for allocatable resources, requested resources and score" pod="default/yolo-obb-1" node="gpuorin4-desktop" resourceAllocationScorer="LeastAllocated" allocatableResource=[6000,7885250560] requestedResource=[1000,2097152000] resourceScore=78
2026-07-01 16:35:39.727 I0701 07:29:34.501349       1 resource_allocation.go:76] "Listed internal info for allocatable resources, requested resources and score" pod="default/yolo-obb-1" node="gpu-orin2" resourceAllocationScorer="NodeResourcesBalancedAllocation" allocatableResource=[6000,7885127680] requestedResource=[100,52428800] resourceScore=99
2026-07-01 16:35:39.728 I0701 07:29:34.501372       1 resource_allocation.go:76] "Listed internal info for allocatable resources, requested resources and score" pod="default/yolo-obb-1" node="gpuorin5-desktop" resourceAllocationScorer="NodeResourcesBalancedAllocation" allocatableResource=[6000,7885127680] requestedResource=[100,52428800] resourceScore=99
2026-07-01 16:35:39.728 I0701 07:29:34.501380       1 resource_allocation.go:76] "Listed internal info for allocatable resources, requested resources and score" pod="default/yolo-obb-1" node="gpuorin4-desktop" resourceAllocationScorer="NodeResourcesBalancedAllocation" allocatableResource=[6000,7885250560] requestedResource=[100,52428800] resourceScore=99
2026-07-01 16:35:39.729 I0701 07:29:34.501468       1 schedule_one.go:745] "Plugin scored node for pod" pod="default/yolo-obb-1" plugin="TaintToleration" node="gpu-orin3" score=300
2026-07-01 16:35:39.730 I0701 07:29:34.501487       1 schedule_one.go:745] "Plugin scored node for pod" pod="default/yolo-obb-1" plugin="NodeAffinity" node="gpu-orin3" score=0
2026-07-01 16:35:39.730 I0701 07:29:34.501497       1 schedule_one.go:745] "Plugin scored node for pod" pod="default/yolo-obb-1" plugin="NodeResourcesFit" node="gpu-orin3" score=82
2026-07-01 16:35:39.731 I0701 07:29:34.501505       1 schedule_one.go:745] "Plugin scored node for pod" pod="default/yolo-obb-1" plugin="VolumeBinding" node="gpu-orin3" score=0
2026-07-01 16:35:39.732 I0701 07:29:34.501516       1 schedule_one.go:745] "Plugin scored node for pod" pod="default/yolo-obb-1" plugin="NodeResourcesBalancedAllocation" node="gpu-orin3" score=99
2026-07-01 16:35:39.732 I0701 07:29:34.501523       1 schedule_one.go:745] "Plugin scored node for pod" pod="default/yolo-obb-1" plugin="ImageLocality" node="gpu-orin3" score=0
2026-07-01 16:35:39.733 I0701 07:29:34.501531       1 schedule_one.go:745] "Plugin scored node for pod" pod="default/yolo-obb-1" plugin="TaintToleration" node="gpu-orin2" score=300
2026-07-01 16:35:39.733 I0701 07:29:34.501539       1 schedule_one.go:745] "Plugin scored node for pod" pod="default/yolo-obb-1" plugin="NodeAffinity" node="gpu-orin2" score=0
2026-07-01 16:35:39.734 I0701 07:29:34.501547       1 schedule_one.go:745] "Plugin scored node for pod" pod="default/yolo-obb-1" plugin="NodeResourcesFit" node="gpu-orin2" score=82
2026-07-01 16:35:39.735 I0701 07:29:34.501555       1 schedule_one.go:745] "Plugin scored node for pod" pod="default/yolo-obb-1" plugin="VolumeBinding" node="gpu-orin2" score=0
2026-07-01 16:35:39.735 I0701 07:29:34.501565       1 schedule_one.go:745] "Plugin scored node for pod" pod="default/yolo-obb-1" plugin="NodeResourcesBalancedAllocation" node="gpu-orin2" score=99
2026-07-01 16:35:39.736 I0701 07:29:34.501573       1 schedule_one.go:745] "Plugin scored node for pod" pod="default/yolo-obb-1" plugin="ImageLocality" node="gpu-orin2" score=0
2026-07-01 16:35:39.737 I0701 07:29:34.501581       1 schedule_one.go:745] "Plugin scored node for pod" pod="default/yolo-obb-1" plugin="TaintToleration" node="gpuorin4-desktop" score=300
2026-07-01 16:35:39.737 I0701 07:29:34.501588       1 schedule_one.go:745] "Plugin scored node for pod" pod="default/yolo-obb-1" plugin="NodeAffinity" node="gpuorin4-desktop" score=0
2026-07-01 16:35:39.738 I0701 07:29:34.501596       1 schedule_one.go:745] "Plugin scored node for pod" pod="default/yolo-obb-1" plugin="NodeResourcesFit" node="gpuorin4-desktop" score=78
2026-07-01 16:35:39.739 I0701 07:29:34.501606       1 schedule_one.go:745] "Plugin scored node for pod" pod="default/yolo-obb-1" plugin="VolumeBinding" node="gpuorin4-desktop" score=0
2026-07-01 16:35:39.740 I0701 07:29:34.501614       1 schedule_one.go:745] "Plugin scored node for pod" pod="default/yolo-obb-1" plugin="NodeResourcesBalancedAllocation" node="gpuorin4-desktop" score=99
2026-07-01 16:35:39.741 I0701 07:29:34.501621       1 schedule_one.go:745] "Plugin scored node for pod" pod="default/yolo-obb-1" plugin="ImageLocality" node="gpuorin4-desktop" score=0
2026-07-01 16:35:39.741 I0701 07:29:34.501629       1 schedule_one.go:745] "Plugin scored node for pod" pod="default/yolo-obb-1" plugin="TaintToleration" node="gpuorin5-desktop" score=300
2026-07-01 16:35:39.743 I0701 07:29:34.501645       1 schedule_one.go:745] "Plugin scored node for pod" pod="default/yolo-obb-1" plugin="NodeAffinity" node="gpuorin5-desktop" score=0
2026-07-01 16:35:39.744 I0701 07:29:34.501652       1 schedule_one.go:745] "Plugin scored node for pod" pod="default/yolo-obb-1" plugin="NodeResourcesFit" node="gpuorin5-desktop" score=82
2026-07-01 16:35:39.745 I0701 07:29:34.501660       1 schedule_one.go:745] "Plugin scored node for pod" pod="default/yolo-obb-1" plugin="VolumeBinding" node="gpuorin5-desktop" score=0
2026-07-01 16:35:39.746 I0701 07:29:34.501668       1 schedule_one.go:745] "Plugin scored node for pod" pod="default/yolo-obb-1" plugin="NodeResourcesBalancedAllocation" node="gpuorin5-desktop" score=99
2026-07-01 16:35:39.746 I0701 07:29:34.501676       1 schedule_one.go:745] "Plugin scored node for pod" pod="default/yolo-obb-1" plugin="ImageLocality" node="gpuorin5-desktop" score=0
2026-07-01 16:35:39.747 I0701 07:29:34.501687       1 schedule_one.go:812] "Calculated node's final score for pod" pod="default/yolo-obb-1" node="gpu-orin3" score=481
2026-07-01 16:35:39.748 I0701 07:29:34.501700       1 schedule_one.go:812] "Calculated node's final score for pod" pod="default/yolo-obb-1" node="gpu-orin2" score=481
2026-07-01 16:35:39.749 I0701 07:29:34.501713       1 schedule_one.go:812] "Calculated node's final score for pod" pod="default/yolo-obb-1" node="gpuorin4-desktop" score=477
2026-07-01 16:35:39.750 I0701 07:29:34.501725       1 schedule_one.go:812] "Calculated node's final score for pod" pod="default/yolo-obb-1" node="gpuorin5-desktop" score=481
2026-07-01 16:35:39.750 I0701 07:29:38.938200       1 resource_allocation.go:76] "Listed internal info for allocatable resources, requested resources and score" pod="default/yolo-pos-1" node="gpu-orin2" resourceAllocationScorer="LeastAllocated" allocatableResource=[6000,7885127680] requestedResource=[800,1677721600] resourceScore=82
2026-07-01 16:35:39.751 I0701 07:29:38.938207       1 resource_allocation.go:76] "Listed internal info for allocatable resources, requested resources and score" pod="default/yolo-pos-1" node="gpuorin4-desktop" resourceAllocationScorer="LeastAllocated" allocatableResource=[6000,7885250560] requestedResource=[1000,2097152000] resourceScore=78
2026-07-01 16:35:39.752 I0701 07:29:38.938221       1 resource_allocation.go:76] "Listed internal info for allocatable resources, requested resources and score" pod="default/yolo-pos-1" node="gpuorin4-desktop" resourceAllocationScorer="NodeResourcesBalancedAllocation" allocatableResource=[6000,7885250560] requestedResource=[100,52428800] resourceScore=99
2026-07-01 16:35:39.752 I0701 07:29:38.938224       1 resource_allocation.go:76] "Listed internal info for allocatable resources, requested resources and score" pod="default/yolo-pos-1" node="gpu-orin2" resourceAllocationScorer="NodeResourcesBalancedAllocation" allocatableResource=[6000,7885127680] requestedResource=[100,52428800] resourceScore=99
2026-07-01 16:35:39.753 I0701 07:29:38.938252       1 resource_allocation.go:76] "Listed internal info for allocatable resources, requested resources and score" pod="default/yolo-pos-1" node="gpuorin5-desktop" resourceAllocationScorer="LeastAllocated" allocatableResource=[6000,7885127680] requestedResource=[800,1677721600] resourceScore=82
2026-07-01 16:35:39.753 I0701 07:29:38.938256       1 resource_allocation.go:76] "Listed internal info for allocatable resources, requested resources and score" pod="default/yolo-pos-1" node="gpu-orin3" resourceAllocationScorer="LeastAllocated" allocatableResource=[6000,7885152256] requestedResource=[900,1887436800] resourceScore=80
2026-07-01 16:35:39.754 I0701 07:29:38.938269       1 resource_allocation.go:76] "Listed internal info for allocatable resources, requested resources and score" pod="default/yolo-pos-1" node="gpuorin5-desktop" resourceAllocationScorer="NodeResourcesBalancedAllocation" allocatableResource=[6000,7885127680] requestedResource=[100,52428800] resourceScore=99
2026-07-01 16:35:39.755 I0701 07:29:38.938278       1 resource_allocation.go:76] "Listed internal info for allocatable resources, requested resources and score" pod="default/yolo-pos-1" node="gpu-orin3" resourceAllocationScorer="NodeResourcesBalancedAllocation" allocatableResource=[6000,7885152256] requestedResource=[100,52428800] resourceScore=99
2026-07-01 16:35:39.755 I0701 07:29:38.938346       1 schedule_one.go:745] "Plugin scored node for pod" pod="default/yolo-pos-1" plugin="TaintToleration" node="gpu-orin2" score=300
2026-07-01 16:35:39.756 I0701 07:29:38.938359       1 schedule_one.go:745] "Plugin scored node for pod" pod="default/yolo-pos-1" plugin="NodeAffinity" node="gpu-orin2" score=0
2026-07-01 16:35:39.757 I0701 07:29:38.938365       1 schedule_one.go:745] "Plugin scored node for pod" pod="default/yolo-pos-1" plugin="NodeResourcesFit" node="gpu-orin2" score=82
2026-07-01 16:35:39.757 I0701 07:29:38.938371       1 schedule_one.go:745] "Plugin scored node for pod" pod="default/yolo-pos-1" plugin="VolumeBinding" node="gpu-orin2" score=0
2026-07-01 16:35:39.758 I0701 07:29:38.938378       1 schedule_one.go:745] "Plugin scored node for pod" pod="default/yolo-pos-1" plugin="NodeResourcesBalancedAllocation" node="gpu-orin2" score=99
2026-07-01 16:35:39.758 I0701 07:29:38.938384       1 schedule_one.go:745] "Plugin scored node for pod" pod="default/yolo-pos-1" plugin="ImageLocality" node="gpu-orin2" score=0
2026-07-01 16:35:39.759 I0701 07:29:38.938389       1 schedule_one.go:745] "Plugin scored node for pod" pod="default/yolo-pos-1" plugin="TaintToleration" node="gpuorin4-desktop" score=300
2026-07-01 16:35:39.760 I0701 07:29:38.938395       1 schedule_one.go:745] "Plugin scored node for pod" pod="default/yolo-pos-1" plugin="NodeAffinity" node="gpuorin4-desktop" score=0
2026-07-01 16:35:39.760 I0701 07:29:38.938399       1 schedule_one.go:745] "Plugin scored node for pod" pod="default/yolo-pos-1" plugin="NodeResourcesFit" node="gpuorin4-desktop" score=78
2026-07-01 16:35:39.761 I0701 07:29:38.938404       1 schedule_one.go:745] "Plugin scored node for pod" pod="default/yolo-pos-1" plugin="VolumeBinding" node="gpuorin4-desktop" score=0
2026-07-01 16:35:39.761 I0701 07:29:38.938410       1 schedule_one.go:745] "Plugin scored node for pod" pod="default/yolo-pos-1" plugin="NodeResourcesBalancedAllocation" node="gpuorin4-desktop" score=99
2026-07-01 16:35:39.762 I0701 07:29:38.938416       1 schedule_one.go:745] "Plugin scored node for pod" pod="default/yolo-pos-1" plugin="ImageLocality" node="gpuorin4-desktop" score=0
2026-07-01 16:35:39.762 I0701 07:29:38.938423       1 schedule_one.go:745] "Plugin scored node for pod" pod="default/yolo-pos-1" plugin="TaintToleration" node="gpu-orin3" score=300
2026-07-01 16:35:39.763 I0701 07:29:38.938428       1 schedule_one.go:745] "Plugin scored node for pod" pod="default/yolo-pos-1" plugin="NodeAffinity" node="gpu-orin3" score=0
2026-07-01 16:35:39.764 I0701 07:29:38.938432       1 schedule_one.go:745] "Plugin scored node for pod" pod="default/yolo-pos-1" plugin="NodeResourcesFit" node="gpu-orin3" score=80
2026-07-01 16:35:39.764 I0701 07:29:38.938437       1 schedule_one.go:745] "Plugin scored node for pod" pod="default/yolo-pos-1" plugin="VolumeBinding" node="gpu-orin3" score=0
2026-07-01 16:35:39.765 I0701 07:29:38.938443       1 schedule_one.go:745] "Plugin scored node for pod" pod="default/yolo-pos-1" plugin="NodeResourcesBalancedAllocation" node="gpu-orin3" score=99
2026-07-01 16:35:39.765 I0701 07:29:38.938447       1 schedule_one.go:745] "Plugin scored node for pod" pod="default/yolo-pos-1" plugin="ImageLocality" node="gpu-orin3" score=0
2026-07-01 16:35:39.766 I0701 07:29:38.938454       1 schedule_one.go:745] "Plugin scored node for pod" pod="default/yolo-pos-1" plugin="TaintToleration" node="gpuorin5-desktop" score=300
2026-07-01 16:35:39.767 I0701 07:29:38.938458       1 schedule_one.go:745] "Plugin scored node for pod" pod="default/yolo-pos-1" plugin="NodeAffinity" node="gpuorin5-desktop" score=0
2026-07-01 16:35:39.767 I0701 07:29:38.938463       1 schedule_one.go:745] "Plugin scored node for pod" pod="default/yolo-pos-1" plugin="NodeResourcesFit" node="gpuorin5-desktop" score=82
2026-07-01 16:35:39.768 I0701 07:29:38.938468       1 schedule_one.go:745] "Plugin scored node for pod" pod="default/yolo-pos-1" plugin="VolumeBinding" node="gpuorin5-desktop" score=0
2026-07-01 16:35:39.768 I0701 07:29:38.938472       1 schedule_one.go:745] "Plugin scored node for pod" pod="default/yolo-pos-1" plugin="NodeResourcesBalancedAllocation" node="gpuorin5-desktop" score=99
2026-07-01 16:35:39.769 I0701 07:29:38.938476       1 schedule_one.go:745] "Plugin scored node for pod" pod="default/yolo-pos-1" plugin="ImageLocality" node="gpuorin5-desktop" score=0
2026-07-01 16:35:39.770 I0701 07:29:38.938485       1 schedule_one.go:812] "Calculated node's final score for pod" pod="default/yolo-pos-1" node="gpu-orin2" score=481
2026-07-01 16:35:39.770 I0701 07:29:38.938491       1 schedule_one.go:812] "Calculated node's final score for pod" pod="default/yolo-pos-1" node="gpuorin4-desktop" score=477
2026-07-01 16:35:39.771 I0701 07:29:38.938497       1 schedule_one.go:812] "Calculated node's final score for pod" pod="default/yolo-pos-1" node="gpu-orin3" score=479
2026-07-01 16:35:39.772 I0701 07:29:38.938502       1 schedule_one.go:812] "Calculated node's final score for pod" pod="default/yolo-pos-1" node="gpuorin5-desktop" score=481
2026-07-01 16:35:39.772 I0701 07:29:42.656164       1 resource_allocation.go:76] "Listed internal info for allocatable resources, requested resources and score" pod="default/yolo-cls-2" node="gpuorin5-desktop" resourceAllocationScorer="LeastAllocated" allocatableResource=[6000,7885127680] requestedResource=[900,1887436800] resourceScore=80
2026-07-01 16:35:39.773 I0701 07:29:42.656169       1 resource_allocation.go:76] "Listed internal info for allocatable resources, requested resources and score" pod="default/yolo-cls-2" node="gpu-orin2" resourceAllocationScorer="LeastAllocated" allocatableResource=[6000,7885127680] requestedResource=[800,1677721600] resourceScore=82
2026-07-01 16:35:39.774 I0701 07:29:42.656195       1 resource_allocation.go:76] "Listed internal info for allocatable resources, requested resources and score" pod="default/yolo-cls-2" node="gpuorin5-desktop" resourceAllocationScorer="NodeResourcesBalancedAllocation" allocatableResource=[6000,7885127680] requestedResource=[100,52428800] resourceScore=99
2026-07-01 16:35:39.775 I0701 07:29:42.656205       1 resource_allocation.go:76] "Listed internal info for allocatable resources, requested resources and score" pod="default/yolo-cls-2" node="gpu-orin2" resourceAllocationScorer="NodeResourcesBalancedAllocation" allocatableResource=[6000,7885127680] requestedResource=[100,52428800] resourceScore=99
2026-07-01 16:35:39.776 I0701 07:29:42.656207       1 resource_allocation.go:76] "Listed internal info for allocatable resources, requested resources and score" pod="default/yolo-cls-2" node="gpu-orin3" resourceAllocationScorer="LeastAllocated" allocatableResource=[6000,7885152256] requestedResource=[900,1887436800] resourceScore=80
2026-07-01 16:35:39.778 I0701 07:29:42.656226       1 resource_allocation.go:76] "Listed internal info for allocatable resources, requested resources and score" pod="default/yolo-cls-2" node="gpuorin4-desktop" resourceAllocationScorer="LeastAllocated" allocatableResource=[6000,7885250560] requestedResource=[1000,2097152000] resourceScore=78
2026-07-01 16:35:39.779 I0701 07:29:42.656247       1 resource_allocation.go:76] "Listed internal info for allocatable resources, requested resources and score" pod="default/yolo-cls-2" node="gpu-orin3" resourceAllocationScorer="NodeResourcesBalancedAllocation" allocatableResource=[6000,7885152256] requestedResource=[100,52428800] resourceScore=99
2026-07-01 16:35:39.780 I0701 07:29:42.656266       1 resource_allocation.go:76] "Listed internal info for allocatable resources, requested resources and score" pod="default/yolo-cls-2" node="gpuorin4-desktop" resourceAllocationScorer="NodeResourcesBalancedAllocation" allocatableResource=[6000,7885250560] requestedResource=[100,52428800] resourceScore=99
2026-07-01 16:35:39.782 I0701 07:29:42.656425       1 schedule_one.go:745] "Plugin scored node for pod" pod="default/yolo-cls-2" plugin="TaintToleration" node="gpu-orin2" score=300
2026-07-01 16:35:39.783 I0701 07:29:42.656460       1 schedule_one.go:745] "Plugin scored node for pod" pod="default/yolo-cls-2" plugin="NodeAffinity" node="gpu-orin2" score=0
2026-07-01 16:35:39.785 I0701 07:29:42.656476       1 schedule_one.go:745] "Plugin scored node for pod" pod="default/yolo-cls-2" plugin="NodeResourcesFit" node="gpu-orin2" score=82
2026-07-01 16:35:39.787 I0701 07:29:42.656489       1 schedule_one.go:745] "Plugin scored node for pod" pod="default/yolo-cls-2" plugin="VolumeBinding" node="gpu-orin2" score=0
2026-07-01 16:35:39.789 I0701 07:29:42.656502       1 schedule_one.go:745] "Plugin scored node for pod" pod="default/yolo-cls-2" plugin="NodeResourcesBalancedAllocation" node="gpu-orin2" score=99
2026-07-01 16:35:39.791 I0701 07:29:42.656515       1 schedule_one.go:745] "Plugin scored node for pod" pod="default/yolo-cls-2" plugin="ImageLocality" node="gpu-orin2" score=0
2026-07-01 16:35:39.794 I0701 07:29:42.656527       1 schedule_one.go:745] "Plugin scored node for pod" pod="default/yolo-cls-2" plugin="TaintToleration" node="gpuorin5-desktop" score=300
2026-07-01 16:35:39.795 I0701 07:29:42.656548       1 schedule_one.go:745] "Plugin scored node for pod" pod="default/yolo-cls-2" plugin="NodeAffinity" node="gpuorin5-desktop" score=0
2026-07-01 16:35:39.797 I0701 07:29:42.656560       1 schedule_one.go:745] "Plugin scored node for pod" pod="default/yolo-cls-2" plugin="NodeResourcesFit" node="gpuorin5-desktop" score=80
2026-07-01 16:35:39.799 I0701 07:29:42.656573       1 schedule_one.go:745] "Plugin scored node for pod" pod="default/yolo-cls-2" plugin="VolumeBinding" node="gpuorin5-desktop" score=0
2026-07-01 16:35:39.800 I0701 07:29:42.656585       1 schedule_one.go:745] "Plugin scored node for pod" pod="default/yolo-cls-2" plugin="NodeResourcesBalancedAllocation" node="gpuorin5-desktop" score=99
2026-07-01 16:35:39.801 I0701 07:29:42.656608       1 schedule_one.go:745] "Plugin scored node for pod" pod="default/yolo-cls-2" plugin="ImageLocality" node="gpuorin5-desktop" score=0
2026-07-01 16:35:39.802 I0701 07:29:42.656620       1 schedule_one.go:745] "Plugin scored node for pod" pod="default/yolo-cls-2" plugin="TaintToleration" node="gpu-orin3" score=300
2026-07-01 16:35:39.802 I0701 07:29:42.656637       1 schedule_one.go:745] "Plugin scored node for pod" pod="default/yolo-cls-2" plugin="NodeAffinity" node="gpu-orin3" score=0
2026-07-01 16:35:39.803 I0701 07:29:42.656649       1 schedule_one.go:745] "Plugin scored node for pod" pod="default/yolo-cls-2" plugin="NodeResourcesFit" node="gpu-orin3" score=80
2026-07-01 16:35:39.804 I0701 07:29:42.656670       1 schedule_one.go:745] "Plugin scored node for pod" pod="default/yolo-cls-2" plugin="VolumeBinding" node="gpu-orin3" score=0
2026-07-01 16:35:39.805 I0701 07:29:42.656683       1 schedule_one.go:745] "Plugin scored node for pod" pod="default/yolo-cls-2" plugin="NodeResourcesBalancedAllocation" node="gpu-orin3" score=99
2026-07-01 16:35:39.806 I0701 07:29:42.656694       1 schedule_one.go:745] "Plugin scored node for pod" pod="default/yolo-cls-2" plugin="ImageLocality" node="gpu-orin3" score=0
2026-07-01 16:35:39.808 I0701 07:29:42.656709       1 schedule_one.go:745] "Plugin scored node for pod" pod="default/yolo-cls-2" plugin="TaintToleration" node="gpuorin4-desktop" score=300
2026-07-01 16:35:39.809 I0701 07:29:42.656720       1 schedule_one.go:745] "Plugin scored node for pod" pod="default/yolo-cls-2" plugin="NodeAffinity" node="gpuorin4-desktop" score=0
2026-07-01 16:35:39.810 I0701 07:29:42.656731       1 schedule_one.go:745] "Plugin scored node for pod" pod="default/yolo-cls-2" plugin="NodeResourcesFit" node="gpuorin4-desktop" score=78
2026-07-01 16:35:39.811 I0701 07:29:42.656743       1 schedule_one.go:745] "Plugin scored node for pod" pod="default/yolo-cls-2" plugin="VolumeBinding" node="gpuorin4-desktop" score=0
2026-07-01 16:35:39.812 I0701 07:29:42.656755       1 schedule_one.go:745] "Plugin scored node for pod" pod="default/yolo-cls-2" plugin="NodeResourcesBalancedAllocation" node="gpuorin4-desktop" score=99
2026-07-01 16:35:39.813 I0701 07:29:42.656780       1 schedule_one.go:745] "Plugin scored node for pod" pod="default/yolo-cls-2" plugin="ImageLocality" node="gpuorin4-desktop" score=0
2026-07-01 16:35:39.814 I0701 07:29:42.656802       1 schedule_one.go:812] "Calculated node's final score for pod" pod="default/yolo-cls-2" node="gpu-orin2" score=481
2026-07-01 16:35:39.814 I0701 07:29:42.656818       1 schedule_one.go:812] "Calculated node's final score for pod" pod="default/yolo-cls-2" node="gpuorin5-desktop" score=479
2026-07-01 16:35:39.815 I0701 07:29:42.656838       1 schedule_one.go:812] "Calculated node's final score for pod" pod="default/yolo-cls-2" node="gpu-orin3" score=479
2026-07-01 16:35:39.816 I0701 07:29:42.656851       1 schedule_one.go:812] "Calculated node's final score for pod" pod="default/yolo-cls-2" node="gpuorin4-desktop" score=477
2026-07-01 16:35:39.816 I0701 07:29:46.578802       1 resource_allocation.go:76] "Listed internal info for allocatable resources, requested resources and score" pod="default/yolo-det-2" node="gpu-orin2" resourceAllocationScorer="LeastAllocated" allocatableResource=[6000,7885127680] requestedResource=[900,1887436800] resourceScore=80
2026-07-01 16:35:39.817 I0701 07:29:46.578823       1 resource_allocation.go:76] "Listed internal info for allocatable resources, requested resources and score" pod="default/yolo-det-2" node="gpu-orin3" resourceAllocationScorer="LeastAllocated" allocatableResource=[6000,7885152256] requestedResource=[900,1887436800] resourceScore=80
2026-07-01 16:35:39.818 I0701 07:29:46.578836       1 resource_allocation.go:76] "Listed internal info for allocatable resources, requested resources and score" pod="default/yolo-det-2" node="gpu-orin2" resourceAllocationScorer="NodeResourcesBalancedAllocation" allocatableResource=[6000,7885127680] requestedResource=[100,52428800] resourceScore=99
2026-07-01 16:35:39.818 I0701 07:29:46.578850       1 resource_allocation.go:76] "Listed internal info for allocatable resources, requested resources and score" pod="default/yolo-det-2" node="gpuorin5-desktop" resourceAllocationScorer="LeastAllocated" allocatableResource=[6000,7885127680] requestedResource=[900,1887436800] resourceScore=80
2026-07-01 16:35:39.819 I0701 07:29:46.578871       1 resource_allocation.go:76] "Listed internal info for allocatable resources, requested resources and score" pod="default/yolo-det-2" node="gpu-orin3" resourceAllocationScorer="NodeResourcesBalancedAllocation" allocatableResource=[6000,7885152256] requestedResource=[100,52428800] resourceScore=99
2026-07-01 16:35:39.820 I0701 07:29:46.578889       1 resource_allocation.go:76] "Listed internal info for allocatable resources, requested resources and score" pod="default/yolo-det-2" node="gpuorin5-desktop" resourceAllocationScorer="NodeResourcesBalancedAllocation" allocatableResource=[6000,7885127680] requestedResource=[100,52428800] resourceScore=99
2026-07-01 16:35:39.821 I0701 07:29:46.578823       1 resource_allocation.go:76] "Listed internal info for allocatable resources, requested resources and score" pod="default/yolo-det-2" node="gpuorin4-desktop" resourceAllocationScorer="LeastAllocated" allocatableResource=[6000,7885250560] requestedResource=[1000,2097152000] resourceScore=78
2026-07-01 16:35:39.821 I0701 07:29:46.578920       1 resource_allocation.go:76] "Listed internal info for allocatable resources, requested resources and score" pod="default/yolo-det-2" node="gpuorin4-desktop" resourceAllocationScorer="NodeResourcesBalancedAllocation" allocatableResource=[6000,7885250560] requestedResource=[100,52428800] resourceScore=99
2026-07-01 16:35:39.822 I0701 07:29:46.579054       1 schedule_one.go:745] "Plugin scored node for pod" pod="default/yolo-det-2" plugin="TaintToleration" node="gpu-orin2" score=300
2026-07-01 16:35:39.823 I0701 07:29:46.579087       1 schedule_one.go:745] "Plugin scored node for pod" pod="default/yolo-det-2" plugin="NodeAffinity" node="gpu-orin2" score=0
2026-07-01 16:35:39.823 I0701 07:29:46.579109       1 schedule_one.go:745] "Plugin scored node for pod" pod="default/yolo-det-2" plugin="NodeResourcesFit" node="gpu-orin2" score=80
2026-07-01 16:35:39.824 I0701 07:29:46.579127       1 schedule_one.go:745] "Plugin scored node for pod" pod="default/yolo-det-2" plugin="VolumeBinding" node="gpu-orin2" score=0
2026-07-01 16:35:39.824 I0701 07:29:46.579141       1 schedule_one.go:745] "Plugin scored node for pod" pod="default/yolo-det-2" plugin="NodeResourcesBalancedAllocation" node="gpu-orin2" score=99
2026-07-01 16:35:39.825 I0701 07:29:46.579159       1 schedule_one.go:745] "Plugin scored node for pod" pod="default/yolo-det-2" plugin="ImageLocality" node="gpu-orin2" score=0
2026-07-01 16:35:39.826 I0701 07:29:46.579174       1 schedule_one.go:745] "Plugin scored node for pod" pod="default/yolo-det-2" plugin="TaintToleration" node="gpu-orin3" score=300
2026-07-01 16:35:39.826 I0701 07:29:46.579188       1 schedule_one.go:745] "Plugin scored node for pod" pod="default/yolo-det-2" plugin="NodeAffinity" node="gpu-orin3" score=0
2026-07-01 16:35:39.827 I0701 07:29:46.579200       1 schedule_one.go:745] "Plugin scored node for pod" pod="default/yolo-det-2" plugin="NodeResourcesFit" node="gpu-orin3" score=80
2026-07-01 16:35:39.828 I0701 07:29:46.579211       1 schedule_one.go:745] "Plugin scored node for pod" pod="default/yolo-det-2" plugin="VolumeBinding" node="gpu-orin3" score=0
2026-07-01 16:35:39.828 I0701 07:29:46.579222       1 schedule_one.go:745] "Plugin scored node for pod" pod="default/yolo-det-2" plugin="NodeResourcesBalancedAllocation" node="gpu-orin3" score=99
2026-07-01 16:35:39.829 I0701 07:29:46.579232       1 schedule_one.go:745] "Plugin scored node for pod" pod="default/yolo-det-2" plugin="ImageLocality" node="gpu-orin3" score=0
2026-07-01 16:35:39.830 I0701 07:29:46.579245       1 schedule_one.go:745] "Plugin scored node for pod" pod="default/yolo-det-2" plugin="TaintToleration" node="gpuorin4-desktop" score=300
2026-07-01 16:35:39.830 I0701 07:29:46.579257       1 schedule_one.go:745] "Plugin scored node for pod" pod="default/yolo-det-2" plugin="NodeAffinity" node="gpuorin4-desktop" score=0
2026-07-01 16:35:39.831 I0701 07:29:46.579272       1 schedule_one.go:745] "Plugin scored node for pod" pod="default/yolo-det-2" plugin="NodeResourcesFit" node="gpuorin4-desktop" score=78
2026-07-01 16:35:39.832 I0701 07:29:46.579283       1 schedule_one.go:745] "Plugin scored node for pod" pod="default/yolo-det-2" plugin="VolumeBinding" node="gpuorin4-desktop" score=0
2026-07-01 16:35:39.832 I0701 07:29:46.579295       1 schedule_one.go:745] "Plugin scored node for pod" pod="default/yolo-det-2" plugin="NodeResourcesBalancedAllocation" node="gpuorin4-desktop" score=99
2026-07-01 16:35:39.833 I0701 07:29:46.579307       1 schedule_one.go:745] "Plugin scored node for pod" pod="default/yolo-det-2" plugin="ImageLocality" node="gpuorin4-desktop" score=0
2026-07-01 16:35:39.834 I0701 07:29:46.579319       1 schedule_one.go:745] "Plugin scored node for pod" pod="default/yolo-det-2" plugin="TaintToleration" node="gpuorin5-desktop" score=300
2026-07-01 16:35:39.834 I0701 07:29:46.579330       1 schedule_one.go:745] "Plugin scored node for pod" pod="default/yolo-det-2" plugin="NodeAffinity" node="gpuorin5-desktop" score=0
2026-07-01 16:35:39.835 I0701 07:29:46.579341       1 schedule_one.go:745] "Plugin scored node for pod" pod="default/yolo-det-2" plugin="NodeResourcesFit" node="gpuorin5-desktop" score=80
2026-07-01 16:35:39.836 I0701 07:29:46.579352       1 schedule_one.go:745] "Plugin scored node for pod" pod="default/yolo-det-2" plugin="VolumeBinding" node="gpuorin5-desktop" score=0
2026-07-01 16:35:39.837 I0701 07:29:46.579366       1 schedule_one.go:745] "Plugin scored node for pod" pod="default/yolo-det-2" plugin="NodeResourcesBalancedAllocation" node="gpuorin5-desktop" score=99
2026-07-01 16:35:39.838 I0701 07:29:46.579380       1 schedule_one.go:745] "Plugin scored node for pod" pod="default/yolo-det-2" plugin="ImageLocality" node="gpuorin5-desktop" score=0
2026-07-01 16:35:39.839 I0701 07:29:46.579397       1 schedule_one.go:812] "Calculated node's final score for pod" pod="default/yolo-det-2" node="gpu-orin2" score=479
2026-07-01 16:35:39.841 I0701 07:29:46.579417       1 schedule_one.go:812] "Calculated node's final score for pod" pod="default/yolo-det-2" node="gpu-orin3" score=479
2026-07-01 16:35:39.842 I0701 07:29:46.579438       1 schedule_one.go:812] "Calculated node's final score for pod" pod="default/yolo-det-2" node="gpuorin4-desktop" score=477
2026-07-01 16:35:39.843 I0701 07:29:46.579452       1 schedule_one.go:812] "Calculated node's final score for pod" pod="default/yolo-det-2" node="gpuorin5-desktop" score=479
2026-07-01 16:35:39.844 I0701 07:29:50.497095       1 resource_allocation.go:76] "Listed internal info for allocatable resources, requested resources and score" pod="default/yolo-seg-2" node="gpu-orin2" resourceAllocationScorer="LeastAllocated" allocatableResource=[6000,7885127680] requestedResource=[1000,2097152000] resourceScore=78
2026-07-01 16:35:39.845 I0701 07:29:50.497117       1 resource_allocation.go:76] "Listed internal info for allocatable resources, requested resources and score" pod="default/yolo-seg-2" node="gpu-orin2" resourceAllocationScorer="NodeResourcesBalancedAllocation" allocatableResource=[6000,7885127680] requestedResource=[100,52428800] resourceScore=99
2026-07-01 16:35:39.847 I0701 07:29:50.497139       1 resource_allocation.go:76] "Listed internal info for allocatable resources, requested resources and score" pod="default/yolo-seg-2" node="gpu-orin3" resourceAllocationScorer="LeastAllocated" allocatableResource=[6000,7885152256] requestedResource=[900,1887436800] resourceScore=80
2026-07-01 16:35:39.849 I0701 07:29:50.497179       1 resource_allocation.go:76] "Listed internal info for allocatable resources, requested resources and score" pod="default/yolo-seg-2" node="gpu-orin3" resourceAllocationScorer="NodeResourcesBalancedAllocation" allocatableResource=[6000,7885152256] requestedResource=[100,52428800] resourceScore=99
2026-07-01 16:35:39.851 I0701 07:29:50.497183       1 resource_allocation.go:76] "Listed internal info for allocatable resources, requested resources and score" pod="default/yolo-seg-2" node="gpuorin5-desktop" resourceAllocationScorer="LeastAllocated" allocatableResource=[6000,7885127680] requestedResource=[900,1887436800] resourceScore=80
2026-07-01 16:35:39.853 I0701 07:29:50.497197       1 resource_allocation.go:76] "Listed internal info for allocatable resources, requested resources and score" pod="default/yolo-seg-2" node="gpuorin4-desktop" resourceAllocationScorer="LeastAllocated" allocatableResource=[6000,7885250560] requestedResource=[1000,2097152000] resourceScore=78
2026-07-01 16:35:39.856 I0701 07:29:50.497247       1 resource_allocation.go:76] "Listed internal info for allocatable resources, requested resources and score" pod="default/yolo-seg-2" node="gpuorin5-desktop" resourceAllocationScorer="NodeResourcesBalancedAllocation" allocatableResource=[6000,7885127680] requestedResource=[100,52428800] resourceScore=99
2026-07-01 16:35:39.858 I0701 07:29:50.497258       1 resource_allocation.go:76] "Listed internal info for allocatable resources, requested resources and score" pod="default/yolo-seg-2" node="gpuorin4-desktop" resourceAllocationScorer="NodeResourcesBalancedAllocation" allocatableResource=[6000,7885250560] requestedResource=[100,52428800] resourceScore=99
2026-07-01 16:35:39.860 I0701 07:29:50.497397       1 schedule_one.go:745] "Plugin scored node for pod" pod="default/yolo-seg-2" plugin="TaintToleration" node="gpu-orin2" score=300
2026-07-01 16:35:39.862 I0701 07:29:50.497426       1 schedule_one.go:745] "Plugin scored node for pod" pod="default/yolo-seg-2" plugin="NodeAffinity" node="gpu-orin2" score=0
2026-07-01 16:35:39.865 I0701 07:29:50.497445       1 schedule_one.go:745] "Plugin scored node for pod" pod="default/yolo-seg-2" plugin="NodeResourcesFit" node="gpu-orin2" score=78
2026-07-01 16:35:39.868 I0701 07:29:50.497461       1 schedule_one.go:745] "Plugin scored node for pod" pod="default/yolo-seg-2" plugin="VolumeBinding" node="gpu-orin2" score=0
2026-07-01 16:35:39.870 I0701 07:29:50.497475       1 schedule_one.go:745] "Plugin scored node for pod" pod="default/yolo-seg-2" plugin="NodeResourcesBalancedAllocation" node="gpu-orin2" score=99
2026-07-01 16:35:39.873 I0701 07:29:50.497488       1 schedule_one.go:745] "Plugin scored node for pod" pod="default/yolo-seg-2" plugin="ImageLocality" node="gpu-orin2" score=0
2026-07-01 16:35:39.875 I0701 07:29:50.497501       1 schedule_one.go:745] "Plugin scored node for pod" pod="default/yolo-seg-2" plugin="TaintToleration" node="gpu-orin3" score=300
2026-07-01 16:35:39.878 I0701 07:29:50.497512       1 schedule_one.go:745] "Plugin scored node for pod" pod="default/yolo-seg-2" plugin="NodeAffinity" node="gpu-orin3" score=0
2026-07-01 16:35:39.880 I0701 07:29:50.497530       1 schedule_one.go:745] "Plugin scored node for pod" pod="default/yolo-seg-2" plugin="NodeResourcesFit" node="gpu-orin3" score=80
2026-07-01 16:35:39.883 I0701 07:29:50.497541       1 schedule_one.go:745] "Plugin scored node for pod" pod="default/yolo-seg-2" plugin="VolumeBinding" node="gpu-orin3" score=0
2026-07-01 16:35:39.885 I0701 07:29:50.497553       1 schedule_one.go:745] "Plugin scored node for pod" pod="default/yolo-seg-2" plugin="NodeResourcesBalancedAllocation" node="gpu-orin3" score=99
2026-07-01 16:35:39.888 I0701 07:29:50.497567       1 schedule_one.go:745] "Plugin scored node for pod" pod="default/yolo-seg-2" plugin="ImageLocality" node="gpu-orin3" score=0
2026-07-01 16:35:39.890 I0701 07:29:50.497580       1 schedule_one.go:745] "Plugin scored node for pod" pod="default/yolo-seg-2" plugin="TaintToleration" node="gpuorin4-desktop" score=300
2026-07-01 16:35:39.893 I0701 07:29:50.497593       1 schedule_one.go:745] "Plugin scored node for pod" pod="default/yolo-seg-2" plugin="NodeAffinity" node="gpuorin4-desktop" score=0
2026-07-01 16:35:39.895 I0701 07:29:50.497605       1 schedule_one.go:745] "Plugin scored node for pod" pod="default/yolo-seg-2" plugin="NodeResourcesFit" node="gpuorin4-desktop" score=78
2026-07-01 16:35:39.898 I0701 07:29:50.497618       1 schedule_one.go:745] "Plugin scored node for pod" pod="default/yolo-seg-2" plugin="VolumeBinding" node="gpuorin4-desktop" score=0
2026-07-01 16:35:39.900 I0701 07:29:50.497632       1 schedule_one.go:745] "Plugin scored node for pod" pod="default/yolo-seg-2" plugin="NodeResourcesBalancedAllocation" node="gpuorin4-desktop" score=99
2026-07-01 16:35:39.903 I0701 07:29:50.497645       1 schedule_one.go:745] "Plugin scored node for pod" pod="default/yolo-seg-2" plugin="ImageLocality" node="gpuorin4-desktop" score=0
2026-07-01 16:35:39.905 I0701 07:29:50.497657       1 schedule_one.go:745] "Plugin scored node for pod" pod="default/yolo-seg-2" plugin="TaintToleration" node="gpuorin5-desktop" score=300
2026-07-01 16:35:39.908 I0701 07:29:50.497670       1 schedule_one.go:745] "Plugin scored node for pod" pod="default/yolo-seg-2" plugin="NodeAffinity" node="gpuorin5-desktop" score=0
2026-07-01 16:35:39.910 I0701 07:29:50.497681       1 schedule_one.go:745] "Plugin scored node for pod" pod="default/yolo-seg-2" plugin="NodeResourcesFit" node="gpuorin5-desktop" score=80
2026-07-01 16:35:39.912 I0701 07:29:50.497695       1 schedule_one.go:745] "Plugin scored node for pod" pod="default/yolo-seg-2" plugin="VolumeBinding" node="gpuorin5-desktop" score=0
2026-07-01 16:35:39.915 I0701 07:29:50.497707       1 schedule_one.go:745] "Plugin scored node for pod" pod="default/yolo-seg-2" plugin="NodeResourcesBalancedAllocation" node="gpuorin5-desktop" score=99
2026-07-01 16:35:39.917 I0701 07:29:50.497719       1 schedule_one.go:745] "Plugin scored node for pod" pod="default/yolo-seg-2" plugin="ImageLocality" node="gpuorin5-desktop" score=0
2026-07-01 16:35:39.920 I0701 07:29:50.497738       1 schedule_one.go:812] "Calculated node's final score for pod" pod="default/yolo-seg-2" node="gpu-orin2" score=477
2026-07-01 16:35:39.922 I0701 07:29:50.497755       1 schedule_one.go:812] "Calculated node's final score for pod" pod="default/yolo-seg-2" node="gpu-orin3" score=479
2026-07-01 16:35:39.925 I0701 07:29:50.497792       1 schedule_one.go:812] "Calculated node's final score for pod" pod="default/yolo-seg-2" node="gpuorin4-desktop" score=477
2026-07-01 16:35:39.927 I0701 07:29:50.497814       1 schedule_one.go:812] "Calculated node's final score for pod" pod="default/yolo-seg-2" node="gpuorin5-desktop" score=479
2026-07-01 16:35:39.930 I0701 07:29:54.908757       1 resource_allocation.go:76] "Listed internal info for allocatable resources, requested resources and score" pod="default/yolo-obb-2" node="gpuorin4-desktop" resourceAllocationScorer="LeastAllocated" allocatableResource=[6000,7885250560] requestedResource=[1000,2097152000] resourceScore=78
2026-07-01 16:35:39.932 I0701 07:29:54.908757       1 resource_allocation.go:76] "Listed internal info for allocatable resources, requested resources and score" pod="default/yolo-obb-2" node="gpu-orin3" resourceAllocationScorer="LeastAllocated" allocatableResource=[6000,7885152256] requestedResource=[1000,2097152000] resourceScore=78
2026-07-01 16:35:39.935 I0701 07:29:54.908820       1 resource_allocation.go:76] "Listed internal info for allocatable resources, requested resources and score" pod="default/yolo-obb-2" node="gpuorin4-desktop" resourceAllocationScorer="NodeResourcesBalancedAllocation" allocatableResource=[6000,7885250560] requestedResource=[100,52428800] resourceScore=99
2026-07-01 16:35:39.938 I0701 07:29:54.908825       1 resource_allocation.go:76] "Listed internal info for allocatable resources, requested resources and score" pod="default/yolo-obb-2" node="gpu-orin3" resourceAllocationScorer="NodeResourcesBalancedAllocation" allocatableResource=[6000,7885152256] requestedResource=[100,52428800] resourceScore=99
2026-07-01 16:35:39.940 I0701 07:29:54.908862       1 resource_allocation.go:76] "Listed internal info for allocatable resources, requested resources and score" pod="default/yolo-obb-2" node="gpu-orin2" resourceAllocationScorer="LeastAllocated" allocatableResource=[6000,7885127680] requestedResource=[1000,2097152000] resourceScore=78
2026-07-01 16:35:39.943 I0701 07:29:54.908868       1 resource_allocation.go:76] "Listed internal info for allocatable resources, requested resources and score" pod="default/yolo-obb-2" node="gpuorin5-desktop" resourceAllocationScorer="LeastAllocated" allocatableResource=[6000,7885127680] requestedResource=[900,1887436800] resourceScore=80
2026-07-01 16:35:39.946 I0701 07:29:54.908920       1 resource_allocation.go:76] "Listed internal info for allocatable resources, requested resources and score" pod="default/yolo-obb-2" node="gpu-orin2" resourceAllocationScorer="NodeResourcesBalancedAllocation" allocatableResource=[6000,7885127680] requestedResource=[100,52428800] resourceScore=99
2026-07-01 16:35:39.949 I0701 07:29:54.908922       1 resource_allocation.go:76] "Listed internal info for allocatable resources, requested resources and score" pod="default/yolo-obb-2" node="gpuorin5-desktop" resourceAllocationScorer="NodeResourcesBalancedAllocation" allocatableResource=[6000,7885127680] requestedResource=[100,52428800] resourceScore=99
2026-07-01 16:35:39.951 I0701 07:29:54.909060       1 schedule_one.go:745] "Plugin scored node for pod" pod="default/yolo-obb-2" plugin="TaintToleration" node="gpu-orin3" score=300
2026-07-01 16:35:39.954 I0701 07:29:54.909087       1 schedule_one.go:745] "Plugin scored node for pod" pod="default/yolo-obb-2" plugin="NodeAffinity" node="gpu-orin3" score=0
2026-07-01 16:35:39.956 I0701 07:29:54.909102       1 schedule_one.go:745] "Plugin scored node for pod" pod="default/yolo-obb-2" plugin="NodeResourcesFit" node="gpu-orin3" score=78
2026-07-01 16:35:39.959 I0701 07:29:54.909114       1 schedule_one.go:745] "Plugin scored node for pod" pod="default/yolo-obb-2" plugin="VolumeBinding" node="gpu-orin3" score=0
2026-07-01 16:35:39.961 I0701 07:29:54.909128       1 schedule_one.go:745] "Plugin scored node for pod" pod="default/yolo-obb-2" plugin="NodeResourcesBalancedAllocation" node="gpu-orin3" score=99
2026-07-01 16:35:39.964 I0701 07:29:54.909139       1 schedule_one.go:745] "Plugin scored node for pod" pod="default/yolo-obb-2" plugin="ImageLocality" node="gpu-orin3" score=0
2026-07-01 16:35:39.966 I0701 07:29:54.909152       1 schedule_one.go:745] "Plugin scored node for pod" pod="default/yolo-obb-2" plugin="TaintToleration" node="gpuorin4-desktop" score=300
2026-07-01 16:35:39.969 I0701 07:29:54.909165       1 schedule_one.go:745] "Plugin scored node for pod" pod="default/yolo-obb-2" plugin="NodeAffinity" node="gpuorin4-desktop" score=0
2026-07-01 16:35:39.971 I0701 07:29:54.909178       1 schedule_one.go:745] "Plugin scored node for pod" pod="default/yolo-obb-2" plugin="NodeResourcesFit" node="gpuorin4-desktop" score=78
2026-07-01 16:35:39.974 I0701 07:29:54.909191       1 schedule_one.go:745] "Plugin scored node for pod" pod="default/yolo-obb-2" plugin="VolumeBinding" node="gpuorin4-desktop" score=0
2026-07-01 16:35:39.976 I0701 07:29:54.909204       1 schedule_one.go:745] "Plugin scored node for pod" pod="default/yolo-obb-2" plugin="NodeResourcesBalancedAllocation" node="gpuorin4-desktop" score=99
2026-07-01 16:35:39.979 I0701 07:29:54.909218       1 schedule_one.go:745] "Plugin scored node for pod" pod="default/yolo-obb-2" plugin="ImageLocality" node="gpuorin4-desktop" score=0
2026-07-01 16:35:39.981 I0701 07:29:54.909229       1 schedule_one.go:745] "Plugin scored node for pod" pod="default/yolo-obb-2" plugin="TaintToleration" node="gpu-orin2" score=300
2026-07-01 16:35:39.984 I0701 07:29:54.909240       1 schedule_one.go:745] "Plugin scored node for pod" pod="default/yolo-obb-2" plugin="NodeAffinity" node="gpu-orin2" score=0
2026-07-01 16:35:39.986 I0701 07:29:54.909255       1 schedule_one.go:745] "Plugin scored node for pod" pod="default/yolo-obb-2" plugin="NodeResourcesFit" node="gpu-orin2" score=78
2026-07-01 16:35:39.989 I0701 07:29:54.909268       1 schedule_one.go:745] "Plugin scored node for pod" pod="default/yolo-obb-2" plugin="VolumeBinding" node="gpu-orin2" score=0
2026-07-01 16:35:39.991 I0701 07:29:54.909281       1 schedule_one.go:745] "Plugin scored node for pod" pod="default/yolo-obb-2" plugin="NodeResourcesBalancedAllocation" node="gpu-orin2" score=99
2026-07-01 16:35:39.994 I0701 07:29:54.909296       1 schedule_one.go:745] "Plugin scored node for pod" pod="default/yolo-obb-2" plugin="ImageLocality" node="gpu-orin2" score=0
2026-07-01 16:35:39.996 I0701 07:29:54.909308       1 schedule_one.go:745] "Plugin scored node for pod" pod="default/yolo-obb-2" plugin="TaintToleration" node="gpuorin5-desktop" score=300
2026-07-01 16:35:39.999 I0701 07:29:54.909320       1 schedule_one.go:745] "Plugin scored node for pod" pod="default/yolo-obb-2" plugin="NodeAffinity" node="gpuorin5-desktop" score=0
2026-07-01 16:35:40.001 I0701 07:29:54.909331       1 schedule_one.go:745] "Plugin scored node for pod" pod="default/yolo-obb-2" plugin="NodeResourcesFit" node="gpuorin5-desktop" score=80
2026-07-01 16:35:40.004 I0701 07:29:54.909374       1 schedule_one.go:745] "Plugin scored node for pod" pod="default/yolo-obb-2" plugin="VolumeBinding" node="gpuorin5-desktop" score=0
2026-07-01 16:35:40.007 I0701 07:29:54.909395       1 schedule_one.go:745] "Plugin scored node for pod" pod="default/yolo-obb-2" plugin="NodeResourcesBalancedAllocation" node="gpuorin5-desktop" score=99
2026-07-01 16:35:40.009 I0701 07:29:54.909408       1 schedule_one.go:745] "Plugin scored node for pod" pod="default/yolo-obb-2" plugin="ImageLocality" node="gpuorin5-desktop" score=0
2026-07-01 16:35:40.012 I0701 07:29:54.909423       1 schedule_one.go:812] "Calculated node's final score for pod" pod="default/yolo-obb-2" node="gpu-orin3" score=477
2026-07-01 16:35:40.014 I0701 07:29:54.909436       1 schedule_one.go:812] "Calculated node's final score for pod" pod="default/yolo-obb-2" node="gpuorin4-desktop" score=477
2026-07-01 16:35:40.016 I0701 07:29:54.909450       1 schedule_one.go:812] "Calculated node's final score for pod" pod="default/yolo-obb-2" node="gpu-orin2" score=477
2026-07-01 16:35:40.019 I0701 07:29:54.909462       1 schedule_one.go:812] "Calculated node's final score for pod" pod="default/yolo-obb-2" node="gpuorin5-desktop" score=479
2026-07-01 16:35:40.022 I0701 07:29:58.584835       1 resource_allocation.go:76] "Listed internal info for allocatable resources, requested resources and score" pod="default/yolo-pos-2" node="gpu-orin2" resourceAllocationScorer="LeastAllocated" allocatableResource=[6000,7885127680] requestedResource=[1000,2097152000] resourceScore=78
2026-07-01 16:35:40.024 I0701 07:29:58.584855       1 resource_allocation.go:76] "Listed internal info for allocatable resources, requested resources and score" pod="default/yolo-pos-2" node="gpu-orin2" resourceAllocationScorer="NodeResourcesBalancedAllocation" allocatableResource=[6000,7885127680] requestedResource=[100,52428800] resourceScore=99
2026-07-01 16:35:40.027 I0701 07:29:58.584870       1 resource_allocation.go:76] "Listed internal info for allocatable resources, requested resources and score" pod="default/yolo-pos-2" node="gpu-orin3" resourceAllocationScorer="LeastAllocated" allocatableResource=[6000,7885152256] requestedResource=[1000,2097152000] resourceScore=78
2026-07-01 16:35:40.030 I0701 07:29:58.584870       1 resource_allocation.go:76] "Listed internal info for allocatable resources, requested resources and score" pod="default/yolo-pos-2" node="gpuorin4-desktop" resourceAllocationScorer="LeastAllocated" allocatableResource=[6000,7885250560] requestedResource=[1000,2097152000] resourceScore=78
2026-07-01 16:35:40.032 I0701 07:29:58.584894       1 resource_allocation.go:76] "Listed internal info for allocatable resources, requested resources and score" pod="default/yolo-pos-2" node="gpuorin4-desktop" resourceAllocationScorer="NodeResourcesBalancedAllocation" allocatableResource=[6000,7885250560] requestedResource=[100,52428800] resourceScore=99
2026-07-01 16:35:40.033 I0701 07:29:58.584898       1 resource_allocation.go:76] "Listed internal info for allocatable resources, requested resources and score" pod="default/yolo-pos-2" node="gpuorin5-desktop" resourceAllocationScorer="LeastAllocated" allocatableResource=[6000,7885127680] requestedResource=[1000,2097152000] resourceScore=78
2026-07-01 16:35:40.033 I0701 07:29:58.584878       1 resource_allocation.go:76] "Listed internal info for allocatable resources, requested resources and score" pod="default/yolo-pos-2" node="gpu-orin3" resourceAllocationScorer="NodeResourcesBalancedAllocation" allocatableResource=[6000,7885152256] requestedResource=[100,52428800] resourceScore=99
2026-07-01 16:35:40.034 I0701 07:29:58.584907       1 resource_allocation.go:76] "Listed internal info for allocatable resources, requested resources and score" pod="default/yolo-pos-2" node="gpuorin5-desktop" resourceAllocationScorer="NodeResourcesBalancedAllocation" allocatableResource=[6000,7885127680] requestedResource=[100,52428800] resourceScore=99
2026-07-01 16:35:40.036 I0701 07:29:58.584982       1 schedule_one.go:745] "Plugin scored node for pod" pod="default/yolo-pos-2" plugin="TaintToleration" node="gpu-orin2" score=300
2026-07-01 16:35:40.038 I0701 07:29:58.584995       1 schedule_one.go:745] "Plugin scored node for pod" pod="default/yolo-pos-2" plugin="NodeAffinity" node="gpu-orin2" score=0
2026-07-01 16:35:40.040 I0701 07:29:58.585001       1 schedule_one.go:745] "Plugin scored node for pod" pod="default/yolo-pos-2" plugin="NodeResourcesFit" node="gpu-orin2" score=78
2026-07-01 16:35:40.043 I0701 07:29:58.585006       1 schedule_one.go:745] "Plugin scored node for pod" pod="default/yolo-pos-2" plugin="VolumeBinding" node="gpu-orin2" score=0
2026-07-01 16:35:40.045 I0701 07:29:58.585010       1 schedule_one.go:745] "Plugin scored node for pod" pod="default/yolo-pos-2" plugin="NodeResourcesBalancedAllocation" node="gpu-orin2" score=99
2026-07-01 16:35:40.048 I0701 07:29:58.585015       1 schedule_one.go:745] "Plugin scored node for pod" pod="default/yolo-pos-2" plugin="ImageLocality" node="gpu-orin2" score=0
2026-07-01 16:35:40.050 I0701 07:29:58.585020       1 schedule_one.go:745] "Plugin scored node for pod" pod="default/yolo-pos-2" plugin="TaintToleration" node="gpuorin4-desktop" score=300
2026-07-01 16:35:40.053 I0701 07:29:58.585023       1 schedule_one.go:745] "Plugin scored node for pod" pod="default/yolo-pos-2" plugin="NodeAffinity" node="gpuorin4-desktop" score=0
2026-07-01 16:35:40.055 I0701 07:29:58.585027       1 schedule_one.go:745] "Plugin scored node for pod" pod="default/yolo-pos-2" plugin="NodeResourcesFit" node="gpuorin4-desktop" score=78
2026-07-01 16:35:40.058 I0701 07:29:58.585032       1 schedule_one.go:745] "Plugin scored node for pod" pod="default/yolo-pos-2" plugin="VolumeBinding" node="gpuorin4-desktop" score=0
2026-07-01 16:35:40.060 I0701 07:29:58.585035       1 schedule_one.go:745] "Plugin scored node for pod" pod="default/yolo-pos-2" plugin="NodeResourcesBalancedAllocation" node="gpuorin4-desktop" score=99
2026-07-01 16:35:40.063 I0701 07:29:58.585039       1 schedule_one.go:745] "Plugin scored node for pod" pod="default/yolo-pos-2" plugin="ImageLocality" node="gpuorin4-desktop" score=0
2026-07-01 16:35:40.065 I0701 07:29:58.585043       1 schedule_one.go:745] "Plugin scored node for pod" pod="default/yolo-pos-2" plugin="TaintToleration" node="gpu-orin3" score=300
2026-07-01 16:35:40.068 I0701 07:29:58.585048       1 schedule_one.go:745] "Plugin scored node for pod" pod="default/yolo-pos-2" plugin="NodeAffinity" node="gpu-orin3" score=0
2026-07-01 16:35:40.070 I0701 07:29:58.585051       1 schedule_one.go:745] "Plugin scored node for pod" pod="default/yolo-pos-2" plugin="NodeResourcesFit" node="gpu-orin3" score=78
2026-07-01 16:35:40.071 I0701 07:29:58.585055       1 schedule_one.go:745] "Plugin scored node for pod" pod="default/yolo-pos-2" plugin="VolumeBinding" node="gpu-orin3" score=0
2026-07-01 16:35:40.072 I0701 07:29:58.585059       1 schedule_one.go:745] "Plugin scored node for pod" pod="default/yolo-pos-2" plugin="NodeResourcesBalancedAllocation" node="gpu-orin3" score=99
2026-07-01 16:35:40.074 I0701 07:29:58.585062       1 schedule_one.go:745] "Plugin scored node for pod" pod="default/yolo-pos-2" plugin="ImageLocality" node="gpu-orin3" score=0
2026-07-01 16:35:40.074 I0701 07:29:58.585066       1 schedule_one.go:745] "Plugin scored node for pod" pod="default/yolo-pos-2" plugin="TaintToleration" node="gpuorin5-desktop" score=300
2026-07-01 16:35:40.075 I0701 07:29:58.585072       1 schedule_one.go:745] "Plugin scored node for pod" pod="default/yolo-pos-2" plugin="NodeAffinity" node="gpuorin5-desktop" score=0
2026-07-01 16:35:40.076 I0701 07:29:58.585076       1 schedule_one.go:745] "Plugin scored node for pod" pod="default/yolo-pos-2" plugin="NodeResourcesFit" node="gpuorin5-desktop" score=78
2026-07-01 16:35:40.077 I0701 07:29:58.585080       1 schedule_one.go:745] "Plugin scored node for pod" pod="default/yolo-pos-2" plugin="VolumeBinding" node="gpuorin5-desktop" score=0
2026-07-01 16:35:40.077 I0701 07:29:58.585084       1 schedule_one.go:745] "Plugin scored node for pod" pod="default/yolo-pos-2" plugin="NodeResourcesBalancedAllocation" node="gpuorin5-desktop" score=99
2026-07-01 16:35:40.078 I0701 07:29:58.585088       1 schedule_one.go:745] "Plugin scored node for pod" pod="default/yolo-pos-2" plugin="ImageLocality" node="gpuorin5-desktop" score=0
2026-07-01 16:35:40.079 I0701 07:29:58.585094       1 schedule_one.go:812] "Calculated node's final score for pod" pod="default/yolo-pos-2" node="gpu-orin2" score=477
2026-07-01 16:35:40.079 I0701 07:29:58.585101       1 schedule_one.go:812] "Calculated node's final score for pod" pod="default/yolo-pos-2" node="gpuorin4-desktop" score=477
2026-07-01 16:35:40.080 I0701 07:29:58.585105       1 schedule_one.go:812] "Calculated node's final score for pod" pod="default/yolo-pos-2" node="gpu-orin3" score=477
2026-07-01 16:35:40.081 I0701 07:29:58.585110       1 schedule_one.go:812] "Calculated node's final score for pod" pod="default/yolo-pos-2" node="gpuorin5-desktop" score=477
2026-07-01 16:35:40.081 I0701 07:32:36.752327       1 resource_allocation.go:76] "Listed internal info for allocatable resources, requested resources and score" pod="default/yolo-cls-1" node="gpu-orin2" resourceAllocationScorer="LeastAllocated" allocatableResource=[6000,7885127680] requestedResource=[700,1468006400] resourceScore=84
2026-07-01 16:35:40.082 I0701 07:32:36.752349       1 resource_allocation.go:76] "Listed internal info for allocatable resources, requested resources and score" pod="default/yolo-cls-1" node="gpu-orin2" resourceAllocationScorer="NodeResourcesBalancedAllocation" allocatableResource=[6000,7885127680] requestedResource=[100,52428800] resourceScore=99
2026-07-01 16:35:40.083 I0701 07:32:36.752348       1 resource_allocation.go:76] "Listed internal info for allocatable resources, requested resources and score" pod="default/yolo-cls-1" node="gpu-orin3" resourceAllocationScorer="LeastAllocated" allocatableResource=[6000,7885152256] requestedResource=[700,1468006400] resourceScore=84
2026-07-01 16:35:40.083 I0701 07:32:36.752354       1 resource_allocation.go:76] "Listed internal info for allocatable resources, requested resources and score" pod="default/yolo-cls-1" node="gpuorin5-desktop" resourceAllocationScorer="LeastAllocated" allocatableResource=[6000,7885127680] requestedResource=[700,1468006400] resourceScore=84
2026-07-01 16:35:40.084 I0701 07:32:36.752379       1 resource_allocation.go:76] "Listed internal info for allocatable resources, requested resources and score" pod="default/yolo-cls-1" node="gpu-orin3" resourceAllocationScorer="NodeResourcesBalancedAllocation" allocatableResource=[6000,7885152256] requestedResource=[100,52428800] resourceScore=99
2026-07-01 16:35:40.085 I0701 07:32:36.752397       1 resource_allocation.go:76] "Listed internal info for allocatable resources, requested resources and score" pod="default/yolo-cls-1" node="gpuorin4-desktop" resourceAllocationScorer="LeastAllocated" allocatableResource=[6000,7885250560] requestedResource=[1000,2097152000] resourceScore=78
2026-07-01 16:35:40.085 I0701 07:32:36.752442       1 resource_allocation.go:76] "Listed internal info for allocatable resources, requested resources and score" pod="default/yolo-cls-1" node="gpuorin4-desktop" resourceAllocationScorer="NodeResourcesBalancedAllocation" allocatableResource=[6000,7885250560] requestedResource=[100,52428800] resourceScore=99
2026-07-01 16:35:40.086 I0701 07:32:36.752497       1 resource_allocation.go:76] "Listed internal info for allocatable resources, requested resources and score" pod="default/yolo-cls-1" node="gpuorin5-desktop" resourceAllocationScorer="NodeResourcesBalancedAllocation" allocatableResource=[6000,7885127680] requestedResource=[100,52428800] resourceScore=99
2026-07-01 16:35:40.086 I0701 07:32:36.752612       1 schedule_one.go:745] "Plugin scored node for pod" pod="default/yolo-cls-1" plugin="TaintToleration" node="gpu-orin2" score=300
2026-07-01 16:35:40.087 I0701 07:32:36.752631       1 schedule_one.go:745] "Plugin scored node for pod" pod="default/yolo-cls-1" plugin="NodeAffinity" node="gpu-orin2" score=0
2026-07-01 16:35:40.088 I0701 07:32:36.752646       1 schedule_one.go:745] "Plugin scored node for pod" pod="default/yolo-cls-1" plugin="NodeResourcesFit" node="gpu-orin2" score=84
2026-07-01 16:35:40.088 I0701 07:32:36.752658       1 schedule_one.go:745] "Plugin scored node for pod" pod="default/yolo-cls-1" plugin="VolumeBinding" node="gpu-orin2" score=0
2026-07-01 16:35:40.089 I0701 07:32:36.752668       1 schedule_one.go:745] "Plugin scored node for pod" pod="default/yolo-cls-1" plugin="NodeResourcesBalancedAllocation" node="gpu-orin2" score=99
2026-07-01 16:35:40.090 I0701 07:32:36.752680       1 schedule_one.go:745] "Plugin scored node for pod" pod="default/yolo-cls-1" plugin="ImageLocality" node="gpu-orin2" score=0
2026-07-01 16:35:40.090 I0701 07:32:36.752697       1 schedule_one.go:745] "Plugin scored node for pod" pod="default/yolo-cls-1" plugin="TaintToleration" node="gpuorin5-desktop" score=300
2026-07-01 16:35:40.091 I0701 07:32:36.752710       1 schedule_one.go:745] "Plugin scored node for pod" pod="default/yolo-cls-1" plugin="NodeAffinity" node="gpuorin5-desktop" score=0
2026-07-01 16:35:40.092 I0701 07:32:36.752720       1 schedule_one.go:745] "Plugin scored node for pod" pod="default/yolo-cls-1" plugin="NodeResourcesFit" node="gpuorin5-desktop" score=84
2026-07-01 16:35:40.092 I0701 07:32:36.752729       1 schedule_one.go:745] "Plugin scored node for pod" pod="default/yolo-cls-1" plugin="VolumeBinding" node="gpuorin5-desktop" score=0
2026-07-01 16:35:40.093 I0701 07:32:36.752740       1 schedule_one.go:745] "Plugin scored node for pod" pod="default/yolo-cls-1" plugin="NodeResourcesBalancedAllocation" node="gpuorin5-desktop" score=99
2026-07-01 16:35:40.093 I0701 07:32:36.752748       1 schedule_one.go:745] "Plugin scored node for pod" pod="default/yolo-cls-1" plugin="ImageLocality" node="gpuorin5-desktop" score=0
2026-07-01 16:35:40.094 I0701 07:32:36.752756       1 schedule_one.go:745] "Plugin scored node for pod" pod="default/yolo-cls-1" plugin="TaintToleration" node="gpu-orin3" score=300
2026-07-01 16:35:40.095 I0701 07:32:36.752786       1 schedule_one.go:745] "Plugin scored node for pod" pod="default/yolo-cls-1" plugin="NodeAffinity" node="gpu-orin3" score=0
2026-07-01 16:35:40.095 I0701 07:32:36.752798       1 schedule_one.go:745] "Plugin scored node for pod" pod="default/yolo-cls-1" plugin="NodeResourcesFit" node="gpu-orin3" score=84
2026-07-01 16:35:40.096 I0701 07:32:36.752812       1 schedule_one.go:745] "Plugin scored node for pod" pod="default/yolo-cls-1" plugin="VolumeBinding" node="gpu-orin3" score=0
2026-07-01 16:35:40.096 I0701 07:32:36.752821       1 schedule_one.go:745] "Plugin scored node for pod" pod="default/yolo-cls-1" plugin="NodeResourcesBalancedAllocation" node="gpu-orin3" score=99
2026-07-01 16:35:40.097 I0701 07:32:36.752829       1 schedule_one.go:745] "Plugin scored node for pod" pod="default/yolo-cls-1" plugin="ImageLocality" node="gpu-orin3" score=0
2026-07-01 16:35:40.098 I0701 07:32:36.752837       1 schedule_one.go:745] "Plugin scored node for pod" pod="default/yolo-cls-1" plugin="TaintToleration" node="gpuorin4-desktop" score=300
2026-07-01 16:35:40.098 I0701 07:32:36.752848       1 schedule_one.go:745] "Plugin scored node for pod" pod="default/yolo-cls-1" plugin="NodeAffinity" node="gpuorin4-desktop" score=0
2026-07-01 16:35:40.099 I0701 07:32:36.752856       1 schedule_one.go:745] "Plugin scored node for pod" pod="default/yolo-cls-1" plugin="NodeResourcesFit" node="gpuorin4-desktop" score=78
2026-07-01 16:35:40.099 I0701 07:32:36.752864       1 schedule_one.go:745] "Plugin scored node for pod" pod="default/yolo-cls-1" plugin="VolumeBinding" node="gpuorin4-desktop" score=0
2026-07-01 16:35:40.100 I0701 07:32:36.752874       1 schedule_one.go:745] "Plugin scored node for pod" pod="default/yolo-cls-1" plugin="NodeResourcesBalancedAllocation" node="gpuorin4-desktop" score=99
2026-07-01 16:35:40.101 I0701 07:32:36.752882       1 schedule_one.go:745] "Plugin scored node for pod" pod="default/yolo-cls-1" plugin="ImageLocality" node="gpuorin4-desktop" score=0
2026-07-01 16:35:40.101 I0701 07:32:36.752893       1 schedule_one.go:812] "Calculated node's final score for pod" pod="default/yolo-cls-1" node="gpu-orin2" score=483
2026-07-01 16:35:40.102 I0701 07:32:36.752904       1 schedule_one.go:812] "Calculated node's final score for pod" pod="default/yolo-cls-1" node="gpuorin5-desktop" score=483
2026-07-01 16:35:40.102 I0701 07:32:36.752916       1 schedule_one.go:812] "Calculated node's final score for pod" pod="default/yolo-cls-1" node="gpu-orin3" score=483
2026-07-01 16:35:40.103 I0701 07:32:36.752925       1 schedule_one.go:812] "Calculated node's final score for pod" pod="default/yolo-cls-1" node="gpuorin4-desktop" score=477
2026-07-01 16:35:40.104 I0701 07:32:40.126351       1 resource_allocation.go:76] "Listed internal info for allocatable resources, requested resources and score" pod="default/yolo-det-1" node="gpu-orin3" resourceAllocationScorer="LeastAllocated" allocatableResource=[6000,7885152256] requestedResource=[700,1468006400] resourceScore=84
2026-07-01 16:35:40.104 I0701 07:32:40.126379       1 resource_allocation.go:76] "Listed internal info for allocatable resources, requested resources and score" pod="default/yolo-det-1" node="gpu-orin3" resourceAllocationScorer="NodeResourcesBalancedAllocation" allocatableResource=[6000,7885152256] requestedResource=[100,52428800] resourceScore=99
2026-07-01 16:35:40.105 I0701 07:32:40.126400       1 resource_allocation.go:76] "Listed internal info for allocatable resources, requested resources and score" pod="default/yolo-det-1" node="gpuorin4-desktop" resourceAllocationScorer="LeastAllocated" allocatableResource=[6000,7885250560] requestedResource=[1000,2097152000] resourceScore=78
2026-07-01 16:35:40.106 I0701 07:32:40.126416       1 resource_allocation.go:76] "Listed internal info for allocatable resources, requested resources and score" pod="default/yolo-det-1" node="gpuorin4-desktop" resourceAllocationScorer="NodeResourcesBalancedAllocation" allocatableResource=[6000,7885250560] requestedResource=[100,52428800] resourceScore=99
2026-07-01 16:35:40.106 I0701 07:32:40.126434       1 resource_allocation.go:76] "Listed internal info for allocatable resources, requested resources and score" pod="default/yolo-det-1" node="gpu-orin2" resourceAllocationScorer="LeastAllocated" allocatableResource=[6000,7885127680] requestedResource=[700,1468006400] resourceScore=84
2026-07-01 16:35:40.107 I0701 07:32:40.126449       1 resource_allocation.go:76] "Listed internal info for allocatable resources, requested resources and score" pod="default/yolo-det-1" node="gpu-orin2" resourceAllocationScorer="NodeResourcesBalancedAllocation" allocatableResource=[6000,7885127680] requestedResource=[100,52428800] resourceScore=99
2026-07-01 16:35:40.108 I0701 07:32:40.126468       1 resource_allocation.go:76] "Listed internal info for allocatable resources, requested resources and score" pod="default/yolo-det-1" node="gpuorin5-desktop" resourceAllocationScorer="LeastAllocated" allocatableResource=[6000,7885127680] requestedResource=[800,1677721600] resourceScore=82
2026-07-01 16:35:40.108 I0701 07:32:40.126484       1 resource_allocation.go:76] "Listed internal info for allocatable resources, requested resources and score" pod="default/yolo-det-1" node="gpuorin5-desktop" resourceAllocationScorer="NodeResourcesBalancedAllocation" allocatableResource=[6000,7885127680] requestedResource=[100,52428800] resourceScore=99
2026-07-01 16:35:40.109 I0701 07:32:40.126548       1 schedule_one.go:745] "Plugin scored node for pod" pod="default/yolo-det-1" plugin="TaintToleration" node="gpu-orin3" score=300
2026-07-01 16:35:40.110 I0701 07:32:40.126562       1 schedule_one.go:745] "Plugin scored node for pod" pod="default/yolo-det-1" plugin="NodeAffinity" node="gpu-orin3" score=0
2026-07-01 16:35:40.110 I0701 07:32:40.126571       1 schedule_one.go:745] "Plugin scored node for pod" pod="default/yolo-det-1" plugin="NodeResourcesFit" node="gpu-orin3" score=84
2026-07-01 16:35:40.111 I0701 07:32:40.126580       1 schedule_one.go:745] "Plugin scored node for pod" pod="default/yolo-det-1" plugin="VolumeBinding" node="gpu-orin3" score=0
2026-07-01 16:35:40.111 I0701 07:32:40.126589       1 schedule_one.go:745] "Plugin scored node for pod" pod="default/yolo-det-1" plugin="NodeResourcesBalancedAllocation" node="gpu-orin3" score=99
2026-07-01 16:35:40.112 I0701 07:32:40.126601       1 schedule_one.go:745] "Plugin scored node for pod" pod="default/yolo-det-1" plugin="ImageLocality" node="gpu-orin3" score=0
2026-07-01 16:35:40.113 I0701 07:32:40.126610       1 schedule_one.go:745] "Plugin scored node for pod" pod="default/yolo-det-1" plugin="TaintToleration" node="gpuorin4-desktop" score=300
2026-07-01 16:35:40.113 I0701 07:32:40.126619       1 schedule_one.go:745] "Plugin scored node for pod" pod="default/yolo-det-1" plugin="NodeAffinity" node="gpuorin4-desktop" score=0
2026-07-01 16:35:40.114 I0701 07:32:40.126626       1 schedule_one.go:745] "Plugin scored node for pod" pod="default/yolo-det-1" plugin="NodeResourcesFit" node="gpuorin4-desktop" score=78
2026-07-01 16:35:40.115 I0701 07:32:40.126635       1 schedule_one.go:745] "Plugin scored node for pod" pod="default/yolo-det-1" plugin="VolumeBinding" node="gpuorin4-desktop" score=0
2026-07-01 16:35:40.116 I0701 07:32:40.126644       1 schedule_one.go:745] "Plugin scored node for pod" pod="default/yolo-det-1" plugin="NodeResourcesBalancedAllocation" node="gpuorin4-desktop" score=99
2026-07-01 16:35:40.116 I0701 07:32:40.126652       1 schedule_one.go:745] "Plugin scored node for pod" pod="default/yolo-det-1" plugin="ImageLocality" node="gpuorin4-desktop" score=0
2026-07-01 16:35:40.117 I0701 07:32:40.126660       1 schedule_one.go:745] "Plugin scored node for pod" pod="default/yolo-det-1" plugin="TaintToleration" node="gpu-orin2" score=300
2026-07-01 16:35:40.118 I0701 07:32:40.126669       1 schedule_one.go:745] "Plugin scored node for pod" pod="default/yolo-det-1" plugin="NodeAffinity" node="gpu-orin2" score=0
2026-07-01 16:35:40.119 I0701 07:32:40.126677       1 schedule_one.go:745] "Plugin scored node for pod" pod="default/yolo-det-1" plugin="NodeResourcesFit" node="gpu-orin2" score=84
2026-07-01 16:35:40.121 I0701 07:32:40.126685       1 schedule_one.go:745] "Plugin scored node for pod" pod="default/yolo-det-1" plugin="VolumeBinding" node="gpu-orin2" score=0
2026-07-01 16:35:40.122 I0701 07:32:40.126695       1 schedule_one.go:745] "Plugin scored node for pod" pod="default/yolo-det-1" plugin="NodeResourcesBalancedAllocation" node="gpu-orin2" score=99
2026-07-01 16:35:40.123 I0701 07:32:40.126705       1 schedule_one.go:745] "Plugin scored node for pod" pod="default/yolo-det-1" plugin="ImageLocality" node="gpu-orin2" score=0
2026-07-01 16:35:40.123 I0701 07:32:40.126713       1 schedule_one.go:745] "Plugin scored node for pod" pod="default/yolo-det-1" plugin="TaintToleration" node="gpuorin5-desktop" score=300
2026-07-01 16:35:40.124 I0701 07:32:40.126722       1 schedule_one.go:745] "Plugin scored node for pod" pod="default/yolo-det-1" plugin="NodeAffinity" node="gpuorin5-desktop" score=0
2026-07-01 16:35:40.125 I0701 07:32:40.126730       1 schedule_one.go:745] "Plugin scored node for pod" pod="default/yolo-det-1" plugin="NodeResourcesFit" node="gpuorin5-desktop" score=82
2026-07-01 16:35:40.126 I0701 07:32:40.126739       1 schedule_one.go:745] "Plugin scored node for pod" pod="default/yolo-det-1" plugin="VolumeBinding" node="gpuorin5-desktop" score=0
2026-07-01 16:35:40.126 I0701 07:32:40.126746       1 schedule_one.go:745] "Plugin scored node for pod" pod="default/yolo-det-1" plugin="NodeResourcesBalancedAllocation" node="gpuorin5-desktop" score=99
2026-07-01 16:35:40.127 I0701 07:32:40.126755       1 schedule_one.go:745] "Plugin scored node for pod" pod="default/yolo-det-1" plugin="ImageLocality" node="gpuorin5-desktop" score=0
2026-07-01 16:35:40.128 I0701 07:32:40.127842       1 schedule_one.go:812] "Calculated node's final score for pod" pod="default/yolo-det-1" node="gpu-orin3" score=483
2026-07-01 16:35:40.128 I0701 07:32:40.127900       1 schedule_one.go:812] "Calculated node's final score for pod" pod="default/yolo-det-1" node="gpuorin4-desktop" score=477
2026-07-01 16:35:40.129 I0701 07:32:40.127916       1 schedule_one.go:812] "Calculated node's final score for pod" pod="default/yolo-det-1" node="gpu-orin2" score=483
2026-07-01 16:35:40.130 I0701 07:32:40.127931       1 schedule_one.go:812] "Calculated node's final score for pod" pod="default/yolo-det-1" node="gpuorin5-desktop" score=481
2026-07-01 16:35:40.130 I0701 07:32:44.067546       1 resource_allocation.go:76] "Listed internal info for allocatable resources, requested resources and score" pod="default/yolo-seg-1" node="gpu-orin2" resourceAllocationScorer="LeastAllocated" allocatableResource=[6000,7885127680] requestedResource=[800,1677721600] resourceScore=82
2026-07-01 16:35:40.131 I0701 07:32:44.067547       1 resource_allocation.go:76] "Listed internal info for allocatable resources, requested resources and score" pod="default/yolo-seg-1" node="gpuorin5-desktop" resourceAllocationScorer="LeastAllocated" allocatableResource=[6000,7885127680] requestedResource=[800,1677721600] resourceScore=82
2026-07-01 16:35:40.131 I0701 07:32:44.067547       1 resource_allocation.go:76] "Listed internal info for allocatable resources, requested resources and score" pod="default/yolo-seg-1" node="gpuorin4-desktop" resourceAllocationScorer="LeastAllocated" allocatableResource=[6000,7885250560] requestedResource=[1000,2097152000] resourceScore=78
2026-07-01 16:35:40.132 I0701 07:32:44.067552       1 resource_allocation.go:76] "Listed internal info for allocatable resources, requested resources and score" pod="default/yolo-seg-1" node="gpu-orin3" resourceAllocationScorer="LeastAllocated" allocatableResource=[6000,7885152256] requestedResource=[700,1468006400] resourceScore=84
2026-07-01 16:35:40.133 I0701 07:32:44.067555       1 resource_allocation.go:76] "Listed internal info for allocatable resources, requested resources and score" pod="default/yolo-seg-1" node="gpu-orin2" resourceAllocationScorer="NodeResourcesBalancedAllocation" allocatableResource=[6000,7885127680] requestedResource=[100,52428800] resourceScore=99
2026-07-01 16:35:40.133 I0701 07:32:44.067555       1 resource_allocation.go:76] "Listed internal info for allocatable resources, requested resources and score" pod="default/yolo-seg-1" node="gpuorin5-desktop" resourceAllocationScorer="NodeResourcesBalancedAllocation" allocatableResource=[6000,7885127680] requestedResource=[100,52428800] resourceScore=99
2026-07-01 16:35:40.134 I0701 07:32:44.067556       1 resource_allocation.go:76] "Listed internal info for allocatable resources, requested resources and score" pod="default/yolo-seg-1" node="gpuorin4-desktop" resourceAllocationScorer="NodeResourcesBalancedAllocation" allocatableResource=[6000,7885250560] requestedResource=[100,52428800] resourceScore=99
2026-07-01 16:35:40.135 I0701 07:32:44.067564       1 resource_allocation.go:76] "Listed internal info for allocatable resources, requested resources and score" pod="default/yolo-seg-1" node="gpu-orin3" resourceAllocationScorer="NodeResourcesBalancedAllocation" allocatableResource=[6000,7885152256] requestedResource=[100,52428800] resourceScore=99
2026-07-01 16:35:40.135 I0701 07:32:44.067610       1 schedule_one.go:745] "Plugin scored node for pod" pod="default/yolo-seg-1" plugin="TaintToleration" node="gpu-orin2" score=300
2026-07-01 16:35:40.136 I0701 07:32:44.067619       1 schedule_one.go:745] "Plugin scored node for pod" pod="default/yolo-seg-1" plugin="NodeAffinity" node="gpu-orin2" score=0
2026-07-01 16:35:40.136 I0701 07:32:44.067624       1 schedule_one.go:745] "Plugin scored node for pod" pod="default/yolo-seg-1" plugin="NodeResourcesFit" node="gpu-orin2" score=82
2026-07-01 16:35:40.137 I0701 07:32:44.067628       1 schedule_one.go:745] "Plugin scored node for pod" pod="default/yolo-seg-1" plugin="VolumeBinding" node="gpu-orin2" score=0
2026-07-01 16:35:40.138 I0701 07:32:44.067632       1 schedule_one.go:745] "Plugin scored node for pod" pod="default/yolo-seg-1" plugin="NodeResourcesBalancedAllocation" node="gpu-orin2" score=99
2026-07-01 16:35:40.138 I0701 07:32:44.067637       1 schedule_one.go:745] "Plugin scored node for pod" pod="default/yolo-seg-1" plugin="ImageLocality" node="gpu-orin2" score=0
2026-07-01 16:35:40.139 I0701 07:32:44.067640       1 schedule_one.go:745] "Plugin scored node for pod" pod="default/yolo-seg-1" plugin="TaintToleration" node="gpu-orin3" score=300
2026-07-01 16:35:40.139 I0701 07:32:44.067643       1 schedule_one.go:745] "Plugin scored node for pod" pod="default/yolo-seg-1" plugin="NodeAffinity" node="gpu-orin3" score=0
2026-07-01 16:35:40.140 I0701 07:32:44.067646       1 schedule_one.go:745] "Plugin scored node for pod" pod="default/yolo-seg-1" plugin="NodeResourcesFit" node="gpu-orin3" score=84
2026-07-01 16:35:40.141 I0701 07:32:44.067650       1 schedule_one.go:745] "Plugin scored node for pod" pod="default/yolo-seg-1" plugin="VolumeBinding" node="gpu-orin3" score=0
2026-07-01 16:35:40.141 I0701 07:32:44.067654       1 schedule_one.go:745] "Plugin scored node for pod" pod="default/yolo-seg-1" plugin="NodeResourcesBalancedAllocation" node="gpu-orin3" score=99
2026-07-01 16:35:40.142 I0701 07:32:44.067657       1 schedule_one.go:745] "Plugin scored node for pod" pod="default/yolo-seg-1" plugin="ImageLocality" node="gpu-orin3" score=0
2026-07-01 16:35:40.142 I0701 07:32:44.067661       1 schedule_one.go:745] "Plugin scored node for pod" pod="default/yolo-seg-1" plugin="TaintToleration" node="gpuorin5-desktop" score=300
2026-07-01 16:35:40.143 I0701 07:32:44.067664       1 schedule_one.go:745] "Plugin scored node for pod" pod="default/yolo-seg-1" plugin="NodeAffinity" node="gpuorin5-desktop" score=0
2026-07-01 16:35:40.144 I0701 07:32:44.067667       1 schedule_one.go:745] "Plugin scored node for pod" pod="default/yolo-seg-1" plugin="NodeResourcesFit" node="gpuorin5-desktop" score=82
2026-07-01 16:35:40.144 I0701 07:32:44.067670       1 schedule_one.go:745] "Plugin scored node for pod" pod="default/yolo-seg-1" plugin="VolumeBinding" node="gpuorin5-desktop" score=0
2026-07-01 16:35:40.145 I0701 07:32:44.067674       1 schedule_one.go:745] "Plugin scored node for pod" pod="default/yolo-seg-1" plugin="NodeResourcesBalancedAllocation" node="gpuorin5-desktop" score=99
2026-07-01 16:35:40.146 I0701 07:32:44.067677       1 schedule_one.go:745] "Plugin scored node for pod" pod="default/yolo-seg-1" plugin="ImageLocality" node="gpuorin5-desktop" score=0
2026-07-01 16:35:40.146 I0701 07:32:44.067680       1 schedule_one.go:745] "Plugin scored node for pod" pod="default/yolo-seg-1" plugin="TaintToleration" node="gpuorin4-desktop" score=300
2026-07-01 16:35:40.147 I0701 07:32:44.067685       1 schedule_one.go:745] "Plugin scored node for pod" pod="default/yolo-seg-1" plugin="NodeAffinity" node="gpuorin4-desktop" score=0
2026-07-01 16:35:40.148 I0701 07:32:44.067688       1 schedule_one.go:745] "Plugin scored node for pod" pod="default/yolo-seg-1" plugin="NodeResourcesFit" node="gpuorin4-desktop" score=78
2026-07-01 16:35:40.148 I0701 07:32:44.067693       1 schedule_one.go:745] "Plugin scored node for pod" pod="default/yolo-seg-1" plugin="VolumeBinding" node="gpuorin4-desktop" score=0
2026-07-01 16:35:40.149 I0701 07:32:44.067696       1 schedule_one.go:745] "Plugin scored node for pod" pod="default/yolo-seg-1" plugin="NodeResourcesBalancedAllocation" node="gpuorin4-desktop" score=99
2026-07-01 16:35:40.150 I0701 07:32:44.067699       1 schedule_one.go:745] "Plugin scored node for pod" pod="default/yolo-seg-1" plugin="ImageLocality" node="gpuorin4-desktop" score=0
2026-07-01 16:35:40.151 I0701 07:32:44.067703       1 schedule_one.go:812] "Calculated node's final score for pod" pod="default/yolo-seg-1" node="gpu-orin2" score=481
2026-07-01 16:35:40.152 I0701 07:32:44.067708       1 schedule_one.go:812] "Calculated node's final score for pod" pod="default/yolo-seg-1" node="gpu-orin3" score=483
2026-07-01 16:35:40.152 I0701 07:32:44.067712       1 schedule_one.go:812] "Calculated node's final score for pod" pod="default/yolo-seg-1" node="gpuorin5-desktop" score=481
2026-07-01 16:35:40.154 I0701 07:32:44.067716       1 schedule_one.go:812] "Calculated node's final score for pod" pod="default/yolo-seg-1" node="gpuorin4-desktop" score=477
2026-07-01 16:35:40.155 I0701 07:32:52.215461       1 resource_allocation.go:76] "Listed internal info for allocatable resources, requested resources and score" pod="default/yolo-obb-1" node="gpu-orin2" resourceAllocationScorer="LeastAllocated" allocatableResource=[6000,7885127680] requestedResource=[800,1677721600] resourceScore=82
2026-07-01 16:35:40.156 I0701 07:32:52.215489       1 resource_allocation.go:76] "Listed internal info for allocatable resources, requested resources and score" pod="default/yolo-obb-1" node="gpu-orin2" resourceAllocationScorer="NodeResourcesBalancedAllocation" allocatableResource=[6000,7885127680] requestedResource=[100,52428800] resourceScore=99
2026-07-01 16:35:40.158 I0701 07:32:52.215514       1 resource_allocation.go:76] "Listed internal info for allocatable resources, requested resources and score" pod="default/yolo-obb-1" node="gpuorin4-desktop" resourceAllocationScorer="LeastAllocated" allocatableResource=[6000,7885250560] requestedResource=[1000,2097152000] resourceScore=78
2026-07-01 16:35:40.159 I0701 07:32:52.215535       1 resource_allocation.go:76] "Listed internal info for allocatable resources, requested resources and score" pod="default/yolo-obb-1" node="gpuorin4-desktop" resourceAllocationScorer="NodeResourcesBalancedAllocation" allocatableResource=[6000,7885250560] requestedResource=[100,52428800] resourceScore=99
2026-07-01 16:35:40.162 I0701 07:32:52.215556       1 resource_allocation.go:76] "Listed internal info for allocatable resources, requested resources and score" pod="default/yolo-obb-1" node="gpu-orin3" resourceAllocationScorer="LeastAllocated" allocatableResource=[6000,7885152256] requestedResource=[800,1677721600] resourceScore=82
2026-07-01 16:35:40.164 I0701 07:32:52.215553       1 resource_allocation.go:76] "Listed internal info for allocatable resources, requested resources and score" pod="default/yolo-obb-1" node="gpuorin5-desktop" resourceAllocationScorer="LeastAllocated" allocatableResource=[6000,7885127680] requestedResource=[800,1677721600] resourceScore=82
2026-07-01 16:35:40.167 I0701 07:32:52.215573       1 resource_allocation.go:76] "Listed internal info for allocatable resources, requested resources and score" pod="default/yolo-obb-1" node="gpu-orin3" resourceAllocationScorer="NodeResourcesBalancedAllocation" allocatableResource=[6000,7885152256] requestedResource=[100,52428800] resourceScore=99
2026-07-01 16:35:40.169 I0701 07:32:52.215593       1 resource_allocation.go:76] "Listed internal info for allocatable resources, requested resources and score" pod="default/yolo-obb-1" node="gpuorin5-desktop" resourceAllocationScorer="NodeResourcesBalancedAllocation" allocatableResource=[6000,7885127680] requestedResource=[100,52428800] resourceScore=99
2026-07-01 16:35:40.172 I0701 07:32:52.215676       1 schedule_one.go:745] "Plugin scored node for pod" pod="default/yolo-obb-1" plugin="TaintToleration" node="gpu-orin2" score=300
2026-07-01 16:35:40.174 I0701 07:32:52.215697       1 schedule_one.go:745] "Plugin scored node for pod" pod="default/yolo-obb-1" plugin="NodeAffinity" node="gpu-orin2" score=0
2026-07-01 16:35:40.176 I0701 07:32:52.215709       1 schedule_one.go:745] "Plugin scored node for pod" pod="default/yolo-obb-1" plugin="NodeResourcesFit" node="gpu-orin2" score=82
2026-07-01 16:35:40.179 I0701 07:32:52.215717       1 schedule_one.go:745] "Plugin scored node for pod" pod="default/yolo-obb-1" plugin="VolumeBinding" node="gpu-orin2" score=0
2026-07-01 16:35:40.181 I0701 07:32:52.215726       1 schedule_one.go:745] "Plugin scored node for pod" pod="default/yolo-obb-1" plugin="NodeResourcesBalancedAllocation" node="gpu-orin2" score=99
2026-07-01 16:35:40.184 I0701 07:32:52.215734       1 schedule_one.go:745] "Plugin scored node for pod" pod="default/yolo-obb-1" plugin="ImageLocality" node="gpu-orin2" score=0
2026-07-01 16:35:40.186 I0701 07:32:52.215742       1 schedule_one.go:745] "Plugin scored node for pod" pod="default/yolo-obb-1" plugin="TaintToleration" node="gpuorin5-desktop" score=300
2026-07-01 16:35:40.188 I0701 07:32:52.215750       1 schedule_one.go:745] "Plugin scored node for pod" pod="default/yolo-obb-1" plugin="NodeAffinity" node="gpuorin5-desktop" score=0
2026-07-01 16:35:40.191 I0701 07:32:52.215759       1 schedule_one.go:745] "Plugin scored node for pod" pod="default/yolo-obb-1" plugin="NodeResourcesFit" node="gpuorin5-desktop" score=82
2026-07-01 16:35:40.193 I0701 07:32:52.215788       1 schedule_one.go:745] "Plugin scored node for pod" pod="default/yolo-obb-1" plugin="VolumeBinding" node="gpuorin5-desktop" score=0
2026-07-01 16:35:40.196 I0701 07:32:52.215797       1 schedule_one.go:745] "Plugin scored node for pod" pod="default/yolo-obb-1" plugin="NodeResourcesBalancedAllocation" node="gpuorin5-desktop" score=99
2026-07-01 16:35:40.198 I0701 07:32:52.215805       1 schedule_one.go:745] "Plugin scored node for pod" pod="default/yolo-obb-1" plugin="ImageLocality" node="gpuorin5-desktop" score=0
2026-07-01 16:35:40.201 I0701 07:32:52.215842       1 schedule_one.go:745] "Plugin scored node for pod" pod="default/yolo-obb-1" plugin="TaintToleration" node="gpuorin4-desktop" score=300
2026-07-01 16:35:40.203 I0701 07:32:52.215854       1 schedule_one.go:745] "Plugin scored node for pod" pod="default/yolo-obb-1" plugin="NodeAffinity" node="gpuorin4-desktop" score=0
2026-07-01 16:35:40.206 I0701 07:32:52.215863       1 schedule_one.go:745] "Plugin scored node for pod" pod="default/yolo-obb-1" plugin="NodeResourcesFit" node="gpuorin4-desktop" score=78
2026-07-01 16:35:40.208 I0701 07:32:52.215871       1 schedule_one.go:745] "Plugin scored node for pod" pod="default/yolo-obb-1" plugin="VolumeBinding" node="gpuorin4-desktop" score=0
2026-07-01 16:35:40.211 I0701 07:32:52.215879       1 schedule_one.go:745] "Plugin scored node for pod" pod="default/yolo-obb-1" plugin="NodeResourcesBalancedAllocation" node="gpuorin4-desktop" score=99
2026-07-01 16:35:40.213 I0701 07:32:52.215886       1 schedule_one.go:745] "Plugin scored node for pod" pod="default/yolo-obb-1" plugin="ImageLocality" node="gpuorin4-desktop" score=0
2026-07-01 16:35:40.216 I0701 07:32:52.215894       1 schedule_one.go:745] "Plugin scored node for pod" pod="default/yolo-obb-1" plugin="TaintToleration" node="gpu-orin3" score=300
2026-07-01 16:35:40.218 I0701 07:32:52.215902       1 schedule_one.go:745] "Plugin scored node for pod" pod="default/yolo-obb-1" plugin="NodeAffinity" node="gpu-orin3" score=0
2026-07-01 16:35:40.220 I0701 07:32:52.215911       1 schedule_one.go:745] "Plugin scored node for pod" pod="default/yolo-obb-1" plugin="NodeResourcesFit" node="gpu-orin3" score=82
2026-07-01 16:35:40.223 I0701 07:32:52.215919       1 schedule_one.go:745] "Plugin scored node for pod" pod="default/yolo-obb-1" plugin="VolumeBinding" node="gpu-orin3" score=0
2026-07-01 16:35:40.225 I0701 07:32:52.215928       1 schedule_one.go:745] "Plugin scored node for pod" pod="default/yolo-obb-1" plugin="NodeResourcesBalancedAllocation" node="gpu-orin3" score=99
2026-07-01 16:35:40.228 I0701 07:32:52.215936       1 schedule_one.go:745] "Plugin scored node for pod" pod="default/yolo-obb-1" plugin="ImageLocality" node="gpu-orin3" score=0
2026-07-01 16:35:40.230 I0701 07:32:52.215946       1 schedule_one.go:812] "Calculated node's final score for pod" pod="default/yolo-obb-1" node="gpu-orin2" score=481
2026-07-01 16:35:40.233 I0701 07:32:52.215957       1 schedule_one.go:812] "Calculated node's final score for pod" pod="default/yolo-obb-1" node="gpuorin5-desktop" score=481
2026-07-01 16:35:40.235 I0701 07:32:52.215967       1 schedule_one.go:812] "Calculated node's final score for pod" pod="default/yolo-obb-1" node="gpuorin4-desktop" score=477
2026-07-01 16:35:40.238 I0701 07:32:52.215976       1 schedule_one.go:812] "Calculated node's final score for pod" pod="default/yolo-obb-1" node="gpu-orin3" score=481
2026-07-01 16:35:40.240 I0701 07:32:57.192633       1 resource_allocation.go:76] "Listed internal info for allocatable resources, requested resources and score" pod="default/yolo-pos-1" node="gpu-orin2" resourceAllocationScorer="LeastAllocated" allocatableResource=[6000,7885127680] requestedResource=[800,1677721600] resourceScore=82
2026-07-01 16:35:40.243 I0701 07:32:57.192633       1 resource_allocation.go:76] "Listed internal info for allocatable resources, requested resources and score" pod="default/yolo-pos-1" node="gpuorin5-desktop" resourceAllocationScorer="LeastAllocated" allocatableResource=[6000,7885127680] requestedResource=[800,1677721600] resourceScore=82
2026-07-01 16:35:40.245 I0701 07:32:57.192667       1 resource_allocation.go:76] "Listed internal info for allocatable resources, requested resources and score" pod="default/yolo-pos-1" node="gpu-orin2" resourceAllocationScorer="NodeResourcesBalancedAllocation" allocatableResource=[6000,7885127680] requestedResource=[100,52428800] resourceScore=99
2026-07-01 16:35:40.248 I0701 07:32:57.192669       1 resource_allocation.go:76] "Listed internal info for allocatable resources, requested resources and score" pod="default/yolo-pos-1" node="gpuorin5-desktop" resourceAllocationScorer="NodeResourcesBalancedAllocation" allocatableResource=[6000,7885127680] requestedResource=[100,52428800] resourceScore=99
2026-07-01 16:35:40.250 I0701 07:32:57.192686       1 resource_allocation.go:76] "Listed internal info for allocatable resources, requested resources and score" pod="default/yolo-pos-1" node="gpuorin4-desktop" resourceAllocationScorer="LeastAllocated" allocatableResource=[6000,7885250560] requestedResource=[1000,2097152000] resourceScore=78
2026-07-01 16:35:40.253 I0701 07:32:57.192700       1 resource_allocation.go:76] "Listed internal info for allocatable resources, requested resources and score" pod="default/yolo-pos-1" node="gpu-orin3" resourceAllocationScorer="LeastAllocated" allocatableResource=[6000,7885152256] requestedResource=[900,1887436800] resourceScore=80
2026-07-01 16:35:40.255 I0701 07:32:57.192729       1 resource_allocation.go:76] "Listed internal info for allocatable resources, requested resources and score" pod="default/yolo-pos-1" node="gpuorin4-desktop" resourceAllocationScorer="NodeResourcesBalancedAllocation" allocatableResource=[6000,7885250560] requestedResource=[100,52428800] resourceScore=99
2026-07-01 16:35:40.258 I0701 07:32:57.192740       1 resource_allocation.go:76] "Listed internal info for allocatable resources, requested resources and score" pod="default/yolo-pos-1" node="gpu-orin3" resourceAllocationScorer="NodeResourcesBalancedAllocation" allocatableResource=[6000,7885152256] requestedResource=[100,52428800] resourceScore=99
2026-07-01 16:35:40.260 I0701 07:32:57.192890       1 schedule_one.go:745] "Plugin scored node for pod" pod="default/yolo-pos-1" plugin="TaintToleration" node="gpu-orin2" score=300
2026-07-01 16:35:40.263 I0701 07:32:57.192910       1 schedule_one.go:745] "Plugin scored node for pod" pod="default/yolo-pos-1" plugin="NodeAffinity" node="gpu-orin2" score=0
2026-07-01 16:35:40.265 I0701 07:32:57.192925       1 schedule_one.go:745] "Plugin scored node for pod" pod="default/yolo-pos-1" plugin="NodeResourcesFit" node="gpu-orin2" score=82
2026-07-01 16:35:40.268 I0701 07:32:57.192936       1 schedule_one.go:745] "Plugin scored node for pod" pod="default/yolo-pos-1" plugin="VolumeBinding" node="gpu-orin2" score=0
2026-07-01 16:35:40.271 I0701 07:32:57.192944       1 schedule_one.go:745] "Plugin scored node for pod" pod="default/yolo-pos-1" plugin="NodeResourcesBalancedAllocation" node="gpu-orin2" score=99
2026-07-01 16:35:40.273 I0701 07:32:57.192953       1 schedule_one.go:745] "Plugin scored node for pod" pod="default/yolo-pos-1" plugin="ImageLocality" node="gpu-orin2" score=0
2026-07-01 16:35:40.276 I0701 07:32:57.192962       1 schedule_one.go:745] "Plugin scored node for pod" pod="default/yolo-pos-1" plugin="TaintToleration" node="gpuorin5-desktop" score=300
2026-07-01 16:35:40.278 I0701 07:32:57.192972       1 schedule_one.go:745] "Plugin scored node for pod" pod="default/yolo-pos-1" plugin="NodeAffinity" node="gpuorin5-desktop" score=0
2026-07-01 16:35:40.281 I0701 07:32:57.192980       1 schedule_one.go:745] "Plugin scored node for pod" pod="default/yolo-pos-1" plugin="NodeResourcesFit" node="gpuorin5-desktop" score=82
2026-07-01 16:35:40.283 I0701 07:32:57.192989       1 schedule_one.go:745] "Plugin scored node for pod" pod="default/yolo-pos-1" plugin="VolumeBinding" node="gpuorin5-desktop" score=0
2026-07-01 16:35:40.286 I0701 07:32:57.192999       1 schedule_one.go:745] "Plugin scored node for pod" pod="default/yolo-pos-1" plugin="NodeResourcesBalancedAllocation" node="gpuorin5-desktop" score=99
2026-07-01 16:35:40.288 I0701 07:32:57.193009       1 schedule_one.go:745] "Plugin scored node for pod" pod="default/yolo-pos-1" plugin="ImageLocality" node="gpuorin5-desktop" score=0
2026-07-01 16:35:40.291 I0701 07:32:57.193023       1 schedule_one.go:745] "Plugin scored node for pod" pod="default/yolo-pos-1" plugin="TaintToleration" node="gpuorin4-desktop" score=300
2026-07-01 16:35:40.293 I0701 07:32:57.193036       1 schedule_one.go:745] "Plugin scored node for pod" pod="default/yolo-pos-1" plugin="NodeAffinity" node="gpuorin4-desktop" score=0
2026-07-01 16:35:40.296 I0701 07:32:57.193049       1 schedule_one.go:745] "Plugin scored node for pod" pod="default/yolo-pos-1" plugin="NodeResourcesFit" node="gpuorin4-desktop" score=78
2026-07-01 16:35:40.299 I0701 07:32:57.193063       1 schedule_one.go:745] "Plugin scored node for pod" pod="default/yolo-pos-1" plugin="VolumeBinding" node="gpuorin4-desktop" score=0
2026-07-01 16:35:40.301 I0701 07:32:57.193076       1 schedule_one.go:745] "Plugin scored node for pod" pod="default/yolo-pos-1" plugin="NodeResourcesBalancedAllocation" node="gpuorin4-desktop" score=99
2026-07-01 16:35:40.304 I0701 07:32:57.193091       1 schedule_one.go:745] "Plugin scored node for pod" pod="default/yolo-pos-1" plugin="ImageLocality" node="gpuorin4-desktop" score=0
2026-07-01 16:35:40.307 I0701 07:32:57.193104       1 schedule_one.go:745] "Plugin scored node for pod" pod="default/yolo-pos-1" plugin="TaintToleration" node="gpu-orin3" score=300
2026-07-01 16:35:40.309 I0701 07:32:57.193116       1 schedule_one.go:745] "Plugin scored node for pod" pod="default/yolo-pos-1" plugin="NodeAffinity" node="gpu-orin3" score=0
2026-07-01 16:35:40.312 I0701 07:32:57.193128       1 schedule_one.go:745] "Plugin scored node for pod" pod="default/yolo-pos-1" plugin="NodeResourcesFit" node="gpu-orin3" score=80
2026-07-01 16:35:40.314 I0701 07:32:57.193141       1 schedule_one.go:745] "Plugin scored node for pod" pod="default/yolo-pos-1" plugin="VolumeBinding" node="gpu-orin3" score=0
2026-07-01 16:35:40.316 I0701 07:32:57.193154       1 schedule_one.go:745] "Plugin scored node for pod" pod="default/yolo-pos-1" plugin="NodeResourcesBalancedAllocation" node="gpu-orin3" score=99
2026-07-01 16:35:40.319 I0701 07:32:57.193167       1 schedule_one.go:745] "Plugin scored node for pod" pod="default/yolo-pos-1" plugin="ImageLocality" node="gpu-orin3" score=0
2026-07-01 16:35:40.321 I0701 07:32:57.193186       1 schedule_one.go:812] "Calculated node's final score for pod" pod="default/yolo-pos-1" node="gpu-orin2" score=481
2026-07-01 16:35:40.324 I0701 07:32:57.193202       1 schedule_one.go:812] "Calculated node's final score for pod" pod="default/yolo-pos-1" node="gpuorin5-desktop" score=481
2026-07-01 16:35:40.326 I0701 07:32:57.193222       1 schedule_one.go:812] "Calculated node's final score for pod" pod="default/yolo-pos-1" node="gpuorin4-desktop" score=477
2026-07-01 16:35:40.328 I0701 07:32:57.193233       1 schedule_one.go:812] "Calculated node's final score for pod" pod="default/yolo-pos-1" node="gpu-orin3" score=479
2026-07-01 16:35:40.331 I0701 07:33:01.330846       1 resource_allocation.go:76] "Listed internal info for allocatable resources, requested resources and score" pod="default/yolo-cls-2" node="gpu-orin2" resourceAllocationScorer="LeastAllocated" allocatableResource=[6000,7885127680] requestedResource=[900,1887436800] resourceScore=80
2026-07-01 16:35:40.333 I0701 07:33:01.330876       1 resource_allocation.go:76] "Listed internal info for allocatable resources, requested resources and score" pod="default/yolo-cls-2" node="gpu-orin2" resourceAllocationScorer="NodeResourcesBalancedAllocation" allocatableResource=[6000,7885127680] requestedResource=[100,52428800] resourceScore=99
2026-07-01 16:35:40.335 I0701 07:33:01.330897       1 resource_allocation.go:76] "Listed internal info for allocatable resources, requested resources and score" pod="default/yolo-cls-2" node="gpuorin4-desktop" resourceAllocationScorer="LeastAllocated" allocatableResource=[6000,7885250560] requestedResource=[1000,2097152000] resourceScore=78
2026-07-01 16:35:40.338 I0701 07:33:01.330909       1 resource_allocation.go:76] "Listed internal info for allocatable resources, requested resources and score" pod="default/yolo-cls-2" node="gpu-orin3" resourceAllocationScorer="LeastAllocated" allocatableResource=[6000,7885152256] requestedResource=[900,1887436800] resourceScore=80
2026-07-01 16:35:40.341 I0701 07:33:01.330916       1 resource_allocation.go:76] "Listed internal info for allocatable resources, requested resources and score" pod="default/yolo-cls-2" node="gpuorin4-desktop" resourceAllocationScorer="NodeResourcesBalancedAllocation" allocatableResource=[6000,7885250560] requestedResource=[100,52428800] resourceScore=99
2026-07-01 16:35:40.343 I0701 07:33:01.330932       1 resource_allocation.go:76] "Listed internal info for allocatable resources, requested resources and score" pod="default/yolo-cls-2" node="gpuorin5-desktop" resourceAllocationScorer="LeastAllocated" allocatableResource=[6000,7885127680] requestedResource=[800,1677721600] resourceScore=82
2026-07-01 16:35:40.346 I0701 07:33:01.330952       1 resource_allocation.go:76] "Listed internal info for allocatable resources, requested resources and score" pod="default/yolo-cls-2" node="gpu-orin3" resourceAllocationScorer="NodeResourcesBalancedAllocation" allocatableResource=[6000,7885152256] requestedResource=[100,52428800] resourceScore=99
2026-07-01 16:35:40.348 I0701 07:33:01.330970       1 resource_allocation.go:76] "Listed internal info for allocatable resources, requested resources and score" pod="default/yolo-cls-2" node="gpuorin5-desktop" resourceAllocationScorer="NodeResourcesBalancedAllocation" allocatableResource=[6000,7885127680] requestedResource=[100,52428800] resourceScore=99
2026-07-01 16:35:40.351 I0701 07:33:01.331069       1 schedule_one.go:745] "Plugin scored node for pod" pod="default/yolo-cls-2" plugin="TaintToleration" node="gpu-orin2" score=300
2026-07-01 16:35:40.354 I0701 07:33:01.331086       1 schedule_one.go:745] "Plugin scored node for pod" pod="default/yolo-cls-2" plugin="NodeAffinity" node="gpu-orin2" score=0
2026-07-01 16:35:40.356 I0701 07:33:01.331098       1 schedule_one.go:745] "Plugin scored node for pod" pod="default/yolo-cls-2" plugin="NodeResourcesFit" node="gpu-orin2" score=80
2026-07-01 16:35:40.358 I0701 07:33:01.331107       1 schedule_one.go:745] "Plugin scored node for pod" pod="default/yolo-cls-2" plugin="VolumeBinding" node="gpu-orin2" score=0
2026-07-01 16:35:40.361 I0701 07:33:01.331116       1 schedule_one.go:745] "Plugin scored node for pod" pod="default/yolo-cls-2" plugin="NodeResourcesBalancedAllocation" node="gpu-orin2" score=99
2026-07-01 16:35:40.363 I0701 07:33:01.331124       1 schedule_one.go:745] "Plugin scored node for pod" pod="default/yolo-cls-2" plugin="ImageLocality" node="gpu-orin2" score=0
2026-07-01 16:35:40.366 I0701 07:33:01.331133       1 schedule_one.go:745] "Plugin scored node for pod" pod="default/yolo-cls-2" plugin="TaintToleration" node="gpu-orin3" score=300
2026-07-01 16:35:40.368 I0701 07:33:01.331140       1 schedule_one.go:745] "Plugin scored node for pod" pod="default/yolo-cls-2" plugin="NodeAffinity" node="gpu-orin3" score=0
2026-07-01 16:35:40.371 I0701 07:33:01.331148       1 schedule_one.go:745] "Plugin scored node for pod" pod="default/yolo-cls-2" plugin="NodeResourcesFit" node="gpu-orin3" score=80
2026-07-01 16:35:40.373 I0701 07:33:01.331156       1 schedule_one.go:745] "Plugin scored node for pod" pod="default/yolo-cls-2" plugin="VolumeBinding" node="gpu-orin3" score=0
2026-07-01 16:35:40.376 I0701 07:33:01.331165       1 schedule_one.go:745] "Plugin scored node for pod" pod="default/yolo-cls-2" plugin="NodeResourcesBalancedAllocation" node="gpu-orin3" score=99
2026-07-01 16:35:40.378 I0701 07:33:01.331173       1 schedule_one.go:745] "Plugin scored node for pod" pod="default/yolo-cls-2" plugin="ImageLocality" node="gpu-orin3" score=0
2026-07-01 16:35:40.381 I0701 07:33:01.331182       1 schedule_one.go:745] "Plugin scored node for pod" pod="default/yolo-cls-2" plugin="TaintToleration" node="gpuorin5-desktop" score=300
2026-07-01 16:35:40.383 I0701 07:33:01.331190       1 schedule_one.go:745] "Plugin scored node for pod" pod="default/yolo-cls-2" plugin="NodeAffinity" node="gpuorin5-desktop" score=0
2026-07-01 16:35:40.386 I0701 07:33:01.331198       1 schedule_one.go:745] "Plugin scored node for pod" pod="default/yolo-cls-2" plugin="NodeResourcesFit" node="gpuorin5-desktop" score=82
2026-07-01 16:35:40.389 I0701 07:33:01.331210       1 schedule_one.go:745] "Plugin scored node for pod" pod="default/yolo-cls-2" plugin="VolumeBinding" node="gpuorin5-desktop" score=0
2026-07-01 16:35:40.391 I0701 07:33:01.331218       1 schedule_one.go:745] "Plugin scored node for pod" pod="default/yolo-cls-2" plugin="NodeResourcesBalancedAllocation" node="gpuorin5-desktop" score=99
2026-07-01 16:35:40.394 I0701 07:33:01.331226       1 schedule_one.go:745] "Plugin scored node for pod" pod="default/yolo-cls-2" plugin="ImageLocality" node="gpuorin5-desktop" score=0
2026-07-01 16:35:40.397 I0701 07:33:01.331236       1 schedule_one.go:745] "Plugin scored node for pod" pod="default/yolo-cls-2" plugin="TaintToleration" node="gpuorin4-desktop" score=300
2026-07-01 16:35:40.399 I0701 07:33:01.331243       1 schedule_one.go:745] "Plugin scored node for pod" pod="default/yolo-cls-2" plugin="NodeAffinity" node="gpuorin4-desktop" score=0
2026-07-01 16:35:40.402 I0701 07:33:01.331251       1 schedule_one.go:745] "Plugin scored node for pod" pod="default/yolo-cls-2" plugin="NodeResourcesFit" node="gpuorin4-desktop" score=78
2026-07-01 16:35:40.404 I0701 07:33:01.331258       1 schedule_one.go:745] "Plugin scored node for pod" pod="default/yolo-cls-2" plugin="VolumeBinding" node="gpuorin4-desktop" score=0
2026-07-01 16:35:40.407 I0701 07:33:01.331265       1 schedule_one.go:745] "Plugin scored node for pod" pod="default/yolo-cls-2" plugin="NodeResourcesBalancedAllocation" node="gpuorin4-desktop" score=99
2026-07-01 16:35:40.409 I0701 07:33:01.331273       1 schedule_one.go:745] "Plugin scored node for pod" pod="default/yolo-cls-2" plugin="ImageLocality" node="gpuorin4-desktop" score=0
2026-07-01 16:35:40.412 I0701 07:33:01.331287       1 schedule_one.go:812] "Calculated node's final score for pod" pod="default/yolo-cls-2" node="gpu-orin2" score=479
2026-07-01 16:35:40.415 I0701 07:33:01.331298       1 schedule_one.go:812] "Calculated node's final score for pod" pod="default/yolo-cls-2" node="gpu-orin3" score=479
2026-07-01 16:35:40.417 I0701 07:33:01.331308       1 schedule_one.go:812] "Calculated node's final score for pod" pod="default/yolo-cls-2" node="gpuorin5-desktop" score=481
2026-07-01 16:35:40.420 I0701 07:33:01.331319       1 schedule_one.go:812] "Calculated node's final score for pod" pod="default/yolo-cls-2" node="gpuorin4-desktop" score=477
2026-07-01 16:35:40.422 I0701 07:33:05.287327       1 resource_allocation.go:76] "Listed internal info for allocatable resources, requested resources and score" pod="default/yolo-det-2" node="gpu-orin3" resourceAllocationScorer="LeastAllocated" allocatableResource=[6000,7885152256] requestedResource=[900,1887436800] resourceScore=80
2026-07-01 16:35:40.425 I0701 07:33:05.287327       1 resource_allocation.go:76] "Listed internal info for allocatable resources, requested resources and score" pod="default/yolo-det-2" node="gpu-orin2" resourceAllocationScorer="LeastAllocated" allocatableResource=[6000,7885127680] requestedResource=[900,1887436800] resourceScore=80
2026-07-01 16:35:40.428 I0701 07:33:05.287332       1 resource_allocation.go:76] "Listed internal info for allocatable resources, requested resources and score" pod="default/yolo-det-2" node="gpuorin4-desktop" resourceAllocationScorer="LeastAllocated" allocatableResource=[6000,7885250560] requestedResource=[1000,2097152000] resourceScore=78
2026-07-01 16:35:40.431 I0701 07:33:05.287340       1 resource_allocation.go:76] "Listed internal info for allocatable resources, requested resources and score" pod="default/yolo-det-2" node="gpu-orin3" resourceAllocationScorer="NodeResourcesBalancedAllocation" allocatableResource=[6000,7885152256] requestedResource=[100,52428800] resourceScore=99
2026-07-01 16:35:40.433 I0701 07:33:05.287341       1 resource_allocation.go:76] "Listed internal info for allocatable resources, requested resources and score" pod="default/yolo-det-2" node="gpuorin5-desktop" resourceAllocationScorer="LeastAllocated" allocatableResource=[6000,7885127680] requestedResource=[900,1887436800] resourceScore=80
2026-07-01 16:35:40.436 I0701 07:33:05.287347       1 resource_allocation.go:76] "Listed internal info for allocatable resources, requested resources and score" pod="default/yolo-det-2" node="gpuorin4-desktop" resourceAllocationScorer="NodeResourcesBalancedAllocation" allocatableResource=[6000,7885250560] requestedResource=[100,52428800] resourceScore=99
2026-07-01 16:35:40.439 I0701 07:33:05.287355       1 resource_allocation.go:76] "Listed internal info for allocatable resources, requested resources and score" pod="default/yolo-det-2" node="gpuorin5-desktop" resourceAllocationScorer="NodeResourcesBalancedAllocation" allocatableResource=[6000,7885127680] requestedResource=[100,52428800] resourceScore=99
2026-07-01 16:35:40.441 I0701 07:33:05.287342       1 resource_allocation.go:76] "Listed internal info for allocatable resources, requested resources and score" pod="default/yolo-det-2" node="gpu-orin2" resourceAllocationScorer="NodeResourcesBalancedAllocation" allocatableResource=[6000,7885127680] requestedResource=[100,52428800] resourceScore=99
2026-07-01 16:35:40.444 I0701 07:33:05.287392       1 schedule_one.go:745] "Plugin scored node for pod" pod="default/yolo-det-2" plugin="TaintToleration" node="gpu-orin3" score=300
2026-07-01 16:35:40.446 I0701 07:33:05.287399       1 schedule_one.go:745] "Plugin scored node for pod" pod="default/yolo-det-2" plugin="NodeAffinity" node="gpu-orin3" score=0
2026-07-01 16:35:40.447 I0701 07:33:05.287403       1 schedule_one.go:745] "Plugin scored node for pod" pod="default/yolo-det-2" plugin="NodeResourcesFit" node="gpu-orin3" score=80
2026-07-01 16:35:40.448 I0701 07:33:05.287407       1 schedule_one.go:745] "Plugin scored node for pod" pod="default/yolo-det-2" plugin="VolumeBinding" node="gpu-orin3" score=0
2026-07-01 16:35:40.449 I0701 07:33:05.287412       1 schedule_one.go:745] "Plugin scored node for pod" pod="default/yolo-det-2" plugin="NodeResourcesBalancedAllocation" node="gpu-orin3" score=99
2026-07-01 16:35:40.450 I0701 07:33:05.287418       1 schedule_one.go:745] "Plugin scored node for pod" pod="default/yolo-det-2" plugin="ImageLocality" node="gpu-orin3" score=0
2026-07-01 16:35:40.451 I0701 07:33:05.287422       1 schedule_one.go:745] "Plugin scored node for pod" pod="default/yolo-det-2" plugin="TaintToleration" node="gpu-orin2" score=300
2026-07-01 16:35:40.452 I0701 07:33:05.287426       1 schedule_one.go:745] "Plugin scored node for pod" pod="default/yolo-det-2" plugin="NodeAffinity" node="gpu-orin2" score=0
2026-07-01 16:35:40.453 I0701 07:33:05.287430       1 schedule_one.go:745] "Plugin scored node for pod" pod="default/yolo-det-2" plugin="NodeResourcesFit" node="gpu-orin2" score=80
2026-07-01 16:35:40.453 I0701 07:33:05.287434       1 schedule_one.go:745] "Plugin scored node for pod" pod="default/yolo-det-2" plugin="VolumeBinding" node="gpu-orin2" score=0
2026-07-01 16:35:40.454 I0701 07:33:05.287438       1 schedule_one.go:745] "Plugin scored node for pod" pod="default/yolo-det-2" plugin="NodeResourcesBalancedAllocation" node="gpu-orin2" score=99
2026-07-01 16:35:40.454 I0701 07:33:05.287442       1 schedule_one.go:745] "Plugin scored node for pod" pod="default/yolo-det-2" plugin="ImageLocality" node="gpu-orin2" score=0
2026-07-01 16:35:40.455 I0701 07:33:05.287446       1 schedule_one.go:745] "Plugin scored node for pod" pod="default/yolo-det-2" plugin="TaintToleration" node="gpuorin4-desktop" score=300
2026-07-01 16:35:40.456 I0701 07:33:05.287450       1 schedule_one.go:745] "Plugin scored node for pod" pod="default/yolo-det-2" plugin="NodeAffinity" node="gpuorin4-desktop" score=0
2026-07-01 16:35:40.456 I0701 07:33:05.287454       1 schedule_one.go:745] "Plugin scored node for pod" pod="default/yolo-det-2" plugin="NodeResourcesFit" node="gpuorin4-desktop" score=78
2026-07-01 16:35:40.457 I0701 07:33:05.287458       1 schedule_one.go:745] "Plugin scored node for pod" pod="default/yolo-det-2" plugin="VolumeBinding" node="gpuorin4-desktop" score=0
2026-07-01 16:35:40.457 I0701 07:33:05.287462       1 schedule_one.go:745] "Plugin scored node for pod" pod="default/yolo-det-2" plugin="NodeResourcesBalancedAllocation" node="gpuorin4-desktop" score=99
2026-07-01 16:35:40.458 I0701 07:33:05.287466       1 schedule_one.go:745] "Plugin scored node for pod" pod="default/yolo-det-2" plugin="ImageLocality" node="gpuorin4-desktop" score=0
2026-07-01 16:35:40.459 I0701 07:33:05.287470       1 schedule_one.go:745] "Plugin scored node for pod" pod="default/yolo-det-2" plugin="TaintToleration" node="gpuorin5-desktop" score=300
2026-07-01 16:35:40.459 I0701 07:33:05.287474       1 schedule_one.go:745] "Plugin scored node for pod" pod="default/yolo-det-2" plugin="NodeAffinity" node="gpuorin5-desktop" score=0
2026-07-01 16:35:40.460 I0701 07:33:05.287478       1 schedule_one.go:745] "Plugin scored node for pod" pod="default/yolo-det-2" plugin="NodeResourcesFit" node="gpuorin5-desktop" score=80
2026-07-01 16:35:40.461 I0701 07:33:05.287482       1 schedule_one.go:745] "Plugin scored node for pod" pod="default/yolo-det-2" plugin="VolumeBinding" node="gpuorin5-desktop" score=0
2026-07-01 16:35:40.461 I0701 07:33:05.287487       1 schedule_one.go:745] "Plugin scored node for pod" pod="default/yolo-det-2" plugin="NodeResourcesBalancedAllocation" node="gpuorin5-desktop" score=99
2026-07-01 16:35:40.462 I0701 07:33:05.287491       1 schedule_one.go:745] "Plugin scored node for pod" pod="default/yolo-det-2" plugin="ImageLocality" node="gpuorin5-desktop" score=0
2026-07-01 16:35:40.463 I0701 07:33:05.287496       1 schedule_one.go:812] "Calculated node's final score for pod" pod="default/yolo-det-2" node="gpu-orin3" score=479
2026-07-01 16:35:40.463 I0701 07:33:05.287501       1 schedule_one.go:812] "Calculated node's final score for pod" pod="default/yolo-det-2" node="gpu-orin2" score=479
2026-07-01 16:35:40.464 I0701 07:33:05.287506       1 schedule_one.go:812] "Calculated node's final score for pod" pod="default/yolo-det-2" node="gpuorin4-desktop" score=477
2026-07-01 16:35:40.465 I0701 07:33:05.287510       1 schedule_one.go:812] "Calculated node's final score for pod" pod="default/yolo-det-2" node="gpuorin5-desktop" score=479
2026-07-01 16:35:40.465 I0701 07:33:09.263449       1 resource_allocation.go:76] "Listed internal info for allocatable resources, requested resources and score" pod="default/yolo-seg-2" node="gpu-orin3" resourceAllocationScorer="LeastAllocated" allocatableResource=[6000,7885152256] requestedResource=[900,1887436800] resourceScore=80
2026-07-01 16:35:40.466 I0701 07:33:09.263465       1 resource_allocation.go:76] "Listed internal info for allocatable resources, requested resources and score" pod="default/yolo-seg-2" node="gpuorin5-desktop" resourceAllocationScorer="LeastAllocated" allocatableResource=[6000,7885127680] requestedResource=[900,1887436800] resourceScore=80
2026-07-01 16:35:40.466 I0701 07:33:09.263459       1 resource_allocation.go:76] "Listed internal info for allocatable resources, requested resources and score" pod="default/yolo-seg-2" node="gpu-orin2" resourceAllocationScorer="LeastAllocated" allocatableResource=[6000,7885127680] requestedResource=[1000,2097152000] resourceScore=78
2026-07-01 16:35:40.467 I0701 07:33:09.263498       1 resource_allocation.go:76] "Listed internal info for allocatable resources, requested resources and score" pod="default/yolo-seg-2" node="gpu-orin3" resourceAllocationScorer="NodeResourcesBalancedAllocation" allocatableResource=[6000,7885152256] requestedResource=[100,52428800] resourceScore=99
2026-07-01 16:35:40.468 I0701 07:33:09.263505       1 resource_allocation.go:76] "Listed internal info for allocatable resources, requested resources and score" pod="default/yolo-seg-2" node="gpu-orin2" resourceAllocationScorer="NodeResourcesBalancedAllocation" allocatableResource=[6000,7885127680] requestedResource=[100,52428800] resourceScore=99
2026-07-01 16:35:40.468 I0701 07:33:09.263509       1 resource_allocation.go:76] "Listed internal info for allocatable resources, requested resources and score" pod="default/yolo-seg-2" node="gpuorin5-desktop" resourceAllocationScorer="NodeResourcesBalancedAllocation" allocatableResource=[6000,7885127680] requestedResource=[100,52428800] resourceScore=99
2026-07-01 16:35:40.469 I0701 07:33:09.263522       1 resource_allocation.go:76] "Listed internal info for allocatable resources, requested resources and score" pod="default/yolo-seg-2" node="gpuorin4-desktop" resourceAllocationScorer="LeastAllocated" allocatableResource=[6000,7885250560] requestedResource=[1000,2097152000] resourceScore=78
2026-07-01 16:35:40.470 I0701 07:33:09.263570       1 resource_allocation.go:76] "Listed internal info for allocatable resources, requested resources and score" pod="default/yolo-seg-2" node="gpuorin4-desktop" resourceAllocationScorer="NodeResourcesBalancedAllocation" allocatableResource=[6000,7885250560] requestedResource=[100,52428800] resourceScore=99
2026-07-01 16:35:40.470 I0701 07:33:09.263695       1 schedule_one.go:745] "Plugin scored node for pod" pod="default/yolo-seg-2" plugin="TaintToleration" node="gpu-orin3" score=300
2026-07-01 16:35:40.471 I0701 07:33:09.263720       1 schedule_one.go:745] "Plugin scored node for pod" pod="default/yolo-seg-2" plugin="NodeAffinity" node="gpu-orin3" score=0
2026-07-01 16:35:40.472 I0701 07:33:09.263740       1 schedule_one.go:745] "Plugin scored node for pod" pod="default/yolo-seg-2" plugin="NodeResourcesFit" node="gpu-orin3" score=80
2026-07-01 16:35:40.472 I0701 07:33:09.263754       1 schedule_one.go:745] "Plugin scored node for pod" pod="default/yolo-seg-2" plugin="VolumeBinding" node="gpu-orin3" score=0
2026-07-01 16:35:40.473 I0701 07:33:09.263783       1 schedule_one.go:745] "Plugin scored node for pod" pod="default/yolo-seg-2" plugin="NodeResourcesBalancedAllocation" node="gpu-orin3" score=99
2026-07-01 16:35:40.473 I0701 07:33:09.263798       1 schedule_one.go:745] "Plugin scored node for pod" pod="default/yolo-seg-2" plugin="ImageLocality" node="gpu-orin3" score=0
2026-07-01 16:35:40.474 I0701 07:33:09.263809       1 schedule_one.go:745] "Plugin scored node for pod" pod="default/yolo-seg-2" plugin="TaintToleration" node="gpuorin5-desktop" score=300
2026-07-01 16:35:40.475 I0701 07:33:09.263817       1 schedule_one.go:745] "Plugin scored node for pod" pod="default/yolo-seg-2" plugin="NodeAffinity" node="gpuorin5-desktop" score=0
2026-07-01 16:35:40.475 I0701 07:33:09.263825       1 schedule_one.go:745] "Plugin scored node for pod" pod="default/yolo-seg-2" plugin="NodeResourcesFit" node="gpuorin5-desktop" score=80
2026-07-01 16:35:40.476 I0701 07:33:09.263833       1 schedule_one.go:745] "Plugin scored node for pod" pod="default/yolo-seg-2" plugin="VolumeBinding" node="gpuorin5-desktop" score=0
2026-07-01 16:35:40.477 I0701 07:33:09.263841       1 schedule_one.go:745] "Plugin scored node for pod" pod="default/yolo-seg-2" plugin="NodeResourcesBalancedAllocation" node="gpuorin5-desktop" score=99
2026-07-01 16:35:40.477 I0701 07:33:09.263849       1 schedule_one.go:745] "Plugin scored node for pod" pod="default/yolo-seg-2" plugin="ImageLocality" node="gpuorin5-desktop" score=0
2026-07-01 16:35:40.478 I0701 07:33:09.263856       1 schedule_one.go:745] "Plugin scored node for pod" pod="default/yolo-seg-2" plugin="TaintToleration" node="gpu-orin2" score=300
2026-07-01 16:35:40.478 I0701 07:33:09.263864       1 schedule_one.go:745] "Plugin scored node for pod" pod="default/yolo-seg-2" plugin="NodeAffinity" node="gpu-orin2" score=0
2026-07-01 16:35:40.479 I0701 07:33:09.263871       1 schedule_one.go:745] "Plugin scored node for pod" pod="default/yolo-seg-2" plugin="NodeResourcesFit" node="gpu-orin2" score=78
2026-07-01 16:35:40.480 I0701 07:33:09.263879       1 schedule_one.go:745] "Plugin scored node for pod" pod="default/yolo-seg-2" plugin="VolumeBinding" node="gpu-orin2" score=0
2026-07-01 16:35:40.480 I0701 07:33:09.263886       1 schedule_one.go:745] "Plugin scored node for pod" pod="default/yolo-seg-2" plugin="NodeResourcesBalancedAllocation" node="gpu-orin2" score=99
2026-07-01 16:35:40.481 I0701 07:33:09.263893       1 schedule_one.go:745] "Plugin scored node for pod" pod="default/yolo-seg-2" plugin="ImageLocality" node="gpu-orin2" score=0
2026-07-01 16:35:40.481 I0701 07:33:09.263900       1 schedule_one.go:745] "Plugin scored node for pod" pod="default/yolo-seg-2" plugin="TaintToleration" node="gpuorin4-desktop" score=300
2026-07-01 16:35:40.482 I0701 07:33:09.263907       1 schedule_one.go:745] "Plugin scored node for pod" pod="default/yolo-seg-2" plugin="NodeAffinity" node="gpuorin4-desktop" score=0
2026-07-01 16:35:40.483 I0701 07:33:09.263914       1 schedule_one.go:745] "Plugin scored node for pod" pod="default/yolo-seg-2" plugin="NodeResourcesFit" node="gpuorin4-desktop" score=78
2026-07-01 16:35:40.483 I0701 07:33:09.263921       1 schedule_one.go:745] "Plugin scored node for pod" pod="default/yolo-seg-2" plugin="VolumeBinding" node="gpuorin4-desktop" score=0
2026-07-01 16:35:40.484 I0701 07:33:09.263928       1 schedule_one.go:745] "Plugin scored node for pod" pod="default/yolo-seg-2" plugin="NodeResourcesBalancedAllocation" node="gpuorin4-desktop" score=99
2026-07-01 16:35:40.484 I0701 07:33:09.263935       1 schedule_one.go:745] "Plugin scored node for pod" pod="default/yolo-seg-2" plugin="ImageLocality" node="gpuorin4-desktop" score=0
2026-07-01 16:35:40.485 I0701 07:33:09.263946       1 schedule_one.go:812] "Calculated node's final score for pod" pod="default/yolo-seg-2" node="gpu-orin3" score=479
2026-07-01 16:35:40.486 I0701 07:33:09.263955       1 schedule_one.go:812] "Calculated node's final score for pod" pod="default/yolo-seg-2" node="gpuorin5-desktop" score=479
2026-07-01 16:35:40.486 I0701 07:33:09.263964       1 schedule_one.go:812] "Calculated node's final score for pod" pod="default/yolo-seg-2" node="gpu-orin2" score=477
2026-07-01 16:35:40.487 I0701 07:33:09.263972       1 schedule_one.go:812] "Calculated node's final score for pod" pod="default/yolo-seg-2" node="gpuorin4-desktop" score=477
2026-07-01 16:35:40.487 I0701 07:33:14.238243       1 resource_allocation.go:76] "Listed internal info for allocatable resources, requested resources and score" pod="default/yolo-obb-2" node="gpu-orin2" resourceAllocationScorer="LeastAllocated" allocatableResource=[6000,7885127680] requestedResource=[1000,2097152000] resourceScore=78
2026-07-01 16:35:40.488 I0701 07:33:14.238259       1 resource_allocation.go:76] "Listed internal info for allocatable resources, requested resources and score" pod="default/yolo-obb-2" node="gpuorin5-desktop" resourceAllocationScorer="LeastAllocated" allocatableResource=[6000,7885127680] requestedResource=[900,1887436800] resourceScore=80
2026-07-01 16:35:40.489 I0701 07:33:14.238282       1 resource_allocation.go:76] "Listed internal info for allocatable resources, requested resources and score" pod="default/yolo-obb-2" node="gpu-orin2" resourceAllocationScorer="NodeResourcesBalancedAllocation" allocatableResource=[6000,7885127680] requestedResource=[100,52428800] resourceScore=99
2026-07-01 16:35:40.490 I0701 07:33:14.238305       1 resource_allocation.go:76] "Listed internal info for allocatable resources, requested resources and score" pod="default/yolo-obb-2" node="gpuorin5-desktop" resourceAllocationScorer="NodeResourcesBalancedAllocation" allocatableResource=[6000,7885127680] requestedResource=[100,52428800] resourceScore=99
2026-07-01 16:35:40.490 I0701 07:33:14.238338       1 resource_allocation.go:76] "Listed internal info for allocatable resources, requested resources and score" pod="default/yolo-obb-2" node="gpuorin4-desktop" resourceAllocationScorer="LeastAllocated" allocatableResource=[6000,7885250560] requestedResource=[1000,2097152000] resourceScore=78
2026-07-01 16:35:40.491 I0701 07:33:14.238345       1 resource_allocation.go:76] "Listed internal info for allocatable resources, requested resources and score" pod="default/yolo-obb-2" node="gpu-orin3" resourceAllocationScorer="LeastAllocated" allocatableResource=[6000,7885152256] requestedResource=[1000,2097152000] resourceScore=78
2026-07-01 16:35:40.492 I0701 07:33:14.238396       1 resource_allocation.go:76] "Listed internal info for allocatable resources, requested resources and score" pod="default/yolo-obb-2" node="gpuorin4-desktop" resourceAllocationScorer="NodeResourcesBalancedAllocation" allocatableResource=[6000,7885250560] requestedResource=[100,52428800] resourceScore=99
2026-07-01 16:35:40.493 I0701 07:33:14.238402       1 resource_allocation.go:76] "Listed internal info for allocatable resources, requested resources and score" pod="default/yolo-obb-2" node="gpu-orin3" resourceAllocationScorer="NodeResourcesBalancedAllocation" allocatableResource=[6000,7885152256] requestedResource=[100,52428800] resourceScore=99
2026-07-01 16:35:40.494 I0701 07:33:14.238572       1 schedule_one.go:745] "Plugin scored node for pod" pod="default/yolo-obb-2" plugin="TaintToleration" node="gpu-orin2" score=300
2026-07-01 16:35:40.495 I0701 07:33:14.238599       1 schedule_one.go:745] "Plugin scored node for pod" pod="default/yolo-obb-2" plugin="NodeAffinity" node="gpu-orin2" score=0
2026-07-01 16:35:40.496 I0701 07:33:14.238615       1 schedule_one.go:745] "Plugin scored node for pod" pod="default/yolo-obb-2" plugin="NodeResourcesFit" node="gpu-orin2" score=78
2026-07-01 16:35:40.498 I0701 07:33:14.238630       1 schedule_one.go:745] "Plugin scored node for pod" pod="default/yolo-obb-2" plugin="VolumeBinding" node="gpu-orin2" score=0
2026-07-01 16:35:40.499 I0701 07:33:14.238642       1 schedule_one.go:745] "Plugin scored node for pod" pod="default/yolo-obb-2" plugin="NodeResourcesBalancedAllocation" node="gpu-orin2" score=99
2026-07-01 16:35:40.501 I0701 07:33:14.238665       1 schedule_one.go:745] "Plugin scored node for pod" pod="default/yolo-obb-2" plugin="ImageLocality" node="gpu-orin2" score=0
2026-07-01 16:35:40.503 I0701 07:33:14.238679       1 schedule_one.go:745] "Plugin scored node for pod" pod="default/yolo-obb-2" plugin="TaintToleration" node="gpuorin5-desktop" score=300
2026-07-01 16:35:40.504 I0701 07:33:14.238704       1 schedule_one.go:745] "Plugin scored node for pod" pod="default/yolo-obb-2" plugin="NodeAffinity" node="gpuorin5-desktop" score=0
2026-07-01 16:35:40.504 I0701 07:33:14.238716       1 schedule_one.go:745] "Plugin scored node for pod" pod="default/yolo-obb-2" plugin="NodeResourcesFit" node="gpuorin5-desktop" score=80
2026-07-01 16:35:40.505 I0701 07:33:14.238728       1 schedule_one.go:745] "Plugin scored node for pod" pod="default/yolo-obb-2" plugin="VolumeBinding" node="gpuorin5-desktop" score=0
2026-07-01 16:35:40.506 I0701 07:33:14.238740       1 schedule_one.go:745] "Plugin scored node for pod" pod="default/yolo-obb-2" plugin="NodeResourcesBalancedAllocation" node="gpuorin5-desktop" score=99
2026-07-01 16:35:40.507 I0701 07:33:14.238752       1 schedule_one.go:745] "Plugin scored node for pod" pod="default/yolo-obb-2" plugin="ImageLocality" node="gpuorin5-desktop" score=0
2026-07-01 16:35:40.510 I0701 07:33:14.238781       1 schedule_one.go:745] "Plugin scored node for pod" pod="default/yolo-obb-2" plugin="TaintToleration" node="gpuorin4-desktop" score=300
2026-07-01 16:35:40.512 I0701 07:33:14.238795       1 schedule_one.go:745] "Plugin scored node for pod" pod="default/yolo-obb-2" plugin="NodeAffinity" node="gpuorin4-desktop" score=0
2026-07-01 16:35:40.512 I0701 07:33:14.238811       1 schedule_one.go:745] "Plugin scored node for pod" pod="default/yolo-obb-2" plugin="NodeResourcesFit" node="gpuorin4-desktop" score=78
2026-07-01 16:35:40.513 I0701 07:33:14.238822       1 schedule_one.go:745] "Plugin scored node for pod" pod="default/yolo-obb-2" plugin="VolumeBinding" node="gpuorin4-desktop" score=0
2026-07-01 16:35:40.514 I0701 07:33:14.238834       1 schedule_one.go:745] "Plugin scored node for pod" pod="default/yolo-obb-2" plugin="NodeResourcesBalancedAllocation" node="gpuorin4-desktop" score=99
2026-07-01 16:35:40.514 I0701 07:33:14.238847       1 schedule_one.go:745] "Plugin scored node for pod" pod="default/yolo-obb-2" plugin="ImageLocality" node="gpuorin4-desktop" score=0
2026-07-01 16:35:40.515 I0701 07:33:14.238860       1 schedule_one.go:745] "Plugin scored node for pod" pod="default/yolo-obb-2" plugin="TaintToleration" node="gpu-orin3" score=300
2026-07-01 16:35:40.515 I0701 07:33:14.238871       1 schedule_one.go:745] "Plugin scored node for pod" pod="default/yolo-obb-2" plugin="NodeAffinity" node="gpu-orin3" score=0
2026-07-01 16:35:40.516 I0701 07:33:14.238882       1 schedule_one.go:745] "Plugin scored node for pod" pod="default/yolo-obb-2" plugin="NodeResourcesFit" node="gpu-orin3" score=78
2026-07-01 16:35:40.517 I0701 07:33:14.238902       1 schedule_one.go:745] "Plugin scored node for pod" pod="default/yolo-obb-2" plugin="VolumeBinding" node="gpu-orin3" score=0
2026-07-01 16:35:40.517 I0701 07:33:14.238917       1 schedule_one.go:745] "Plugin scored node for pod" pod="default/yolo-obb-2" plugin="NodeResourcesBalancedAllocation" node="gpu-orin3" score=99
2026-07-01 16:35:40.518 I0701 07:33:14.238928       1 schedule_one.go:745] "Plugin scored node for pod" pod="default/yolo-obb-2" plugin="ImageLocality" node="gpu-orin3" score=0
2026-07-01 16:35:40.518 I0701 07:33:14.238945       1 schedule_one.go:812] "Calculated node's final score for pod" pod="default/yolo-obb-2" node="gpu-orin2" score=477
2026-07-01 16:35:40.519 I0701 07:33:14.238961       1 schedule_one.go:812] "Calculated node's final score for pod" pod="default/yolo-obb-2" node="gpuorin5-desktop" score=479
2026-07-01 16:35:40.520 I0701 07:33:14.238976       1 schedule_one.go:812] "Calculated node's final score for pod" pod="default/yolo-obb-2" node="gpuorin4-desktop" score=477
2026-07-01 16:35:40.520 I0701 07:33:14.238991       1 schedule_one.go:812] "Calculated node's final score for pod" pod="default/yolo-obb-2" node="gpu-orin3" score=477
2026-07-01 16:35:40.521 I0701 07:33:18.450800       1 resource_allocation.go:76] "Listed internal info for allocatable resources, requested resources and score" pod="default/yolo-pos-2" node="gpu-orin2" resourceAllocationScorer="LeastAllocated" allocatableResource=[6000,7885127680] requestedResource=[1000,2097152000] resourceScore=78
2026-07-01 16:35:40.522 I0701 07:33:18.450821       1 resource_allocation.go:76] "Listed internal info for allocatable resources, requested resources and score" pod="default/yolo-pos-2" node="gpu-orin3" resourceAllocationScorer="LeastAllocated" allocatableResource=[6000,7885152256] requestedResource=[1000,2097152000] resourceScore=78
2026-07-01 16:35:40.522 I0701 07:33:18.450841       1 resource_allocation.go:76] "Listed internal info for allocatable resources, requested resources and score" pod="default/yolo-pos-2" node="gpu-orin2" resourceAllocationScorer="NodeResourcesBalancedAllocation" allocatableResource=[6000,7885127680] requestedResource=[100,52428800] resourceScore=99
2026-07-01 16:35:40.523 I0701 07:33:18.450871       1 resource_allocation.go:76] "Listed internal info for allocatable resources, requested resources and score" pod="default/yolo-pos-2" node="gpu-orin3" resourceAllocationScorer="NodeResourcesBalancedAllocation" allocatableResource=[6000,7885152256] requestedResource=[100,52428800] resourceScore=99
2026-07-01 16:35:40.523 I0701 07:33:18.450937       1 resource_allocation.go:76] "Listed internal info for allocatable resources, requested resources and score" pod="default/yolo-pos-2" node="gpuorin5-desktop" resourceAllocationScorer="LeastAllocated" allocatableResource=[6000,7885127680] requestedResource=[1000,2097152000] resourceScore=78
2026-07-01 16:35:40.524 I0701 07:33:18.450958       1 resource_allocation.go:76] "Listed internal info for allocatable resources, requested resources and score" pod="default/yolo-pos-2" node="gpuorin4-desktop" resourceAllocationScorer="LeastAllocated" allocatableResource=[6000,7885250560] requestedResource=[1000,2097152000] resourceScore=78
2026-07-01 16:35:40.525 I0701 07:33:18.450995       1 resource_allocation.go:76] "Listed internal info for allocatable resources, requested resources and score" pod="default/yolo-pos-2" node="gpuorin5-desktop" resourceAllocationScorer="NodeResourcesBalancedAllocation" allocatableResource=[6000,7885127680] requestedResource=[100,52428800] resourceScore=99
2026-07-01 16:35:40.526 I0701 07:33:18.451010       1 resource_allocation.go:76] "Listed internal info for allocatable resources, requested resources and score" pod="default/yolo-pos-2" node="gpuorin4-desktop" resourceAllocationScorer="NodeResourcesBalancedAllocation" allocatableResource=[6000,7885250560] requestedResource=[100,52428800] resourceScore=99
2026-07-01 16:35:40.526 I0701 07:33:18.451150       1 schedule_one.go:745] "Plugin scored node for pod" pod="default/yolo-pos-2" plugin="TaintToleration" node="gpu-orin2" score=300
2026-07-01 16:35:40.527 I0701 07:33:18.451178       1 schedule_one.go:745] "Plugin scored node for pod" pod="default/yolo-pos-2" plugin="NodeAffinity" node="gpu-orin2" score=0
2026-07-01 16:35:40.528 I0701 07:33:18.451194       1 schedule_one.go:745] "Plugin scored node for pod" pod="default/yolo-pos-2" plugin="NodeResourcesFit" node="gpu-orin2" score=78
2026-07-01 16:35:40.529 I0701 07:33:18.451206       1 schedule_one.go:745] "Plugin scored node for pod" pod="default/yolo-pos-2" plugin="VolumeBinding" node="gpu-orin2" score=0
2026-07-01 16:35:40.530 I0701 07:33:18.451219       1 schedule_one.go:745] "Plugin scored node for pod" pod="default/yolo-pos-2" plugin="NodeResourcesBalancedAllocation" node="gpu-orin2" score=99
2026-07-01 16:35:40.531 I0701 07:33:18.451233       1 schedule_one.go:745] "Plugin scored node for pod" pod="default/yolo-pos-2" plugin="ImageLocality" node="gpu-orin2" score=0
2026-07-01 16:35:40.532 I0701 07:33:18.451246       1 schedule_one.go:745] "Plugin scored node for pod" pod="default/yolo-pos-2" plugin="TaintToleration" node="gpu-orin3" score=300
2026-07-01 16:35:40.533 I0701 07:33:18.451258       1 schedule_one.go:745] "Plugin scored node for pod" pod="default/yolo-pos-2" plugin="NodeAffinity" node="gpu-orin3" score=0
2026-07-01 16:35:40.535 I0701 07:33:18.451274       1 schedule_one.go:745] "Plugin scored node for pod" pod="default/yolo-pos-2" plugin="NodeResourcesFit" node="gpu-orin3" score=78
2026-07-01 16:35:40.537 I0701 07:33:18.451287       1 schedule_one.go:745] "Plugin scored node for pod" pod="default/yolo-pos-2" plugin="VolumeBinding" node="gpu-orin3" score=0
2026-07-01 16:35:40.539 I0701 07:33:18.451300       1 schedule_one.go:745] "Plugin scored node for pod" pod="default/yolo-pos-2" plugin="NodeResourcesBalancedAllocation" node="gpu-orin3" score=99
2026-07-01 16:35:40.541 I0701 07:33:18.451311       1 schedule_one.go:745] "Plugin scored node for pod" pod="default/yolo-pos-2" plugin="ImageLocality" node="gpu-orin3" score=0
2026-07-01 16:35:40.543 I0701 07:33:18.451388       1 schedule_one.go:745] "Plugin scored node for pod" pod="default/yolo-pos-2" plugin="TaintToleration" node="gpuorin5-desktop" score=300
2026-07-01 16:35:40.546 I0701 07:33:18.451551       1 schedule_one.go:745] "Plugin scored node for pod" pod="default/yolo-pos-2" plugin="NodeAffinity" node="gpuorin5-desktop" score=0
2026-07-01 16:35:40.548 I0701 07:33:18.451571       1 schedule_one.go:745] "Plugin scored node for pod" pod="default/yolo-pos-2" plugin="NodeResourcesFit" node="gpuorin5-desktop" score=78
2026-07-01 16:35:40.551 I0701 07:33:18.451585       1 schedule_one.go:745] "Plugin scored node for pod" pod="default/yolo-pos-2" plugin="VolumeBinding" node="gpuorin5-desktop" score=0
2026-07-01 16:35:40.553 I0701 07:33:18.451599       1 schedule_one.go:745] "Plugin scored node for pod" pod="default/yolo-pos-2" plugin="NodeResourcesBalancedAllocation" node="gpuorin5-desktop" score=99
2026-07-01 16:35:40.556 I0701 07:33:18.451610       1 schedule_one.go:745] "Plugin scored node for pod" pod="default/yolo-pos-2" plugin="ImageLocality" node="gpuorin5-desktop" score=0
2026-07-01 16:35:40.558 I0701 07:33:18.451622       1 schedule_one.go:745] "Plugin scored node for pod" pod="default/yolo-pos-2" plugin="TaintToleration" node="gpuorin4-desktop" score=300
2026-07-01 16:35:40.561 I0701 07:33:18.451633       1 schedule_one.go:745] "Plugin scored node for pod" pod="default/yolo-pos-2" plugin="NodeAffinity" node="gpuorin4-desktop" score=0
2026-07-01 16:35:40.563 I0701 07:33:18.451645       1 schedule_one.go:745] "Plugin scored node for pod" pod="default/yolo-pos-2" plugin="NodeResourcesFit" node="gpuorin4-desktop" score=78
2026-07-01 16:35:40.565 I0701 07:33:18.451657       1 schedule_one.go:745] "Plugin scored node for pod" pod="default/yolo-pos-2" plugin="VolumeBinding" node="gpuorin4-desktop" score=0
2026-07-01 16:35:40.568 I0701 07:33:18.451675       1 schedule_one.go:745] "Plugin scored node for pod" pod="default/yolo-pos-2" plugin="NodeResourcesBalancedAllocation" node="gpuorin4-desktop" score=99
2026-07-01 16:35:40.570 I0701 07:33:18.451686       1 schedule_one.go:745] "Plugin scored node for pod" pod="default/yolo-pos-2" plugin="ImageLocality" node="gpuorin4-desktop" score=0
2026-07-01 16:35:40.573 I0701 07:33:18.451704       1 schedule_one.go:812] "Calculated node's final score for pod" pod="default/yolo-pos-2" node="gpu-orin2" score=477
2026-07-01 16:35:40.575 I0701 07:33:18.451722       1 schedule_one.go:812] "Calculated node's final score for pod" pod="default/yolo-pos-2" node="gpu-orin3" score=477
2026-07-01 16:35:40.578 I0701 07:33:18.451737       1 schedule_one.go:812] "Calculated node's final score for pod" pod="default/yolo-pos-2" node="gpuorin5-desktop" score=477
2026-07-01 16:35:40.580 I0701 07:33:18.451750       1 schedule_one.go:812] "Calculated node's final score for pod" pod="default/yolo-pos-2" node="gpuorin4-desktop" score=477
2026-07-01 16:35:55.440 I0701 07:35:55.436337       1 resource_allocation.go:76] "Listed internal info for allocatable resources, requested resources and score" pod="default/yolo-cls-1" node="gpu-orin3" resourceAllocationScorer="LeastAllocated" allocatableResource=[6000,7885152256] requestedResource=[700,1468006400] resourceScore=84
2026-07-01 16:35:55.443 I0701 07:35:55.436362       1 resource_allocation.go:76] "Listed internal info for allocatable resources, requested resources and score" pod="default/yolo-cls-1" node="gpu-orin3" resourceAllocationScorer="NodeResourcesBalancedAllocation" allocatableResource=[6000,7885152256] requestedResource=[100,52428800] resourceScore=99
2026-07-01 16:35:55.446 I0701 07:35:55.436395       1 resource_allocation.go:76] "Listed internal info for allocatable resources, requested resources and score" pod="default/yolo-cls-1" node="gpuorin4-desktop" resourceAllocationScorer="LeastAllocated" allocatableResource=[6000,7885250560] requestedResource=[1000,2097152000] resourceScore=78
2026-07-01 16:35:55.449 I0701 07:35:55.436408       1 resource_allocation.go:76] "Listed internal info for allocatable resources, requested resources and score" pod="default/yolo-cls-1" node="gpuorin5-desktop" resourceAllocationScorer="LeastAllocated" allocatableResource=[6000,7885127680] requestedResource=[700,1468006400] resourceScore=84
2026-07-01 16:35:55.452 I0701 07:35:55.436424       1 resource_allocation.go:76] "Listed internal info for allocatable resources, requested resources and score" pod="default/yolo-cls-1" node="gpu-orin2" resourceAllocationScorer="LeastAllocated" allocatableResource=[6000,7885127680] requestedResource=[700,1468006400] resourceScore=84
2026-07-01 16:35:55.455 I0701 07:35:55.436442       1 resource_allocation.go:76] "Listed internal info for allocatable resources, requested resources and score" pod="default/yolo-cls-1" node="gpuorin4-desktop" resourceAllocationScorer="NodeResourcesBalancedAllocation" allocatableResource=[6000,7885250560] requestedResource=[100,52428800] resourceScore=99
2026-07-01 16:35:55.458 I0701 07:35:55.436456       1 resource_allocation.go:76] "Listed internal info for allocatable resources, requested resources and score" pod="default/yolo-cls-1" node="gpuorin5-desktop" resourceAllocationScorer="NodeResourcesBalancedAllocation" allocatableResource=[6000,7885127680] requestedResource=[100,52428800] resourceScore=99
2026-07-01 16:35:55.460 I0701 07:35:55.436470       1 resource_allocation.go:76] "Listed internal info for allocatable resources, requested resources and score" pod="default/yolo-cls-1" node="gpu-orin2" resourceAllocationScorer="NodeResourcesBalancedAllocation" allocatableResource=[6000,7885127680] requestedResource=[100,52428800] resourceScore=99
2026-07-01 16:35:55.462 I0701 07:35:55.436601       1 schedule_one.go:745] "Plugin scored node for pod" pod="default/yolo-cls-1" plugin="TaintToleration" node="gpu-orin3" score=300
2026-07-01 16:35:55.465 I0701 07:35:55.436625       1 schedule_one.go:745] "Plugin scored node for pod" pod="default/yolo-cls-1" plugin="NodeAffinity" node="gpu-orin3" score=0
2026-07-01 16:35:55.466 I0701 07:35:55.436640       1 schedule_one.go:745] "Plugin scored node for pod" pod="default/yolo-cls-1" plugin="NodeResourcesFit" node="gpu-orin3" score=84
2026-07-01 16:35:55.468 I0701 07:35:55.436654       1 schedule_one.go:745] "Plugin scored node for pod" pod="default/yolo-cls-1" plugin="VolumeBinding" node="gpu-orin3" score=0
2026-07-01 16:35:55.470 I0701 07:35:55.436669       1 schedule_one.go:745] "Plugin scored node for pod" pod="default/yolo-cls-1" plugin="NodeResourcesBalancedAllocation" node="gpu-orin3" score=99
2026-07-01 16:35:55.472 I0701 07:35:55.436684       1 schedule_one.go:745] "Plugin scored node for pod" pod="default/yolo-cls-1" plugin="ImageLocality" node="gpu-orin3" score=0
2026-07-01 16:35:55.474 I0701 07:35:55.436697       1 schedule_one.go:745] "Plugin scored node for pod" pod="default/yolo-cls-1" plugin="TaintToleration" node="gpuorin4-desktop" score=300
2026-07-01 16:35:55.475 I0701 07:35:55.436712       1 schedule_one.go:745] "Plugin scored node for pod" pod="default/yolo-cls-1" plugin="NodeAffinity" node="gpuorin4-desktop" score=0
2026-07-01 16:35:55.476 I0701 07:35:55.436727       1 schedule_one.go:745] "Plugin scored node for pod" pod="default/yolo-cls-1" plugin="NodeResourcesFit" node="gpuorin4-desktop" score=78
2026-07-01 16:35:55.477 I0701 07:35:55.436740       1 schedule_one.go:745] "Plugin scored node for pod" pod="default/yolo-cls-1" plugin="VolumeBinding" node="gpuorin4-desktop" score=0
2026-07-01 16:35:55.478 I0701 07:35:55.436754       1 schedule_one.go:745] "Plugin scored node for pod" pod="default/yolo-cls-1" plugin="NodeResourcesBalancedAllocation" node="gpuorin4-desktop" score=99
2026-07-01 16:35:55.478 I0701 07:35:55.436785       1 schedule_one.go:745] "Plugin scored node for pod" pod="default/yolo-cls-1" plugin="ImageLocality" node="gpuorin4-desktop" score=0
2026-07-01 16:35:55.479 I0701 07:35:55.436799       1 schedule_one.go:745] "Plugin scored node for pod" pod="default/yolo-cls-1" plugin="TaintToleration" node="gpuorin5-desktop" score=300
2026-07-01 16:35:55.480 I0701 07:35:55.436812       1 schedule_one.go:745] "Plugin scored node for pod" pod="default/yolo-cls-1" plugin="NodeAffinity" node="gpuorin5-desktop" score=0
2026-07-01 16:35:55.480 I0701 07:35:55.436824       1 schedule_one.go:745] "Plugin scored node for pod" pod="default/yolo-cls-1" plugin="NodeResourcesFit" node="gpuorin5-desktop" score=84
2026-07-01 16:35:55.481 I0701 07:35:55.436839       1 schedule_one.go:745] "Plugin scored node for pod" pod="default/yolo-cls-1" plugin="VolumeBinding" node="gpuorin5-desktop" score=0
2026-07-01 16:35:55.482 I0701 07:35:55.436853       1 schedule_one.go:745] "Plugin scored node for pod" pod="default/yolo-cls-1" plugin="NodeResourcesBalancedAllocation" node="gpuorin5-desktop" score=99
2026-07-01 16:35:55.482 I0701 07:35:55.436867       1 schedule_one.go:745] "Plugin scored node for pod" pod="default/yolo-cls-1" plugin="ImageLocality" node="gpuorin5-desktop" score=0
2026-07-01 16:35:55.483 I0701 07:35:55.436882       1 schedule_one.go:745] "Plugin scored node for pod" pod="default/yolo-cls-1" plugin="TaintToleration" node="gpu-orin2" score=300
2026-07-01 16:35:55.484 I0701 07:35:55.436896       1 schedule_one.go:745] "Plugin scored node for pod" pod="default/yolo-cls-1" plugin="NodeAffinity" node="gpu-orin2" score=0
2026-07-01 16:35:55.484 I0701 07:35:55.436908       1 schedule_one.go:745] "Plugin scored node for pod" pod="default/yolo-cls-1" plugin="NodeResourcesFit" node="gpu-orin2" score=84
2026-07-01 16:35:55.485 I0701 07:35:55.436921       1 schedule_one.go:745] "Plugin scored node for pod" pod="default/yolo-cls-1" plugin="VolumeBinding" node="gpu-orin2" score=0
2026-07-01 16:35:55.486 I0701 07:35:55.436937       1 schedule_one.go:745] "Plugin scored node for pod" pod="default/yolo-cls-1" plugin="NodeResourcesBalancedAllocation" node="gpu-orin2" score=99
2026-07-01 16:35:55.486 I0701 07:35:55.436950       1 schedule_one.go:745] "Plugin scored node for pod" pod="default/yolo-cls-1" plugin="ImageLocality" node="gpu-orin2" score=0
2026-07-01 16:35:55.487 I0701 07:35:55.436964       1 schedule_one.go:812] "Calculated node's final score for pod" pod="default/yolo-cls-1" node="gpu-orin3" score=483
2026-07-01 16:35:55.488 I0701 07:35:55.436975       1 schedule_one.go:812] "Calculated node's final score for pod" pod="default/yolo-cls-1" node="gpuorin4-desktop" score=477
2026-07-01 16:35:55.488 I0701 07:35:55.436991       1 schedule_one.go:812] "Calculated node's final score for pod" pod="default/yolo-cls-1" node="gpuorin5-desktop" score=483
2026-07-01 16:35:55.489 I0701 07:35:55.437007       1 schedule_one.go:812] "Calculated node's final score for pod" pod="default/yolo-cls-1" node="gpu-orin2" score=483
2026-07-01 16:36:03.616 I0701 07:36:03.614850       1 resource_allocation.go:76] "Listed internal info for allocatable resources, requested resources and score" pod="default/yolo-det-1" node="gpu-orin2" resourceAllocationScorer="LeastAllocated" allocatableResource=[6000,7885127680] requestedResource=[700,1468006400] resourceScore=84
2026-07-01 16:36:03.618 I0701 07:36:03.614867       1 resource_allocation.go:76] "Listed internal info for allocatable resources, requested resources and score" pod="default/yolo-det-1" node="gpu-orin2" resourceAllocationScorer="NodeResourcesBalancedAllocation" allocatableResource=[6000,7885127680] requestedResource=[100,52428800] resourceScore=99
2026-07-01 16:36:03.620 I0701 07:36:03.614882       1 resource_allocation.go:76] "Listed internal info for allocatable resources, requested resources and score" pod="default/yolo-det-1" node="gpu-orin3" resourceAllocationScorer="LeastAllocated" allocatableResource=[6000,7885152256] requestedResource=[800,1677721600] resourceScore=82
2026-07-01 16:36:03.621 I0701 07:36:03.614892       1 resource_allocation.go:76] "Listed internal info for allocatable resources, requested resources and score" pod="default/yolo-det-1" node="gpu-orin3" resourceAllocationScorer="NodeResourcesBalancedAllocation" allocatableResource=[6000,7885152256] requestedResource=[100,52428800] resourceScore=99
2026-07-01 16:36:03.623 I0701 07:36:03.614906       1 resource_allocation.go:76] "Listed internal info for allocatable resources, requested resources and score" pod="default/yolo-det-1" node="gpuorin4-desktop" resourceAllocationScorer="LeastAllocated" allocatableResource=[6000,7885250560] requestedResource=[1000,2097152000] resourceScore=78
2026-07-01 16:36:03.625 I0701 07:36:03.614916       1 resource_allocation.go:76] "Listed internal info for allocatable resources, requested resources and score" pod="default/yolo-det-1" node="gpuorin4-desktop" resourceAllocationScorer="NodeResourcesBalancedAllocation" allocatableResource=[6000,7885250560] requestedResource=[100,52428800] resourceScore=99
2026-07-01 16:36:03.627 I0701 07:36:03.614927       1 resource_allocation.go:76] "Listed internal info for allocatable resources, requested resources and score" pod="default/yolo-det-1" node="gpuorin5-desktop" resourceAllocationScorer="LeastAllocated" allocatableResource=[6000,7885127680] requestedResource=[700,1468006400] resourceScore=84
2026-07-01 16:36:03.629 I0701 07:36:03.614937       1 resource_allocation.go:76] "Listed internal info for allocatable resources, requested resources and score" pod="default/yolo-det-1" node="gpuorin5-desktop" resourceAllocationScorer="NodeResourcesBalancedAllocation" allocatableResource=[6000,7885127680] requestedResource=[100,52428800] resourceScore=99
2026-07-01 16:36:03.631 I0701 07:36:03.614972       1 schedule_one.go:745] "Plugin scored node for pod" pod="default/yolo-det-1" plugin="TaintToleration" node="gpu-orin2" score=300
2026-07-01 16:36:03.634 I0701 07:36:03.614981       1 schedule_one.go:745] "Plugin scored node for pod" pod="default/yolo-det-1" plugin="NodeAffinity" node="gpu-orin2" score=0
2026-07-01 16:36:03.636 I0701 07:36:03.614989       1 schedule_one.go:745] "Plugin scored node for pod" pod="default/yolo-det-1" plugin="NodeResourcesFit" node="gpu-orin2" score=84
2026-07-01 16:36:03.638 I0701 07:36:03.614995       1 schedule_one.go:745] "Plugin scored node for pod" pod="default/yolo-det-1" plugin="VolumeBinding" node="gpu-orin2" score=0
2026-07-01 16:36:03.640 I0701 07:36:03.615001       1 schedule_one.go:745] "Plugin scored node for pod" pod="default/yolo-det-1" plugin="NodeResourcesBalancedAllocation" node="gpu-orin2" score=99
2026-07-01 16:36:03.641 I0701 07:36:03.615007       1 schedule_one.go:745] "Plugin scored node for pod" pod="default/yolo-det-1" plugin="ImageLocality" node="gpu-orin2" score=0
2026-07-01 16:36:03.643 I0701 07:36:03.615013       1 schedule_one.go:745] "Plugin scored node for pod" pod="default/yolo-det-1" plugin="TaintToleration" node="gpu-orin3" score=300
2026-07-01 16:36:03.645 I0701 07:36:03.615020       1 schedule_one.go:745] "Plugin scored node for pod" pod="default/yolo-det-1" plugin="NodeAffinity" node="gpu-orin3" score=0
2026-07-01 16:36:03.646 I0701 07:36:03.615025       1 schedule_one.go:745] "Plugin scored node for pod" pod="default/yolo-det-1" plugin="NodeResourcesFit" node="gpu-orin3" score=82
2026-07-01 16:36:03.647 I0701 07:36:03.615031       1 schedule_one.go:745] "Plugin scored node for pod" pod="default/yolo-det-1" plugin="VolumeBinding" node="gpu-orin3" score=0
2026-07-01 16:36:03.648 I0701 07:36:03.615036       1 schedule_one.go:745] "Plugin scored node for pod" pod="default/yolo-det-1" plugin="NodeResourcesBalancedAllocation" node="gpu-orin3" score=99
2026-07-01 16:36:03.649 I0701 07:36:03.615044       1 schedule_one.go:745] "Plugin scored node for pod" pod="default/yolo-det-1" plugin="ImageLocality" node="gpu-orin3" score=0
2026-07-01 16:36:03.650 I0701 07:36:03.615049       1 schedule_one.go:745] "Plugin scored node for pod" pod="default/yolo-det-1" plugin="TaintToleration" node="gpuorin4-desktop" score=300
2026-07-01 16:36:03.651 I0701 07:36:03.615056       1 schedule_one.go:745] "Plugin scored node for pod" pod="default/yolo-det-1" plugin="NodeAffinity" node="gpuorin4-desktop" score=0
2026-07-01 16:36:03.651 I0701 07:36:03.615061       1 schedule_one.go:745] "Plugin scored node for pod" pod="default/yolo-det-1" plugin="NodeResourcesFit" node="gpuorin4-desktop" score=78
2026-07-01 16:36:03.652 I0701 07:36:03.615067       1 schedule_one.go:745] "Plugin scored node for pod" pod="default/yolo-det-1" plugin="VolumeBinding" node="gpuorin4-desktop" score=0
2026-07-01 16:36:03.653 I0701 07:36:03.615073       1 schedule_one.go:745] "Plugin scored node for pod" pod="default/yolo-det-1" plugin="NodeResourcesBalancedAllocation" node="gpuorin4-desktop" score=99
2026-07-01 16:36:03.653 I0701 07:36:03.615078       1 schedule_one.go:745] "Plugin scored node for pod" pod="default/yolo-det-1" plugin="ImageLocality" node="gpuorin4-desktop" score=0
2026-07-01 16:36:03.654 I0701 07:36:03.615083       1 schedule_one.go:745] "Plugin scored node for pod" pod="default/yolo-det-1" plugin="TaintToleration" node="gpuorin5-desktop" score=300
2026-07-01 16:36:03.655 I0701 07:36:03.615088       1 schedule_one.go:745] "Plugin scored node for pod" pod="default/yolo-det-1" plugin="NodeAffinity" node="gpuorin5-desktop" score=0
2026-07-01 16:36:03.655 I0701 07:36:03.615094       1 schedule_one.go:745] "Plugin scored node for pod" pod="default/yolo-det-1" plugin="NodeResourcesFit" node="gpuorin5-desktop" score=84
2026-07-01 16:36:03.656 I0701 07:36:03.615098       1 schedule_one.go:745] "Plugin scored node for pod" pod="default/yolo-det-1" plugin="VolumeBinding" node="gpuorin5-desktop" score=0
2026-07-01 16:36:03.657 I0701 07:36:03.615104       1 schedule_one.go:745] "Plugin scored node for pod" pod="default/yolo-det-1" plugin="NodeResourcesBalancedAllocation" node="gpuorin5-desktop" score=99
2026-07-01 16:36:03.657 I0701 07:36:03.615110       1 schedule_one.go:745] "Plugin scored node for pod" pod="default/yolo-det-1" plugin="ImageLocality" node="gpuorin5-desktop" score=0
2026-07-01 16:36:03.658 I0701 07:36:03.615117       1 schedule_one.go:812] "Calculated node's final score for pod" pod="default/yolo-det-1" node="gpu-orin2" score=483
2026-07-01 16:36:03.659 I0701 07:36:03.615124       1 schedule_one.go:812] "Calculated node's final score for pod" pod="default/yolo-det-1" node="gpu-orin3" score=481
2026-07-01 16:36:03.659 I0701 07:36:03.615130       1 schedule_one.go:812] "Calculated node's final score for pod" pod="default/yolo-det-1" node="gpuorin4-desktop" score=477
2026-07-01 16:36:03.660 I0701 07:36:03.615136       1 schedule_one.go:812] "Calculated node's final score for pod" pod="default/yolo-det-1" node="gpuorin5-desktop" score=483
2026-07-01 16:36:08.115 I0701 07:36:08.111154       1 resource_allocation.go:76] "Listed internal info for allocatable resources, requested resources and score" pod="default/yolo-seg-1" node="gpu-orin2" resourceAllocationScorer="LeastAllocated" allocatableResource=[6000,7885127680] requestedResource=[700,1468006400] resourceScore=84
2026-07-01 16:36:08.118 I0701 07:36:08.111191       1 resource_allocation.go:76] "Listed internal info for allocatable resources, requested resources and score" pod="default/yolo-seg-1" node="gpu-orin2" resourceAllocationScorer="NodeResourcesBalancedAllocation" allocatableResource=[6000,7885127680] requestedResource=[100,52428800] resourceScore=99
2026-07-01 16:36:08.121 I0701 07:36:08.111195       1 resource_allocation.go:76] "Listed internal info for allocatable resources, requested resources and score" pod="default/yolo-seg-1" node="gpu-orin3" resourceAllocationScorer="LeastAllocated" allocatableResource=[6000,7885152256] requestedResource=[800,1677721600] resourceScore=82
2026-07-01 16:36:08.124 I0701 07:36:08.111208       1 resource_allocation.go:76] "Listed internal info for allocatable resources, requested resources and score" pod="default/yolo-seg-1" node="gpuorin4-desktop" resourceAllocationScorer="LeastAllocated" allocatableResource=[6000,7885250560] requestedResource=[1000,2097152000] resourceScore=78
2026-07-01 16:36:08.127 I0701 07:36:08.111235       1 resource_allocation.go:76] "Listed internal info for allocatable resources, requested resources and score" pod="default/yolo-seg-1" node="gpuorin4-desktop" resourceAllocationScorer="NodeResourcesBalancedAllocation" allocatableResource=[6000,7885250560] requestedResource=[100,52428800] resourceScore=99
2026-07-01 16:36:08.129 I0701 07:36:08.111240       1 resource_allocation.go:76] "Listed internal info for allocatable resources, requested resources and score" pod="default/yolo-seg-1" node="gpu-orin3" resourceAllocationScorer="NodeResourcesBalancedAllocation" allocatableResource=[6000,7885152256] requestedResource=[100,52428800] resourceScore=99
2026-07-01 16:36:08.131 I0701 07:36:08.111257       1 resource_allocation.go:76] "Listed internal info for allocatable resources, requested resources and score" pod="default/yolo-seg-1" node="gpuorin5-desktop" resourceAllocationScorer="LeastAllocated" allocatableResource=[6000,7885127680] requestedResource=[800,1677721600] resourceScore=82
2026-07-01 16:36:08.133 I0701 07:36:08.111303       1 resource_allocation.go:76] "Listed internal info for allocatable resources, requested resources and score" pod="default/yolo-seg-1" node="gpuorin5-desktop" resourceAllocationScorer="NodeResourcesBalancedAllocation" allocatableResource=[6000,7885127680] requestedResource=[100,52428800] resourceScore=99
2026-07-01 16:36:08.135 I0701 07:36:08.111443       1 schedule_one.go:745] "Plugin scored node for pod" pod="default/yolo-seg-1" plugin="TaintToleration" node="gpu-orin2" score=300
2026-07-01 16:36:08.137 I0701 07:36:08.111467       1 schedule_one.go:745] "Plugin scored node for pod" pod="default/yolo-seg-1" plugin="NodeAffinity" node="gpu-orin2" score=0
2026-07-01 16:36:08.139 I0701 07:36:08.111478       1 schedule_one.go:745] "Plugin scored node for pod" pod="default/yolo-seg-1" plugin="NodeResourcesFit" node="gpu-orin2" score=84
2026-07-01 16:36:08.140 I0701 07:36:08.111487       1 schedule_one.go:745] "Plugin scored node for pod" pod="default/yolo-seg-1" plugin="VolumeBinding" node="gpu-orin2" score=0
2026-07-01 16:36:08.141 I0701 07:36:08.111496       1 schedule_one.go:745] "Plugin scored node for pod" pod="default/yolo-seg-1" plugin="NodeResourcesBalancedAllocation" node="gpu-orin2" score=99
2026-07-01 16:36:08.142 I0701 07:36:08.111504       1 schedule_one.go:745] "Plugin scored node for pod" pod="default/yolo-seg-1" plugin="ImageLocality" node="gpu-orin2" score=0
2026-07-01 16:36:08.142 I0701 07:36:08.111512       1 schedule_one.go:745] "Plugin scored node for pod" pod="default/yolo-seg-1" plugin="TaintToleration" node="gpu-orin3" score=300
2026-07-01 16:36:08.143 I0701 07:36:08.111520       1 schedule_one.go:745] "Plugin scored node for pod" pod="default/yolo-seg-1" plugin="NodeAffinity" node="gpu-orin3" score=0
2026-07-01 16:36:08.144 I0701 07:36:08.111527       1 schedule_one.go:745] "Plugin scored node for pod" pod="default/yolo-seg-1" plugin="NodeResourcesFit" node="gpu-orin3" score=82
2026-07-01 16:36:08.144 I0701 07:36:08.111538       1 schedule_one.go:745] "Plugin scored node for pod" pod="default/yolo-seg-1" plugin="VolumeBinding" node="gpu-orin3" score=0
2026-07-01 16:36:08.145 I0701 07:36:08.111548       1 schedule_one.go:745] "Plugin scored node for pod" pod="default/yolo-seg-1" plugin="NodeResourcesBalancedAllocation" node="gpu-orin3" score=99
2026-07-01 16:36:08.146 I0701 07:36:08.111556       1 schedule_one.go:745] "Plugin scored node for pod" pod="default/yolo-seg-1" plugin="ImageLocality" node="gpu-orin3" score=0
2026-07-01 16:36:08.146 I0701 07:36:08.111567       1 schedule_one.go:745] "Plugin scored node for pod" pod="default/yolo-seg-1" plugin="TaintToleration" node="gpuorin4-desktop" score=300
2026-07-01 16:36:08.147 I0701 07:36:08.111575       1 schedule_one.go:745] "Plugin scored node for pod" pod="default/yolo-seg-1" plugin="NodeAffinity" node="gpuorin4-desktop" score=0
2026-07-01 16:36:08.147 I0701 07:36:08.111583       1 schedule_one.go:745] "Plugin scored node for pod" pod="default/yolo-seg-1" plugin="NodeResourcesFit" node="gpuorin4-desktop" score=78
2026-07-01 16:36:08.148 I0701 07:36:08.111592       1 schedule_one.go:745] "Plugin scored node for pod" pod="default/yolo-seg-1" plugin="VolumeBinding" node="gpuorin4-desktop" score=0
2026-07-01 16:36:08.149 I0701 07:36:08.111603       1 schedule_one.go:745] "Plugin scored node for pod" pod="default/yolo-seg-1" plugin="NodeResourcesBalancedAllocation" node="gpuorin4-desktop" score=99
2026-07-01 16:36:08.150 I0701 07:36:08.111611       1 schedule_one.go:745] "Plugin scored node for pod" pod="default/yolo-seg-1" plugin="ImageLocality" node="gpuorin4-desktop" score=0
2026-07-01 16:36:08.150 I0701 07:36:08.111619       1 schedule_one.go:745] "Plugin scored node for pod" pod="default/yolo-seg-1" plugin="TaintToleration" node="gpuorin5-desktop" score=300
2026-07-01 16:36:08.151 I0701 07:36:08.111628       1 schedule_one.go:745] "Plugin scored node for pod" pod="default/yolo-seg-1" plugin="NodeAffinity" node="gpuorin5-desktop" score=0
2026-07-01 16:36:08.152 I0701 07:36:08.111635       1 schedule_one.go:745] "Plugin scored node for pod" pod="default/yolo-seg-1" plugin="NodeResourcesFit" node="gpuorin5-desktop" score=82
2026-07-01 16:36:08.153 I0701 07:36:08.111643       1 schedule_one.go:745] "Plugin scored node for pod" pod="default/yolo-seg-1" plugin="VolumeBinding" node="gpuorin5-desktop" score=0
2026-07-01 16:36:08.153 I0701 07:36:08.111651       1 schedule_one.go:745] "Plugin scored node for pod" pod="default/yolo-seg-1" plugin="NodeResourcesBalancedAllocation" node="gpuorin5-desktop" score=99
2026-07-01 16:36:08.154 I0701 07:36:08.111662       1 schedule_one.go:745] "Plugin scored node for pod" pod="default/yolo-seg-1" plugin="ImageLocality" node="gpuorin5-desktop" score=0
2026-07-01 16:36:08.155 I0701 07:36:08.111675       1 schedule_one.go:812] "Calculated node's final score for pod" pod="default/yolo-seg-1" node="gpu-orin2" score=483
2026-07-01 16:36:08.155 I0701 07:36:08.111689       1 schedule_one.go:812] "Calculated node's final score for pod" pod="default/yolo-seg-1" node="gpu-orin3" score=481
2026-07-01 16:36:08.156 I0701 07:36:08.111700       1 schedule_one.go:812] "Calculated node's final score for pod" pod="default/yolo-seg-1" node="gpuorin4-desktop" score=477
2026-07-01 16:36:08.156 I0701 07:36:08.111711       1 schedule_one.go:812] "Calculated node's final score for pod" pod="default/yolo-seg-1" node="gpuorin5-desktop" score=481
2026-07-01 16:36:11.998 I0701 07:36:11.994070       1 resource_allocation.go:76] "Listed internal info for allocatable resources, requested resources and score" pod="default/yolo-obb-1" node="gpu-orin3" resourceAllocationScorer="LeastAllocated" allocatableResource=[6000,7885152256] requestedResource=[800,1677721600] resourceScore=82
2026-07-01 16:36:12.000 I0701 07:36:11.994108       1 resource_allocation.go:76] "Listed internal info for allocatable resources, requested resources and score" pod="default/yolo-obb-1" node="gpu-orin3" resourceAllocationScorer="NodeResourcesBalancedAllocation" allocatableResource=[6000,7885152256] requestedResource=[100,52428800] resourceScore=99
2026-07-01 16:36:12.004 I0701 07:36:11.994112       1 resource_allocation.go:76] "Listed internal info for allocatable resources, requested resources and score" pod="default/yolo-obb-1" node="gpuorin5-desktop" resourceAllocationScorer="LeastAllocated" allocatableResource=[6000,7885127680] requestedResource=[800,1677721600] resourceScore=82
2026-07-01 16:36:12.007 I0701 07:36:11.994154       1 resource_allocation.go:76] "Listed internal info for allocatable resources, requested resources and score" pod="default/yolo-obb-1" node="gpuorin5-desktop" resourceAllocationScorer="NodeResourcesBalancedAllocation" allocatableResource=[6000,7885127680] requestedResource=[100,52428800] resourceScore=99
2026-07-01 16:36:12.009 I0701 07:36:11.994162       1 resource_allocation.go:76] "Listed internal info for allocatable resources, requested resources and score" pod="default/yolo-obb-1" node="gpuorin4-desktop" resourceAllocationScorer="LeastAllocated" allocatableResource=[6000,7885250560] requestedResource=[1000,2097152000] resourceScore=78
2026-07-01 16:36:12.012 I0701 07:36:11.994181       1 resource_allocation.go:76] "Listed internal info for allocatable resources, requested resources and score" pod="default/yolo-obb-1" node="gpu-orin2" resourceAllocationScorer="LeastAllocated" allocatableResource=[6000,7885127680] requestedResource=[800,1677721600] resourceScore=82
2026-07-01 16:36:12.014 I0701 07:36:11.994218       1 resource_allocation.go:76] "Listed internal info for allocatable resources, requested resources and score" pod="default/yolo-obb-1" node="gpuorin4-desktop" resourceAllocationScorer="NodeResourcesBalancedAllocation" allocatableResource=[6000,7885250560] requestedResource=[100,52428800] resourceScore=99
2026-07-01 16:36:12.016 I0701 07:36:11.994229       1 resource_allocation.go:76] "Listed internal info for allocatable resources, requested resources and score" pod="default/yolo-obb-1" node="gpu-orin2" resourceAllocationScorer="NodeResourcesBalancedAllocation" allocatableResource=[6000,7885127680] requestedResource=[100,52428800] resourceScore=99
2026-07-01 16:36:12.017 I0701 07:36:11.994372       1 schedule_one.go:745] "Plugin scored node for pod" pod="default/yolo-obb-1" plugin="TaintToleration" node="gpu-orin3" score=300
2026-07-01 16:36:12.019 I0701 07:36:11.994398       1 schedule_one.go:745] "Plugin scored node for pod" pod="default/yolo-obb-1" plugin="NodeAffinity" node="gpu-orin3" score=0
2026-07-01 16:36:12.020 I0701 07:36:11.994416       1 schedule_one.go:745] "Plugin scored node for pod" pod="default/yolo-obb-1" plugin="NodeResourcesFit" node="gpu-orin3" score=82
2026-07-01 16:36:12.021 I0701 07:36:11.994431       1 schedule_one.go:745] "Plugin scored node for pod" pod="default/yolo-obb-1" plugin="VolumeBinding" node="gpu-orin3" score=0
2026-07-01 16:36:12.022 I0701 07:36:11.994444       1 schedule_one.go:745] "Plugin scored node for pod" pod="default/yolo-obb-1" plugin="NodeResourcesBalancedAllocation" node="gpu-orin3" score=99
2026-07-01 16:36:12.023 I0701 07:36:11.994458       1 schedule_one.go:745] "Plugin scored node for pod" pod="default/yolo-obb-1" plugin="ImageLocality" node="gpu-orin3" score=0
2026-07-01 16:36:12.024 I0701 07:36:11.994471       1 schedule_one.go:745] "Plugin scored node for pod" pod="default/yolo-obb-1" plugin="TaintToleration" node="gpuorin5-desktop" score=300
2026-07-01 16:36:12.024 I0701 07:36:11.994483       1 schedule_one.go:745] "Plugin scored node for pod" pod="default/yolo-obb-1" plugin="NodeAffinity" node="gpuorin5-desktop" score=0
2026-07-01 16:36:12.025 I0701 07:36:11.994497       1 schedule_one.go:745] "Plugin scored node for pod" pod="default/yolo-obb-1" plugin="NodeResourcesFit" node="gpuorin5-desktop" score=82
2026-07-01 16:36:12.026 I0701 07:36:11.994509       1 schedule_one.go:745] "Plugin scored node for pod" pod="default/yolo-obb-1" plugin="VolumeBinding" node="gpuorin5-desktop" score=0
2026-07-01 16:36:12.026 I0701 07:36:11.994521       1 schedule_one.go:745] "Plugin scored node for pod" pod="default/yolo-obb-1" plugin="NodeResourcesBalancedAllocation" node="gpuorin5-desktop" score=99
2026-07-01 16:36:12.027 I0701 07:36:11.994535       1 schedule_one.go:745] "Plugin scored node for pod" pod="default/yolo-obb-1" plugin="ImageLocality" node="gpuorin5-desktop" score=0
2026-07-01 16:36:12.028 I0701 07:36:11.994546       1 schedule_one.go:745] "Plugin scored node for pod" pod="default/yolo-obb-1" plugin="TaintToleration" node="gpuorin4-desktop" score=300
2026-07-01 16:36:12.028 I0701 07:36:11.994558       1 schedule_one.go:745] "Plugin scored node for pod" pod="default/yolo-obb-1" plugin="NodeAffinity" node="gpuorin4-desktop" score=0
2026-07-01 16:36:12.029 I0701 07:36:11.994569       1 schedule_one.go:745] "Plugin scored node for pod" pod="default/yolo-obb-1" plugin="NodeResourcesFit" node="gpuorin4-desktop" score=78
2026-07-01 16:36:12.030 I0701 07:36:11.994582       1 schedule_one.go:745] "Plugin scored node for pod" pod="default/yolo-obb-1" plugin="VolumeBinding" node="gpuorin4-desktop" score=0
2026-07-01 16:36:12.031 I0701 07:36:11.994594       1 schedule_one.go:745] "Plugin scored node for pod" pod="default/yolo-obb-1" plugin="NodeResourcesBalancedAllocation" node="gpuorin4-desktop" score=99
2026-07-01 16:36:12.031 I0701 07:36:11.994605       1 schedule_one.go:745] "Plugin scored node for pod" pod="default/yolo-obb-1" plugin="ImageLocality" node="gpuorin4-desktop" score=0
2026-07-01 16:36:12.032 I0701 07:36:11.994616       1 schedule_one.go:745] "Plugin scored node for pod" pod="default/yolo-obb-1" plugin="TaintToleration" node="gpu-orin2" score=300
2026-07-01 16:36:12.033 I0701 07:36:11.994627       1 schedule_one.go:745] "Plugin scored node for pod" pod="default/yolo-obb-1" plugin="NodeAffinity" node="gpu-orin2" score=0
2026-07-01 16:36:12.033 I0701 07:36:11.994643       1 schedule_one.go:745] "Plugin scored node for pod" pod="default/yolo-obb-1" plugin="NodeResourcesFit" node="gpu-orin2" score=82
2026-07-01 16:36:12.034 I0701 07:36:11.994654       1 schedule_one.go:745] "Plugin scored node for pod" pod="default/yolo-obb-1" plugin="VolumeBinding" node="gpu-orin2" score=0
2026-07-01 16:36:12.035 I0701 07:36:11.994665       1 schedule_one.go:745] "Plugin scored node for pod" pod="default/yolo-obb-1" plugin="NodeResourcesBalancedAllocation" node="gpu-orin2" score=99
2026-07-01 16:36:12.035 I0701 07:36:11.994680       1 schedule_one.go:745] "Plugin scored node for pod" pod="default/yolo-obb-1" plugin="ImageLocality" node="gpu-orin2" score=0
2026-07-01 16:36:12.036 I0701 07:36:11.994696       1 schedule_one.go:812] "Calculated node's final score for pod" pod="default/yolo-obb-1" node="gpu-orin3" score=481
2026-07-01 16:36:12.037 I0701 07:36:11.994713       1 schedule_one.go:812] "Calculated node's final score for pod" pod="default/yolo-obb-1" node="gpuorin5-desktop" score=481
2026-07-01 16:36:12.037 I0701 07:36:11.994726       1 schedule_one.go:812] "Calculated node's final score for pod" pod="default/yolo-obb-1" node="gpuorin4-desktop" score=477
2026-07-01 16:36:12.038 I0701 07:36:11.994740       1 schedule_one.go:812] "Calculated node's final score for pod" pod="default/yolo-obb-1" node="gpu-orin2" score=481
2026-07-01 16:36:16.980 I0701 07:36:16.978412       1 resource_allocation.go:76] "Listed internal info for allocatable resources, requested resources and score" pod="default/yolo-pos-1" node="gpu-orin2" resourceAllocationScorer="LeastAllocated" allocatableResource=[6000,7885127680] requestedResource=[800,1677721600] resourceScore=82
2026-07-01 16:36:16.981 I0701 07:36:16.978428       1 resource_allocation.go:76] "Listed internal info for allocatable resources, requested resources and score" pod="default/yolo-pos-1" node="gpu-orin3" resourceAllocationScorer="LeastAllocated" allocatableResource=[6000,7885152256] requestedResource=[900,1887436800] resourceScore=80
2026-07-01 16:36:16.983 I0701 07:36:16.978432       1 resource_allocation.go:76] "Listed internal info for allocatable resources, requested resources and score" pod="default/yolo-pos-1" node="gpu-orin2" resourceAllocationScorer="NodeResourcesBalancedAllocation" allocatableResource=[6000,7885127680] requestedResource=[100,52428800] resourceScore=99
2026-07-01 16:36:16.985 I0701 07:36:16.978427       1 resource_allocation.go:76] "Listed internal info for allocatable resources, requested resources and score" pod="default/yolo-pos-1" node="gpuorin5-desktop" resourceAllocationScorer="LeastAllocated" allocatableResource=[6000,7885127680] requestedResource=[800,1677721600] resourceScore=82
2026-07-01 16:36:16.987 I0701 07:36:16.978447       1 resource_allocation.go:76] "Listed internal info for allocatable resources, requested resources and score" pod="default/yolo-pos-1" node="gpu-orin3" resourceAllocationScorer="NodeResourcesBalancedAllocation" allocatableResource=[6000,7885152256] requestedResource=[100,52428800] resourceScore=99
2026-07-01 16:36:16.988 I0701 07:36:16.978459       1 resource_allocation.go:76] "Listed internal info for allocatable resources, requested resources and score" pod="default/yolo-pos-1" node="gpuorin5-desktop" resourceAllocationScorer="NodeResourcesBalancedAllocation" allocatableResource=[6000,7885127680] requestedResource=[100,52428800] resourceScore=99
2026-07-01 16:36:16.989 I0701 07:36:16.978427       1 resource_allocation.go:76] "Listed internal info for allocatable resources, requested resources and score" pod="default/yolo-pos-1" node="gpuorin4-desktop" resourceAllocationScorer="LeastAllocated" allocatableResource=[6000,7885250560] requestedResource=[1000,2097152000] resourceScore=78
2026-07-01 16:36:16.990 I0701 07:36:16.978484       1 resource_allocation.go:76] "Listed internal info for allocatable resources, requested resources and score" pod="default/yolo-pos-1" node="gpuorin4-desktop" resourceAllocationScorer="NodeResourcesBalancedAllocation" allocatableResource=[6000,7885250560] requestedResource=[100,52428800] resourceScore=99
2026-07-01 16:36:16.991 I0701 07:36:16.978551       1 schedule_one.go:745] "Plugin scored node for pod" pod="default/yolo-pos-1" plugin="TaintToleration" node="gpu-orin2" score=300
2026-07-01 16:36:16.992 I0701 07:36:16.978564       1 schedule_one.go:745] "Plugin scored node for pod" pod="default/yolo-pos-1" plugin="NodeAffinity" node="gpu-orin2" score=0
2026-07-01 16:36:16.992 I0701 07:36:16.978571       1 schedule_one.go:745] "Plugin scored node for pod" pod="default/yolo-pos-1" plugin="NodeResourcesFit" node="gpu-orin2" score=82
2026-07-01 16:36:16.993 I0701 07:36:16.978577       1 schedule_one.go:745] "Plugin scored node for pod" pod="default/yolo-pos-1" plugin="VolumeBinding" node="gpu-orin2" score=0
2026-07-01 16:36:16.994 I0701 07:36:16.978585       1 schedule_one.go:745] "Plugin scored node for pod" pod="default/yolo-pos-1" plugin="NodeResourcesBalancedAllocation" node="gpu-orin2" score=99
2026-07-01 16:36:16.995 I0701 07:36:16.978591       1 schedule_one.go:745] "Plugin scored node for pod" pod="default/yolo-pos-1" plugin="ImageLocality" node="gpu-orin2" score=0
2026-07-01 16:36:16.995 I0701 07:36:16.978597       1 schedule_one.go:745] "Plugin scored node for pod" pod="default/yolo-pos-1" plugin="TaintToleration" node="gpuorin4-desktop" score=300
2026-07-01 16:36:16.996 I0701 07:36:16.978604       1 schedule_one.go:745] "Plugin scored node for pod" pod="default/yolo-pos-1" plugin="NodeAffinity" node="gpuorin4-desktop" score=0
2026-07-01 16:36:16.997 I0701 07:36:16.978610       1 schedule_one.go:745] "Plugin scored node for pod" pod="default/yolo-pos-1" plugin="NodeResourcesFit" node="gpuorin4-desktop" score=78
2026-07-01 16:36:16.997 I0701 07:36:16.978616       1 schedule_one.go:745] "Plugin scored node for pod" pod="default/yolo-pos-1" plugin="VolumeBinding" node="gpuorin4-desktop" score=0
2026-07-01 16:36:16.998 I0701 07:36:16.978623       1 schedule_one.go:745] "Plugin scored node for pod" pod="default/yolo-pos-1" plugin="NodeResourcesBalancedAllocation" node="gpuorin4-desktop" score=99
2026-07-01 16:36:16.998 I0701 07:36:16.978628       1 schedule_one.go:745] "Plugin scored node for pod" pod="default/yolo-pos-1" plugin="ImageLocality" node="gpuorin4-desktop" score=0
2026-07-01 16:36:16.999 I0701 07:36:16.978634       1 schedule_one.go:745] "Plugin scored node for pod" pod="default/yolo-pos-1" plugin="TaintToleration" node="gpuorin5-desktop" score=300
2026-07-01 16:36:17.000 I0701 07:36:16.978643       1 schedule_one.go:745] "Plugin scored node for pod" pod="default/yolo-pos-1" plugin="NodeAffinity" node="gpuorin5-desktop" score=0
2026-07-01 16:36:17.001 I0701 07:36:16.978649       1 schedule_one.go:745] "Plugin scored node for pod" pod="default/yolo-pos-1" plugin="NodeResourcesFit" node="gpuorin5-desktop" score=82
2026-07-01 16:36:17.001 I0701 07:36:16.978655       1 schedule_one.go:745] "Plugin scored node for pod" pod="default/yolo-pos-1" plugin="VolumeBinding" node="gpuorin5-desktop" score=0
2026-07-01 16:36:17.002 I0701 07:36:16.978661       1 schedule_one.go:745] "Plugin scored node for pod" pod="default/yolo-pos-1" plugin="NodeResourcesBalancedAllocation" node="gpuorin5-desktop" score=99
2026-07-01 16:36:17.003 I0701 07:36:16.978667       1 schedule_one.go:745] "Plugin scored node for pod" pod="default/yolo-pos-1" plugin="ImageLocality" node="gpuorin5-desktop" score=0
2026-07-01 16:36:17.003 I0701 07:36:16.978672       1 schedule_one.go:745] "Plugin scored node for pod" pod="default/yolo-pos-1" plugin="TaintToleration" node="gpu-orin3" score=300
2026-07-01 16:36:17.004 I0701 07:36:16.978678       1 schedule_one.go:745] "Plugin scored node for pod" pod="default/yolo-pos-1" plugin="NodeAffinity" node="gpu-orin3" score=0
2026-07-01 16:36:17.005 I0701 07:36:16.978683       1 schedule_one.go:745] "Plugin scored node for pod" pod="default/yolo-pos-1" plugin="NodeResourcesFit" node="gpu-orin3" score=80
2026-07-01 16:36:17.005 I0701 07:36:16.978689       1 schedule_one.go:745] "Plugin scored node for pod" pod="default/yolo-pos-1" plugin="VolumeBinding" node="gpu-orin3" score=0
2026-07-01 16:36:17.006 I0701 07:36:16.978695       1 schedule_one.go:745] "Plugin scored node for pod" pod="default/yolo-pos-1" plugin="NodeResourcesBalancedAllocation" node="gpu-orin3" score=99
2026-07-01 16:36:17.007 I0701 07:36:16.978701       1 schedule_one.go:745] "Plugin scored node for pod" pod="default/yolo-pos-1" plugin="ImageLocality" node="gpu-orin3" score=0
2026-07-01 16:36:17.008 I0701 07:36:16.978709       1 schedule_one.go:812] "Calculated node's final score for pod" pod="default/yolo-pos-1" node="gpu-orin2" score=481
2026-07-01 16:36:17.008 I0701 07:36:16.978717       1 schedule_one.go:812] "Calculated node's final score for pod" pod="default/yolo-pos-1" node="gpuorin4-desktop" score=477
2026-07-01 16:36:17.009 I0701 07:36:16.978723       1 schedule_one.go:812] "Calculated node's final score for pod" pod="default/yolo-pos-1" node="gpuorin5-desktop" score=481
2026-07-01 16:36:17.010 I0701 07:36:16.978730       1 schedule_one.go:812] "Calculated node's final score for pod" pod="default/yolo-pos-1" node="gpu-orin3" score=479
2026-07-01 16:36:20.959 I0701 07:36:20.958137       1 resource_allocation.go:76] "Listed internal info for allocatable resources, requested resources and score" pod="default/yolo-cls-2" node="gpuorin4-desktop" resourceAllocationScorer="LeastAllocated" allocatableResource=[6000,7885250560] requestedResource=[1000,2097152000] resourceScore=78
2026-07-01 16:36:20.960 I0701 07:36:20.958138       1 resource_allocation.go:76] "Listed internal info for allocatable resources, requested resources and score" pod="default/yolo-cls-2" node="gpuorin5-desktop" resourceAllocationScorer="LeastAllocated" allocatableResource=[6000,7885127680] requestedResource=[800,1677721600] resourceScore=82
2026-07-01 16:36:20.961 I0701 07:36:20.958146       1 resource_allocation.go:76] "Listed internal info for allocatable resources, requested resources and score" pod="default/yolo-cls-2" node="gpuorin4-desktop" resourceAllocationScorer="NodeResourcesBalancedAllocation" allocatableResource=[6000,7885250560] requestedResource=[100,52428800] resourceScore=99
2026-07-01 16:36:20.962 I0701 07:36:20.958150       1 resource_allocation.go:76] "Listed internal info for allocatable resources, requested resources and score" pod="default/yolo-cls-2" node="gpuorin5-desktop" resourceAllocationScorer="NodeResourcesBalancedAllocation" allocatableResource=[6000,7885127680] requestedResource=[100,52428800] resourceScore=99
2026-07-01 16:36:20.964 I0701 07:36:20.958151       1 resource_allocation.go:76] "Listed internal info for allocatable resources, requested resources and score" pod="default/yolo-cls-2" node="gpu-orin2" resourceAllocationScorer="LeastAllocated" allocatableResource=[6000,7885127680] requestedResource=[900,1887436800] resourceScore=80
2026-07-01 16:36:20.965 I0701 07:36:20.958160       1 resource_allocation.go:76] "Listed internal info for allocatable resources, requested resources and score" pod="default/yolo-cls-2" node="gpu-orin3" resourceAllocationScorer="LeastAllocated" allocatableResource=[6000,7885152256] requestedResource=[900,1887436800] resourceScore=80
2026-07-01 16:36:20.967 I0701 07:36:20.958169       1 resource_allocation.go:76] "Listed internal info for allocatable resources, requested resources and score" pod="default/yolo-cls-2" node="gpu-orin2" resourceAllocationScorer="NodeResourcesBalancedAllocation" allocatableResource=[6000,7885127680] requestedResource=[100,52428800] resourceScore=99
2026-07-01 16:36:20.968 I0701 07:36:20.958177       1 resource_allocation.go:76] "Listed internal info for allocatable resources, requested resources and score" pod="default/yolo-cls-2" node="gpu-orin3" resourceAllocationScorer="NodeResourcesBalancedAllocation" allocatableResource=[6000,7885152256] requestedResource=[100,52428800] resourceScore=99
2026-07-01 16:36:20.969 I0701 07:36:20.958234       1 schedule_one.go:745] "Plugin scored node for pod" pod="default/yolo-cls-2" plugin="TaintToleration" node="gpuorin4-desktop" score=300
2026-07-01 16:36:20.970 I0701 07:36:20.958244       1 schedule_one.go:745] "Plugin scored node for pod" pod="default/yolo-cls-2" plugin="NodeAffinity" node="gpuorin4-desktop" score=0
2026-07-01 16:36:20.971 I0701 07:36:20.958251       1 schedule_one.go:745] "Plugin scored node for pod" pod="default/yolo-cls-2" plugin="NodeResourcesFit" node="gpuorin4-desktop" score=78
2026-07-01 16:36:20.973 I0701 07:36:20.958257       1 schedule_one.go:745] "Plugin scored node for pod" pod="default/yolo-cls-2" plugin="VolumeBinding" node="gpuorin4-desktop" score=0
2026-07-01 16:36:20.973 I0701 07:36:20.958264       1 schedule_one.go:745] "Plugin scored node for pod" pod="default/yolo-cls-2" plugin="NodeResourcesBalancedAllocation" node="gpuorin4-desktop" score=99
2026-07-01 16:36:20.974 I0701 07:36:20.958269       1 schedule_one.go:745] "Plugin scored node for pod" pod="default/yolo-cls-2" plugin="ImageLocality" node="gpuorin4-desktop" score=0
2026-07-01 16:36:20.975 I0701 07:36:20.958274       1 schedule_one.go:745] "Plugin scored node for pod" pod="default/yolo-cls-2" plugin="TaintToleration" node="gpuorin5-desktop" score=300
2026-07-01 16:36:20.975 I0701 07:36:20.958277       1 schedule_one.go:745] "Plugin scored node for pod" pod="default/yolo-cls-2" plugin="NodeAffinity" node="gpuorin5-desktop" score=0
2026-07-01 16:36:20.976 I0701 07:36:20.958282       1 schedule_one.go:745] "Plugin scored node for pod" pod="default/yolo-cls-2" plugin="NodeResourcesFit" node="gpuorin5-desktop" score=82
2026-07-01 16:36:20.977 I0701 07:36:20.958285       1 schedule_one.go:745] "Plugin scored node for pod" pod="default/yolo-cls-2" plugin="VolumeBinding" node="gpuorin5-desktop" score=0
2026-07-01 16:36:20.978 I0701 07:36:20.958289       1 schedule_one.go:745] "Plugin scored node for pod" pod="default/yolo-cls-2" plugin="NodeResourcesBalancedAllocation" node="gpuorin5-desktop" score=99
2026-07-01 16:36:20.978 I0701 07:36:20.958292       1 schedule_one.go:745] "Plugin scored node for pod" pod="default/yolo-cls-2" plugin="ImageLocality" node="gpuorin5-desktop" score=0
2026-07-01 16:36:20.979 I0701 07:36:20.958299       1 schedule_one.go:745] "Plugin scored node for pod" pod="default/yolo-cls-2" plugin="TaintToleration" node="gpu-orin2" score=300
2026-07-01 16:36:20.980 I0701 07:36:20.958304       1 schedule_one.go:745] "Plugin scored node for pod" pod="default/yolo-cls-2" plugin="NodeAffinity" node="gpu-orin2" score=0
2026-07-01 16:36:20.981 I0701 07:36:20.958307       1 schedule_one.go:745] "Plugin scored node for pod" pod="default/yolo-cls-2" plugin="NodeResourcesFit" node="gpu-orin2" score=80
2026-07-01 16:36:20.982 I0701 07:36:20.958310       1 schedule_one.go:745] "Plugin scored node for pod" pod="default/yolo-cls-2" plugin="VolumeBinding" node="gpu-orin2" score=0
2026-07-01 16:36:20.982 I0701 07:36:20.958313       1 schedule_one.go:745] "Plugin scored node for pod" pod="default/yolo-cls-2" plugin="NodeResourcesBalancedAllocation" node="gpu-orin2" score=99
2026-07-01 16:36:20.983 I0701 07:36:20.958316       1 schedule_one.go:745] "Plugin scored node for pod" pod="default/yolo-cls-2" plugin="ImageLocality" node="gpu-orin2" score=0
2026-07-01 16:36:20.984 I0701 07:36:20.958319       1 schedule_one.go:745] "Plugin scored node for pod" pod="default/yolo-cls-2" plugin="TaintToleration" node="gpu-orin3" score=300
2026-07-01 16:36:20.984 I0701 07:36:20.958324       1 schedule_one.go:745] "Plugin scored node for pod" pod="default/yolo-cls-2" plugin="NodeAffinity" node="gpu-orin3" score=0
2026-07-01 16:36:20.985 I0701 07:36:20.958330       1 schedule_one.go:745] "Plugin scored node for pod" pod="default/yolo-cls-2" plugin="NodeResourcesFit" node="gpu-orin3" score=80
2026-07-01 16:36:20.986 I0701 07:36:20.958335       1 schedule_one.go:745] "Plugin scored node for pod" pod="default/yolo-cls-2" plugin="VolumeBinding" node="gpu-orin3" score=0
2026-07-01 16:36:20.986 I0701 07:36:20.958338       1 schedule_one.go:745] "Plugin scored node for pod" pod="default/yolo-cls-2" plugin="NodeResourcesBalancedAllocation" node="gpu-orin3" score=99
2026-07-01 16:36:20.987 I0701 07:36:20.958342       1 schedule_one.go:745] "Plugin scored node for pod" pod="default/yolo-cls-2" plugin="ImageLocality" node="gpu-orin3" score=0
2026-07-01 16:36:20.988 I0701 07:36:20.958347       1 schedule_one.go:812] "Calculated node's final score for pod" pod="default/yolo-cls-2" node="gpuorin4-desktop" score=477
2026-07-01 16:36:20.988 I0701 07:36:20.958351       1 schedule_one.go:812] "Calculated node's final score for pod" pod="default/yolo-cls-2" node="gpuorin5-desktop" score=481
2026-07-01 16:36:20.989 I0701 07:36:20.958354       1 schedule_one.go:812] "Calculated node's final score for pod" pod="default/yolo-cls-2" node="gpu-orin2" score=479
2026-07-01 16:36:20.990 I0701 07:36:20.958358       1 schedule_one.go:812] "Calculated node's final score for pod" pod="default/yolo-cls-2" node="gpu-orin3" score=479
2026-07-01 16:36:25.090 I0701 07:36:25.086591       1 resource_allocation.go:76] "Listed internal info for allocatable resources, requested resources and score" pod="default/yolo-det-2" node="gpu-orin2" resourceAllocationScorer="LeastAllocated" allocatableResource=[6000,7885127680] requestedResource=[900,1887436800] resourceScore=80
2026-07-01 16:36:25.092 I0701 07:36:25.086620       1 resource_allocation.go:76] "Listed internal info for allocatable resources, requested resources and score" pod="default/yolo-det-2" node="gpu-orin2" resourceAllocationScorer="NodeResourcesBalancedAllocation" allocatableResource=[6000,7885127680] requestedResource=[100,52428800] resourceScore=99
2026-07-01 16:36:25.095 I0701 07:36:25.086685       1 resource_allocation.go:76] "Listed internal info for allocatable resources, requested resources and score" pod="default/yolo-det-2" node="gpuorin5-desktop" resourceAllocationScorer="LeastAllocated" allocatableResource=[6000,7885127680] requestedResource=[900,1887436800] resourceScore=80
2026-07-01 16:36:25.098 I0701 07:36:25.086690       1 resource_allocation.go:76] "Listed internal info for allocatable resources, requested resources and score" pod="default/yolo-det-2" node="gpu-orin3" resourceAllocationScorer="LeastAllocated" allocatableResource=[6000,7885152256] requestedResource=[900,1887436800] resourceScore=80
2026-07-01 16:36:25.101 I0701 07:36:25.086693       1 resource_allocation.go:76] "Listed internal info for allocatable resources, requested resources and score" pod="default/yolo-det-2" node="gpuorin4-desktop" resourceAllocationScorer="LeastAllocated" allocatableResource=[6000,7885250560] requestedResource=[1000,2097152000] resourceScore=78
2026-07-01 16:36:25.104 I0701 07:36:25.086728       1 resource_allocation.go:76] "Listed internal info for allocatable resources, requested resources and score" pod="default/yolo-det-2" node="gpuorin5-desktop" resourceAllocationScorer="NodeResourcesBalancedAllocation" allocatableResource=[6000,7885127680] requestedResource=[100,52428800] resourceScore=99
2026-07-01 16:36:25.107 I0701 07:36:25.086747       1 resource_allocation.go:76] "Listed internal info for allocatable resources, requested resources and score" pod="default/yolo-det-2" node="gpu-orin3" resourceAllocationScorer="NodeResourcesBalancedAllocation" allocatableResource=[6000,7885152256] requestedResource=[100,52428800] resourceScore=99
2026-07-01 16:36:25.110 I0701 07:36:25.086751       1 resource_allocation.go:76] "Listed internal info for allocatable resources, requested resources and score" pod="default/yolo-det-2" node="gpuorin4-desktop" resourceAllocationScorer="NodeResourcesBalancedAllocation" allocatableResource=[6000,7885250560] requestedResource=[100,52428800] resourceScore=99
2026-07-01 16:36:25.112 I0701 07:36:25.086883       1 schedule_one.go:745] "Plugin scored node for pod" pod="default/yolo-det-2" plugin="TaintToleration" node="gpu-orin2" score=300
2026-07-01 16:36:25.113 I0701 07:36:25.086907       1 schedule_one.go:745] "Plugin scored node for pod" pod="default/yolo-det-2" plugin="NodeAffinity" node="gpu-orin2" score=0
2026-07-01 16:36:25.115 I0701 07:36:25.086920       1 schedule_one.go:745] "Plugin scored node for pod" pod="default/yolo-det-2" plugin="NodeResourcesFit" node="gpu-orin2" score=80
2026-07-01 16:36:25.117 I0701 07:36:25.086932       1 schedule_one.go:745] "Plugin scored node for pod" pod="default/yolo-det-2" plugin="VolumeBinding" node="gpu-orin2" score=0
2026-07-01 16:36:25.118 I0701 07:36:25.086942       1 schedule_one.go:745] "Plugin scored node for pod" pod="default/yolo-det-2" plugin="NodeResourcesBalancedAllocation" node="gpu-orin2" score=99
2026-07-01 16:36:25.120 I0701 07:36:25.086952       1 schedule_one.go:745] "Plugin scored node for pod" pod="default/yolo-det-2" plugin="ImageLocality" node="gpu-orin2" score=0
2026-07-01 16:36:25.121 I0701 07:36:25.086962       1 schedule_one.go:745] "Plugin scored node for pod" pod="default/yolo-det-2" plugin="TaintToleration" node="gpuorin4-desktop" score=300
2026-07-01 16:36:25.123 I0701 07:36:25.086972       1 schedule_one.go:745] "Plugin scored node for pod" pod="default/yolo-det-2" plugin="NodeAffinity" node="gpuorin4-desktop" score=0
2026-07-01 16:36:25.124 I0701 07:36:25.086983       1 schedule_one.go:745] "Plugin scored node for pod" pod="default/yolo-det-2" plugin="NodeResourcesFit" node="gpuorin4-desktop" score=78
2026-07-01 16:36:25.126 I0701 07:36:25.086992       1 schedule_one.go:745] "Plugin scored node for pod" pod="default/yolo-det-2" plugin="VolumeBinding" node="gpuorin4-desktop" score=0
2026-07-01 16:36:25.128 I0701 07:36:25.087002       1 schedule_one.go:745] "Plugin scored node for pod" pod="default/yolo-det-2" plugin="NodeResourcesBalancedAllocation" node="gpuorin4-desktop" score=99
2026-07-01 16:36:25.130 I0701 07:36:25.087013       1 schedule_one.go:745] "Plugin scored node for pod" pod="default/yolo-det-2" plugin="ImageLocality" node="gpuorin4-desktop" score=0
2026-07-01 16:36:25.132 I0701 07:36:25.087022       1 schedule_one.go:745] "Plugin scored node for pod" pod="default/yolo-det-2" plugin="TaintToleration" node="gpu-orin3" score=300
2026-07-01 16:36:25.133 I0701 07:36:25.087032       1 schedule_one.go:745] "Plugin scored node for pod" pod="default/yolo-det-2" plugin="NodeAffinity" node="gpu-orin3" score=0
2026-07-01 16:36:25.134 I0701 07:36:25.087045       1 schedule_one.go:745] "Plugin scored node for pod" pod="default/yolo-det-2" plugin="NodeResourcesFit" node="gpu-orin3" score=80
2026-07-01 16:36:25.136 I0701 07:36:25.087054       1 schedule_one.go:745] "Plugin scored node for pod" pod="default/yolo-det-2" plugin="VolumeBinding" node="gpu-orin3" score=0
2026-07-01 16:36:25.137 I0701 07:36:25.087064       1 schedule_one.go:745] "Plugin scored node for pod" pod="default/yolo-det-2" plugin="NodeResourcesBalancedAllocation" node="gpu-orin3" score=99
2026-07-01 16:36:25.137 I0701 07:36:25.087073       1 schedule_one.go:745] "Plugin scored node for pod" pod="default/yolo-det-2" plugin="ImageLocality" node="gpu-orin3" score=0
2026-07-01 16:36:25.138 I0701 07:36:25.087082       1 schedule_one.go:745] "Plugin scored node for pod" pod="default/yolo-det-2" plugin="TaintToleration" node="gpuorin5-desktop" score=300
2026-07-01 16:36:25.139 I0701 07:36:25.087091       1 schedule_one.go:745] "Plugin scored node for pod" pod="default/yolo-det-2" plugin="NodeAffinity" node="gpuorin5-desktop" score=0
2026-07-01 16:36:25.140 I0701 07:36:25.087100       1 schedule_one.go:745] "Plugin scored node for pod" pod="default/yolo-det-2" plugin="NodeResourcesFit" node="gpuorin5-desktop" score=80
2026-07-01 16:36:25.140 I0701 07:36:25.087112       1 schedule_one.go:745] "Plugin scored node for pod" pod="default/yolo-det-2" plugin="VolumeBinding" node="gpuorin5-desktop" score=0
2026-07-01 16:36:25.141 I0701 07:36:25.087121       1 schedule_one.go:745] "Plugin scored node for pod" pod="default/yolo-det-2" plugin="NodeResourcesBalancedAllocation" node="gpuorin5-desktop" score=99
2026-07-01 16:36:25.142 I0701 07:36:25.087130       1 schedule_one.go:745] "Plugin scored node for pod" pod="default/yolo-det-2" plugin="ImageLocality" node="gpuorin5-desktop" score=0
2026-07-01 16:36:25.142 I0701 07:36:25.087144       1 schedule_one.go:812] "Calculated node's final score for pod" pod="default/yolo-det-2" node="gpu-orin2" score=479
2026-07-01 16:36:25.143 I0701 07:36:25.087161       1 schedule_one.go:812] "Calculated node's final score for pod" pod="default/yolo-det-2" node="gpuorin4-desktop" score=477
2026-07-01 16:36:25.144 I0701 07:36:25.087198       1 schedule_one.go:812] "Calculated node's final score for pod" pod="default/yolo-det-2" node="gpu-orin3" score=479
2026-07-01 16:36:25.145 I0701 07:36:25.087221       1 schedule_one.go:812] "Calculated node's final score for pod" pod="default/yolo-det-2" node="gpuorin5-desktop" score=479
2026-07-01 16:36:29.962 I0701 07:36:29.959619       1 resource_allocation.go:76] "Listed internal info for allocatable resources, requested resources and score" pod="default/yolo-seg-2" node="gpu-orin2" resourceAllocationScorer="LeastAllocated" allocatableResource=[6000,7885127680] requestedResource=[900,1887436800] resourceScore=80
2026-07-01 16:36:29.965 I0701 07:36:29.959634       1 resource_allocation.go:76] "Listed internal info for allocatable resources, requested resources and score" pod="default/yolo-seg-2" node="gpuorin5-desktop" resourceAllocationScorer="LeastAllocated" allocatableResource=[6000,7885127680] requestedResource=[900,1887436800] resourceScore=80
2026-07-01 16:36:29.967 I0701 07:36:29.959661       1 resource_allocation.go:76] "Listed internal info for allocatable resources, requested resources and score" pod="default/yolo-seg-2" node="gpu-orin2" resourceAllocationScorer="NodeResourcesBalancedAllocation" allocatableResource=[6000,7885127680] requestedResource=[100,52428800] resourceScore=99
2026-07-01 16:36:29.970 I0701 07:36:29.959677       1 resource_allocation.go:76] "Listed internal info for allocatable resources, requested resources and score" pod="default/yolo-seg-2" node="gpuorin5-desktop" resourceAllocationScorer="NodeResourcesBalancedAllocation" allocatableResource=[6000,7885127680] requestedResource=[100,52428800] resourceScore=99
2026-07-01 16:36:29.973 I0701 07:36:29.959678       1 resource_allocation.go:76] "Listed internal info for allocatable resources, requested resources and score" pod="default/yolo-seg-2" node="gpu-orin3" resourceAllocationScorer="LeastAllocated" allocatableResource=[6000,7885152256] requestedResource=[1000,2097152000] resourceScore=78
2026-07-01 16:36:29.976 I0701 07:36:29.959700       1 resource_allocation.go:76] "Listed internal info for allocatable resources, requested resources and score" pod="default/yolo-seg-2" node="gpuorin4-desktop" resourceAllocationScorer="LeastAllocated" allocatableResource=[6000,7885250560] requestedResource=[1000,2097152000] resourceScore=78
2026-07-01 16:36:29.979 I0701 07:36:29.959735       1 resource_allocation.go:76] "Listed internal info for allocatable resources, requested resources and score" pod="default/yolo-seg-2" node="gpu-orin3" resourceAllocationScorer="NodeResourcesBalancedAllocation" allocatableResource=[6000,7885152256] requestedResource=[100,52428800] resourceScore=99
2026-07-01 16:36:29.982 I0701 07:36:29.959788       1 resource_allocation.go:76] "Listed internal info for allocatable resources, requested resources and score" pod="default/yolo-seg-2" node="gpuorin4-desktop" resourceAllocationScorer="NodeResourcesBalancedAllocation" allocatableResource=[6000,7885250560] requestedResource=[100,52428800] resourceScore=99
2026-07-01 16:36:29.985 I0701 07:36:29.959934       1 schedule_one.go:745] "Plugin scored node for pod" pod="default/yolo-seg-2" plugin="TaintToleration" node="gpu-orin2" score=300
2026-07-01 16:36:29.988 I0701 07:36:29.959970       1 schedule_one.go:745] "Plugin scored node for pod" pod="default/yolo-seg-2" plugin="NodeAffinity" node="gpu-orin2" score=0
2026-07-01 16:36:29.991 I0701 07:36:29.959986       1 schedule_one.go:745] "Plugin scored node for pod" pod="default/yolo-seg-2" plugin="NodeResourcesFit" node="gpu-orin2" score=80
2026-07-01 16:36:29.993 I0701 07:36:29.960000       1 schedule_one.go:745] "Plugin scored node for pod" pod="default/yolo-seg-2" plugin="VolumeBinding" node="gpu-orin2" score=0
2026-07-01 16:36:29.995 I0701 07:36:29.960013       1 schedule_one.go:745] "Plugin scored node for pod" pod="default/yolo-seg-2" plugin="NodeResourcesBalancedAllocation" node="gpu-orin2" score=99
2026-07-01 16:36:29.997 I0701 07:36:29.960025       1 schedule_one.go:745] "Plugin scored node for pod" pod="default/yolo-seg-2" plugin="ImageLocality" node="gpu-orin2" score=0
2026-07-01 16:36:29.998 I0701 07:36:29.960038       1 schedule_one.go:745] "Plugin scored node for pod" pod="default/yolo-seg-2" plugin="TaintToleration" node="gpuorin5-desktop" score=300
2026-07-01 16:36:29.999 I0701 07:36:29.960051       1 schedule_one.go:745] "Plugin scored node for pod" pod="default/yolo-seg-2" plugin="NodeAffinity" node="gpuorin5-desktop" score=0
2026-07-01 16:36:30.001 I0701 07:36:29.960064       1 schedule_one.go:745] "Plugin scored node for pod" pod="default/yolo-seg-2" plugin="NodeResourcesFit" node="gpuorin5-desktop" score=80
2026-07-01 16:36:30.002 I0701 07:36:29.960076       1 schedule_one.go:745] "Plugin scored node for pod" pod="default/yolo-seg-2" plugin="VolumeBinding" node="gpuorin5-desktop" score=0
2026-07-01 16:36:30.003 I0701 07:36:29.960088       1 schedule_one.go:745] "Plugin scored node for pod" pod="default/yolo-seg-2" plugin="NodeResourcesBalancedAllocation" node="gpuorin5-desktop" score=99
2026-07-01 16:36:30.004 I0701 07:36:29.960100       1 schedule_one.go:745] "Plugin scored node for pod" pod="default/yolo-seg-2" plugin="ImageLocality" node="gpuorin5-desktop" score=0
2026-07-01 16:36:30.005 I0701 07:36:29.960111       1 schedule_one.go:745] "Plugin scored node for pod" pod="default/yolo-seg-2" plugin="TaintToleration" node="gpu-orin3" score=300
2026-07-01 16:36:30.005 I0701 07:36:29.960122       1 schedule_one.go:745] "Plugin scored node for pod" pod="default/yolo-seg-2" plugin="NodeAffinity" node="gpu-orin3" score=0
2026-07-01 16:36:30.006 I0701 07:36:29.960134       1 schedule_one.go:745] "Plugin scored node for pod" pod="default/yolo-seg-2" plugin="NodeResourcesFit" node="gpu-orin3" score=78
2026-07-01 16:36:30.007 I0701 07:36:29.960148       1 schedule_one.go:745] "Plugin scored node for pod" pod="default/yolo-seg-2" plugin="VolumeBinding" node="gpu-orin3" score=0
2026-07-01 16:36:30.007 I0701 07:36:29.960163       1 schedule_one.go:745] "Plugin scored node for pod" pod="default/yolo-seg-2" plugin="NodeResourcesBalancedAllocation" node="gpu-orin3" score=99
2026-07-01 16:36:30.008 I0701 07:36:29.960176       1 schedule_one.go:745] "Plugin scored node for pod" pod="default/yolo-seg-2" plugin="ImageLocality" node="gpu-orin3" score=0
2026-07-01 16:36:30.009 I0701 07:36:29.960188       1 schedule_one.go:745] "Plugin scored node for pod" pod="default/yolo-seg-2" plugin="TaintToleration" node="gpuorin4-desktop" score=300
2026-07-01 16:36:30.009 I0701 07:36:29.960202       1 schedule_one.go:745] "Plugin scored node for pod" pod="default/yolo-seg-2" plugin="NodeAffinity" node="gpuorin4-desktop" score=0
2026-07-01 16:36:30.010 I0701 07:36:29.960214       1 schedule_one.go:745] "Plugin scored node for pod" pod="default/yolo-seg-2" plugin="NodeResourcesFit" node="gpuorin4-desktop" score=78
2026-07-01 16:36:30.010 I0701 07:36:29.960226       1 schedule_one.go:745] "Plugin scored node for pod" pod="default/yolo-seg-2" plugin="VolumeBinding" node="gpuorin4-desktop" score=0
2026-07-01 16:36:30.011 I0701 07:36:29.960243       1 schedule_one.go:745] "Plugin scored node for pod" pod="default/yolo-seg-2" plugin="NodeResourcesBalancedAllocation" node="gpuorin4-desktop" score=99
2026-07-01 16:36:30.012 I0701 07:36:29.960255       1 schedule_one.go:745] "Plugin scored node for pod" pod="default/yolo-seg-2" plugin="ImageLocality" node="gpuorin4-desktop" score=0
2026-07-01 16:36:30.012 I0701 07:36:29.960278       1 schedule_one.go:812] "Calculated node's final score for pod" pod="default/yolo-seg-2" node="gpu-orin2" score=479
2026-07-01 16:36:30.013 I0701 07:36:29.960294       1 schedule_one.go:812] "Calculated node's final score for pod" pod="default/yolo-seg-2" node="gpuorin5-desktop" score=479
2026-07-01 16:36:30.014 I0701 07:36:29.960310       1 schedule_one.go:812] "Calculated node's final score for pod" pod="default/yolo-seg-2" node="gpu-orin3" score=477
2026-07-01 16:36:30.014 I0701 07:36:29.960324       1 schedule_one.go:812] "Calculated node's final score for pod" pod="default/yolo-seg-2" node="gpuorin4-desktop" score=477
2026-07-01 16:36:33.940 I0701 07:36:33.936090       1 resource_allocation.go:76] "Listed internal info for allocatable resources, requested resources and score" pod="default/yolo-obb-2" node="gpu-orin2" resourceAllocationScorer="LeastAllocated" allocatableResource=[6000,7885127680] requestedResource=[1000,2097152000] resourceScore=78
2026-07-01 16:36:33.943 I0701 07:36:33.936106       1 resource_allocation.go:76] "Listed internal info for allocatable resources, requested resources and score" pod="default/yolo-obb-2" node="gpuorin5-desktop" resourceAllocationScorer="LeastAllocated" allocatableResource=[6000,7885127680] requestedResource=[900,1887436800] resourceScore=80
2026-07-01 16:36:33.947 I0701 07:36:33.936116       1 resource_allocation.go:76] "Listed internal info for allocatable resources, requested resources and score" pod="default/yolo-obb-2" node="gpu-orin2" resourceAllocationScorer="NodeResourcesBalancedAllocation" allocatableResource=[6000,7885127680] requestedResource=[100,52428800] resourceScore=99
2026-07-01 16:36:33.950 I0701 07:36:33.936126       1 resource_allocation.go:76] "Listed internal info for allocatable resources, requested resources and score" pod="default/yolo-obb-2" node="gpuorin4-desktop" resourceAllocationScorer="LeastAllocated" allocatableResource=[6000,7885250560] requestedResource=[1000,2097152000] resourceScore=78
2026-07-01 16:36:33.953 I0701 07:36:33.936157       1 resource_allocation.go:76] "Listed internal info for allocatable resources, requested resources and score" pod="default/yolo-obb-2" node="gpuorin5-desktop" resourceAllocationScorer="NodeResourcesBalancedAllocation" allocatableResource=[6000,7885127680] requestedResource=[100,52428800] resourceScore=99
2026-07-01 16:36:33.956 I0701 07:36:33.936150       1 resource_allocation.go:76] "Listed internal info for allocatable resources, requested resources and score" pod="default/yolo-obb-2" node="gpu-orin3" resourceAllocationScorer="LeastAllocated" allocatableResource=[6000,7885152256] requestedResource=[1000,2097152000] resourceScore=78
2026-07-01 16:36:33.960 I0701 07:36:33.936174       1 resource_allocation.go:76] "Listed internal info for allocatable resources, requested resources and score" pod="default/yolo-obb-2" node="gpuorin4-desktop" resourceAllocationScorer="NodeResourcesBalancedAllocation" allocatableResource=[6000,7885250560] requestedResource=[100,52428800] resourceScore=99
2026-07-01 16:36:33.963 I0701 07:36:33.936206       1 resource_allocation.go:76] "Listed internal info for allocatable resources, requested resources and score" pod="default/yolo-obb-2" node="gpu-orin3" resourceAllocationScorer="NodeResourcesBalancedAllocation" allocatableResource=[6000,7885152256] requestedResource=[100,52428800] resourceScore=99
2026-07-01 16:36:33.966 I0701 07:36:33.936359       1 schedule_one.go:745] "Plugin scored node for pod" pod="default/yolo-obb-2" plugin="TaintToleration" node="gpu-orin3" score=300
2026-07-01 16:36:33.968 I0701 07:36:33.936387       1 schedule_one.go:745] "Plugin scored node for pod" pod="default/yolo-obb-2" plugin="NodeAffinity" node="gpu-orin3" score=0
2026-07-01 16:36:33.970 I0701 07:36:33.936413       1 schedule_one.go:745] "Plugin scored node for pod" pod="default/yolo-obb-2" plugin="NodeResourcesFit" node="gpu-orin3" score=78
2026-07-01 16:36:33.972 I0701 07:36:33.936430       1 schedule_one.go:745] "Plugin scored node for pod" pod="default/yolo-obb-2" plugin="VolumeBinding" node="gpu-orin3" score=0
2026-07-01 16:36:33.973 I0701 07:36:33.936445       1 schedule_one.go:745] "Plugin scored node for pod" pod="default/yolo-obb-2" plugin="NodeResourcesBalancedAllocation" node="gpu-orin3" score=99
2026-07-01 16:36:33.974 I0701 07:36:33.936461       1 schedule_one.go:745] "Plugin scored node for pod" pod="default/yolo-obb-2" plugin="ImageLocality" node="gpu-orin3" score=0
2026-07-01 16:36:33.976 I0701 07:36:33.936478       1 schedule_one.go:745] "Plugin scored node for pod" pod="default/yolo-obb-2" plugin="TaintToleration" node="gpuorin5-desktop" score=300
2026-07-01 16:36:33.977 I0701 07:36:33.936490       1 schedule_one.go:745] "Plugin scored node for pod" pod="default/yolo-obb-2" plugin="NodeAffinity" node="gpuorin5-desktop" score=0
2026-07-01 16:36:33.979 I0701 07:36:33.936502       1 schedule_one.go:745] "Plugin scored node for pod" pod="default/yolo-obb-2" plugin="NodeResourcesFit" node="gpuorin5-desktop" score=80
2026-07-01 16:36:33.980 I0701 07:36:33.936514       1 schedule_one.go:745] "Plugin scored node for pod" pod="default/yolo-obb-2" plugin="VolumeBinding" node="gpuorin5-desktop" score=0
2026-07-01 16:36:33.981 I0701 07:36:33.936526       1 schedule_one.go:745] "Plugin scored node for pod" pod="default/yolo-obb-2" plugin="NodeResourcesBalancedAllocation" node="gpuorin5-desktop" score=99
2026-07-01 16:36:33.982 I0701 07:36:33.936541       1 schedule_one.go:745] "Plugin scored node for pod" pod="default/yolo-obb-2" plugin="ImageLocality" node="gpuorin5-desktop" score=0
2026-07-01 16:36:33.983 I0701 07:36:33.936553       1 schedule_one.go:745] "Plugin scored node for pod" pod="default/yolo-obb-2" plugin="TaintToleration" node="gpu-orin2" score=300
2026-07-01 16:36:33.984 I0701 07:36:33.936573       1 schedule_one.go:745] "Plugin scored node for pod" pod="default/yolo-obb-2" plugin="NodeAffinity" node="gpu-orin2" score=0
2026-07-01 16:36:33.985 I0701 07:36:33.936584       1 schedule_one.go:745] "Plugin scored node for pod" pod="default/yolo-obb-2" plugin="NodeResourcesFit" node="gpu-orin2" score=78
2026-07-01 16:36:33.986 I0701 07:36:33.936595       1 schedule_one.go:745] "Plugin scored node for pod" pod="default/yolo-obb-2" plugin="VolumeBinding" node="gpu-orin2" score=0
2026-07-01 16:36:33.986 I0701 07:36:33.936607       1 schedule_one.go:745] "Plugin scored node for pod" pod="default/yolo-obb-2" plugin="NodeResourcesBalancedAllocation" node="gpu-orin2" score=99
2026-07-01 16:36:33.987 I0701 07:36:33.936619       1 schedule_one.go:745] "Plugin scored node for pod" pod="default/yolo-obb-2" plugin="ImageLocality" node="gpu-orin2" score=0
2026-07-01 16:36:33.988 I0701 07:36:33.936631       1 schedule_one.go:745] "Plugin scored node for pod" pod="default/yolo-obb-2" plugin="TaintToleration" node="gpuorin4-desktop" score=300
2026-07-01 16:36:33.988 I0701 07:36:33.936649       1 schedule_one.go:745] "Plugin scored node for pod" pod="default/yolo-obb-2" plugin="NodeAffinity" node="gpuorin4-desktop" score=0
2026-07-01 16:36:33.989 I0701 07:36:33.936660       1 schedule_one.go:745] "Plugin scored node for pod" pod="default/yolo-obb-2" plugin="NodeResourcesFit" node="gpuorin4-desktop" score=78
2026-07-01 16:36:33.990 I0701 07:36:33.936672       1 schedule_one.go:745] "Plugin scored node for pod" pod="default/yolo-obb-2" plugin="VolumeBinding" node="gpuorin4-desktop" score=0
2026-07-01 16:36:33.990 I0701 07:36:33.936684       1 schedule_one.go:745] "Plugin scored node for pod" pod="default/yolo-obb-2" plugin="NodeResourcesBalancedAllocation" node="gpuorin4-desktop" score=99
2026-07-01 16:36:33.991 I0701 07:36:33.936699       1 schedule_one.go:745] "Plugin scored node for pod" pod="default/yolo-obb-2" plugin="ImageLocality" node="gpuorin4-desktop" score=0
2026-07-01 16:36:33.992 I0701 07:36:33.936716       1 schedule_one.go:812] "Calculated node's final score for pod" pod="default/yolo-obb-2" node="gpu-orin3" score=477
2026-07-01 16:36:33.992 I0701 07:36:33.936730       1 schedule_one.go:812] "Calculated node's final score for pod" pod="default/yolo-obb-2" node="gpuorin5-desktop" score=479
2026-07-01 16:36:33.993 I0701 07:36:33.936745       1 schedule_one.go:812] "Calculated node's final score for pod" pod="default/yolo-obb-2" node="gpu-orin2" score=477
2026-07-01 16:36:33.994 I0701 07:36:33.936759       1 schedule_one.go:812] "Calculated node's final score for pod" pod="default/yolo-obb-2" node="gpuorin4-desktop" score=477
2026-07-01 16:36:38.192 I0701 07:36:38.191015       1 resource_allocation.go:76] "Listed internal info for allocatable resources, requested resources and score" pod="default/yolo-pos-2" node="gpu-orin3" resourceAllocationScorer="LeastAllocated" allocatableResource=[6000,7885152256] requestedResource=[1000,2097152000] resourceScore=78
2026-07-01 16:36:38.193 I0701 07:36:38.191026       1 resource_allocation.go:76] "Listed internal info for allocatable resources, requested resources and score" pod="default/yolo-pos-2" node="gpu-orin3" resourceAllocationScorer="NodeResourcesBalancedAllocation" allocatableResource=[6000,7885152256] requestedResource=[100,52428800] resourceScore=99
2026-07-01 16:36:38.194 I0701 07:36:38.191029       1 resource_allocation.go:76] "Listed internal info for allocatable resources, requested resources and score" pod="default/yolo-pos-2" node="gpuorin5-desktop" resourceAllocationScorer="LeastAllocated" allocatableResource=[6000,7885127680] requestedResource=[1000,2097152000] resourceScore=78
2026-07-01 16:36:38.195 I0701 07:36:38.191039       1 resource_allocation.go:76] "Listed internal info for allocatable resources, requested resources and score" pod="default/yolo-pos-2" node="gpuorin4-desktop" resourceAllocationScorer="LeastAllocated" allocatableResource=[6000,7885250560] requestedResource=[1000,2097152000] resourceScore=78
2026-07-01 16:36:38.196 I0701 07:36:38.191043       1 resource_allocation.go:76] "Listed internal info for allocatable resources, requested resources and score" pod="default/yolo-pos-2" node="gpu-orin2" resourceAllocationScorer="LeastAllocated" allocatableResource=[6000,7885127680] requestedResource=[1000,2097152000] resourceScore=78
2026-07-01 16:36:38.197 I0701 07:36:38.191046       1 resource_allocation.go:76] "Listed internal info for allocatable resources, requested resources and score" pod="default/yolo-pos-2" node="gpuorin5-desktop" resourceAllocationScorer="NodeResourcesBalancedAllocation" allocatableResource=[6000,7885127680] requestedResource=[100,52428800] resourceScore=99
2026-07-01 16:36:38.198 I0701 07:36:38.191053       1 resource_allocation.go:76] "Listed internal info for allocatable resources, requested resources and score" pod="default/yolo-pos-2" node="gpuorin4-desktop" resourceAllocationScorer="NodeResourcesBalancedAllocation" allocatableResource=[6000,7885250560] requestedResource=[100,52428800] resourceScore=99
2026-07-01 16:36:38.199 I0701 07:36:38.191054       1 resource_allocation.go:76] "Listed internal info for allocatable resources, requested resources and score" pod="default/yolo-pos-2" node="gpu-orin2" resourceAllocationScorer="NodeResourcesBalancedAllocation" allocatableResource=[6000,7885127680] requestedResource=[100,52428800] resourceScore=99
2026-07-01 16:36:38.199 I0701 07:36:38.191087       1 schedule_one.go:745] "Plugin scored node for pod" pod="default/yolo-pos-2" plugin="TaintToleration" node="gpu-orin3" score=300
2026-07-01 16:36:38.200 I0701 07:36:38.191092       1 schedule_one.go:745] "Plugin scored node for pod" pod="default/yolo-pos-2" plugin="NodeAffinity" node="gpu-orin3" score=0
2026-07-01 16:36:38.201 I0701 07:36:38.191095       1 schedule_one.go:745] "Plugin scored node for pod" pod="default/yolo-pos-2" plugin="NodeResourcesFit" node="gpu-orin3" score=78
2026-07-01 16:36:38.202 I0701 07:36:38.191099       1 schedule_one.go:745] "Plugin scored node for pod" pod="default/yolo-pos-2" plugin="VolumeBinding" node="gpu-orin3" score=0
2026-07-01 16:36:38.202 I0701 07:36:38.191102       1 schedule_one.go:745] "Plugin scored node for pod" pod="default/yolo-pos-2" plugin="NodeResourcesBalancedAllocation" node="gpu-orin3" score=99
2026-07-01 16:36:38.203 I0701 07:36:38.191105       1 schedule_one.go:745] "Plugin scored node for pod" pod="default/yolo-pos-2" plugin="ImageLocality" node="gpu-orin3" score=0
2026-07-01 16:36:38.204 I0701 07:36:38.191108       1 schedule_one.go:745] "Plugin scored node for pod" pod="default/yolo-pos-2" plugin="TaintToleration" node="gpuorin5-desktop" score=300
2026-07-01 16:36:38.205 I0701 07:36:38.191111       1 schedule_one.go:745] "Plugin scored node for pod" pod="default/yolo-pos-2" plugin="NodeAffinity" node="gpuorin5-desktop" score=0
2026-07-01 16:36:38.205 I0701 07:36:38.191115       1 schedule_one.go:745] "Plugin scored node for pod" pod="default/yolo-pos-2" plugin="NodeResourcesFit" node="gpuorin5-desktop" score=78
2026-07-01 16:36:38.206 I0701 07:36:38.191118       1 schedule_one.go:745] "Plugin scored node for pod" pod="default/yolo-pos-2" plugin="VolumeBinding" node="gpuorin5-desktop" score=0
2026-07-01 16:36:38.207 I0701 07:36:38.191121       1 schedule_one.go:745] "Plugin scored node for pod" pod="default/yolo-pos-2" plugin="NodeResourcesBalancedAllocation" node="gpuorin5-desktop" score=99
2026-07-01 16:36:38.207 I0701 07:36:38.191124       1 schedule_one.go:745] "Plugin scored node for pod" pod="default/yolo-pos-2" plugin="ImageLocality" node="gpuorin5-desktop" score=0
2026-07-01 16:36:38.208 I0701 07:36:38.191127       1 schedule_one.go:745] "Plugin scored node for pod" pod="default/yolo-pos-2" plugin="TaintToleration" node="gpuorin4-desktop" score=300
2026-07-01 16:36:38.209 I0701 07:36:38.191130       1 schedule_one.go:745] "Plugin scored node for pod" pod="default/yolo-pos-2" plugin="NodeAffinity" node="gpuorin4-desktop" score=0
2026-07-01 16:36:38.209 I0701 07:36:38.191136       1 schedule_one.go:745] "Plugin scored node for pod" pod="default/yolo-pos-2" plugin="NodeResourcesFit" node="gpuorin4-desktop" score=78
2026-07-01 16:36:38.210 I0701 07:36:38.191139       1 schedule_one.go:745] "Plugin scored node for pod" pod="default/yolo-pos-2" plugin="VolumeBinding" node="gpuorin4-desktop" score=0
2026-07-01 16:36:38.211 I0701 07:36:38.191143       1 schedule_one.go:745] "Plugin scored node for pod" pod="default/yolo-pos-2" plugin="NodeResourcesBalancedAllocation" node="gpuorin4-desktop" score=99
2026-07-01 16:36:38.212 I0701 07:36:38.191146       1 schedule_one.go:745] "Plugin scored node for pod" pod="default/yolo-pos-2" plugin="ImageLocality" node="gpuorin4-desktop" score=0
2026-07-01 16:36:38.212 I0701 07:36:38.191149       1 schedule_one.go:745] "Plugin scored node for pod" pod="default/yolo-pos-2" plugin="TaintToleration" node="gpu-orin2" score=300
2026-07-01 16:36:38.213 I0701 07:36:38.191152       1 schedule_one.go:745] "Plugin scored node for pod" pod="default/yolo-pos-2" plugin="NodeAffinity" node="gpu-orin2" score=0
2026-07-01 16:36:38.214 I0701 07:36:38.191155       1 schedule_one.go:745] "Plugin scored node for pod" pod="default/yolo-pos-2" plugin="NodeResourcesFit" node="gpu-orin2" score=78
2026-07-01 16:36:38.214 I0701 07:36:38.191158       1 schedule_one.go:745] "Plugin scored node for pod" pod="default/yolo-pos-2" plugin="VolumeBinding" node="gpu-orin2" score=0
2026-07-01 16:36:38.215 I0701 07:36:38.191162       1 schedule_one.go:745] "Plugin scored node for pod" pod="default/yolo-pos-2" plugin="NodeResourcesBalancedAllocation" node="gpu-orin2" score=99
2026-07-01 16:36:38.216 I0701 07:36:38.191165       1 schedule_one.go:745] "Plugin scored node for pod" pod="default/yolo-pos-2" plugin="ImageLocality" node="gpu-orin2" score=0
2026-07-01 16:36:38.216 I0701 07:36:38.191169       1 schedule_one.go:812] "Calculated node's final score for pod" pod="default/yolo-pos-2" node="gpu-orin3" score=477
2026-07-01 16:36:38.217 I0701 07:36:38.191176       1 schedule_one.go:812] "Calculated node's final score for pod" pod="default/yolo-pos-2" node="gpuorin5-desktop" score=477
2026-07-01 16:36:38.218 I0701 07:36:38.191180       1 schedule_one.go:812] "Calculated node's final score for pod" pod="default/yolo-pos-2" node="gpuorin4-desktop" score=477
2026-07-01 16:36:38.218 I0701 07:36:38.191184       1 schedule_one.go:812] "Calculated node's final score for pod" pod="default/yolo-pos-2" node="gpu-orin2" score=477
