2026-07-01 17:14:36.684 I0701 08:05:12.685470       1 resource_allocation.go:76] "Listed internal info for allocatable resources, requested resources and score" pod="default/yolo-cls-1" node="gpuorin4-desktop" resourceAllocationScorer="LeastAllocated" allocatableResource=[6000,7885250560] requestedResource=[1000,2097152000] resourceScore=78
2026-07-01 17:14:36.685 I0701 08:05:12.685508       1 resource_allocation.go:76] "Listed internal info for allocatable resources, requested resources and score" pod="default/yolo-cls-1" node="gpuorin4-desktop" resourceAllocationScorer="NodeResourcesBalancedAllocation" allocatableResource=[6000,7885250560] requestedResource=[100,52428800] resourceScore=99
2026-07-01 17:14:36.685 I0701 08:05:12.685535       1 resource_allocation.go:76] "Listed internal info for allocatable resources, requested resources and score" pod="default/yolo-cls-1" node="gpu-orin2" resourceAllocationScorer="LeastAllocated" allocatableResource=[6000,7885127680] requestedResource=[700,1468006400] resourceScore=84
2026-07-01 17:14:36.686 I0701 08:05:12.685551       1 resource_allocation.go:76] "Listed internal info for allocatable resources, requested resources and score" pod="default/yolo-cls-1" node="gpu-orin2" resourceAllocationScorer="NodeResourcesBalancedAllocation" allocatableResource=[6000,7885127680] requestedResource=[100,52428800] resourceScore=99
2026-07-01 17:14:36.687 I0701 08:05:12.685553       1 resource_allocation.go:76] "Listed internal info for allocatable resources, requested resources and score" pod="default/yolo-cls-1" node="gpu-orin3" resourceAllocationScorer="LeastAllocated" allocatableResource=[6000,7885152256] requestedResource=[700,1468006400] resourceScore=84
2026-07-01 17:14:36.688 I0701 08:05:12.685575       1 resource_allocation.go:76] "Listed internal info for allocatable resources, requested resources and score" pod="default/yolo-cls-1" node="gpuorin5-desktop" resourceAllocationScorer="LeastAllocated" allocatableResource=[6000,7885127680] requestedResource=[700,1468006400] resourceScore=84
2026-07-01 17:14:36.688 I0701 08:05:12.685597       1 resource_allocation.go:76] "Listed internal info for allocatable resources, requested resources and score" pod="default/yolo-cls-1" node="gpu-orin3" resourceAllocationScorer="NodeResourcesBalancedAllocation" allocatableResource=[6000,7885152256] requestedResource=[100,52428800] resourceScore=99
2026-07-01 17:14:36.689 I0701 08:05:12.685595       1 resource_allocation.go:76] "Listed internal info for allocatable resources, requested resources and score" pod="default/yolo-cls-1" node="gpuorin5-desktop" resourceAllocationScorer="NodeResourcesBalancedAllocation" allocatableResource=[6000,7885127680] requestedResource=[100,52428800] resourceScore=99
2026-07-01 17:14:36.690 I0701 08:05:12.685694       1 schedule_one.go:745] "Plugin scored node for pod" pod="default/yolo-cls-1" plugin="TaintToleration" node="gpuorin4-desktop" score=300
2026-07-01 17:14:36.690 I0701 08:05:12.685713       1 schedule_one.go:745] "Plugin scored node for pod" pod="default/yolo-cls-1" plugin="NodeAffinity" node="gpuorin4-desktop" score=0
2026-07-01 17:14:36.691 I0701 08:05:12.685724       1 schedule_one.go:745] "Plugin scored node for pod" pod="default/yolo-cls-1" plugin="NodeResourcesFit" node="gpuorin4-desktop" score=78
2026-07-01 17:14:36.692 I0701 08:05:12.685735       1 schedule_one.go:745] "Plugin scored node for pod" pod="default/yolo-cls-1" plugin="VolumeBinding" node="gpuorin4-desktop" score=0
2026-07-01 17:14:36.692 I0701 08:05:12.685744       1 schedule_one.go:745] "Plugin scored node for pod" pod="default/yolo-cls-1" plugin="NodeResourcesBalancedAllocation" node="gpuorin4-desktop" score=99
2026-07-01 17:14:36.693 I0701 08:05:12.685754       1 schedule_one.go:745] "Plugin scored node for pod" pod="default/yolo-cls-1" plugin="ImageLocality" node="gpuorin4-desktop" score=0
2026-07-01 17:14:36.694 I0701 08:05:12.685776       1 schedule_one.go:745] "Plugin scored node for pod" pod="default/yolo-cls-1" plugin="TaintToleration" node="gpu-orin3" score=300
2026-07-01 17:14:36.695 I0701 08:05:12.685788       1 schedule_one.go:745] "Plugin scored node for pod" pod="default/yolo-cls-1" plugin="NodeAffinity" node="gpu-orin3" score=0
2026-07-01 17:14:36.695 I0701 08:05:12.685798       1 schedule_one.go:745] "Plugin scored node for pod" pod="default/yolo-cls-1" plugin="NodeResourcesFit" node="gpu-orin3" score=84
2026-07-01 17:14:36.696 I0701 08:05:12.685807       1 schedule_one.go:745] "Plugin scored node for pod" pod="default/yolo-cls-1" plugin="VolumeBinding" node="gpu-orin3" score=0
2026-07-01 17:14:36.697 I0701 08:05:12.685817       1 schedule_one.go:745] "Plugin scored node for pod" pod="default/yolo-cls-1" plugin="NodeResourcesBalancedAllocation" node="gpu-orin3" score=99
2026-07-01 17:14:36.697 I0701 08:05:12.685826       1 schedule_one.go:745] "Plugin scored node for pod" pod="default/yolo-cls-1" plugin="ImageLocality" node="gpu-orin3" score=0
2026-07-01 17:14:36.698 I0701 08:05:12.685836       1 schedule_one.go:745] "Plugin scored node for pod" pod="default/yolo-cls-1" plugin="TaintToleration" node="gpu-orin2" score=300
2026-07-01 17:14:36.699 I0701 08:05:12.685846       1 schedule_one.go:745] "Plugin scored node for pod" pod="default/yolo-cls-1" plugin="NodeAffinity" node="gpu-orin2" score=0
2026-07-01 17:14:36.699 I0701 08:05:12.685857       1 schedule_one.go:745] "Plugin scored node for pod" pod="default/yolo-cls-1" plugin="NodeResourcesFit" node="gpu-orin2" score=84
2026-07-01 17:14:36.700 I0701 08:05:12.685865       1 schedule_one.go:745] "Plugin scored node for pod" pod="default/yolo-cls-1" plugin="VolumeBinding" node="gpu-orin2" score=0
2026-07-01 17:14:36.701 I0701 08:05:12.685873       1 schedule_one.go:745] "Plugin scored node for pod" pod="default/yolo-cls-1" plugin="NodeResourcesBalancedAllocation" node="gpu-orin2" score=99
2026-07-01 17:14:36.701 I0701 08:05:12.685884       1 schedule_one.go:745] "Plugin scored node for pod" pod="default/yolo-cls-1" plugin="ImageLocality" node="gpu-orin2" score=0
2026-07-01 17:14:36.702 I0701 08:05:12.685892       1 schedule_one.go:745] "Plugin scored node for pod" pod="default/yolo-cls-1" plugin="TaintToleration" node="gpuorin5-desktop" score=300
2026-07-01 17:14:36.703 I0701 08:05:12.685902       1 schedule_one.go:745] "Plugin scored node for pod" pod="default/yolo-cls-1" plugin="NodeAffinity" node="gpuorin5-desktop" score=0
2026-07-01 17:14:36.704 I0701 08:05:12.685911       1 schedule_one.go:745] "Plugin scored node for pod" pod="default/yolo-cls-1" plugin="NodeResourcesFit" node="gpuorin5-desktop" score=84
2026-07-01 17:14:36.704 I0701 08:05:12.685921       1 schedule_one.go:745] "Plugin scored node for pod" pod="default/yolo-cls-1" plugin="VolumeBinding" node="gpuorin5-desktop" score=0
2026-07-01 17:14:36.705 I0701 08:05:12.685930       1 schedule_one.go:745] "Plugin scored node for pod" pod="default/yolo-cls-1" plugin="NodeResourcesBalancedAllocation" node="gpuorin5-desktop" score=99
2026-07-01 17:14:36.706 I0701 08:05:12.685940       1 schedule_one.go:745] "Plugin scored node for pod" pod="default/yolo-cls-1" plugin="ImageLocality" node="gpuorin5-desktop" score=0
2026-07-01 17:14:36.706 I0701 08:05:12.685958       1 schedule_one.go:812] "Calculated node's final score for pod" pod="default/yolo-cls-1" node="gpuorin4-desktop" score=477
2026-07-01 17:14:36.707 I0701 08:05:12.685971       1 schedule_one.go:812] "Calculated node's final score for pod" pod="default/yolo-cls-1" node="gpu-orin3" score=483
2026-07-01 17:14:36.708 I0701 08:05:12.685982       1 schedule_one.go:812] "Calculated node's final score for pod" pod="default/yolo-cls-1" node="gpu-orin2" score=483
2026-07-01 17:14:36.708 I0701 08:05:12.685992       1 schedule_one.go:812] "Calculated node's final score for pod" pod="default/yolo-cls-1" node="gpuorin5-desktop" score=483
2026-07-01 17:14:36.709 I0701 08:05:16.639457       1 resource_allocation.go:76] "Listed internal info for allocatable resources, requested resources and score" pod="default/yolo-det-1" node="gpu-orin2" resourceAllocationScorer="LeastAllocated" allocatableResource=[6000,7885127680] requestedResource=[800,1677721600] resourceScore=82
2026-07-01 17:14:36.710 I0701 08:05:16.639457       1 resource_allocation.go:76] "Listed internal info for allocatable resources, requested resources and score" pod="default/yolo-det-1" node="gpuorin5-desktop" resourceAllocationScorer="LeastAllocated" allocatableResource=[6000,7885127680] requestedResource=[700,1468006400] resourceScore=84
2026-07-01 17:14:36.711 I0701 08:05:16.639465       1 resource_allocation.go:76] "Listed internal info for allocatable resources, requested resources and score" pod="default/yolo-det-1" node="gpuorin4-desktop" resourceAllocationScorer="LeastAllocated" allocatableResource=[6000,7885250560] requestedResource=[1000,2097152000] resourceScore=78
2026-07-01 17:14:36.711 I0701 08:05:16.639472       1 resource_allocation.go:76] "Listed internal info for allocatable resources, requested resources and score" pod="default/yolo-det-1" node="gpu-orin2" resourceAllocationScorer="NodeResourcesBalancedAllocation" allocatableResource=[6000,7885127680] requestedResource=[100,52428800] resourceScore=99
2026-07-01 17:14:36.712 I0701 08:05:16.639480       1 resource_allocation.go:76] "Listed internal info for allocatable resources, requested resources and score" pod="default/yolo-det-1" node="gpuorin5-desktop" resourceAllocationScorer="NodeResourcesBalancedAllocation" allocatableResource=[6000,7885127680] requestedResource=[100,52428800] resourceScore=99
2026-07-01 17:14:36.713 I0701 08:05:16.639489       1 resource_allocation.go:76] "Listed internal info for allocatable resources, requested resources and score" pod="default/yolo-det-1" node="gpuorin4-desktop" resourceAllocationScorer="NodeResourcesBalancedAllocation" allocatableResource=[6000,7885250560] requestedResource=[100,52428800] resourceScore=99
2026-07-01 17:14:36.714 I0701 08:05:16.639492       1 resource_allocation.go:76] "Listed internal info for allocatable resources, requested resources and score" pod="default/yolo-det-1" node="gpu-orin3" resourceAllocationScorer="LeastAllocated" allocatableResource=[6000,7885152256] requestedResource=[700,1468006400] resourceScore=84
2026-07-01 17:14:36.715 I0701 08:05:16.639512       1 resource_allocation.go:76] "Listed internal info for allocatable resources, requested resources and score" pod="default/yolo-det-1" node="gpu-orin3" resourceAllocationScorer="NodeResourcesBalancedAllocation" allocatableResource=[6000,7885152256] requestedResource=[100,52428800] resourceScore=99
2026-07-01 17:14:36.715 I0701 08:05:16.639578       1 schedule_one.go:745] "Plugin scored node for pod" pod="default/yolo-det-1" plugin="TaintToleration" node="gpu-orin2" score=300
2026-07-01 17:14:36.716 I0701 08:05:16.639589       1 schedule_one.go:745] "Plugin scored node for pod" pod="default/yolo-det-1" plugin="NodeAffinity" node="gpu-orin2" score=0
2026-07-01 17:14:36.717 I0701 08:05:16.639595       1 schedule_one.go:745] "Plugin scored node for pod" pod="default/yolo-det-1" plugin="NodeResourcesFit" node="gpu-orin2" score=82
2026-07-01 17:14:36.717 I0701 08:05:16.639600       1 schedule_one.go:745] "Plugin scored node for pod" pod="default/yolo-det-1" plugin="VolumeBinding" node="gpu-orin2" score=0
2026-07-01 17:14:36.718 I0701 08:05:16.639604       1 schedule_one.go:745] "Plugin scored node for pod" pod="default/yolo-det-1" plugin="NodeResourcesBalancedAllocation" node="gpu-orin2" score=99
2026-07-01 17:14:36.719 I0701 08:05:16.639608       1 schedule_one.go:745] "Plugin scored node for pod" pod="default/yolo-det-1" plugin="ImageLocality" node="gpu-orin2" score=0
2026-07-01 17:14:36.719 I0701 08:05:16.639613       1 schedule_one.go:745] "Plugin scored node for pod" pod="default/yolo-det-1" plugin="TaintToleration" node="gpuorin5-desktop" score=300
2026-07-01 17:14:36.720 I0701 08:05:16.639617       1 schedule_one.go:745] "Plugin scored node for pod" pod="default/yolo-det-1" plugin="NodeAffinity" node="gpuorin5-desktop" score=0
2026-07-01 17:14:36.721 I0701 08:05:16.639621       1 schedule_one.go:745] "Plugin scored node for pod" pod="default/yolo-det-1" plugin="NodeResourcesFit" node="gpuorin5-desktop" score=84
2026-07-01 17:14:36.722 I0701 08:05:16.639626       1 schedule_one.go:745] "Plugin scored node for pod" pod="default/yolo-det-1" plugin="VolumeBinding" node="gpuorin5-desktop" score=0
2026-07-01 17:14:36.722 I0701 08:05:16.639630       1 schedule_one.go:745] "Plugin scored node for pod" pod="default/yolo-det-1" plugin="NodeResourcesBalancedAllocation" node="gpuorin5-desktop" score=99
2026-07-01 17:14:36.723 I0701 08:05:16.639637       1 schedule_one.go:745] "Plugin scored node for pod" pod="default/yolo-det-1" plugin="ImageLocality" node="gpuorin5-desktop" score=0
2026-07-01 17:14:36.724 I0701 08:05:16.639641       1 schedule_one.go:745] "Plugin scored node for pod" pod="default/yolo-det-1" plugin="TaintToleration" node="gpuorin4-desktop" score=300
2026-07-01 17:14:36.724 I0701 08:05:16.639647       1 schedule_one.go:745] "Plugin scored node for pod" pod="default/yolo-det-1" plugin="NodeAffinity" node="gpuorin4-desktop" score=0
2026-07-01 17:14:36.725 I0701 08:05:16.639651       1 schedule_one.go:745] "Plugin scored node for pod" pod="default/yolo-det-1" plugin="NodeResourcesFit" node="gpuorin4-desktop" score=78
2026-07-01 17:14:36.726 I0701 08:05:16.639655       1 schedule_one.go:745] "Plugin scored node for pod" pod="default/yolo-det-1" plugin="VolumeBinding" node="gpuorin4-desktop" score=0
2026-07-01 17:14:36.727 I0701 08:05:16.639660       1 schedule_one.go:745] "Plugin scored node for pod" pod="default/yolo-det-1" plugin="NodeResourcesBalancedAllocation" node="gpuorin4-desktop" score=99
2026-07-01 17:14:36.727 I0701 08:05:16.639664       1 schedule_one.go:745] "Plugin scored node for pod" pod="default/yolo-det-1" plugin="ImageLocality" node="gpuorin4-desktop" score=0
2026-07-01 17:14:36.728 I0701 08:05:16.639669       1 schedule_one.go:745] "Plugin scored node for pod" pod="default/yolo-det-1" plugin="TaintToleration" node="gpu-orin3" score=300
2026-07-01 17:14:36.729 I0701 08:05:16.639673       1 schedule_one.go:745] "Plugin scored node for pod" pod="default/yolo-det-1" plugin="NodeAffinity" node="gpu-orin3" score=0
2026-07-01 17:14:36.730 I0701 08:05:16.639677       1 schedule_one.go:745] "Plugin scored node for pod" pod="default/yolo-det-1" plugin="NodeResourcesFit" node="gpu-orin3" score=84
2026-07-01 17:14:36.730 I0701 08:05:16.639681       1 schedule_one.go:745] "Plugin scored node for pod" pod="default/yolo-det-1" plugin="VolumeBinding" node="gpu-orin3" score=0
2026-07-01 17:14:36.731 I0701 08:05:16.639686       1 schedule_one.go:745] "Plugin scored node for pod" pod="default/yolo-det-1" plugin="NodeResourcesBalancedAllocation" node="gpu-orin3" score=99
2026-07-01 17:14:36.732 I0701 08:05:16.639690       1 schedule_one.go:745] "Plugin scored node for pod" pod="default/yolo-det-1" plugin="ImageLocality" node="gpu-orin3" score=0
2026-07-01 17:14:36.732 I0701 08:05:16.639697       1 schedule_one.go:812] "Calculated node's final score for pod" pod="default/yolo-det-1" node="gpu-orin2" score=481
2026-07-01 17:14:36.733 I0701 08:05:16.639704       1 schedule_one.go:812] "Calculated node's final score for pod" pod="default/yolo-det-1" node="gpuorin5-desktop" score=483
2026-07-01 17:14:36.734 I0701 08:05:16.639710       1 schedule_one.go:812] "Calculated node's final score for pod" pod="default/yolo-det-1" node="gpuorin4-desktop" score=477
2026-07-01 17:14:36.734 I0701 08:05:16.639720       1 schedule_one.go:812] "Calculated node's final score for pod" pod="default/yolo-det-1" node="gpu-orin3" score=483
2026-07-01 17:14:36.735 I0701 08:05:20.747330       1 resource_allocation.go:76] "Listed internal info for allocatable resources, requested resources and score" pod="default/yolo-seg-1" node="gpu-orin3" resourceAllocationScorer="LeastAllocated" allocatableResource=[6000,7885152256] requestedResource=[800,1677721600] resourceScore=82
2026-07-01 17:14:36.736 I0701 08:05:20.747331       1 resource_allocation.go:76] "Listed internal info for allocatable resources, requested resources and score" pod="default/yolo-seg-1" node="gpuorin4-desktop" resourceAllocationScorer="LeastAllocated" allocatableResource=[6000,7885250560] requestedResource=[1000,2097152000] resourceScore=78
2026-07-01 17:14:36.737 I0701 08:05:20.747340       1 resource_allocation.go:76] "Listed internal info for allocatable resources, requested resources and score" pod="default/yolo-seg-1" node="gpu-orin2" resourceAllocationScorer="LeastAllocated" allocatableResource=[6000,7885127680] requestedResource=[800,1677721600] resourceScore=82
2026-07-01 17:14:36.737 I0701 08:05:20.747343       1 resource_allocation.go:76] "Listed internal info for allocatable resources, requested resources and score" pod="default/yolo-seg-1" node="gpu-orin3" resourceAllocationScorer="NodeResourcesBalancedAllocation" allocatableResource=[6000,7885152256] requestedResource=[100,52428800] resourceScore=99
2026-07-01 17:14:36.738 I0701 08:05:20.747349       1 resource_allocation.go:76] "Listed internal info for allocatable resources, requested resources and score" pod="default/yolo-seg-1" node="gpuorin4-desktop" resourceAllocationScorer="NodeResourcesBalancedAllocation" allocatableResource=[6000,7885250560] requestedResource=[100,52428800] resourceScore=99
2026-07-01 17:14:36.739 I0701 08:05:20.747357       1 resource_allocation.go:76] "Listed internal info for allocatable resources, requested resources and score" pod="default/yolo-seg-1" node="gpu-orin2" resourceAllocationScorer="NodeResourcesBalancedAllocation" allocatableResource=[6000,7885127680] requestedResource=[100,52428800] resourceScore=99
2026-07-01 17:14:36.740 I0701 08:05:20.747330       1 resource_allocation.go:76] "Listed internal info for allocatable resources, requested resources and score" pod="default/yolo-seg-1" node="gpuorin5-desktop" resourceAllocationScorer="LeastAllocated" allocatableResource=[6000,7885127680] requestedResource=[700,1468006400] resourceScore=84
2026-07-01 17:14:36.740 I0701 08:05:20.747369       1 resource_allocation.go:76] "Listed internal info for allocatable resources, requested resources and score" pod="default/yolo-seg-1" node="gpuorin5-desktop" resourceAllocationScorer="NodeResourcesBalancedAllocation" allocatableResource=[6000,7885127680] requestedResource=[100,52428800] resourceScore=99
2026-07-01 17:14:36.741 I0701 08:05:20.747403       1 schedule_one.go:745] "Plugin scored node for pod" pod="default/yolo-seg-1" plugin="TaintToleration" node="gpuorin5-desktop" score=300
2026-07-01 17:14:36.742 I0701 08:05:20.747411       1 schedule_one.go:745] "Plugin scored node for pod" pod="default/yolo-seg-1" plugin="NodeAffinity" node="gpuorin5-desktop" score=0
2026-07-01 17:14:36.742 I0701 08:05:20.747416       1 schedule_one.go:745] "Plugin scored node for pod" pod="default/yolo-seg-1" plugin="NodeResourcesFit" node="gpuorin5-desktop" score=84
2026-07-01 17:14:36.743 I0701 08:05:20.747420       1 schedule_one.go:745] "Plugin scored node for pod" pod="default/yolo-seg-1" plugin="VolumeBinding" node="gpuorin5-desktop" score=0
2026-07-01 17:14:36.744 I0701 08:05:20.747424       1 schedule_one.go:745] "Plugin scored node for pod" pod="default/yolo-seg-1" plugin="NodeResourcesBalancedAllocation" node="gpuorin5-desktop" score=99
2026-07-01 17:14:36.744 I0701 08:05:20.747428       1 schedule_one.go:745] "Plugin scored node for pod" pod="default/yolo-seg-1" plugin="ImageLocality" node="gpuorin5-desktop" score=0
2026-07-01 17:14:36.745 I0701 08:05:20.747431       1 schedule_one.go:745] "Plugin scored node for pod" pod="default/yolo-seg-1" plugin="TaintToleration" node="gpu-orin3" score=300
2026-07-01 17:14:36.746 I0701 08:05:20.747437       1 schedule_one.go:745] "Plugin scored node for pod" pod="default/yolo-seg-1" plugin="NodeAffinity" node="gpu-orin3" score=0
2026-07-01 17:14:36.746 I0701 08:05:20.747440       1 schedule_one.go:745] "Plugin scored node for pod" pod="default/yolo-seg-1" plugin="NodeResourcesFit" node="gpu-orin3" score=82
2026-07-01 17:14:36.747 I0701 08:05:20.747444       1 schedule_one.go:745] "Plugin scored node for pod" pod="default/yolo-seg-1" plugin="VolumeBinding" node="gpu-orin3" score=0
2026-07-01 17:14:36.748 I0701 08:05:20.747448       1 schedule_one.go:745] "Plugin scored node for pod" pod="default/yolo-seg-1" plugin="NodeResourcesBalancedAllocation" node="gpu-orin3" score=99
2026-07-01 17:14:36.749 I0701 08:05:20.747452       1 schedule_one.go:745] "Plugin scored node for pod" pod="default/yolo-seg-1" plugin="ImageLocality" node="gpu-orin3" score=0
2026-07-01 17:14:36.749 I0701 08:05:20.747456       1 schedule_one.go:745] "Plugin scored node for pod" pod="default/yolo-seg-1" plugin="TaintToleration" node="gpuorin4-desktop" score=300
2026-07-01 17:14:36.750 I0701 08:05:20.747460       1 schedule_one.go:745] "Plugin scored node for pod" pod="default/yolo-seg-1" plugin="NodeAffinity" node="gpuorin4-desktop" score=0
2026-07-01 17:14:36.751 I0701 08:05:20.747464       1 schedule_one.go:745] "Plugin scored node for pod" pod="default/yolo-seg-1" plugin="NodeResourcesFit" node="gpuorin4-desktop" score=78
2026-07-01 17:14:36.751 I0701 08:05:20.747468       1 schedule_one.go:745] "Plugin scored node for pod" pod="default/yolo-seg-1" plugin="VolumeBinding" node="gpuorin4-desktop" score=0
2026-07-01 17:14:36.752 I0701 08:05:20.747472       1 schedule_one.go:745] "Plugin scored node for pod" pod="default/yolo-seg-1" plugin="NodeResourcesBalancedAllocation" node="gpuorin4-desktop" score=99
2026-07-01 17:14:36.753 I0701 08:05:20.747475       1 schedule_one.go:745] "Plugin scored node for pod" pod="default/yolo-seg-1" plugin="ImageLocality" node="gpuorin4-desktop" score=0
2026-07-01 17:14:36.753 I0701 08:05:20.747480       1 schedule_one.go:745] "Plugin scored node for pod" pod="default/yolo-seg-1" plugin="TaintToleration" node="gpu-orin2" score=300
2026-07-01 17:14:36.754 I0701 08:05:20.747484       1 schedule_one.go:745] "Plugin scored node for pod" pod="default/yolo-seg-1" plugin="NodeAffinity" node="gpu-orin2" score=0
2026-07-01 17:14:36.755 I0701 08:05:20.747488       1 schedule_one.go:745] "Plugin scored node for pod" pod="default/yolo-seg-1" plugin="NodeResourcesFit" node="gpu-orin2" score=82
2026-07-01 17:14:36.756 I0701 08:05:20.747491       1 schedule_one.go:745] "Plugin scored node for pod" pod="default/yolo-seg-1" plugin="VolumeBinding" node="gpu-orin2" score=0
2026-07-01 17:14:36.756 I0701 08:05:20.747496       1 schedule_one.go:745] "Plugin scored node for pod" pod="default/yolo-seg-1" plugin="NodeResourcesBalancedAllocation" node="gpu-orin2" score=99
2026-07-01 17:14:36.757 I0701 08:05:20.747502       1 schedule_one.go:745] "Plugin scored node for pod" pod="default/yolo-seg-1" plugin="ImageLocality" node="gpu-orin2" score=0
2026-07-01 17:14:36.758 I0701 08:05:20.747508       1 schedule_one.go:812] "Calculated node's final score for pod" pod="default/yolo-seg-1" node="gpuorin5-desktop" score=483
2026-07-01 17:14:36.758 I0701 08:05:20.747513       1 schedule_one.go:812] "Calculated node's final score for pod" pod="default/yolo-seg-1" node="gpu-orin3" score=481
2026-07-01 17:14:36.759 I0701 08:05:20.747518       1 schedule_one.go:812] "Calculated node's final score for pod" pod="default/yolo-seg-1" node="gpuorin4-desktop" score=477
2026-07-01 17:14:36.760 I0701 08:05:20.747523       1 schedule_one.go:812] "Calculated node's final score for pod" pod="default/yolo-seg-1" node="gpu-orin2" score=481
2026-07-01 17:14:36.760 I0701 08:05:24.392210       1 resource_allocation.go:76] "Listed internal info for allocatable resources, requested resources and score" pod="default/yolo-obb-1" node="gpu-orin2" resourceAllocationScorer="LeastAllocated" allocatableResource=[6000,7885127680] requestedResource=[800,1677721600] resourceScore=82
2026-07-01 17:14:36.761 I0701 08:05:24.392238       1 resource_allocation.go:76] "Listed internal info for allocatable resources, requested resources and score" pod="default/yolo-obb-1" node="gpu-orin2" resourceAllocationScorer="NodeResourcesBalancedAllocation" allocatableResource=[6000,7885127680] requestedResource=[100,52428800] resourceScore=99
2026-07-01 17:14:36.762 I0701 08:05:24.392244       1 resource_allocation.go:76] "Listed internal info for allocatable resources, requested resources and score" pod="default/yolo-obb-1" node="gpuorin4-desktop" resourceAllocationScorer="LeastAllocated" allocatableResource=[6000,7885250560] requestedResource=[1000,2097152000] resourceScore=78
2026-07-01 17:14:36.762 I0701 08:05:24.392270       1 resource_allocation.go:76] "Listed internal info for allocatable resources, requested resources and score" pod="default/yolo-obb-1" node="gpuorin4-desktop" resourceAllocationScorer="NodeResourcesBalancedAllocation" allocatableResource=[6000,7885250560] requestedResource=[100,52428800] resourceScore=99
2026-07-01 17:14:36.763 I0701 08:05:24.392276       1 resource_allocation.go:76] "Listed internal info for allocatable resources, requested resources and score" pod="default/yolo-obb-1" node="gpu-orin3" resourceAllocationScorer="LeastAllocated" allocatableResource=[6000,7885152256] requestedResource=[800,1677721600] resourceScore=82
2026-07-01 17:14:36.764 I0701 08:05:24.392294       1 resource_allocation.go:76] "Listed internal info for allocatable resources, requested resources and score" pod="default/yolo-obb-1" node="gpuorin5-desktop" resourceAllocationScorer="LeastAllocated" allocatableResource=[6000,7885127680] requestedResource=[800,1677721600] resourceScore=82
2026-07-01 17:14:36.765 I0701 08:05:24.392325       1 resource_allocation.go:76] "Listed internal info for allocatable resources, requested resources and score" pod="default/yolo-obb-1" node="gpu-orin3" resourceAllocationScorer="NodeResourcesBalancedAllocation" allocatableResource=[6000,7885152256] requestedResource=[100,52428800] resourceScore=99
2026-07-01 17:14:36.765 I0701 08:05:24.392341       1 resource_allocation.go:76] "Listed internal info for allocatable resources, requested resources and score" pod="default/yolo-obb-1" node="gpuorin5-desktop" resourceAllocationScorer="NodeResourcesBalancedAllocation" allocatableResource=[6000,7885127680] requestedResource=[100,52428800] resourceScore=99
2026-07-01 17:14:36.766 I0701 08:05:24.392472       1 schedule_one.go:745] "Plugin scored node for pod" pod="default/yolo-obb-1" plugin="TaintToleration" node="gpu-orin2" score=300
2026-07-01 17:14:36.766 I0701 08:05:24.392502       1 schedule_one.go:745] "Plugin scored node for pod" pod="default/yolo-obb-1" plugin="NodeAffinity" node="gpu-orin2" score=0
2026-07-01 17:14:36.767 I0701 08:05:24.392518       1 schedule_one.go:745] "Plugin scored node for pod" pod="default/yolo-obb-1" plugin="NodeResourcesFit" node="gpu-orin2" score=82
2026-07-01 17:14:36.768 I0701 08:05:24.392532       1 schedule_one.go:745] "Plugin scored node for pod" pod="default/yolo-obb-1" plugin="VolumeBinding" node="gpu-orin2" score=0
2026-07-01 17:14:36.769 I0701 08:05:24.392548       1 schedule_one.go:745] "Plugin scored node for pod" pod="default/yolo-obb-1" plugin="NodeResourcesBalancedAllocation" node="gpu-orin2" score=99
2026-07-01 17:14:36.769 I0701 08:05:24.392571       1 schedule_one.go:745] "Plugin scored node for pod" pod="default/yolo-obb-1" plugin="ImageLocality" node="gpu-orin2" score=0
2026-07-01 17:14:36.770 I0701 08:05:24.392588       1 schedule_one.go:745] "Plugin scored node for pod" pod="default/yolo-obb-1" plugin="TaintToleration" node="gpu-orin3" score=300
2026-07-01 17:14:36.771 I0701 08:05:24.392600       1 schedule_one.go:745] "Plugin scored node for pod" pod="default/yolo-obb-1" plugin="NodeAffinity" node="gpu-orin3" score=0
2026-07-01 17:14:36.771 I0701 08:05:24.392612       1 schedule_one.go:745] "Plugin scored node for pod" pod="default/yolo-obb-1" plugin="NodeResourcesFit" node="gpu-orin3" score=82
2026-07-01 17:14:36.772 I0701 08:05:24.392629       1 schedule_one.go:745] "Plugin scored node for pod" pod="default/yolo-obb-1" plugin="VolumeBinding" node="gpu-orin3" score=0
2026-07-01 17:14:36.772 I0701 08:05:24.392641       1 schedule_one.go:745] "Plugin scored node for pod" pod="default/yolo-obb-1" plugin="NodeResourcesBalancedAllocation" node="gpu-orin3" score=99
2026-07-01 17:14:36.773 I0701 08:05:24.392653       1 schedule_one.go:745] "Plugin scored node for pod" pod="default/yolo-obb-1" plugin="ImageLocality" node="gpu-orin3" score=0
2026-07-01 17:14:36.774 I0701 08:05:24.392667       1 schedule_one.go:745] "Plugin scored node for pod" pod="default/yolo-obb-1" plugin="TaintToleration" node="gpuorin4-desktop" score=300
2026-07-01 17:14:36.775 I0701 08:05:24.392683       1 schedule_one.go:745] "Plugin scored node for pod" pod="default/yolo-obb-1" plugin="NodeAffinity" node="gpuorin4-desktop" score=0
2026-07-01 17:14:36.775 I0701 08:05:24.392699       1 schedule_one.go:745] "Plugin scored node for pod" pod="default/yolo-obb-1" plugin="NodeResourcesFit" node="gpuorin4-desktop" score=78
2026-07-01 17:14:36.776 I0701 08:05:24.392711       1 schedule_one.go:745] "Plugin scored node for pod" pod="default/yolo-obb-1" plugin="VolumeBinding" node="gpuorin4-desktop" score=0
2026-07-01 17:14:36.777 I0701 08:05:24.392726       1 schedule_one.go:745] "Plugin scored node for pod" pod="default/yolo-obb-1" plugin="NodeResourcesBalancedAllocation" node="gpuorin4-desktop" score=99
2026-07-01 17:14:36.777 I0701 08:05:24.392737       1 schedule_one.go:745] "Plugin scored node for pod" pod="default/yolo-obb-1" plugin="ImageLocality" node="gpuorin4-desktop" score=0
2026-07-01 17:14:36.778 I0701 08:05:24.392750       1 schedule_one.go:745] "Plugin scored node for pod" pod="default/yolo-obb-1" plugin="TaintToleration" node="gpuorin5-desktop" score=300
2026-07-01 17:14:36.778 I0701 08:05:24.392762       1 schedule_one.go:745] "Plugin scored node for pod" pod="default/yolo-obb-1" plugin="NodeAffinity" node="gpuorin5-desktop" score=0
2026-07-01 17:14:36.779 I0701 08:05:24.392796       1 schedule_one.go:745] "Plugin scored node for pod" pod="default/yolo-obb-1" plugin="NodeResourcesFit" node="gpuorin5-desktop" score=82
2026-07-01 17:14:36.779 I0701 08:05:24.392812       1 schedule_one.go:745] "Plugin scored node for pod" pod="default/yolo-obb-1" plugin="VolumeBinding" node="gpuorin5-desktop" score=0
2026-07-01 17:14:36.780 I0701 08:05:24.392825       1 schedule_one.go:745] "Plugin scored node for pod" pod="default/yolo-obb-1" plugin="NodeResourcesBalancedAllocation" node="gpuorin5-desktop" score=99
2026-07-01 17:14:36.781 I0701 08:05:24.392836       1 schedule_one.go:745] "Plugin scored node for pod" pod="default/yolo-obb-1" plugin="ImageLocality" node="gpuorin5-desktop" score=0
2026-07-01 17:14:36.782 I0701 08:05:24.392853       1 schedule_one.go:812] "Calculated node's final score for pod" pod="default/yolo-obb-1" node="gpu-orin2" score=481
2026-07-01 17:14:36.782 I0701 08:05:24.392868       1 schedule_one.go:812] "Calculated node's final score for pod" pod="default/yolo-obb-1" node="gpu-orin3" score=481
2026-07-01 17:14:36.783 I0701 08:05:24.392883       1 schedule_one.go:812] "Calculated node's final score for pod" pod="default/yolo-obb-1" node="gpuorin4-desktop" score=477
2026-07-01 17:14:36.784 I0701 08:05:24.392902       1 schedule_one.go:812] "Calculated node's final score for pod" pod="default/yolo-obb-1" node="gpuorin5-desktop" score=481
2026-07-01 17:14:36.784 I0701 08:05:28.786214       1 resource_allocation.go:76] "Listed internal info for allocatable resources, requested resources and score" pod="default/yolo-pos-1" node="gpu-orin2" resourceAllocationScorer="LeastAllocated" allocatableResource=[6000,7885127680] requestedResource=[800,1677721600] resourceScore=82
2026-07-01 17:14:36.785 I0701 08:05:28.786240       1 resource_allocation.go:76] "Listed internal info for allocatable resources, requested resources and score" pod="default/yolo-pos-1" node="gpuorin5-desktop" resourceAllocationScorer="LeastAllocated" allocatableResource=[6000,7885127680] requestedResource=[800,1677721600] resourceScore=82
2026-07-01 17:14:36.786 I0701 08:05:28.786246       1 resource_allocation.go:76] "Listed internal info for allocatable resources, requested resources and score" pod="default/yolo-pos-1" node="gpuorin4-desktop" resourceAllocationScorer="LeastAllocated" allocatableResource=[6000,7885250560] requestedResource=[1000,2097152000] resourceScore=78
2026-07-01 17:14:36.786 I0701 08:05:28.786255       1 resource_allocation.go:76] "Listed internal info for allocatable resources, requested resources and score" pod="default/yolo-pos-1" node="gpu-orin2" resourceAllocationScorer="NodeResourcesBalancedAllocation" allocatableResource=[6000,7885127680] requestedResource=[100,52428800] resourceScore=99
2026-07-01 17:14:36.787 I0701 08:05:28.786266       1 resource_allocation.go:76] "Listed internal info for allocatable resources, requested resources and score" pod="default/yolo-pos-1" node="gpuorin5-desktop" resourceAllocationScorer="NodeResourcesBalancedAllocation" allocatableResource=[6000,7885127680] requestedResource=[100,52428800] resourceScore=99
2026-07-01 17:14:36.788 I0701 08:05:28.786270       1 resource_allocation.go:76] "Listed internal info for allocatable resources, requested resources and score" pod="default/yolo-pos-1" node="gpu-orin3" resourceAllocationScorer="LeastAllocated" allocatableResource=[6000,7885152256] requestedResource=[900,1887436800] resourceScore=80
2026-07-01 17:14:36.789 I0701 08:05:28.786295       1 resource_allocation.go:76] "Listed internal info for allocatable resources, requested resources and score" pod="default/yolo-pos-1" node="gpuorin4-desktop" resourceAllocationScorer="NodeResourcesBalancedAllocation" allocatableResource=[6000,7885250560] requestedResource=[100,52428800] resourceScore=99
2026-07-01 17:14:36.789 I0701 08:05:28.786329       1 resource_allocation.go:76] "Listed internal info for allocatable resources, requested resources and score" pod="default/yolo-pos-1" node="gpu-orin3" resourceAllocationScorer="NodeResourcesBalancedAllocation" allocatableResource=[6000,7885152256] requestedResource=[100,52428800] resourceScore=99
2026-07-01 17:14:36.790 I0701 08:05:28.786451       1 schedule_one.go:745] "Plugin scored node for pod" pod="default/yolo-pos-1" plugin="TaintToleration" node="gpu-orin2" score=300
2026-07-01 17:14:36.791 I0701 08:05:28.786476       1 schedule_one.go:745] "Plugin scored node for pod" pod="default/yolo-pos-1" plugin="NodeAffinity" node="gpu-orin2" score=0
2026-07-01 17:14:36.791 I0701 08:05:28.786495       1 schedule_one.go:745] "Plugin scored node for pod" pod="default/yolo-pos-1" plugin="NodeResourcesFit" node="gpu-orin2" score=82
2026-07-01 17:14:36.792 I0701 08:05:28.786508       1 schedule_one.go:745] "Plugin scored node for pod" pod="default/yolo-pos-1" plugin="VolumeBinding" node="gpu-orin2" score=0
2026-07-01 17:14:36.793 I0701 08:05:28.786522       1 schedule_one.go:745] "Plugin scored node for pod" pod="default/yolo-pos-1" plugin="NodeResourcesBalancedAllocation" node="gpu-orin2" score=99
2026-07-01 17:14:36.793 I0701 08:05:28.786542       1 schedule_one.go:745] "Plugin scored node for pod" pod="default/yolo-pos-1" plugin="ImageLocality" node="gpu-orin2" score=0
2026-07-01 17:14:36.794 I0701 08:05:28.786555       1 schedule_one.go:745] "Plugin scored node for pod" pod="default/yolo-pos-1" plugin="TaintToleration" node="gpuorin4-desktop" score=300
2026-07-01 17:14:36.795 I0701 08:05:28.786573       1 schedule_one.go:745] "Plugin scored node for pod" pod="default/yolo-pos-1" plugin="NodeAffinity" node="gpuorin4-desktop" score=0
2026-07-01 17:14:36.795 I0701 08:05:28.786585       1 schedule_one.go:745] "Plugin scored node for pod" pod="default/yolo-pos-1" plugin="NodeResourcesFit" node="gpuorin4-desktop" score=78
2026-07-01 17:14:36.796 I0701 08:05:28.786596       1 schedule_one.go:745] "Plugin scored node for pod" pod="default/yolo-pos-1" plugin="VolumeBinding" node="gpuorin4-desktop" score=0
2026-07-01 17:14:36.797 I0701 08:05:28.786607       1 schedule_one.go:745] "Plugin scored node for pod" pod="default/yolo-pos-1" plugin="NodeResourcesBalancedAllocation" node="gpuorin4-desktop" score=99
2026-07-01 17:14:36.797 I0701 08:05:28.786618       1 schedule_one.go:745] "Plugin scored node for pod" pod="default/yolo-pos-1" plugin="ImageLocality" node="gpuorin4-desktop" score=0
2026-07-01 17:14:36.798 I0701 08:05:28.786630       1 schedule_one.go:745] "Plugin scored node for pod" pod="default/yolo-pos-1" plugin="TaintToleration" node="gpu-orin3" score=300
2026-07-01 17:14:36.798 I0701 08:05:28.786642       1 schedule_one.go:745] "Plugin scored node for pod" pod="default/yolo-pos-1" plugin="NodeAffinity" node="gpu-orin3" score=0
2026-07-01 17:14:36.799 I0701 08:05:28.786655       1 schedule_one.go:745] "Plugin scored node for pod" pod="default/yolo-pos-1" plugin="NodeResourcesFit" node="gpu-orin3" score=80
2026-07-01 17:14:36.799 I0701 08:05:28.786666       1 schedule_one.go:745] "Plugin scored node for pod" pod="default/yolo-pos-1" plugin="VolumeBinding" node="gpu-orin3" score=0
2026-07-01 17:14:36.800 I0701 08:05:28.786678       1 schedule_one.go:745] "Plugin scored node for pod" pod="default/yolo-pos-1" plugin="NodeResourcesBalancedAllocation" node="gpu-orin3" score=99
2026-07-01 17:14:36.801 I0701 08:05:28.786694       1 schedule_one.go:745] "Plugin scored node for pod" pod="default/yolo-pos-1" plugin="ImageLocality" node="gpu-orin3" score=0
2026-07-01 17:14:36.801 I0701 08:05:28.786705       1 schedule_one.go:745] "Plugin scored node for pod" pod="default/yolo-pos-1" plugin="TaintToleration" node="gpuorin5-desktop" score=300
2026-07-01 17:14:36.802 I0701 08:05:28.786718       1 schedule_one.go:745] "Plugin scored node for pod" pod="default/yolo-pos-1" plugin="NodeAffinity" node="gpuorin5-desktop" score=0
2026-07-01 17:14:36.803 I0701 08:05:28.786729       1 schedule_one.go:745] "Plugin scored node for pod" pod="default/yolo-pos-1" plugin="NodeResourcesFit" node="gpuorin5-desktop" score=82
2026-07-01 17:14:36.803 I0701 08:05:28.786744       1 schedule_one.go:745] "Plugin scored node for pod" pod="default/yolo-pos-1" plugin="VolumeBinding" node="gpuorin5-desktop" score=0
2026-07-01 17:14:36.804 I0701 08:05:28.786757       1 schedule_one.go:745] "Plugin scored node for pod" pod="default/yolo-pos-1" plugin="NodeResourcesBalancedAllocation" node="gpuorin5-desktop" score=99
2026-07-01 17:14:36.805 I0701 08:05:28.786786       1 schedule_one.go:745] "Plugin scored node for pod" pod="default/yolo-pos-1" plugin="ImageLocality" node="gpuorin5-desktop" score=0
2026-07-01 17:14:36.805 I0701 08:05:28.786804       1 schedule_one.go:812] "Calculated node's final score for pod" pod="default/yolo-pos-1" node="gpu-orin2" score=481
2026-07-01 17:14:36.806 I0701 08:05:28.786823       1 schedule_one.go:812] "Calculated node's final score for pod" pod="default/yolo-pos-1" node="gpuorin4-desktop" score=477
2026-07-01 17:14:36.807 I0701 08:05:28.786836       1 schedule_one.go:812] "Calculated node's final score for pod" pod="default/yolo-pos-1" node="gpu-orin3" score=479
2026-07-01 17:14:36.807 I0701 08:05:28.786851       1 schedule_one.go:812] "Calculated node's final score for pod" pod="default/yolo-pos-1" node="gpuorin5-desktop" score=481
2026-07-01 17:14:36.808 I0701 08:05:32.782323       1 resource_allocation.go:76] "Listed internal info for allocatable resources, requested resources and score" pod="default/yolo-cls-2" node="gpu-orin3" resourceAllocationScorer="LeastAllocated" allocatableResource=[6000,7885152256] requestedResource=[900,1887436800] resourceScore=80
2026-07-01 17:14:36.809 I0701 08:05:32.782341       1 resource_allocation.go:76] "Listed internal info for allocatable resources, requested resources and score" pod="default/yolo-cls-2" node="gpu-orin3" resourceAllocationScorer="NodeResourcesBalancedAllocation" allocatableResource=[6000,7885152256] requestedResource=[100,52428800] resourceScore=99
2026-07-01 17:14:36.810 I0701 08:05:32.782345       1 resource_allocation.go:76] "Listed internal info for allocatable resources, requested resources and score" pod="default/yolo-cls-2" node="gpu-orin2" resourceAllocationScorer="LeastAllocated" allocatableResource=[6000,7885127680] requestedResource=[900,1887436800] resourceScore=80
2026-07-01 17:14:36.810 I0701 08:05:32.782364       1 resource_allocation.go:76] "Listed internal info for allocatable resources, requested resources and score" pod="default/yolo-cls-2" node="gpu-orin2" resourceAllocationScorer="NodeResourcesBalancedAllocation" allocatableResource=[6000,7885127680] requestedResource=[100,52428800] resourceScore=99
2026-07-01 17:14:36.811 I0701 08:05:32.782366       1 resource_allocation.go:76] "Listed internal info for allocatable resources, requested resources and score" pod="default/yolo-cls-2" node="gpuorin5-desktop" resourceAllocationScorer="LeastAllocated" allocatableResource=[6000,7885127680] requestedResource=[800,1677721600] resourceScore=82
2026-07-01 17:14:36.812 I0701 08:05:32.782345       1 resource_allocation.go:76] "Listed internal info for allocatable resources, requested resources and score" pod="default/yolo-cls-2" node="gpuorin4-desktop" resourceAllocationScorer="LeastAllocated" allocatableResource=[6000,7885250560] requestedResource=[1000,2097152000] resourceScore=78
2026-07-01 17:14:36.813 I0701 08:05:32.782389       1 resource_allocation.go:76] "Listed internal info for allocatable resources, requested resources and score" pod="default/yolo-cls-2" node="gpuorin4-desktop" resourceAllocationScorer="NodeResourcesBalancedAllocation" allocatableResource=[6000,7885250560] requestedResource=[100,52428800] resourceScore=99
2026-07-01 17:14:36.814 I0701 08:05:32.782389       1 resource_allocation.go:76] "Listed internal info for allocatable resources, requested resources and score" pod="default/yolo-cls-2" node="gpuorin5-desktop" resourceAllocationScorer="NodeResourcesBalancedAllocation" allocatableResource=[6000,7885127680] requestedResource=[100,52428800] resourceScore=99
2026-07-01 17:14:36.814 I0701 08:05:32.782448       1 schedule_one.go:745] "Plugin scored node for pod" pod="default/yolo-cls-2" plugin="TaintToleration" node="gpu-orin3" score=300
2026-07-01 17:14:36.815 I0701 08:05:32.782462       1 schedule_one.go:745] "Plugin scored node for pod" pod="default/yolo-cls-2" plugin="NodeAffinity" node="gpu-orin3" score=0
2026-07-01 17:14:36.816 I0701 08:05:32.782469       1 schedule_one.go:745] "Plugin scored node for pod" pod="default/yolo-cls-2" plugin="NodeResourcesFit" node="gpu-orin3" score=80
2026-07-01 17:14:36.817 I0701 08:05:32.782474       1 schedule_one.go:745] "Plugin scored node for pod" pod="default/yolo-cls-2" plugin="VolumeBinding" node="gpu-orin3" score=0
2026-07-01 17:14:36.817 I0701 08:05:32.782480       1 schedule_one.go:745] "Plugin scored node for pod" pod="default/yolo-cls-2" plugin="NodeResourcesBalancedAllocation" node="gpu-orin3" score=99
2026-07-01 17:14:36.818 I0701 08:05:32.782487       1 schedule_one.go:745] "Plugin scored node for pod" pod="default/yolo-cls-2" plugin="ImageLocality" node="gpu-orin3" score=0
2026-07-01 17:14:36.819 I0701 08:05:32.782492       1 schedule_one.go:745] "Plugin scored node for pod" pod="default/yolo-cls-2" plugin="TaintToleration" node="gpuorin4-desktop" score=300
2026-07-01 17:14:36.819 I0701 08:05:32.782498       1 schedule_one.go:745] "Plugin scored node for pod" pod="default/yolo-cls-2" plugin="NodeAffinity" node="gpuorin4-desktop" score=0
2026-07-01 17:14:36.820 I0701 08:05:32.782503       1 schedule_one.go:745] "Plugin scored node for pod" pod="default/yolo-cls-2" plugin="NodeResourcesFit" node="gpuorin4-desktop" score=78
2026-07-01 17:14:36.820 I0701 08:05:32.782507       1 schedule_one.go:745] "Plugin scored node for pod" pod="default/yolo-cls-2" plugin="VolumeBinding" node="gpuorin4-desktop" score=0
2026-07-01 17:14:36.821 I0701 08:05:32.782512       1 schedule_one.go:745] "Plugin scored node for pod" pod="default/yolo-cls-2" plugin="NodeResourcesBalancedAllocation" node="gpuorin4-desktop" score=99
2026-07-01 17:14:36.822 I0701 08:05:32.782516       1 schedule_one.go:745] "Plugin scored node for pod" pod="default/yolo-cls-2" plugin="ImageLocality" node="gpuorin4-desktop" score=0
2026-07-01 17:14:36.822 I0701 08:05:32.782521       1 schedule_one.go:745] "Plugin scored node for pod" pod="default/yolo-cls-2" plugin="TaintToleration" node="gpu-orin2" score=300
2026-07-01 17:14:36.823 I0701 08:05:32.782527       1 schedule_one.go:745] "Plugin scored node for pod" pod="default/yolo-cls-2" plugin="NodeAffinity" node="gpu-orin2" score=0
2026-07-01 17:14:36.823 I0701 08:05:32.782531       1 schedule_one.go:745] "Plugin scored node for pod" pod="default/yolo-cls-2" plugin="NodeResourcesFit" node="gpu-orin2" score=80
2026-07-01 17:14:36.824 I0701 08:05:32.782536       1 schedule_one.go:745] "Plugin scored node for pod" pod="default/yolo-cls-2" plugin="VolumeBinding" node="gpu-orin2" score=0
2026-07-01 17:14:36.824 I0701 08:05:32.782540       1 schedule_one.go:745] "Plugin scored node for pod" pod="default/yolo-cls-2" plugin="NodeResourcesBalancedAllocation" node="gpu-orin2" score=99
2026-07-01 17:14:36.825 I0701 08:05:32.782546       1 schedule_one.go:745] "Plugin scored node for pod" pod="default/yolo-cls-2" plugin="ImageLocality" node="gpu-orin2" score=0
2026-07-01 17:14:36.826 I0701 08:05:32.782556       1 schedule_one.go:745] "Plugin scored node for pod" pod="default/yolo-cls-2" plugin="TaintToleration" node="gpuorin5-desktop" score=300
2026-07-01 17:14:36.826 I0701 08:05:32.782561       1 schedule_one.go:745] "Plugin scored node for pod" pod="default/yolo-cls-2" plugin="NodeAffinity" node="gpuorin5-desktop" score=0
2026-07-01 17:14:36.827 I0701 08:05:32.782566       1 schedule_one.go:745] "Plugin scored node for pod" pod="default/yolo-cls-2" plugin="NodeResourcesFit" node="gpuorin5-desktop" score=82
2026-07-01 17:14:36.828 I0701 08:05:32.782571       1 schedule_one.go:745] "Plugin scored node for pod" pod="default/yolo-cls-2" plugin="VolumeBinding" node="gpuorin5-desktop" score=0
2026-07-01 17:14:36.828 I0701 08:05:32.782576       1 schedule_one.go:745] "Plugin scored node for pod" pod="default/yolo-cls-2" plugin="NodeResourcesBalancedAllocation" node="gpuorin5-desktop" score=99
2026-07-01 17:14:36.829 I0701 08:05:32.782581       1 schedule_one.go:745] "Plugin scored node for pod" pod="default/yolo-cls-2" plugin="ImageLocality" node="gpuorin5-desktop" score=0
2026-07-01 17:14:36.830 I0701 08:05:32.782587       1 schedule_one.go:812] "Calculated node's final score for pod" pod="default/yolo-cls-2" node="gpu-orin3" score=479
2026-07-01 17:14:36.830 I0701 08:05:32.782594       1 schedule_one.go:812] "Calculated node's final score for pod" pod="default/yolo-cls-2" node="gpuorin4-desktop" score=477
2026-07-01 17:14:36.831 I0701 08:05:32.782600       1 schedule_one.go:812] "Calculated node's final score for pod" pod="default/yolo-cls-2" node="gpu-orin2" score=479
2026-07-01 17:14:36.832 I0701 08:05:32.782605       1 schedule_one.go:812] "Calculated node's final score for pod" pod="default/yolo-cls-2" node="gpuorin5-desktop" score=481
2026-07-01 17:14:36.832 I0701 08:05:36.624407       1 resource_allocation.go:76] "Listed internal info for allocatable resources, requested resources and score" pod="default/yolo-det-2" node="gpu-orin2" resourceAllocationScorer="LeastAllocated" allocatableResource=[6000,7885127680] requestedResource=[900,1887436800] resourceScore=80
2026-07-01 17:14:36.833 I0701 08:05:36.624424       1 resource_allocation.go:76] "Listed internal info for allocatable resources, requested resources and score" pod="default/yolo-det-2" node="gpu-orin2" resourceAllocationScorer="NodeResourcesBalancedAllocation" allocatableResource=[6000,7885127680] requestedResource=[100,52428800] resourceScore=99
2026-07-01 17:14:36.834 I0701 08:05:36.624454       1 resource_allocation.go:76] "Listed internal info for allocatable resources, requested resources and score" pod="default/yolo-det-2" node="gpuorin5-desktop" resourceAllocationScorer="LeastAllocated" allocatableResource=[6000,7885127680] requestedResource=[900,1887436800] resourceScore=80
2026-07-01 17:14:36.835 I0701 08:05:36.624460       1 resource_allocation.go:76] "Listed internal info for allocatable resources, requested resources and score" pod="default/yolo-det-2" node="gpuorin4-desktop" resourceAllocationScorer="LeastAllocated" allocatableResource=[6000,7885250560] requestedResource=[1000,2097152000] resourceScore=78
2026-07-01 17:14:36.835 I0701 08:05:36.624470       1 resource_allocation.go:76] "Listed internal info for allocatable resources, requested resources and score" pod="default/yolo-det-2" node="gpuorin5-desktop" resourceAllocationScorer="NodeResourcesBalancedAllocation" allocatableResource=[6000,7885127680] requestedResource=[100,52428800] resourceScore=99
2026-07-01 17:14:36.836 I0701 08:05:36.624495       1 resource_allocation.go:76] "Listed internal info for allocatable resources, requested resources and score" pod="default/yolo-det-2" node="gpuorin4-desktop" resourceAllocationScorer="NodeResourcesBalancedAllocation" allocatableResource=[6000,7885250560] requestedResource=[100,52428800] resourceScore=99
2026-07-01 17:14:36.836 I0701 08:05:36.624459       1 resource_allocation.go:76] "Listed internal info for allocatable resources, requested resources and score" pod="default/yolo-det-2" node="gpu-orin3" resourceAllocationScorer="LeastAllocated" allocatableResource=[6000,7885152256] requestedResource=[900,1887436800] resourceScore=80
2026-07-01 17:14:36.837 I0701 08:05:36.624522       1 resource_allocation.go:76] "Listed internal info for allocatable resources, requested resources and score" pod="default/yolo-det-2" node="gpu-orin3" resourceAllocationScorer="NodeResourcesBalancedAllocation" allocatableResource=[6000,7885152256] requestedResource=[100,52428800] resourceScore=99
2026-07-01 17:14:36.838 I0701 08:05:36.624641       1 schedule_one.go:745] "Plugin scored node for pod" pod="default/yolo-det-2" plugin="TaintToleration" node="gpu-orin2" score=300
2026-07-01 17:14:36.838 I0701 08:05:36.624665       1 schedule_one.go:745] "Plugin scored node for pod" pod="default/yolo-det-2" plugin="NodeAffinity" node="gpu-orin2" score=0
2026-07-01 17:14:36.839 I0701 08:05:36.624676       1 schedule_one.go:745] "Plugin scored node for pod" pod="default/yolo-det-2" plugin="NodeResourcesFit" node="gpu-orin2" score=80
2026-07-01 17:14:36.840 I0701 08:05:36.624684       1 schedule_one.go:745] "Plugin scored node for pod" pod="default/yolo-det-2" plugin="VolumeBinding" node="gpu-orin2" score=0
2026-07-01 17:14:36.840 I0701 08:05:36.624694       1 schedule_one.go:745] "Plugin scored node for pod" pod="default/yolo-det-2" plugin="NodeResourcesBalancedAllocation" node="gpu-orin2" score=99
2026-07-01 17:14:36.841 I0701 08:05:36.624702       1 schedule_one.go:745] "Plugin scored node for pod" pod="default/yolo-det-2" plugin="ImageLocality" node="gpu-orin2" score=0
2026-07-01 17:14:36.842 I0701 08:05:36.624710       1 schedule_one.go:745] "Plugin scored node for pod" pod="default/yolo-det-2" plugin="TaintToleration" node="gpu-orin3" score=300
2026-07-01 17:14:36.842 I0701 08:05:36.624726       1 schedule_one.go:745] "Plugin scored node for pod" pod="default/yolo-det-2" plugin="NodeAffinity" node="gpu-orin3" score=0
2026-07-01 17:14:36.843 I0701 08:05:36.624733       1 schedule_one.go:745] "Plugin scored node for pod" pod="default/yolo-det-2" plugin="NodeResourcesFit" node="gpu-orin3" score=80
2026-07-01 17:14:36.844 I0701 08:05:36.624740       1 schedule_one.go:745] "Plugin scored node for pod" pod="default/yolo-det-2" plugin="VolumeBinding" node="gpu-orin3" score=0
2026-07-01 17:14:36.844 I0701 08:05:36.624747       1 schedule_one.go:745] "Plugin scored node for pod" pod="default/yolo-det-2" plugin="NodeResourcesBalancedAllocation" node="gpu-orin3" score=99
2026-07-01 17:14:36.845 I0701 08:05:36.624754       1 schedule_one.go:745] "Plugin scored node for pod" pod="default/yolo-det-2" plugin="ImageLocality" node="gpu-orin3" score=0
2026-07-01 17:14:36.845 I0701 08:05:36.624762       1 schedule_one.go:745] "Plugin scored node for pod" pod="default/yolo-det-2" plugin="TaintToleration" node="gpuorin4-desktop" score=300
2026-07-01 17:14:36.846 I0701 08:05:36.624784       1 schedule_one.go:745] "Plugin scored node for pod" pod="default/yolo-det-2" plugin="NodeAffinity" node="gpuorin4-desktop" score=0
2026-07-01 17:14:36.847 I0701 08:05:36.624792       1 schedule_one.go:745] "Plugin scored node for pod" pod="default/yolo-det-2" plugin="NodeResourcesFit" node="gpuorin4-desktop" score=78
2026-07-01 17:14:36.847 I0701 08:05:36.624799       1 schedule_one.go:745] "Plugin scored node for pod" pod="default/yolo-det-2" plugin="VolumeBinding" node="gpuorin4-desktop" score=0
2026-07-01 17:14:36.848 I0701 08:05:36.624806       1 schedule_one.go:745] "Plugin scored node for pod" pod="default/yolo-det-2" plugin="NodeResourcesBalancedAllocation" node="gpuorin4-desktop" score=99
2026-07-01 17:14:36.849 I0701 08:05:36.624815       1 schedule_one.go:745] "Plugin scored node for pod" pod="default/yolo-det-2" plugin="ImageLocality" node="gpuorin4-desktop" score=0
2026-07-01 17:14:36.849 I0701 08:05:36.624823       1 schedule_one.go:745] "Plugin scored node for pod" pod="default/yolo-det-2" plugin="TaintToleration" node="gpuorin5-desktop" score=300
2026-07-01 17:14:36.850 I0701 08:05:36.624830       1 schedule_one.go:745] "Plugin scored node for pod" pod="default/yolo-det-2" plugin="NodeAffinity" node="gpuorin5-desktop" score=0
2026-07-01 17:14:36.851 I0701 08:05:36.624838       1 schedule_one.go:745] "Plugin scored node for pod" pod="default/yolo-det-2" plugin="NodeResourcesFit" node="gpuorin5-desktop" score=80
2026-07-01 17:14:36.851 I0701 08:05:36.624845       1 schedule_one.go:745] "Plugin scored node for pod" pod="default/yolo-det-2" plugin="VolumeBinding" node="gpuorin5-desktop" score=0
2026-07-01 17:14:36.852 I0701 08:05:36.624853       1 schedule_one.go:745] "Plugin scored node for pod" pod="default/yolo-det-2" plugin="NodeResourcesBalancedAllocation" node="gpuorin5-desktop" score=99
2026-07-01 17:14:36.853 I0701 08:05:36.624860       1 schedule_one.go:745] "Plugin scored node for pod" pod="default/yolo-det-2" plugin="ImageLocality" node="gpuorin5-desktop" score=0
2026-07-01 17:14:36.853 I0701 08:05:36.624870       1 schedule_one.go:812] "Calculated node's final score for pod" pod="default/yolo-det-2" node="gpu-orin2" score=479
2026-07-01 17:14:36.854 I0701 08:05:36.624884       1 schedule_one.go:812] "Calculated node's final score for pod" pod="default/yolo-det-2" node="gpu-orin3" score=479
2026-07-01 17:14:36.855 I0701 08:05:36.624893       1 schedule_one.go:812] "Calculated node's final score for pod" pod="default/yolo-det-2" node="gpuorin4-desktop" score=477
2026-07-01 17:14:36.855 I0701 08:05:36.624903       1 schedule_one.go:812] "Calculated node's final score for pod" pod="default/yolo-det-2" node="gpuorin5-desktop" score=479
2026-07-01 17:14:36.856 I0701 08:05:40.503802       1 resource_allocation.go:76] "Listed internal info for allocatable resources, requested resources and score" pod="default/yolo-seg-2" node="gpu-orin2" resourceAllocationScorer="LeastAllocated" allocatableResource=[6000,7885127680] requestedResource=[900,1887436800] resourceScore=80
2026-07-01 17:14:36.856 I0701 08:05:40.503853       1 resource_allocation.go:76] "Listed internal info for allocatable resources, requested resources and score" pod="default/yolo-seg-2" node="gpu-orin2" resourceAllocationScorer="NodeResourcesBalancedAllocation" allocatableResource=[6000,7885127680] requestedResource=[100,52428800] resourceScore=99
2026-07-01 17:14:36.857 I0701 08:05:40.503802       1 resource_allocation.go:76] "Listed internal info for allocatable resources, requested resources and score" pod="default/yolo-seg-2" node="gpu-orin3" resourceAllocationScorer="LeastAllocated" allocatableResource=[6000,7885152256] requestedResource=[900,1887436800] resourceScore=80
2026-07-01 17:14:36.858 I0701 08:05:40.503882       1 resource_allocation.go:76] "Listed internal info for allocatable resources, requested resources and score" pod="default/yolo-seg-2" node="gpuorin5-desktop" resourceAllocationScorer="LeastAllocated" allocatableResource=[6000,7885127680] requestedResource=[1000,2097152000] resourceScore=78
2026-07-01 17:14:36.859 I0701 08:05:40.503938       1 resource_allocation.go:76] "Listed internal info for allocatable resources, requested resources and score" pod="default/yolo-seg-2" node="gpuorin5-desktop" resourceAllocationScorer="NodeResourcesBalancedAllocation" allocatableResource=[6000,7885127680] requestedResource=[100,52428800] resourceScore=99
2026-07-01 17:14:36.859 I0701 08:05:40.503893       1 resource_allocation.go:76] "Listed internal info for allocatable resources, requested resources and score" pod="default/yolo-seg-2" node="gpu-orin3" resourceAllocationScorer="NodeResourcesBalancedAllocation" allocatableResource=[6000,7885152256] requestedResource=[100,52428800] resourceScore=99
2026-07-01 17:14:36.860 I0701 08:05:40.503883       1 resource_allocation.go:76] "Listed internal info for allocatable resources, requested resources and score" pod="default/yolo-seg-2" node="gpuorin4-desktop" resourceAllocationScorer="LeastAllocated" allocatableResource=[6000,7885250560] requestedResource=[1000,2097152000] resourceScore=78
2026-07-01 17:14:36.861 I0701 08:05:40.503984       1 resource_allocation.go:76] "Listed internal info for allocatable resources, requested resources and score" pod="default/yolo-seg-2" node="gpuorin4-desktop" resourceAllocationScorer="NodeResourcesBalancedAllocation" allocatableResource=[6000,7885250560] requestedResource=[100,52428800] resourceScore=99
2026-07-01 17:14:36.861 I0701 08:05:40.504089       1 schedule_one.go:745] "Plugin scored node for pod" pod="default/yolo-seg-2" plugin="TaintToleration" node="gpu-orin2" score=300
2026-07-01 17:14:36.862 I0701 08:05:40.504105       1 schedule_one.go:745] "Plugin scored node for pod" pod="default/yolo-seg-2" plugin="NodeAffinity" node="gpu-orin2" score=0
2026-07-01 17:14:36.863 I0701 08:05:40.504115       1 schedule_one.go:745] "Plugin scored node for pod" pod="default/yolo-seg-2" plugin="NodeResourcesFit" node="gpu-orin2" score=80
2026-07-01 17:14:36.863 I0701 08:05:40.504123       1 schedule_one.go:745] "Plugin scored node for pod" pod="default/yolo-seg-2" plugin="VolumeBinding" node="gpu-orin2" score=0
2026-07-01 17:14:36.864 I0701 08:05:40.504130       1 schedule_one.go:745] "Plugin scored node for pod" pod="default/yolo-seg-2" plugin="NodeResourcesBalancedAllocation" node="gpu-orin2" score=99
2026-07-01 17:14:36.864 I0701 08:05:40.504137       1 schedule_one.go:745] "Plugin scored node for pod" pod="default/yolo-seg-2" plugin="ImageLocality" node="gpu-orin2" score=0
2026-07-01 17:14:36.865 I0701 08:05:40.504144       1 schedule_one.go:745] "Plugin scored node for pod" pod="default/yolo-seg-2" plugin="TaintToleration" node="gpu-orin3" score=300
2026-07-01 17:14:36.866 I0701 08:05:40.504151       1 schedule_one.go:745] "Plugin scored node for pod" pod="default/yolo-seg-2" plugin="NodeAffinity" node="gpu-orin3" score=0
2026-07-01 17:14:36.866 I0701 08:05:40.504158       1 schedule_one.go:745] "Plugin scored node for pod" pod="default/yolo-seg-2" plugin="NodeResourcesFit" node="gpu-orin3" score=80
2026-07-01 17:14:36.867 I0701 08:05:40.504165       1 schedule_one.go:745] "Plugin scored node for pod" pod="default/yolo-seg-2" plugin="VolumeBinding" node="gpu-orin3" score=0
2026-07-01 17:14:36.867 I0701 08:05:40.504173       1 schedule_one.go:745] "Plugin scored node for pod" pod="default/yolo-seg-2" plugin="NodeResourcesBalancedAllocation" node="gpu-orin3" score=99
2026-07-01 17:14:36.868 I0701 08:05:40.504180       1 schedule_one.go:745] "Plugin scored node for pod" pod="default/yolo-seg-2" plugin="ImageLocality" node="gpu-orin3" score=0
2026-07-01 17:14:36.869 I0701 08:05:40.504188       1 schedule_one.go:745] "Plugin scored node for pod" pod="default/yolo-seg-2" plugin="TaintToleration" node="gpuorin4-desktop" score=300
2026-07-01 17:14:36.869 I0701 08:05:40.504195       1 schedule_one.go:745] "Plugin scored node for pod" pod="default/yolo-seg-2" plugin="NodeAffinity" node="gpuorin4-desktop" score=0
2026-07-01 17:14:36.870 I0701 08:05:40.504202       1 schedule_one.go:745] "Plugin scored node for pod" pod="default/yolo-seg-2" plugin="NodeResourcesFit" node="gpuorin4-desktop" score=78
2026-07-01 17:14:36.871 I0701 08:05:40.504209       1 schedule_one.go:745] "Plugin scored node for pod" pod="default/yolo-seg-2" plugin="VolumeBinding" node="gpuorin4-desktop" score=0
2026-07-01 17:14:36.871 I0701 08:05:40.504216       1 schedule_one.go:745] "Plugin scored node for pod" pod="default/yolo-seg-2" plugin="NodeResourcesBalancedAllocation" node="gpuorin4-desktop" score=99
2026-07-01 17:14:36.872 I0701 08:05:40.504223       1 schedule_one.go:745] "Plugin scored node for pod" pod="default/yolo-seg-2" plugin="ImageLocality" node="gpuorin4-desktop" score=0
2026-07-01 17:14:36.873 I0701 08:05:40.504231       1 schedule_one.go:745] "Plugin scored node for pod" pod="default/yolo-seg-2" plugin="TaintToleration" node="gpuorin5-desktop" score=300
2026-07-01 17:14:36.873 I0701 08:05:40.504238       1 schedule_one.go:745] "Plugin scored node for pod" pod="default/yolo-seg-2" plugin="NodeAffinity" node="gpuorin5-desktop" score=0
2026-07-01 17:14:36.874 I0701 08:05:40.504245       1 schedule_one.go:745] "Plugin scored node for pod" pod="default/yolo-seg-2" plugin="NodeResourcesFit" node="gpuorin5-desktop" score=78
2026-07-01 17:14:36.875 I0701 08:05:40.504252       1 schedule_one.go:745] "Plugin scored node for pod" pod="default/yolo-seg-2" plugin="VolumeBinding" node="gpuorin5-desktop" score=0
2026-07-01 17:14:36.875 I0701 08:05:40.504259       1 schedule_one.go:745] "Plugin scored node for pod" pod="default/yolo-seg-2" plugin="NodeResourcesBalancedAllocation" node="gpuorin5-desktop" score=99
2026-07-01 17:14:36.875 I0701 08:05:40.504266       1 schedule_one.go:745] "Plugin scored node for pod" pod="default/yolo-seg-2" plugin="ImageLocality" node="gpuorin5-desktop" score=0
2026-07-01 17:14:36.876 I0701 08:05:40.504277       1 schedule_one.go:812] "Calculated node's final score for pod" pod="default/yolo-seg-2" node="gpu-orin2" score=479
2026-07-01 17:14:36.876 I0701 08:05:40.504289       1 schedule_one.go:812] "Calculated node's final score for pod" pod="default/yolo-seg-2" node="gpu-orin3" score=479
2026-07-01 17:14:36.877 I0701 08:05:40.504298       1 schedule_one.go:812] "Calculated node's final score for pod" pod="default/yolo-seg-2" node="gpuorin4-desktop" score=477
2026-07-01 17:14:36.878 I0701 08:05:40.504306       1 schedule_one.go:812] "Calculated node's final score for pod" pod="default/yolo-seg-2" node="gpuorin5-desktop" score=477
2026-07-01 17:14:36.878 I0701 08:05:44.908491       1 resource_allocation.go:76] "Listed internal info for allocatable resources, requested resources and score" pod="default/yolo-obb-2" node="gpu-orin2" resourceAllocationScorer="LeastAllocated" allocatableResource=[6000,7885127680] requestedResource=[900,1887436800] resourceScore=80
2026-07-01 17:14:36.879 I0701 08:05:44.908499       1 resource_allocation.go:76] "Listed internal info for allocatable resources, requested resources and score" pod="default/yolo-obb-2" node="gpu-orin3" resourceAllocationScorer="LeastAllocated" allocatableResource=[6000,7885152256] requestedResource=[1000,2097152000] resourceScore=78
2026-07-01 17:14:36.880 I0701 08:05:44.908533       1 resource_allocation.go:76] "Listed internal info for allocatable resources, requested resources and score" pod="default/yolo-obb-2" node="gpu-orin2" resourceAllocationScorer="NodeResourcesBalancedAllocation" allocatableResource=[6000,7885127680] requestedResource=[100,52428800] resourceScore=99
2026-07-01 17:14:36.880 I0701 08:05:44.908541       1 resource_allocation.go:76] "Listed internal info for allocatable resources, requested resources and score" pod="default/yolo-obb-2" node="gpu-orin3" resourceAllocationScorer="NodeResourcesBalancedAllocation" allocatableResource=[6000,7885152256] requestedResource=[100,52428800] resourceScore=99
2026-07-01 17:14:36.881 I0701 08:05:44.908535       1 resource_allocation.go:76] "Listed internal info for allocatable resources, requested resources and score" pod="default/yolo-obb-2" node="gpuorin5-desktop" resourceAllocationScorer="LeastAllocated" allocatableResource=[6000,7885127680] requestedResource=[1000,2097152000] resourceScore=78
2026-07-01 17:14:36.882 I0701 08:05:44.908570       1 resource_allocation.go:76] "Listed internal info for allocatable resources, requested resources and score" pod="default/yolo-obb-2" node="gpuorin4-desktop" resourceAllocationScorer="LeastAllocated" allocatableResource=[6000,7885250560] requestedResource=[1000,2097152000] resourceScore=78
2026-07-01 17:14:36.882 I0701 08:05:44.908579       1 resource_allocation.go:76] "Listed internal info for allocatable resources, requested resources and score" pod="default/yolo-obb-2" node="gpuorin5-desktop" resourceAllocationScorer="NodeResourcesBalancedAllocation" allocatableResource=[6000,7885127680] requestedResource=[100,52428800] resourceScore=99
2026-07-01 17:14:36.883 I0701 08:05:44.908602       1 resource_allocation.go:76] "Listed internal info for allocatable resources, requested resources and score" pod="default/yolo-obb-2" node="gpuorin4-desktop" resourceAllocationScorer="NodeResourcesBalancedAllocation" allocatableResource=[6000,7885250560] requestedResource=[100,52428800] resourceScore=99
2026-07-01 17:14:36.883 I0701 08:05:44.908748       1 schedule_one.go:745] "Plugin scored node for pod" pod="default/yolo-obb-2" plugin="TaintToleration" node="gpu-orin3" score=300
2026-07-01 17:14:36.884 I0701 08:05:44.908791       1 schedule_one.go:745] "Plugin scored node for pod" pod="default/yolo-obb-2" plugin="NodeAffinity" node="gpu-orin3" score=0
2026-07-01 17:14:36.885 I0701 08:05:44.908806       1 schedule_one.go:745] "Plugin scored node for pod" pod="default/yolo-obb-2" plugin="NodeResourcesFit" node="gpu-orin3" score=78
2026-07-01 17:14:36.885 I0701 08:05:44.908817       1 schedule_one.go:745] "Plugin scored node for pod" pod="default/yolo-obb-2" plugin="VolumeBinding" node="gpu-orin3" score=0
2026-07-01 17:14:36.886 I0701 08:05:44.908827       1 schedule_one.go:745] "Plugin scored node for pod" pod="default/yolo-obb-2" plugin="NodeResourcesBalancedAllocation" node="gpu-orin3" score=99
2026-07-01 17:14:36.887 I0701 08:05:44.908836       1 schedule_one.go:745] "Plugin scored node for pod" pod="default/yolo-obb-2" plugin="ImageLocality" node="gpu-orin3" score=0
2026-07-01 17:14:36.887 I0701 08:05:44.908848       1 schedule_one.go:745] "Plugin scored node for pod" pod="default/yolo-obb-2" plugin="TaintToleration" node="gpu-orin2" score=300
2026-07-01 17:14:36.888 I0701 08:05:44.908861       1 schedule_one.go:745] "Plugin scored node for pod" pod="default/yolo-obb-2" plugin="NodeAffinity" node="gpu-orin2" score=0
2026-07-01 17:14:36.888 I0701 08:05:44.908870       1 schedule_one.go:745] "Plugin scored node for pod" pod="default/yolo-obb-2" plugin="NodeResourcesFit" node="gpu-orin2" score=80
2026-07-01 17:14:36.889 I0701 08:05:44.908878       1 schedule_one.go:745] "Plugin scored node for pod" pod="default/yolo-obb-2" plugin="VolumeBinding" node="gpu-orin2" score=0
2026-07-01 17:14:36.889 I0701 08:05:44.908887       1 schedule_one.go:745] "Plugin scored node for pod" pod="default/yolo-obb-2" plugin="NodeResourcesBalancedAllocation" node="gpu-orin2" score=99
2026-07-01 17:14:36.890 I0701 08:05:44.908895       1 schedule_one.go:745] "Plugin scored node for pod" pod="default/yolo-obb-2" plugin="ImageLocality" node="gpu-orin2" score=0
2026-07-01 17:14:36.890 I0701 08:05:44.908904       1 schedule_one.go:745] "Plugin scored node for pod" pod="default/yolo-obb-2" plugin="TaintToleration" node="gpuorin5-desktop" score=300
2026-07-01 17:14:36.891 I0701 08:05:44.908915       1 schedule_one.go:745] "Plugin scored node for pod" pod="default/yolo-obb-2" plugin="NodeAffinity" node="gpuorin5-desktop" score=0
2026-07-01 17:14:36.892 I0701 08:05:44.908924       1 schedule_one.go:745] "Plugin scored node for pod" pod="default/yolo-obb-2" plugin="NodeResourcesFit" node="gpuorin5-desktop" score=78
2026-07-01 17:14:36.892 I0701 08:05:44.908933       1 schedule_one.go:745] "Plugin scored node for pod" pod="default/yolo-obb-2" plugin="VolumeBinding" node="gpuorin5-desktop" score=0
2026-07-01 17:14:36.893 I0701 08:05:44.908942       1 schedule_one.go:745] "Plugin scored node for pod" pod="default/yolo-obb-2" plugin="NodeResourcesBalancedAllocation" node="gpuorin5-desktop" score=99
2026-07-01 17:14:36.894 I0701 08:05:44.908951       1 schedule_one.go:745] "Plugin scored node for pod" pod="default/yolo-obb-2" plugin="ImageLocality" node="gpuorin5-desktop" score=0
2026-07-01 17:14:36.894 I0701 08:05:44.908961       1 schedule_one.go:745] "Plugin scored node for pod" pod="default/yolo-obb-2" plugin="TaintToleration" node="gpuorin4-desktop" score=300
2026-07-01 17:14:36.895 I0701 08:05:44.908969       1 schedule_one.go:745] "Plugin scored node for pod" pod="default/yolo-obb-2" plugin="NodeAffinity" node="gpuorin4-desktop" score=0
2026-07-01 17:14:36.895 I0701 08:05:44.908978       1 schedule_one.go:745] "Plugin scored node for pod" pod="default/yolo-obb-2" plugin="NodeResourcesFit" node="gpuorin4-desktop" score=78
2026-07-01 17:14:36.896 I0701 08:05:44.908987       1 schedule_one.go:745] "Plugin scored node for pod" pod="default/yolo-obb-2" plugin="VolumeBinding" node="gpuorin4-desktop" score=0
2026-07-01 17:14:36.897 I0701 08:05:44.908997       1 schedule_one.go:745] "Plugin scored node for pod" pod="default/yolo-obb-2" plugin="NodeResourcesBalancedAllocation" node="gpuorin4-desktop" score=99
2026-07-01 17:14:36.897 I0701 08:05:44.909006       1 schedule_one.go:745] "Plugin scored node for pod" pod="default/yolo-obb-2" plugin="ImageLocality" node="gpuorin4-desktop" score=0
2026-07-01 17:14:36.898 I0701 08:05:44.909019       1 schedule_one.go:812] "Calculated node's final score for pod" pod="default/yolo-obb-2" node="gpu-orin3" score=477
2026-07-01 17:14:36.899 I0701 08:05:44.909032       1 schedule_one.go:812] "Calculated node's final score for pod" pod="default/yolo-obb-2" node="gpu-orin2" score=479
2026-07-01 17:14:36.899 I0701 08:05:44.909044       1 schedule_one.go:812] "Calculated node's final score for pod" pod="default/yolo-obb-2" node="gpuorin5-desktop" score=477
2026-07-01 17:14:36.900 I0701 08:05:44.909055       1 schedule_one.go:812] "Calculated node's final score for pod" pod="default/yolo-obb-2" node="gpuorin4-desktop" score=477
2026-07-01 17:14:36.900 I0701 08:05:48.774247       1 resource_allocation.go:76] "Listed internal info for allocatable resources, requested resources and score" pod="default/yolo-pos-2" node="gpu-orin2" resourceAllocationScorer="LeastAllocated" allocatableResource=[6000,7885127680] requestedResource=[1000,2097152000] resourceScore=78
2026-07-01 17:14:36.901 I0701 08:05:48.774266       1 resource_allocation.go:76] "Listed internal info for allocatable resources, requested resources and score" pod="default/yolo-pos-2" node="gpuorin5-desktop" resourceAllocationScorer="LeastAllocated" allocatableResource=[6000,7885127680] requestedResource=[1000,2097152000] resourceScore=78
2026-07-01 17:14:36.902 I0701 08:05:48.774274       1 resource_allocation.go:76] "Listed internal info for allocatable resources, requested resources and score" pod="default/yolo-pos-2" node="gpu-orin3" resourceAllocationScorer="LeastAllocated" allocatableResource=[6000,7885152256] requestedResource=[1000,2097152000] resourceScore=78
2026-07-01 17:14:36.902 I0701 08:05:48.774278       1 resource_allocation.go:76] "Listed internal info for allocatable resources, requested resources and score" pod="default/yolo-pos-2" node="gpu-orin2" resourceAllocationScorer="NodeResourcesBalancedAllocation" allocatableResource=[6000,7885127680] requestedResource=[100,52428800] resourceScore=99
2026-07-01 17:14:36.903 I0701 08:05:48.774297       1 resource_allocation.go:76] "Listed internal info for allocatable resources, requested resources and score" pod="default/yolo-pos-2" node="gpuorin5-desktop" resourceAllocationScorer="NodeResourcesBalancedAllocation" allocatableResource=[6000,7885127680] requestedResource=[100,52428800] resourceScore=99
2026-07-01 17:14:36.904 I0701 08:05:48.774312       1 resource_allocation.go:76] "Listed internal info for allocatable resources, requested resources and score" pod="default/yolo-pos-2" node="gpu-orin3" resourceAllocationScorer="NodeResourcesBalancedAllocation" allocatableResource=[6000,7885152256] requestedResource=[100,52428800] resourceScore=99
2026-07-01 17:14:36.904 I0701 08:05:48.774383       1 resource_allocation.go:76] "Listed internal info for allocatable resources, requested resources and score" pod="default/yolo-pos-2" node="gpuorin4-desktop" resourceAllocationScorer="LeastAllocated" allocatableResource=[6000,7885250560] requestedResource=[1000,2097152000] resourceScore=78
2026-07-01 17:14:36.905 I0701 08:05:48.774435       1 resource_allocation.go:76] "Listed internal info for allocatable resources, requested resources and score" pod="default/yolo-pos-2" node="gpuorin4-desktop" resourceAllocationScorer="NodeResourcesBalancedAllocation" allocatableResource=[6000,7885250560] requestedResource=[100,52428800] resourceScore=99
2026-07-01 17:14:36.906 I0701 08:05:48.774594       1 schedule_one.go:745] "Plugin scored node for pod" pod="default/yolo-pos-2" plugin="TaintToleration" node="gpu-orin2" score=300
2026-07-01 17:14:36.907 I0701 08:05:48.774624       1 schedule_one.go:745] "Plugin scored node for pod" pod="default/yolo-pos-2" plugin="NodeAffinity" node="gpu-orin2" score=0
2026-07-01 17:14:36.907 I0701 08:05:48.774643       1 schedule_one.go:745] "Plugin scored node for pod" pod="default/yolo-pos-2" plugin="NodeResourcesFit" node="gpu-orin2" score=78
2026-07-01 17:14:36.908 I0701 08:05:48.774652       1 schedule_one.go:745] "Plugin scored node for pod" pod="default/yolo-pos-2" plugin="VolumeBinding" node="gpu-orin2" score=0
2026-07-01 17:14:36.908 I0701 08:05:48.774661       1 schedule_one.go:745] "Plugin scored node for pod" pod="default/yolo-pos-2" plugin="NodeResourcesBalancedAllocation" node="gpu-orin2" score=99
2026-07-01 17:14:36.909 I0701 08:05:48.774672       1 schedule_one.go:745] "Plugin scored node for pod" pod="default/yolo-pos-2" plugin="ImageLocality" node="gpu-orin2" score=0
2026-07-01 17:14:36.910 I0701 08:05:48.774680       1 schedule_one.go:745] "Plugin scored node for pod" pod="default/yolo-pos-2" plugin="TaintToleration" node="gpuorin5-desktop" score=300
2026-07-01 17:14:36.910 I0701 08:05:48.774688       1 schedule_one.go:745] "Plugin scored node for pod" pod="default/yolo-pos-2" plugin="NodeAffinity" node="gpuorin5-desktop" score=0
2026-07-01 17:14:36.911 I0701 08:05:48.774695       1 schedule_one.go:745] "Plugin scored node for pod" pod="default/yolo-pos-2" plugin="NodeResourcesFit" node="gpuorin5-desktop" score=78
2026-07-01 17:14:36.912 I0701 08:05:48.774702       1 schedule_one.go:745] "Plugin scored node for pod" pod="default/yolo-pos-2" plugin="VolumeBinding" node="gpuorin5-desktop" score=0
2026-07-01 17:14:36.912 I0701 08:05:48.774710       1 schedule_one.go:745] "Plugin scored node for pod" pod="default/yolo-pos-2" plugin="NodeResourcesBalancedAllocation" node="gpuorin5-desktop" score=99
2026-07-01 17:14:36.913 I0701 08:05:48.774717       1 schedule_one.go:745] "Plugin scored node for pod" pod="default/yolo-pos-2" plugin="ImageLocality" node="gpuorin5-desktop" score=0
2026-07-01 17:14:36.914 I0701 08:05:48.774724       1 schedule_one.go:745] "Plugin scored node for pod" pod="default/yolo-pos-2" plugin="TaintToleration" node="gpu-orin3" score=300
2026-07-01 17:14:36.914 I0701 08:05:48.774733       1 schedule_one.go:745] "Plugin scored node for pod" pod="default/yolo-pos-2" plugin="NodeAffinity" node="gpu-orin3" score=0
2026-07-01 17:14:36.915 I0701 08:05:48.774740       1 schedule_one.go:745] "Plugin scored node for pod" pod="default/yolo-pos-2" plugin="NodeResourcesFit" node="gpu-orin3" score=78
2026-07-01 17:14:36.916 I0701 08:05:48.774749       1 schedule_one.go:745] "Plugin scored node for pod" pod="default/yolo-pos-2" plugin="VolumeBinding" node="gpu-orin3" score=0
2026-07-01 17:14:36.916 I0701 08:05:48.774756       1 schedule_one.go:745] "Plugin scored node for pod" pod="default/yolo-pos-2" plugin="NodeResourcesBalancedAllocation" node="gpu-orin3" score=99
2026-07-01 17:14:36.917 I0701 08:05:48.774782       1 schedule_one.go:745] "Plugin scored node for pod" pod="default/yolo-pos-2" plugin="ImageLocality" node="gpu-orin3" score=0
2026-07-01 17:14:36.918 I0701 08:05:48.774794       1 schedule_one.go:745] "Plugin scored node for pod" pod="default/yolo-pos-2" plugin="TaintToleration" node="gpuorin4-desktop" score=300
2026-07-01 17:14:36.918 I0701 08:05:48.774801       1 schedule_one.go:745] "Plugin scored node for pod" pod="default/yolo-pos-2" plugin="NodeAffinity" node="gpuorin4-desktop" score=0
2026-07-01 17:14:36.919 I0701 08:05:48.774808       1 schedule_one.go:745] "Plugin scored node for pod" pod="default/yolo-pos-2" plugin="NodeResourcesFit" node="gpuorin4-desktop" score=78
2026-07-01 17:14:36.919 I0701 08:05:48.774815       1 schedule_one.go:745] "Plugin scored node for pod" pod="default/yolo-pos-2" plugin="VolumeBinding" node="gpuorin4-desktop" score=0
2026-07-01 17:14:36.920 I0701 08:05:48.774823       1 schedule_one.go:745] "Plugin scored node for pod" pod="default/yolo-pos-2" plugin="NodeResourcesBalancedAllocation" node="gpuorin4-desktop" score=99
2026-07-01 17:14:36.920 I0701 08:05:48.774831       1 schedule_one.go:745] "Plugin scored node for pod" pod="default/yolo-pos-2" plugin="ImageLocality" node="gpuorin4-desktop" score=0
2026-07-01 17:14:36.921 I0701 08:05:48.774843       1 schedule_one.go:812] "Calculated node's final score for pod" pod="default/yolo-pos-2" node="gpu-orin2" score=477
2026-07-01 17:14:36.922 I0701 08:05:48.774855       1 schedule_one.go:812] "Calculated node's final score for pod" pod="default/yolo-pos-2" node="gpuorin5-desktop" score=477
2026-07-01 17:14:36.922 I0701 08:05:48.774864       1 schedule_one.go:812] "Calculated node's final score for pod" pod="default/yolo-pos-2" node="gpu-orin3" score=477
2026-07-01 17:14:36.923 I0701 08:05:48.774872       1 schedule_one.go:812] "Calculated node's final score for pod" pod="default/yolo-pos-2" node="gpuorin4-desktop" score=477
2026-07-01 17:14:36.924 I0701 08:08:19.182110       1 resource_allocation.go:76] "Listed internal info for allocatable resources, requested resources and score" pod="default/yolo-cls-1" node="gpu-orin3" resourceAllocationScorer="LeastAllocated" allocatableResource=[6000,7885152256] requestedResource=[700,1468006400] resourceScore=84
2026-07-01 17:14:36.925 I0701 08:08:19.182114       1 resource_allocation.go:76] "Listed internal info for allocatable resources, requested resources and score" pod="default/yolo-cls-1" node="gpuorin5-desktop" resourceAllocationScorer="LeastAllocated" allocatableResource=[6000,7885127680] requestedResource=[700,1468006400] resourceScore=84
2026-07-01 17:14:36.925 I0701 08:08:19.182147       1 resource_allocation.go:76] "Listed internal info for allocatable resources, requested resources and score" pod="default/yolo-cls-1" node="gpu-orin3" resourceAllocationScorer="NodeResourcesBalancedAllocation" allocatableResource=[6000,7885152256] requestedResource=[100,52428800] resourceScore=99
2026-07-01 17:14:36.926 I0701 08:08:19.182163       1 resource_allocation.go:76] "Listed internal info for allocatable resources, requested resources and score" pod="default/yolo-cls-1" node="gpuorin5-desktop" resourceAllocationScorer="NodeResourcesBalancedAllocation" allocatableResource=[6000,7885127680] requestedResource=[100,52428800] resourceScore=99
2026-07-01 17:14:36.927 I0701 08:08:19.182196       1 resource_allocation.go:76] "Listed internal info for allocatable resources, requested resources and score" pod="default/yolo-cls-1" node="gpuorin4-desktop" resourceAllocationScorer="LeastAllocated" allocatableResource=[6000,7885250560] requestedResource=[1000,2097152000] resourceScore=78
2026-07-01 17:14:36.928 I0701 08:08:19.182195       1 resource_allocation.go:76] "Listed internal info for allocatable resources, requested resources and score" pod="default/yolo-cls-1" node="gpu-orin2" resourceAllocationScorer="LeastAllocated" allocatableResource=[6000,7885127680] requestedResource=[700,1468006400] resourceScore=84
2026-07-01 17:14:36.929 I0701 08:08:19.182240       1 resource_allocation.go:76] "Listed internal info for allocatable resources, requested resources and score" pod="default/yolo-cls-1" node="gpuorin4-desktop" resourceAllocationScorer="NodeResourcesBalancedAllocation" allocatableResource=[6000,7885250560] requestedResource=[100,52428800] resourceScore=99
2026-07-01 17:14:36.930 I0701 08:08:19.182252       1 resource_allocation.go:76] "Listed internal info for allocatable resources, requested resources and score" pod="default/yolo-cls-1" node="gpu-orin2" resourceAllocationScorer="NodeResourcesBalancedAllocation" allocatableResource=[6000,7885127680] requestedResource=[100,52428800] resourceScore=99
2026-07-01 17:14:36.930 I0701 08:08:19.182410       1 schedule_one.go:745] "Plugin scored node for pod" pod="default/yolo-cls-1" plugin="TaintToleration" node="gpu-orin3" score=300
2026-07-01 17:14:36.931 I0701 08:08:19.182441       1 schedule_one.go:745] "Plugin scored node for pod" pod="default/yolo-cls-1" plugin="NodeAffinity" node="gpu-orin3" score=0
2026-07-01 17:14:36.932 I0701 08:08:19.182459       1 schedule_one.go:745] "Plugin scored node for pod" pod="default/yolo-cls-1" plugin="NodeResourcesFit" node="gpu-orin3" score=84
2026-07-01 17:14:36.932 I0701 08:08:19.182472       1 schedule_one.go:745] "Plugin scored node for pod" pod="default/yolo-cls-1" plugin="VolumeBinding" node="gpu-orin3" score=0
2026-07-01 17:14:36.933 I0701 08:08:19.182491       1 schedule_one.go:745] "Plugin scored node for pod" pod="default/yolo-cls-1" plugin="NodeResourcesBalancedAllocation" node="gpu-orin3" score=99
2026-07-01 17:14:36.934 I0701 08:08:19.182509       1 schedule_one.go:745] "Plugin scored node for pod" pod="default/yolo-cls-1" plugin="ImageLocality" node="gpu-orin3" score=0
2026-07-01 17:14:36.934 I0701 08:08:19.182522       1 schedule_one.go:745] "Plugin scored node for pod" pod="default/yolo-cls-1" plugin="TaintToleration" node="gpuorin5-desktop" score=300
2026-07-01 17:14:36.935 I0701 08:08:19.182536       1 schedule_one.go:745] "Plugin scored node for pod" pod="default/yolo-cls-1" plugin="NodeAffinity" node="gpuorin5-desktop" score=0
2026-07-01 17:14:36.936 I0701 08:08:19.182549       1 schedule_one.go:745] "Plugin scored node for pod" pod="default/yolo-cls-1" plugin="NodeResourcesFit" node="gpuorin5-desktop" score=84
2026-07-01 17:14:36.937 I0701 08:08:19.182565       1 schedule_one.go:745] "Plugin scored node for pod" pod="default/yolo-cls-1" plugin="VolumeBinding" node="gpuorin5-desktop" score=0
2026-07-01 17:14:36.937 I0701 08:08:19.182582       1 schedule_one.go:745] "Plugin scored node for pod" pod="default/yolo-cls-1" plugin="NodeResourcesBalancedAllocation" node="gpuorin5-desktop" score=99
2026-07-01 17:14:36.938 I0701 08:08:19.182594       1 schedule_one.go:745] "Plugin scored node for pod" pod="default/yolo-cls-1" plugin="ImageLocality" node="gpuorin5-desktop" score=0
2026-07-01 17:14:36.939 I0701 08:08:19.182605       1 schedule_one.go:745] "Plugin scored node for pod" pod="default/yolo-cls-1" plugin="TaintToleration" node="gpu-orin2" score=300
2026-07-01 17:14:36.940 I0701 08:08:19.182617       1 schedule_one.go:745] "Plugin scored node for pod" pod="default/yolo-cls-1" plugin="NodeAffinity" node="gpu-orin2" score=0
2026-07-01 17:14:36.940 I0701 08:08:19.182631       1 schedule_one.go:745] "Plugin scored node for pod" pod="default/yolo-cls-1" plugin="NodeResourcesFit" node="gpu-orin2" score=84
2026-07-01 17:14:36.941 I0701 08:08:19.182643       1 schedule_one.go:745] "Plugin scored node for pod" pod="default/yolo-cls-1" plugin="VolumeBinding" node="gpu-orin2" score=0
2026-07-01 17:14:36.942 I0701 08:08:19.182654       1 schedule_one.go:745] "Plugin scored node for pod" pod="default/yolo-cls-1" plugin="NodeResourcesBalancedAllocation" node="gpu-orin2" score=99
2026-07-01 17:14:36.942 I0701 08:08:19.182669       1 schedule_one.go:745] "Plugin scored node for pod" pod="default/yolo-cls-1" plugin="ImageLocality" node="gpu-orin2" score=0
2026-07-01 17:14:36.943 I0701 08:08:19.182682       1 schedule_one.go:745] "Plugin scored node for pod" pod="default/yolo-cls-1" plugin="TaintToleration" node="gpuorin4-desktop" score=300
2026-07-01 17:14:36.944 I0701 08:08:19.182694       1 schedule_one.go:745] "Plugin scored node for pod" pod="default/yolo-cls-1" plugin="NodeAffinity" node="gpuorin4-desktop" score=0
2026-07-01 17:14:36.944 I0701 08:08:19.182708       1 schedule_one.go:745] "Plugin scored node for pod" pod="default/yolo-cls-1" plugin="NodeResourcesFit" node="gpuorin4-desktop" score=78
2026-07-01 17:14:36.945 I0701 08:08:19.182719       1 schedule_one.go:745] "Plugin scored node for pod" pod="default/yolo-cls-1" plugin="VolumeBinding" node="gpuorin4-desktop" score=0
2026-07-01 17:14:36.946 I0701 08:08:19.182731       1 schedule_one.go:745] "Plugin scored node for pod" pod="default/yolo-cls-1" plugin="NodeResourcesBalancedAllocation" node="gpuorin4-desktop" score=99
2026-07-01 17:14:36.946 I0701 08:08:19.182746       1 schedule_one.go:745] "Plugin scored node for pod" pod="default/yolo-cls-1" plugin="ImageLocality" node="gpuorin4-desktop" score=0
2026-07-01 17:14:36.947 I0701 08:08:19.182777       1 schedule_one.go:812] "Calculated node's final score for pod" pod="default/yolo-cls-1" node="gpu-orin3" score=483
2026-07-01 17:14:36.948 I0701 08:08:19.182791       1 schedule_one.go:812] "Calculated node's final score for pod" pod="default/yolo-cls-1" node="gpuorin5-desktop" score=483
2026-07-01 17:14:36.948 I0701 08:08:19.182806       1 schedule_one.go:812] "Calculated node's final score for pod" pod="default/yolo-cls-1" node="gpu-orin2" score=483
2026-07-01 17:14:36.949 I0701 08:08:19.182821       1 schedule_one.go:812] "Calculated node's final score for pod" pod="default/yolo-cls-1" node="gpuorin4-desktop" score=477
2026-07-01 17:14:36.950 I0701 08:08:23.061499       1 resource_allocation.go:76] "Listed internal info for allocatable resources, requested resources and score" pod="default/yolo-det-1" node="gpu-orin2" resourceAllocationScorer="LeastAllocated" allocatableResource=[6000,7885127680] requestedResource=[700,1468006400] resourceScore=84
2026-07-01 17:14:36.950 I0701 08:08:23.061532       1 resource_allocation.go:76] "Listed internal info for allocatable resources, requested resources and score" pod="default/yolo-det-1" node="gpu-orin2" resourceAllocationScorer="NodeResourcesBalancedAllocation" allocatableResource=[6000,7885127680] requestedResource=[100,52428800] resourceScore=99
2026-07-01 17:14:36.951 I0701 08:08:23.061532       1 resource_allocation.go:76] "Listed internal info for allocatable resources, requested resources and score" pod="default/yolo-det-1" node="gpuorin5-desktop" resourceAllocationScorer="LeastAllocated" allocatableResource=[6000,7885127680] requestedResource=[800,1677721600] resourceScore=82
2026-07-01 17:14:36.952 I0701 08:08:23.061564       1 resource_allocation.go:76] "Listed internal info for allocatable resources, requested resources and score" pod="default/yolo-det-1" node="gpu-orin3" resourceAllocationScorer="LeastAllocated" allocatableResource=[6000,7885152256] requestedResource=[700,1468006400] resourceScore=84
2026-07-01 17:14:36.952 I0701 08:08:23.061576       1 resource_allocation.go:76] "Listed internal info for allocatable resources, requested resources and score" pod="default/yolo-det-1" node="gpuorin5-desktop" resourceAllocationScorer="NodeResourcesBalancedAllocation" allocatableResource=[6000,7885127680] requestedResource=[100,52428800] resourceScore=99
2026-07-01 17:14:36.953 I0701 08:08:23.061578       1 resource_allocation.go:76] "Listed internal info for allocatable resources, requested resources and score" pod="default/yolo-det-1" node="gpuorin4-desktop" resourceAllocationScorer="LeastAllocated" allocatableResource=[6000,7885250560] requestedResource=[1000,2097152000] resourceScore=78
2026-07-01 17:14:36.954 I0701 08:08:23.061614       1 resource_allocation.go:76] "Listed internal info for allocatable resources, requested resources and score" pod="default/yolo-det-1" node="gpu-orin3" resourceAllocationScorer="NodeResourcesBalancedAllocation" allocatableResource=[6000,7885152256] requestedResource=[100,52428800] resourceScore=99
2026-07-01 17:14:36.954 I0701 08:08:23.061623       1 resource_allocation.go:76] "Listed internal info for allocatable resources, requested resources and score" pod="default/yolo-det-1" node="gpuorin4-desktop" resourceAllocationScorer="NodeResourcesBalancedAllocation" allocatableResource=[6000,7885250560] requestedResource=[100,52428800] resourceScore=99
2026-07-01 17:14:36.955 I0701 08:08:23.061726       1 schedule_one.go:745] "Plugin scored node for pod" pod="default/yolo-det-1" plugin="TaintToleration" node="gpu-orin2" score=300
2026-07-01 17:14:36.956 I0701 08:08:23.061744       1 schedule_one.go:745] "Plugin scored node for pod" pod="default/yolo-det-1" plugin="NodeAffinity" node="gpu-orin2" score=0
2026-07-01 17:14:36.956 I0701 08:08:23.061755       1 schedule_one.go:745] "Plugin scored node for pod" pod="default/yolo-det-1" plugin="NodeResourcesFit" node="gpu-orin2" score=84
2026-07-01 17:14:36.957 I0701 08:08:23.061776       1 schedule_one.go:745] "Plugin scored node for pod" pod="default/yolo-det-1" plugin="VolumeBinding" node="gpu-orin2" score=0
2026-07-01 17:14:36.958 I0701 08:08:23.061787       1 schedule_one.go:745] "Plugin scored node for pod" pod="default/yolo-det-1" plugin="NodeResourcesBalancedAllocation" node="gpu-orin2" score=99
2026-07-01 17:14:36.958 I0701 08:08:23.061795       1 schedule_one.go:745] "Plugin scored node for pod" pod="default/yolo-det-1" plugin="ImageLocality" node="gpu-orin2" score=0
2026-07-01 17:14:36.959 I0701 08:08:23.061805       1 schedule_one.go:745] "Plugin scored node for pod" pod="default/yolo-det-1" plugin="TaintToleration" node="gpuorin5-desktop" score=300
2026-07-01 17:14:36.960 I0701 08:08:23.061813       1 schedule_one.go:745] "Plugin scored node for pod" pod="default/yolo-det-1" plugin="NodeAffinity" node="gpuorin5-desktop" score=0
2026-07-01 17:14:36.960 I0701 08:08:23.061821       1 schedule_one.go:745] "Plugin scored node for pod" pod="default/yolo-det-1" plugin="NodeResourcesFit" node="gpuorin5-desktop" score=82
2026-07-01 17:14:36.961 I0701 08:08:23.061833       1 schedule_one.go:745] "Plugin scored node for pod" pod="default/yolo-det-1" plugin="VolumeBinding" node="gpuorin5-desktop" score=0
2026-07-01 17:14:36.962 I0701 08:08:23.061845       1 schedule_one.go:745] "Plugin scored node for pod" pod="default/yolo-det-1" plugin="NodeResourcesBalancedAllocation" node="gpuorin5-desktop" score=99
2026-07-01 17:14:36.962 I0701 08:08:23.061859       1 schedule_one.go:745] "Plugin scored node for pod" pod="default/yolo-det-1" plugin="ImageLocality" node="gpuorin5-desktop" score=0
2026-07-01 17:14:36.963 I0701 08:08:23.061866       1 schedule_one.go:745] "Plugin scored node for pod" pod="default/yolo-det-1" plugin="TaintToleration" node="gpu-orin3" score=300
2026-07-01 17:14:36.964 I0701 08:08:23.061876       1 schedule_one.go:745] "Plugin scored node for pod" pod="default/yolo-det-1" plugin="NodeAffinity" node="gpu-orin3" score=0
2026-07-01 17:14:36.964 I0701 08:08:23.061884       1 schedule_one.go:745] "Plugin scored node for pod" pod="default/yolo-det-1" plugin="NodeResourcesFit" node="gpu-orin3" score=84
2026-07-01 17:14:36.965 I0701 08:08:23.061894       1 schedule_one.go:745] "Plugin scored node for pod" pod="default/yolo-det-1" plugin="VolumeBinding" node="gpu-orin3" score=0
2026-07-01 17:14:36.966 I0701 08:08:23.061903       1 schedule_one.go:745] "Plugin scored node for pod" pod="default/yolo-det-1" plugin="NodeResourcesBalancedAllocation" node="gpu-orin3" score=99
2026-07-01 17:14:36.966 I0701 08:08:23.061913       1 schedule_one.go:745] "Plugin scored node for pod" pod="default/yolo-det-1" plugin="ImageLocality" node="gpu-orin3" score=0
2026-07-01 17:14:36.967 I0701 08:08:23.061921       1 schedule_one.go:745] "Plugin scored node for pod" pod="default/yolo-det-1" plugin="TaintToleration" node="gpuorin4-desktop" score=300
2026-07-01 17:14:36.968 I0701 08:08:23.061931       1 schedule_one.go:745] "Plugin scored node for pod" pod="default/yolo-det-1" plugin="NodeAffinity" node="gpuorin4-desktop" score=0
2026-07-01 17:14:36.968 I0701 08:08:23.061945       1 schedule_one.go:745] "Plugin scored node for pod" pod="default/yolo-det-1" plugin="NodeResourcesFit" node="gpuorin4-desktop" score=78
2026-07-01 17:14:36.969 I0701 08:08:23.061954       1 schedule_one.go:745] "Plugin scored node for pod" pod="default/yolo-det-1" plugin="VolumeBinding" node="gpuorin4-desktop" score=0
2026-07-01 17:14:36.969 I0701 08:08:23.061962       1 schedule_one.go:745] "Plugin scored node for pod" pod="default/yolo-det-1" plugin="NodeResourcesBalancedAllocation" node="gpuorin4-desktop" score=99
2026-07-01 17:14:36.970 I0701 08:08:23.061972       1 schedule_one.go:745] "Plugin scored node for pod" pod="default/yolo-det-1" plugin="ImageLocality" node="gpuorin4-desktop" score=0
2026-07-01 17:14:36.971 I0701 08:08:23.061984       1 schedule_one.go:812] "Calculated node's final score for pod" pod="default/yolo-det-1" node="gpu-orin2" score=483
2026-07-01 17:14:36.971 I0701 08:08:23.062007       1 schedule_one.go:812] "Calculated node's final score for pod" pod="default/yolo-det-1" node="gpuorin5-desktop" score=481
2026-07-01 17:14:36.972 I0701 08:08:23.062020       1 schedule_one.go:812] "Calculated node's final score for pod" pod="default/yolo-det-1" node="gpu-orin3" score=483
2026-07-01 17:14:36.973 I0701 08:08:23.062032       1 schedule_one.go:812] "Calculated node's final score for pod" pod="default/yolo-det-1" node="gpuorin4-desktop" score=477
2026-07-01 17:14:36.973 I0701 08:08:28.055081       1 resource_allocation.go:76] "Listed internal info for allocatable resources, requested resources and score" pod="default/yolo-seg-1" node="gpu-orin2" resourceAllocationScorer="LeastAllocated" allocatableResource=[6000,7885127680] requestedResource=[700,1468006400] resourceScore=84
2026-07-01 17:14:36.974 I0701 08:08:28.055127       1 resource_allocation.go:76] "Listed internal info for allocatable resources, requested resources and score" pod="default/yolo-seg-1" node="gpu-orin2" resourceAllocationScorer="NodeResourcesBalancedAllocation" allocatableResource=[6000,7885127680] requestedResource=[100,52428800] resourceScore=99
2026-07-01 17:14:36.975 I0701 08:08:28.055158       1 resource_allocation.go:76] "Listed internal info for allocatable resources, requested resources and score" pod="default/yolo-seg-1" node="gpuorin5-desktop" resourceAllocationScorer="LeastAllocated" allocatableResource=[6000,7885127680] requestedResource=[800,1677721600] resourceScore=82
2026-07-01 17:14:36.975 I0701 08:08:28.055192       1 resource_allocation.go:76] "Listed internal info for allocatable resources, requested resources and score" pod="default/yolo-seg-1" node="gpuorin5-desktop" resourceAllocationScorer="NodeResourcesBalancedAllocation" allocatableResource=[6000,7885127680] requestedResource=[100,52428800] resourceScore=99
2026-07-01 17:14:36.976 I0701 08:08:28.055197       1 resource_allocation.go:76] "Listed internal info for allocatable resources, requested resources and score" pod="default/yolo-seg-1" node="gpuorin4-desktop" resourceAllocationScorer="LeastAllocated" allocatableResource=[6000,7885250560] requestedResource=[1000,2097152000] resourceScore=78
2026-07-01 17:14:36.977 I0701 08:08:28.055241       1 resource_allocation.go:76] "Listed internal info for allocatable resources, requested resources and score" pod="default/yolo-seg-1" node="gpu-orin3" resourceAllocationScorer="LeastAllocated" allocatableResource=[6000,7885152256] requestedResource=[800,1677721600] resourceScore=82
2026-07-01 17:14:36.977 I0701 08:08:28.055255       1 resource_allocation.go:76] "Listed internal info for allocatable resources, requested resources and score" pod="default/yolo-seg-1" node="gpuorin4-desktop" resourceAllocationScorer="NodeResourcesBalancedAllocation" allocatableResource=[6000,7885250560] requestedResource=[100,52428800] resourceScore=99
2026-07-01 17:14:36.978 I0701 08:08:28.055286       1 resource_allocation.go:76] "Listed internal info for allocatable resources, requested resources and score" pod="default/yolo-seg-1" node="gpu-orin3" resourceAllocationScorer="NodeResourcesBalancedAllocation" allocatableResource=[6000,7885152256] requestedResource=[100,52428800] resourceScore=99
2026-07-01 17:14:36.979 I0701 08:08:28.055434       1 schedule_one.go:745] "Plugin scored node for pod" pod="default/yolo-seg-1" plugin="TaintToleration" node="gpu-orin2" score=300
2026-07-01 17:14:36.979 I0701 08:08:28.055452       1 schedule_one.go:745] "Plugin scored node for pod" pod="default/yolo-seg-1" plugin="NodeAffinity" node="gpu-orin2" score=0
2026-07-01 17:14:36.980 I0701 08:08:28.055462       1 schedule_one.go:745] "Plugin scored node for pod" pod="default/yolo-seg-1" plugin="NodeResourcesFit" node="gpu-orin2" score=84
2026-07-01 17:14:36.980 I0701 08:08:28.055473       1 schedule_one.go:745] "Plugin scored node for pod" pod="default/yolo-seg-1" plugin="VolumeBinding" node="gpu-orin2" score=0
2026-07-01 17:14:36.981 I0701 08:08:28.055487       1 schedule_one.go:745] "Plugin scored node for pod" pod="default/yolo-seg-1" plugin="NodeResourcesBalancedAllocation" node="gpu-orin2" score=99
2026-07-01 17:14:36.982 I0701 08:08:28.055497       1 schedule_one.go:745] "Plugin scored node for pod" pod="default/yolo-seg-1" plugin="ImageLocality" node="gpu-orin2" score=0
2026-07-01 17:14:36.982 I0701 08:08:28.055506       1 schedule_one.go:745] "Plugin scored node for pod" pod="default/yolo-seg-1" plugin="TaintToleration" node="gpuorin4-desktop" score=300
2026-07-01 17:14:36.983 I0701 08:08:28.055514       1 schedule_one.go:745] "Plugin scored node for pod" pod="default/yolo-seg-1" plugin="NodeAffinity" node="gpuorin4-desktop" score=0
2026-07-01 17:14:36.984 I0701 08:08:28.055523       1 schedule_one.go:745] "Plugin scored node for pod" pod="default/yolo-seg-1" plugin="NodeResourcesFit" node="gpuorin4-desktop" score=78
2026-07-01 17:14:36.984 I0701 08:08:28.055531       1 schedule_one.go:745] "Plugin scored node for pod" pod="default/yolo-seg-1" plugin="VolumeBinding" node="gpuorin4-desktop" score=0
2026-07-01 17:14:36.985 I0701 08:08:28.055539       1 schedule_one.go:745] "Plugin scored node for pod" pod="default/yolo-seg-1" plugin="NodeResourcesBalancedAllocation" node="gpuorin4-desktop" score=99
2026-07-01 17:14:36.986 I0701 08:08:28.055547       1 schedule_one.go:745] "Plugin scored node for pod" pod="default/yolo-seg-1" plugin="ImageLocality" node="gpuorin4-desktop" score=0
2026-07-01 17:14:36.986 I0701 08:08:28.055556       1 schedule_one.go:745] "Plugin scored node for pod" pod="default/yolo-seg-1" plugin="TaintToleration" node="gpuorin5-desktop" score=300
2026-07-01 17:14:36.987 I0701 08:08:28.055617       1 schedule_one.go:745] "Plugin scored node for pod" pod="default/yolo-seg-1" plugin="NodeAffinity" node="gpuorin5-desktop" score=0
2026-07-01 17:14:36.987 I0701 08:08:28.055666       1 schedule_one.go:745] "Plugin scored node for pod" pod="default/yolo-seg-1" plugin="NodeResourcesFit" node="gpuorin5-desktop" score=82
2026-07-01 17:14:36.988 I0701 08:08:28.055681       1 schedule_one.go:745] "Plugin scored node for pod" pod="default/yolo-seg-1" plugin="VolumeBinding" node="gpuorin5-desktop" score=0
2026-07-01 17:14:36.989 I0701 08:08:28.055695       1 schedule_one.go:745] "Plugin scored node for pod" pod="default/yolo-seg-1" plugin="NodeResourcesBalancedAllocation" node="gpuorin5-desktop" score=99
2026-07-01 17:14:36.989 I0701 08:08:28.055718       1 schedule_one.go:745] "Plugin scored node for pod" pod="default/yolo-seg-1" plugin="ImageLocality" node="gpuorin5-desktop" score=0
2026-07-01 17:14:36.990 I0701 08:08:28.055731       1 schedule_one.go:745] "Plugin scored node for pod" pod="default/yolo-seg-1" plugin="TaintToleration" node="gpu-orin3" score=300
2026-07-01 17:14:36.991 I0701 08:08:28.055743       1 schedule_one.go:745] "Plugin scored node for pod" pod="default/yolo-seg-1" plugin="NodeAffinity" node="gpu-orin3" score=0
2026-07-01 17:14:36.991 I0701 08:08:28.055754       1 schedule_one.go:745] "Plugin scored node for pod" pod="default/yolo-seg-1" plugin="NodeResourcesFit" node="gpu-orin3" score=82
2026-07-01 17:14:36.992 I0701 08:08:28.055779       1 schedule_one.go:745] "Plugin scored node for pod" pod="default/yolo-seg-1" plugin="VolumeBinding" node="gpu-orin3" score=0
2026-07-01 17:14:36.993 I0701 08:08:28.055792       1 schedule_one.go:745] "Plugin scored node for pod" pod="default/yolo-seg-1" plugin="NodeResourcesBalancedAllocation" node="gpu-orin3" score=99
2026-07-01 17:14:36.993 I0701 08:08:28.055804       1 schedule_one.go:745] "Plugin scored node for pod" pod="default/yolo-seg-1" plugin="ImageLocality" node="gpu-orin3" score=0
2026-07-01 17:14:36.994 I0701 08:08:28.055821       1 schedule_one.go:812] "Calculated node's final score for pod" pod="default/yolo-seg-1" node="gpu-orin2" score=483
2026-07-01 17:14:36.995 I0701 08:08:28.055836       1 schedule_one.go:812] "Calculated node's final score for pod" pod="default/yolo-seg-1" node="gpuorin4-desktop" score=477
2026-07-01 17:14:36.996 I0701 08:08:28.055851       1 schedule_one.go:812] "Calculated node's final score for pod" pod="default/yolo-seg-1" node="gpuorin5-desktop" score=481
2026-07-01 17:14:36.997 I0701 08:08:28.055866       1 schedule_one.go:812] "Calculated node's final score for pod" pod="default/yolo-seg-1" node="gpu-orin3" score=481
2026-07-01 17:14:36.998 I0701 08:08:32.462664       1 resource_allocation.go:76] "Listed internal info for allocatable resources, requested resources and score" pod="default/yolo-obb-1" node="gpu-orin2" resourceAllocationScorer="LeastAllocated" allocatableResource=[6000,7885127680] requestedResource=[800,1677721600] resourceScore=82
2026-07-01 17:14:36.999 I0701 08:08:32.462696       1 resource_allocation.go:76] "Listed internal info for allocatable resources, requested resources and score" pod="default/yolo-obb-1" node="gpu-orin2" resourceAllocationScorer="NodeResourcesBalancedAllocation" allocatableResource=[6000,7885127680] requestedResource=[100,52428800] resourceScore=99
2026-07-01 17:14:37.001 I0701 08:08:32.462720       1 resource_allocation.go:76] "Listed internal info for allocatable resources, requested resources and score" pod="default/yolo-obb-1" node="gpuorin4-desktop" resourceAllocationScorer="LeastAllocated" allocatableResource=[6000,7885250560] requestedResource=[1000,2097152000] resourceScore=78
2026-07-01 17:14:37.002 I0701 08:08:32.462725       1 resource_allocation.go:76] "Listed internal info for allocatable resources, requested resources and score" pod="default/yolo-obb-1" node="gpu-orin3" resourceAllocationScorer="LeastAllocated" allocatableResource=[6000,7885152256] requestedResource=[800,1677721600] resourceScore=82
2026-07-01 17:14:37.004 I0701 08:08:32.462791       1 resource_allocation.go:76] "Listed internal info for allocatable resources, requested resources and score" pod="default/yolo-obb-1" node="gpuorin4-desktop" resourceAllocationScorer="NodeResourcesBalancedAllocation" allocatableResource=[6000,7885250560] requestedResource=[100,52428800] resourceScore=99
2026-07-01 17:14:37.005 I0701 08:08:32.462804       1 resource_allocation.go:76] "Listed internal info for allocatable resources, requested resources and score" pod="default/yolo-obb-1" node="gpu-orin3" resourceAllocationScorer="NodeResourcesBalancedAllocation" allocatableResource=[6000,7885152256] requestedResource=[100,52428800] resourceScore=99
2026-07-01 17:14:37.007 I0701 08:08:32.462754       1 resource_allocation.go:76] "Listed internal info for allocatable resources, requested resources and score" pod="default/yolo-obb-1" node="gpuorin5-desktop" resourceAllocationScorer="LeastAllocated" allocatableResource=[6000,7885127680] requestedResource=[800,1677721600] resourceScore=82
2026-07-01 17:14:37.008 I0701 08:08:32.462852       1 resource_allocation.go:76] "Listed internal info for allocatable resources, requested resources and score" pod="default/yolo-obb-1" node="gpuorin5-desktop" resourceAllocationScorer="NodeResourcesBalancedAllocation" allocatableResource=[6000,7885127680] requestedResource=[100,52428800] resourceScore=99
2026-07-01 17:14:37.009 I0701 08:08:32.462960       1 schedule_one.go:745] "Plugin scored node for pod" pod="default/yolo-obb-1" plugin="TaintToleration" node="gpu-orin2" score=300
2026-07-01 17:14:37.010 I0701 08:08:32.462977       1 schedule_one.go:745] "Plugin scored node for pod" pod="default/yolo-obb-1" plugin="NodeAffinity" node="gpu-orin2" score=0
2026-07-01 17:14:37.011 I0701 08:08:32.462991       1 schedule_one.go:745] "Plugin scored node for pod" pod="default/yolo-obb-1" plugin="NodeResourcesFit" node="gpu-orin2" score=82
2026-07-01 17:14:37.012 I0701 08:08:32.463000       1 schedule_one.go:745] "Plugin scored node for pod" pod="default/yolo-obb-1" plugin="VolumeBinding" node="gpu-orin2" score=0
2026-07-01 17:14:37.013 I0701 08:08:32.463008       1 schedule_one.go:745] "Plugin scored node for pod" pod="default/yolo-obb-1" plugin="NodeResourcesBalancedAllocation" node="gpu-orin2" score=99
2026-07-01 17:14:37.013 I0701 08:08:32.463016       1 schedule_one.go:745] "Plugin scored node for pod" pod="default/yolo-obb-1" plugin="ImageLocality" node="gpu-orin2" score=0
2026-07-01 17:14:37.014 I0701 08:08:32.463025       1 schedule_one.go:745] "Plugin scored node for pod" pod="default/yolo-obb-1" plugin="TaintToleration" node="gpuorin4-desktop" score=300
2026-07-01 17:14:37.015 I0701 08:08:32.463037       1 schedule_one.go:745] "Plugin scored node for pod" pod="default/yolo-obb-1" plugin="NodeAffinity" node="gpuorin4-desktop" score=0
2026-07-01 17:14:37.015 I0701 08:08:32.463045       1 schedule_one.go:745] "Plugin scored node for pod" pod="default/yolo-obb-1" plugin="NodeResourcesFit" node="gpuorin4-desktop" score=78
2026-07-01 17:14:37.016 I0701 08:08:32.463053       1 schedule_one.go:745] "Plugin scored node for pod" pod="default/yolo-obb-1" plugin="VolumeBinding" node="gpuorin4-desktop" score=0
2026-07-01 17:14:37.017 I0701 08:08:32.463061       1 schedule_one.go:745] "Plugin scored node for pod" pod="default/yolo-obb-1" plugin="NodeResourcesBalancedAllocation" node="gpuorin4-desktop" score=99
2026-07-01 17:14:37.017 I0701 08:08:32.463069       1 schedule_one.go:745] "Plugin scored node for pod" pod="default/yolo-obb-1" plugin="ImageLocality" node="gpuorin4-desktop" score=0
2026-07-01 17:14:37.018 I0701 08:08:32.463077       1 schedule_one.go:745] "Plugin scored node for pod" pod="default/yolo-obb-1" plugin="TaintToleration" node="gpuorin5-desktop" score=300
2026-07-01 17:14:37.018 I0701 08:08:32.463084       1 schedule_one.go:745] "Plugin scored node for pod" pod="default/yolo-obb-1" plugin="NodeAffinity" node="gpuorin5-desktop" score=0
2026-07-01 17:14:37.019 I0701 08:08:32.463091       1 schedule_one.go:745] "Plugin scored node for pod" pod="default/yolo-obb-1" plugin="NodeResourcesFit" node="gpuorin5-desktop" score=82
2026-07-01 17:14:37.019 I0701 08:08:32.463099       1 schedule_one.go:745] "Plugin scored node for pod" pod="default/yolo-obb-1" plugin="VolumeBinding" node="gpuorin5-desktop" score=0
2026-07-01 17:14:37.020 I0701 08:08:32.463107       1 schedule_one.go:745] "Plugin scored node for pod" pod="default/yolo-obb-1" plugin="NodeResourcesBalancedAllocation" node="gpuorin5-desktop" score=99
2026-07-01 17:14:37.021 I0701 08:08:32.463115       1 schedule_one.go:745] "Plugin scored node for pod" pod="default/yolo-obb-1" plugin="ImageLocality" node="gpuorin5-desktop" score=0
2026-07-01 17:14:37.021 I0701 08:08:32.463122       1 schedule_one.go:745] "Plugin scored node for pod" pod="default/yolo-obb-1" plugin="TaintToleration" node="gpu-orin3" score=300
2026-07-01 17:14:37.022 I0701 08:08:32.463130       1 schedule_one.go:745] "Plugin scored node for pod" pod="default/yolo-obb-1" plugin="NodeAffinity" node="gpu-orin3" score=0
2026-07-01 17:14:37.022 I0701 08:08:32.463138       1 schedule_one.go:745] "Plugin scored node for pod" pod="default/yolo-obb-1" plugin="NodeResourcesFit" node="gpu-orin3" score=82
2026-07-01 17:14:37.023 I0701 08:08:32.463145       1 schedule_one.go:745] "Plugin scored node for pod" pod="default/yolo-obb-1" plugin="VolumeBinding" node="gpu-orin3" score=0
2026-07-01 17:14:37.024 I0701 08:08:32.463153       1 schedule_one.go:745] "Plugin scored node for pod" pod="default/yolo-obb-1" plugin="NodeResourcesBalancedAllocation" node="gpu-orin3" score=99
2026-07-01 17:14:37.024 I0701 08:08:32.463162       1 schedule_one.go:745] "Plugin scored node for pod" pod="default/yolo-obb-1" plugin="ImageLocality" node="gpu-orin3" score=0
2026-07-01 17:14:37.025 I0701 08:08:32.463177       1 schedule_one.go:812] "Calculated node's final score for pod" pod="default/yolo-obb-1" node="gpu-orin2" score=481
2026-07-01 17:14:37.026 I0701 08:08:32.463188       1 schedule_one.go:812] "Calculated node's final score for pod" pod="default/yolo-obb-1" node="gpuorin4-desktop" score=477
2026-07-01 17:14:37.026 I0701 08:08:32.463198       1 schedule_one.go:812] "Calculated node's final score for pod" pod="default/yolo-obb-1" node="gpuorin5-desktop" score=481
2026-07-01 17:14:37.027 I0701 08:08:32.463215       1 schedule_one.go:812] "Calculated node's final score for pod" pod="default/yolo-obb-1" node="gpu-orin3" score=481
2026-07-01 17:14:37.027 I0701 08:08:36.661125       1 resource_allocation.go:76] "Listed internal info for allocatable resources, requested resources and score" pod="default/yolo-pos-1" node="gpuorin4-desktop" resourceAllocationScorer="LeastAllocated" allocatableResource=[6000,7885250560] requestedResource=[1000,2097152000] resourceScore=78
2026-07-01 17:14:37.028 I0701 08:08:36.661155       1 resource_allocation.go:76] "Listed internal info for allocatable resources, requested resources and score" pod="default/yolo-pos-1" node="gpuorin4-desktop" resourceAllocationScorer="NodeResourcesBalancedAllocation" allocatableResource=[6000,7885250560] requestedResource=[100,52428800] resourceScore=99
2026-07-01 17:14:37.029 I0701 08:08:36.661125       1 resource_allocation.go:76] "Listed internal info for allocatable resources, requested resources and score" pod="default/yolo-pos-1" node="gpuorin5-desktop" resourceAllocationScorer="LeastAllocated" allocatableResource=[6000,7885127680] requestedResource=[800,1677721600] resourceScore=82
2026-07-01 17:14:37.030 I0701 08:08:36.661171       1 resource_allocation.go:76] "Listed internal info for allocatable resources, requested resources and score" pod="default/yolo-pos-1" node="gpu-orin3" resourceAllocationScorer="LeastAllocated" allocatableResource=[6000,7885152256] requestedResource=[800,1677721600] resourceScore=82
2026-07-01 17:14:37.030 I0701 08:08:36.661173       1 resource_allocation.go:76] "Listed internal info for allocatable resources, requested resources and score" pod="default/yolo-pos-1" node="gpu-orin2" resourceAllocationScorer="LeastAllocated" allocatableResource=[6000,7885127680] requestedResource=[900,1887436800] resourceScore=80
2026-07-01 17:14:37.031 I0701 08:08:36.661190       1 resource_allocation.go:76] "Listed internal info for allocatable resources, requested resources and score" pod="default/yolo-pos-1" node="gpuorin5-desktop" resourceAllocationScorer="NodeResourcesBalancedAllocation" allocatableResource=[6000,7885127680] requestedResource=[100,52428800] resourceScore=99
2026-07-01 17:14:37.031 I0701 08:08:36.661212       1 resource_allocation.go:76] "Listed internal info for allocatable resources, requested resources and score" pod="default/yolo-pos-1" node="gpu-orin3" resourceAllocationScorer="NodeResourcesBalancedAllocation" allocatableResource=[6000,7885152256] requestedResource=[100,52428800] resourceScore=99
2026-07-01 17:14:37.032 I0701 08:08:36.661216       1 resource_allocation.go:76] "Listed internal info for allocatable resources, requested resources and score" pod="default/yolo-pos-1" node="gpu-orin2" resourceAllocationScorer="NodeResourcesBalancedAllocation" allocatableResource=[6000,7885127680] requestedResource=[100,52428800] resourceScore=99
2026-07-01 17:14:37.033 I0701 08:08:36.661377       1 schedule_one.go:745] "Plugin scored node for pod" pod="default/yolo-pos-1" plugin="TaintToleration" node="gpuorin4-desktop" score=300
2026-07-01 17:14:37.033 I0701 08:08:36.661423       1 schedule_one.go:745] "Plugin scored node for pod" pod="default/yolo-pos-1" plugin="NodeAffinity" node="gpuorin4-desktop" score=0
2026-07-01 17:14:37.034 I0701 08:08:36.661439       1 schedule_one.go:745] "Plugin scored node for pod" pod="default/yolo-pos-1" plugin="NodeResourcesFit" node="gpuorin4-desktop" score=78
2026-07-01 17:14:37.035 I0701 08:08:36.661449       1 schedule_one.go:745] "Plugin scored node for pod" pod="default/yolo-pos-1" plugin="VolumeBinding" node="gpuorin4-desktop" score=0
2026-07-01 17:14:37.036 I0701 08:08:36.661461       1 schedule_one.go:745] "Plugin scored node for pod" pod="default/yolo-pos-1" plugin="NodeResourcesBalancedAllocation" node="gpuorin4-desktop" score=99
2026-07-01 17:14:37.037 I0701 08:08:36.661472       1 schedule_one.go:745] "Plugin scored node for pod" pod="default/yolo-pos-1" plugin="ImageLocality" node="gpuorin4-desktop" score=0
2026-07-01 17:14:37.037 I0701 08:08:36.661482       1 schedule_one.go:745] "Plugin scored node for pod" pod="default/yolo-pos-1" plugin="TaintToleration" node="gpuorin5-desktop" score=300
2026-07-01 17:14:37.039 I0701 08:08:36.661492       1 schedule_one.go:745] "Plugin scored node for pod" pod="default/yolo-pos-1" plugin="NodeAffinity" node="gpuorin5-desktop" score=0
2026-07-01 17:14:37.040 I0701 08:08:36.661501       1 schedule_one.go:745] "Plugin scored node for pod" pod="default/yolo-pos-1" plugin="NodeResourcesFit" node="gpuorin5-desktop" score=82
2026-07-01 17:14:37.041 I0701 08:08:36.661511       1 schedule_one.go:745] "Plugin scored node for pod" pod="default/yolo-pos-1" plugin="VolumeBinding" node="gpuorin5-desktop" score=0
2026-07-01 17:14:37.042 I0701 08:08:36.661521       1 schedule_one.go:745] "Plugin scored node for pod" pod="default/yolo-pos-1" plugin="NodeResourcesBalancedAllocation" node="gpuorin5-desktop" score=99
2026-07-01 17:14:37.044 I0701 08:08:36.661536       1 schedule_one.go:745] "Plugin scored node for pod" pod="default/yolo-pos-1" plugin="ImageLocality" node="gpuorin5-desktop" score=0
2026-07-01 17:14:37.045 I0701 08:08:36.661545       1 schedule_one.go:745] "Plugin scored node for pod" pod="default/yolo-pos-1" plugin="TaintToleration" node="gpu-orin3" score=300
2026-07-01 17:14:37.047 I0701 08:08:36.661556       1 schedule_one.go:745] "Plugin scored node for pod" pod="default/yolo-pos-1" plugin="NodeAffinity" node="gpu-orin3" score=0
2026-07-01 17:14:37.049 I0701 08:08:36.661565       1 schedule_one.go:745] "Plugin scored node for pod" pod="default/yolo-pos-1" plugin="NodeResourcesFit" node="gpu-orin3" score=82
2026-07-01 17:14:37.052 I0701 08:08:36.661574       1 schedule_one.go:745] "Plugin scored node for pod" pod="default/yolo-pos-1" plugin="VolumeBinding" node="gpu-orin3" score=0
2026-07-01 17:14:37.054 I0701 08:08:36.661587       1 schedule_one.go:745] "Plugin scored node for pod" pod="default/yolo-pos-1" plugin="NodeResourcesBalancedAllocation" node="gpu-orin3" score=99
2026-07-01 17:14:37.056 I0701 08:08:36.661597       1 schedule_one.go:745] "Plugin scored node for pod" pod="default/yolo-pos-1" plugin="ImageLocality" node="gpu-orin3" score=0
2026-07-01 17:14:37.059 I0701 08:08:36.661607       1 schedule_one.go:745] "Plugin scored node for pod" pod="default/yolo-pos-1" plugin="TaintToleration" node="gpu-orin2" score=300
2026-07-01 17:14:37.061 I0701 08:08:36.661618       1 schedule_one.go:745] "Plugin scored node for pod" pod="default/yolo-pos-1" plugin="NodeAffinity" node="gpu-orin2" score=0
2026-07-01 17:14:37.064 I0701 08:08:36.661628       1 schedule_one.go:745] "Plugin scored node for pod" pod="default/yolo-pos-1" plugin="NodeResourcesFit" node="gpu-orin2" score=80
2026-07-01 17:14:37.067 I0701 08:08:36.661642       1 schedule_one.go:745] "Plugin scored node for pod" pod="default/yolo-pos-1" plugin="VolumeBinding" node="gpu-orin2" score=0
2026-07-01 17:14:37.069 I0701 08:08:36.661652       1 schedule_one.go:745] "Plugin scored node for pod" pod="default/yolo-pos-1" plugin="NodeResourcesBalancedAllocation" node="gpu-orin2" score=99
2026-07-01 17:14:37.072 I0701 08:08:36.661661       1 schedule_one.go:745] "Plugin scored node for pod" pod="default/yolo-pos-1" plugin="ImageLocality" node="gpu-orin2" score=0
2026-07-01 17:14:37.075 I0701 08:08:36.661676       1 schedule_one.go:812] "Calculated node's final score for pod" pod="default/yolo-pos-1" node="gpuorin4-desktop" score=477
2026-07-01 17:14:37.077 I0701 08:08:36.661688       1 schedule_one.go:812] "Calculated node's final score for pod" pod="default/yolo-pos-1" node="gpuorin5-desktop" score=481
2026-07-01 17:14:37.080 I0701 08:08:36.661701       1 schedule_one.go:812] "Calculated node's final score for pod" pod="default/yolo-pos-1" node="gpu-orin3" score=481
2026-07-01 17:14:37.082 I0701 08:08:36.661710       1 schedule_one.go:812] "Calculated node's final score for pod" pod="default/yolo-pos-1" node="gpu-orin2" score=479
2026-07-01 17:14:37.085 I0701 08:08:41.112355       1 resource_allocation.go:76] "Listed internal info for allocatable resources, requested resources and score" pod="default/yolo-cls-2" node="gpuorin4-desktop" resourceAllocationScorer="LeastAllocated" allocatableResource=[6000,7885250560] requestedResource=[1000,2097152000] resourceScore=78
2026-07-01 17:14:37.088 I0701 08:08:41.112369       1 resource_allocation.go:76] "Listed internal info for allocatable resources, requested resources and score" pod="default/yolo-cls-2" node="gpuorin5-desktop" resourceAllocationScorer="LeastAllocated" allocatableResource=[6000,7885127680] requestedResource=[800,1677721600] resourceScore=82
2026-07-01 17:14:37.091 I0701 08:08:41.112382       1 resource_allocation.go:76] "Listed internal info for allocatable resources, requested resources and score" pod="default/yolo-cls-2" node="gpuorin4-desktop" resourceAllocationScorer="NodeResourcesBalancedAllocation" allocatableResource=[6000,7885250560] requestedResource=[100,52428800] resourceScore=99
2026-07-01 17:14:37.093 I0701 08:08:41.112382       1 resource_allocation.go:76] "Listed internal info for allocatable resources, requested resources and score" pod="default/yolo-cls-2" node="gpu-orin3" resourceAllocationScorer="LeastAllocated" allocatableResource=[6000,7885152256] requestedResource=[900,1887436800] resourceScore=80
2026-07-01 17:14:37.096 I0701 08:08:41.112378       1 resource_allocation.go:76] "Listed internal info for allocatable resources, requested resources and score" pod="default/yolo-cls-2" node="gpu-orin2" resourceAllocationScorer="LeastAllocated" allocatableResource=[6000,7885127680] requestedResource=[900,1887436800] resourceScore=80
2026-07-01 17:14:37.099 I0701 08:08:41.112400       1 resource_allocation.go:76] "Listed internal info for allocatable resources, requested resources and score" pod="default/yolo-cls-2" node="gpuorin5-desktop" resourceAllocationScorer="NodeResourcesBalancedAllocation" allocatableResource=[6000,7885127680] requestedResource=[100,52428800] resourceScore=99
2026-07-01 17:14:37.102 I0701 08:08:41.112410       1 resource_allocation.go:76] "Listed internal info for allocatable resources, requested resources and score" pod="default/yolo-cls-2" node="gpu-orin3" resourceAllocationScorer="NodeResourcesBalancedAllocation" allocatableResource=[6000,7885152256] requestedResource=[100,52428800] resourceScore=99
2026-07-01 17:14:37.105 I0701 08:08:41.112416       1 resource_allocation.go:76] "Listed internal info for allocatable resources, requested resources and score" pod="default/yolo-cls-2" node="gpu-orin2" resourceAllocationScorer="NodeResourcesBalancedAllocation" allocatableResource=[6000,7885127680] requestedResource=[100,52428800] resourceScore=99
2026-07-01 17:14:37.107 I0701 08:08:41.112509       1 schedule_one.go:745] "Plugin scored node for pod" pod="default/yolo-cls-2" plugin="TaintToleration" node="gpuorin4-desktop" score=300
2026-07-01 17:14:37.110 I0701 08:08:41.112532       1 schedule_one.go:745] "Plugin scored node for pod" pod="default/yolo-cls-2" plugin="NodeAffinity" node="gpuorin4-desktop" score=0
2026-07-01 17:14:37.112 I0701 08:08:41.112544       1 schedule_one.go:745] "Plugin scored node for pod" pod="default/yolo-cls-2" plugin="NodeResourcesFit" node="gpuorin4-desktop" score=78
2026-07-01 17:14:37.115 I0701 08:08:41.112556       1 schedule_one.go:745] "Plugin scored node for pod" pod="default/yolo-cls-2" plugin="VolumeBinding" node="gpuorin4-desktop" score=0
2026-07-01 17:14:37.117 I0701 08:08:41.112565       1 schedule_one.go:745] "Plugin scored node for pod" pod="default/yolo-cls-2" plugin="NodeResourcesBalancedAllocation" node="gpuorin4-desktop" score=99
2026-07-01 17:14:37.120 I0701 08:08:41.112575       1 schedule_one.go:745] "Plugin scored node for pod" pod="default/yolo-cls-2" plugin="ImageLocality" node="gpuorin4-desktop" score=0
2026-07-01 17:14:37.122 I0701 08:08:41.112591       1 schedule_one.go:745] "Plugin scored node for pod" pod="default/yolo-cls-2" plugin="TaintToleration" node="gpuorin5-desktop" score=300
2026-07-01 17:14:37.125 I0701 08:08:41.112600       1 schedule_one.go:745] "Plugin scored node for pod" pod="default/yolo-cls-2" plugin="NodeAffinity" node="gpuorin5-desktop" score=0
2026-07-01 17:14:37.127 I0701 08:08:41.112608       1 schedule_one.go:745] "Plugin scored node for pod" pod="default/yolo-cls-2" plugin="NodeResourcesFit" node="gpuorin5-desktop" score=82
2026-07-01 17:14:37.130 I0701 08:08:41.112616       1 schedule_one.go:745] "Plugin scored node for pod" pod="default/yolo-cls-2" plugin="VolumeBinding" node="gpuorin5-desktop" score=0
2026-07-01 17:14:37.132 I0701 08:08:41.112627       1 schedule_one.go:745] "Plugin scored node for pod" pod="default/yolo-cls-2" plugin="NodeResourcesBalancedAllocation" node="gpuorin5-desktop" score=99
2026-07-01 17:14:37.135 I0701 08:08:41.112635       1 schedule_one.go:745] "Plugin scored node for pod" pod="default/yolo-cls-2" plugin="ImageLocality" node="gpuorin5-desktop" score=0
2026-07-01 17:14:37.137 I0701 08:08:41.112644       1 schedule_one.go:745] "Plugin scored node for pod" pod="default/yolo-cls-2" plugin="TaintToleration" node="gpu-orin2" score=300
2026-07-01 17:14:37.140 I0701 08:08:41.112653       1 schedule_one.go:745] "Plugin scored node for pod" pod="default/yolo-cls-2" plugin="NodeAffinity" node="gpu-orin2" score=0
2026-07-01 17:14:37.142 I0701 08:08:41.112661       1 schedule_one.go:745] "Plugin scored node for pod" pod="default/yolo-cls-2" plugin="NodeResourcesFit" node="gpu-orin2" score=80
2026-07-01 17:14:37.144 I0701 08:08:41.112670       1 schedule_one.go:745] "Plugin scored node for pod" pod="default/yolo-cls-2" plugin="VolumeBinding" node="gpu-orin2" score=0
2026-07-01 17:14:37.147 I0701 08:08:41.112678       1 schedule_one.go:745] "Plugin scored node for pod" pod="default/yolo-cls-2" plugin="NodeResourcesBalancedAllocation" node="gpu-orin2" score=99
2026-07-01 17:14:37.149 I0701 08:08:41.112686       1 schedule_one.go:745] "Plugin scored node for pod" pod="default/yolo-cls-2" plugin="ImageLocality" node="gpu-orin2" score=0
2026-07-01 17:14:37.152 I0701 08:08:41.112694       1 schedule_one.go:745] "Plugin scored node for pod" pod="default/yolo-cls-2" plugin="TaintToleration" node="gpu-orin3" score=300
2026-07-01 17:14:37.154 I0701 08:08:41.112702       1 schedule_one.go:745] "Plugin scored node for pod" pod="default/yolo-cls-2" plugin="NodeAffinity" node="gpu-orin3" score=0
2026-07-01 17:14:37.157 I0701 08:08:41.112710       1 schedule_one.go:745] "Plugin scored node for pod" pod="default/yolo-cls-2" plugin="NodeResourcesFit" node="gpu-orin3" score=80
2026-07-01 17:14:37.159 I0701 08:08:41.112722       1 schedule_one.go:745] "Plugin scored node for pod" pod="default/yolo-cls-2" plugin="VolumeBinding" node="gpu-orin3" score=0
2026-07-01 17:14:37.162 I0701 08:08:41.112730       1 schedule_one.go:745] "Plugin scored node for pod" pod="default/yolo-cls-2" plugin="NodeResourcesBalancedAllocation" node="gpu-orin3" score=99
2026-07-01 17:14:37.165 I0701 08:08:41.112738       1 schedule_one.go:745] "Plugin scored node for pod" pod="default/yolo-cls-2" plugin="ImageLocality" node="gpu-orin3" score=0
2026-07-01 17:14:37.167 I0701 08:08:41.112752       1 schedule_one.go:812] "Calculated node's final score for pod" pod="default/yolo-cls-2" node="gpuorin4-desktop" score=477
2026-07-01 17:14:37.170 I0701 08:08:41.112776       1 schedule_one.go:812] "Calculated node's final score for pod" pod="default/yolo-cls-2" node="gpuorin5-desktop" score=481
2026-07-01 17:14:37.173 I0701 08:08:41.112791       1 schedule_one.go:812] "Calculated node's final score for pod" pod="default/yolo-cls-2" node="gpu-orin2" score=479
2026-07-01 17:14:37.175 I0701 08:08:41.112801       1 schedule_one.go:812] "Calculated node's final score for pod" pod="default/yolo-cls-2" node="gpu-orin3" score=479
2026-07-01 17:14:37.178 I0701 08:08:45.294212       1 resource_allocation.go:76] "Listed internal info for allocatable resources, requested resources and score" pod="default/yolo-det-2" node="gpu-orin2" resourceAllocationScorer="LeastAllocated" allocatableResource=[6000,7885127680] requestedResource=[900,1887436800] resourceScore=80
2026-07-01 17:14:37.181 I0701 08:08:45.294222       1 resource_allocation.go:76] "Listed internal info for allocatable resources, requested resources and score" pod="default/yolo-det-2" node="gpu-orin2" resourceAllocationScorer="NodeResourcesBalancedAllocation" allocatableResource=[6000,7885127680] requestedResource=[100,52428800] resourceScore=99
2026-07-01 17:14:37.183 I0701 08:08:45.294226       1 resource_allocation.go:76] "Listed internal info for allocatable resources, requested resources and score" pod="default/yolo-det-2" node="gpuorin4-desktop" resourceAllocationScorer="LeastAllocated" allocatableResource=[6000,7885250560] requestedResource=[1000,2097152000] resourceScore=78
2026-07-01 17:14:37.186 I0701 08:08:45.294230       1 resource_allocation.go:76] "Listed internal info for allocatable resources, requested resources and score" pod="default/yolo-det-2" node="gpu-orin3" resourceAllocationScorer="LeastAllocated" allocatableResource=[6000,7885152256] requestedResource=[900,1887436800] resourceScore=80
2026-07-01 17:14:37.189 I0701 08:08:45.294241       1 resource_allocation.go:76] "Listed internal info for allocatable resources, requested resources and score" pod="default/yolo-det-2" node="gpuorin4-desktop" resourceAllocationScorer="NodeResourcesBalancedAllocation" allocatableResource=[6000,7885250560] requestedResource=[100,52428800] resourceScore=99
2026-07-01 17:14:37.192 I0701 08:08:45.294244       1 resource_allocation.go:76] "Listed internal info for allocatable resources, requested resources and score" pod="default/yolo-det-2" node="gpu-orin3" resourceAllocationScorer="NodeResourcesBalancedAllocation" allocatableResource=[6000,7885152256] requestedResource=[100,52428800] resourceScore=99
2026-07-01 17:14:37.195 I0701 08:08:45.294255       1 resource_allocation.go:76] "Listed internal info for allocatable resources, requested resources and score" pod="default/yolo-det-2" node="gpuorin5-desktop" resourceAllocationScorer="LeastAllocated" allocatableResource=[6000,7885127680] requestedResource=[900,1887436800] resourceScore=80
2026-07-01 17:14:37.198 I0701 08:08:45.294275       1 resource_allocation.go:76] "Listed internal info for allocatable resources, requested resources and score" pod="default/yolo-det-2" node="gpuorin5-desktop" resourceAllocationScorer="NodeResourcesBalancedAllocation" allocatableResource=[6000,7885127680] requestedResource=[100,52428800] resourceScore=99
2026-07-01 17:14:37.200 I0701 08:08:45.294345       1 schedule_one.go:745] "Plugin scored node for pod" pod="default/yolo-det-2" plugin="TaintToleration" node="gpu-orin2" score=300
2026-07-01 17:14:37.203 I0701 08:08:45.294357       1 schedule_one.go:745] "Plugin scored node for pod" pod="default/yolo-det-2" plugin="NodeAffinity" node="gpu-orin2" score=0
2026-07-01 17:14:37.205 I0701 08:08:45.294363       1 schedule_one.go:745] "Plugin scored node for pod" pod="default/yolo-det-2" plugin="NodeResourcesFit" node="gpu-orin2" score=80
2026-07-01 17:14:37.208 I0701 08:08:45.294366       1 schedule_one.go:745] "Plugin scored node for pod" pod="default/yolo-det-2" plugin="VolumeBinding" node="gpu-orin2" score=0
2026-07-01 17:14:37.211 I0701 08:08:45.294370       1 schedule_one.go:745] "Plugin scored node for pod" pod="default/yolo-det-2" plugin="NodeResourcesBalancedAllocation" node="gpu-orin2" score=99
2026-07-01 17:14:37.213 I0701 08:08:45.294373       1 schedule_one.go:745] "Plugin scored node for pod" pod="default/yolo-det-2" plugin="ImageLocality" node="gpu-orin2" score=0
2026-07-01 17:14:37.216 I0701 08:08:45.294377       1 schedule_one.go:745] "Plugin scored node for pod" pod="default/yolo-det-2" plugin="TaintToleration" node="gpu-orin3" score=300
2026-07-01 17:14:37.218 I0701 08:08:45.294381       1 schedule_one.go:745] "Plugin scored node for pod" pod="default/yolo-det-2" plugin="NodeAffinity" node="gpu-orin3" score=0
2026-07-01 17:14:37.221 I0701 08:08:45.294384       1 schedule_one.go:745] "Plugin scored node for pod" pod="default/yolo-det-2" plugin="NodeResourcesFit" node="gpu-orin3" score=80
2026-07-01 17:14:37.224 I0701 08:08:45.294387       1 schedule_one.go:745] "Plugin scored node for pod" pod="default/yolo-det-2" plugin="VolumeBinding" node="gpu-orin3" score=0
2026-07-01 17:14:37.226 I0701 08:08:45.294390       1 schedule_one.go:745] "Plugin scored node for pod" pod="default/yolo-det-2" plugin="NodeResourcesBalancedAllocation" node="gpu-orin3" score=99
2026-07-01 17:14:37.229 I0701 08:08:45.294393       1 schedule_one.go:745] "Plugin scored node for pod" pod="default/yolo-det-2" plugin="ImageLocality" node="gpu-orin3" score=0
2026-07-01 17:14:37.231 I0701 08:08:45.294397       1 schedule_one.go:745] "Plugin scored node for pod" pod="default/yolo-det-2" plugin="TaintToleration" node="gpuorin4-desktop" score=300
2026-07-01 17:14:37.234 I0701 08:08:45.294401       1 schedule_one.go:745] "Plugin scored node for pod" pod="default/yolo-det-2" plugin="NodeAffinity" node="gpuorin4-desktop" score=0
2026-07-01 17:14:37.237 I0701 08:08:45.294404       1 schedule_one.go:745] "Plugin scored node for pod" pod="default/yolo-det-2" plugin="NodeResourcesFit" node="gpuorin4-desktop" score=78
2026-07-01 17:14:37.239 I0701 08:08:45.294407       1 schedule_one.go:745] "Plugin scored node for pod" pod="default/yolo-det-2" plugin="VolumeBinding" node="gpuorin4-desktop" score=0
2026-07-01 17:14:37.242 I0701 08:08:45.294410       1 schedule_one.go:745] "Plugin scored node for pod" pod="default/yolo-det-2" plugin="NodeResourcesBalancedAllocation" node="gpuorin4-desktop" score=99
2026-07-01 17:14:37.244 I0701 08:08:45.294413       1 schedule_one.go:745] "Plugin scored node for pod" pod="default/yolo-det-2" plugin="ImageLocality" node="gpuorin4-desktop" score=0
2026-07-01 17:14:37.246 I0701 08:08:45.294416       1 schedule_one.go:745] "Plugin scored node for pod" pod="default/yolo-det-2" plugin="TaintToleration" node="gpuorin5-desktop" score=300
2026-07-01 17:14:37.248 I0701 08:08:45.294420       1 schedule_one.go:745] "Plugin scored node for pod" pod="default/yolo-det-2" plugin="NodeAffinity" node="gpuorin5-desktop" score=0
2026-07-01 17:14:37.251 I0701 08:08:45.294423       1 schedule_one.go:745] "Plugin scored node for pod" pod="default/yolo-det-2" plugin="NodeResourcesFit" node="gpuorin5-desktop" score=80
2026-07-01 17:14:37.254 I0701 08:08:45.294427       1 schedule_one.go:745] "Plugin scored node for pod" pod="default/yolo-det-2" plugin="VolumeBinding" node="gpuorin5-desktop" score=0
2026-07-01 17:14:37.256 I0701 08:08:45.294430       1 schedule_one.go:745] "Plugin scored node for pod" pod="default/yolo-det-2" plugin="NodeResourcesBalancedAllocation" node="gpuorin5-desktop" score=99
2026-07-01 17:14:37.259 I0701 08:08:45.294434       1 schedule_one.go:745] "Plugin scored node for pod" pod="default/yolo-det-2" plugin="ImageLocality" node="gpuorin5-desktop" score=0
2026-07-01 17:14:37.261 I0701 08:08:45.294439       1 schedule_one.go:812] "Calculated node's final score for pod" pod="default/yolo-det-2" node="gpu-orin2" score=479
2026-07-01 17:14:37.264 I0701 08:08:45.294444       1 schedule_one.go:812] "Calculated node's final score for pod" pod="default/yolo-det-2" node="gpu-orin3" score=479
2026-07-01 17:14:37.267 I0701 08:08:45.294447       1 schedule_one.go:812] "Calculated node's final score for pod" pod="default/yolo-det-2" node="gpuorin4-desktop" score=477
2026-07-01 17:14:37.269 I0701 08:08:45.294450       1 schedule_one.go:812] "Calculated node's final score for pod" pod="default/yolo-det-2" node="gpuorin5-desktop" score=479
2026-07-01 17:14:37.272 I0701 08:08:49.685739       1 resource_allocation.go:76] "Listed internal info for allocatable resources, requested resources and score" pod="default/yolo-seg-2" node="gpuorin4-desktop" resourceAllocationScorer="LeastAllocated" allocatableResource=[6000,7885250560] requestedResource=[1000,2097152000] resourceScore=78
2026-07-01 17:14:37.275 I0701 08:08:49.685748       1 resource_allocation.go:76] "Listed internal info for allocatable resources, requested resources and score" pod="default/yolo-seg-2" node="gpu-orin2" resourceAllocationScorer="LeastAllocated" allocatableResource=[6000,7885127680] requestedResource=[1000,2097152000] resourceScore=78
2026-07-01 17:14:37.277 I0701 08:08:49.685778       1 resource_allocation.go:76] "Listed internal info for allocatable resources, requested resources and score" pod="default/yolo-seg-2" node="gpuorin5-desktop" resourceAllocationScorer="LeastAllocated" allocatableResource=[6000,7885127680] requestedResource=[900,1887436800] resourceScore=80
2026-07-01 17:14:37.280 I0701 08:08:49.685761       1 resource_allocation.go:76] "Listed internal info for allocatable resources, requested resources and score" pod="default/yolo-seg-2" node="gpuorin4-desktop" resourceAllocationScorer="NodeResourcesBalancedAllocation" allocatableResource=[6000,7885250560] requestedResource=[100,52428800] resourceScore=99
2026-07-01 17:14:37.282 I0701 08:08:49.685809       1 resource_allocation.go:76] "Listed internal info for allocatable resources, requested resources and score" pod="default/yolo-seg-2" node="gpu-orin2" resourceAllocationScorer="NodeResourcesBalancedAllocation" allocatableResource=[6000,7885127680] requestedResource=[100,52428800] resourceScore=99
2026-07-01 17:14:37.285 I0701 08:08:49.685809       1 resource_allocation.go:76] "Listed internal info for allocatable resources, requested resources and score" pod="default/yolo-seg-2" node="gpuorin5-desktop" resourceAllocationScorer="NodeResourcesBalancedAllocation" allocatableResource=[6000,7885127680] requestedResource=[100,52428800] resourceScore=99
2026-07-01 17:14:37.288 I0701 08:08:49.685745       1 resource_allocation.go:76] "Listed internal info for allocatable resources, requested resources and score" pod="default/yolo-seg-2" node="gpu-orin3" resourceAllocationScorer="LeastAllocated" allocatableResource=[6000,7885152256] requestedResource=[900,1887436800] resourceScore=80
2026-07-01 17:14:37.290 I0701 08:08:49.685850       1 resource_allocation.go:76] "Listed internal info for allocatable resources, requested resources and score" pod="default/yolo-seg-2" node="gpu-orin3" resourceAllocationScorer="NodeResourcesBalancedAllocation" allocatableResource=[6000,7885152256] requestedResource=[100,52428800] resourceScore=99
2026-07-01 17:14:37.292 I0701 08:08:49.685947       1 schedule_one.go:745] "Plugin scored node for pod" pod="default/yolo-seg-2" plugin="TaintToleration" node="gpu-orin2" score=300
2026-07-01 17:14:37.294 I0701 08:08:49.685964       1 schedule_one.go:745] "Plugin scored node for pod" pod="default/yolo-seg-2" plugin="NodeAffinity" node="gpu-orin2" score=0
2026-07-01 17:14:37.296 I0701 08:08:49.685973       1 schedule_one.go:745] "Plugin scored node for pod" pod="default/yolo-seg-2" plugin="NodeResourcesFit" node="gpu-orin2" score=78
2026-07-01 17:14:37.299 I0701 08:08:49.685981       1 schedule_one.go:745] "Plugin scored node for pod" pod="default/yolo-seg-2" plugin="VolumeBinding" node="gpu-orin2" score=0
2026-07-01 17:14:37.301 I0701 08:08:49.685987       1 schedule_one.go:745] "Plugin scored node for pod" pod="default/yolo-seg-2" plugin="NodeResourcesBalancedAllocation" node="gpu-orin2" score=99
2026-07-01 17:14:37.304 I0701 08:08:49.685993       1 schedule_one.go:745] "Plugin scored node for pod" pod="default/yolo-seg-2" plugin="ImageLocality" node="gpu-orin2" score=0
2026-07-01 17:14:37.307 I0701 08:08:49.685999       1 schedule_one.go:745] "Plugin scored node for pod" pod="default/yolo-seg-2" plugin="TaintToleration" node="gpu-orin3" score=300
2026-07-01 17:14:37.309 I0701 08:08:49.686007       1 schedule_one.go:745] "Plugin scored node for pod" pod="default/yolo-seg-2" plugin="NodeAffinity" node="gpu-orin3" score=0
2026-07-01 17:14:37.312 I0701 08:08:49.686012       1 schedule_one.go:745] "Plugin scored node for pod" pod="default/yolo-seg-2" plugin="NodeResourcesFit" node="gpu-orin3" score=80
2026-07-01 17:14:37.313 I0701 08:08:49.686017       1 schedule_one.go:745] "Plugin scored node for pod" pod="default/yolo-seg-2" plugin="VolumeBinding" node="gpu-orin3" score=0
2026-07-01 17:14:37.314 I0701 08:08:49.686022       1 schedule_one.go:745] "Plugin scored node for pod" pod="default/yolo-seg-2" plugin="NodeResourcesBalancedAllocation" node="gpu-orin3" score=99
2026-07-01 17:14:37.315 I0701 08:08:49.686028       1 schedule_one.go:745] "Plugin scored node for pod" pod="default/yolo-seg-2" plugin="ImageLocality" node="gpu-orin3" score=0
2026-07-01 17:14:37.315 I0701 08:08:49.686033       1 schedule_one.go:745] "Plugin scored node for pod" pod="default/yolo-seg-2" plugin="TaintToleration" node="gpuorin5-desktop" score=300
2026-07-01 17:14:37.316 I0701 08:08:49.686039       1 schedule_one.go:745] "Plugin scored node for pod" pod="default/yolo-seg-2" plugin="NodeAffinity" node="gpuorin5-desktop" score=0
2026-07-01 17:14:37.317 I0701 08:08:49.686046       1 schedule_one.go:745] "Plugin scored node for pod" pod="default/yolo-seg-2" plugin="NodeResourcesFit" node="gpuorin5-desktop" score=80
2026-07-01 17:14:37.317 I0701 08:08:49.686051       1 schedule_one.go:745] "Plugin scored node for pod" pod="default/yolo-seg-2" plugin="VolumeBinding" node="gpuorin5-desktop" score=0
2026-07-01 17:14:37.318 I0701 08:08:49.686058       1 schedule_one.go:745] "Plugin scored node for pod" pod="default/yolo-seg-2" plugin="NodeResourcesBalancedAllocation" node="gpuorin5-desktop" score=99
2026-07-01 17:14:37.318 I0701 08:08:49.686065       1 schedule_one.go:745] "Plugin scored node for pod" pod="default/yolo-seg-2" plugin="ImageLocality" node="gpuorin5-desktop" score=0
2026-07-01 17:14:37.319 I0701 08:08:49.686071       1 schedule_one.go:745] "Plugin scored node for pod" pod="default/yolo-seg-2" plugin="TaintToleration" node="gpuorin4-desktop" score=300
2026-07-01 17:14:37.320 I0701 08:08:49.686077       1 schedule_one.go:745] "Plugin scored node for pod" pod="default/yolo-seg-2" plugin="NodeAffinity" node="gpuorin4-desktop" score=0
2026-07-01 17:14:37.320 I0701 08:08:49.686082       1 schedule_one.go:745] "Plugin scored node for pod" pod="default/yolo-seg-2" plugin="NodeResourcesFit" node="gpuorin4-desktop" score=78
2026-07-01 17:14:37.321 I0701 08:08:49.686087       1 schedule_one.go:745] "Plugin scored node for pod" pod="default/yolo-seg-2" plugin="VolumeBinding" node="gpuorin4-desktop" score=0
2026-07-01 17:14:37.321 I0701 08:08:49.686092       1 schedule_one.go:745] "Plugin scored node for pod" pod="default/yolo-seg-2" plugin="NodeResourcesBalancedAllocation" node="gpuorin4-desktop" score=99
2026-07-01 17:14:37.322 I0701 08:08:49.686097       1 schedule_one.go:745] "Plugin scored node for pod" pod="default/yolo-seg-2" plugin="ImageLocality" node="gpuorin4-desktop" score=0
2026-07-01 17:14:37.323 I0701 08:08:49.686106       1 schedule_one.go:812] "Calculated node's final score for pod" pod="default/yolo-seg-2" node="gpu-orin2" score=477
2026-07-01 17:14:37.323 I0701 08:08:49.686112       1 schedule_one.go:812] "Calculated node's final score for pod" pod="default/yolo-seg-2" node="gpu-orin3" score=479
2026-07-01 17:14:37.324 I0701 08:08:49.686119       1 schedule_one.go:812] "Calculated node's final score for pod" pod="default/yolo-seg-2" node="gpuorin5-desktop" score=479
2026-07-01 17:14:37.325 I0701 08:08:49.686126       1 schedule_one.go:812] "Calculated node's final score for pod" pod="default/yolo-seg-2" node="gpuorin4-desktop" score=477
2026-07-01 17:14:37.325 I0701 08:08:54.146554       1 resource_allocation.go:76] "Listed internal info for allocatable resources, requested resources and score" pod="default/yolo-obb-2" node="gpuorin5-desktop" resourceAllocationScorer="LeastAllocated" allocatableResource=[6000,7885127680] requestedResource=[900,1887436800] resourceScore=80
2026-07-01 17:14:37.326 I0701 08:08:54.146555       1 resource_allocation.go:76] "Listed internal info for allocatable resources, requested resources and score" pod="default/yolo-obb-2" node="gpu-orin2" resourceAllocationScorer="LeastAllocated" allocatableResource=[6000,7885127680] requestedResource=[1000,2097152000] resourceScore=78
2026-07-01 17:14:37.327 I0701 08:08:54.146594       1 resource_allocation.go:76] "Listed internal info for allocatable resources, requested resources and score" pod="default/yolo-obb-2" node="gpuorin5-desktop" resourceAllocationScorer="NodeResourcesBalancedAllocation" allocatableResource=[6000,7885127680] requestedResource=[100,52428800] resourceScore=99
2026-07-01 17:14:37.327 I0701 08:08:54.146595       1 resource_allocation.go:76] "Listed internal info for allocatable resources, requested resources and score" pod="default/yolo-obb-2" node="gpu-orin2" resourceAllocationScorer="NodeResourcesBalancedAllocation" allocatableResource=[6000,7885127680] requestedResource=[100,52428800] resourceScore=99
2026-07-01 17:14:37.328 I0701 08:08:54.146579       1 resource_allocation.go:76] "Listed internal info for allocatable resources, requested resources and score" pod="default/yolo-obb-2" node="gpuorin4-desktop" resourceAllocationScorer="LeastAllocated" allocatableResource=[6000,7885250560] requestedResource=[1000,2097152000] resourceScore=78
2026-07-01 17:14:37.329 I0701 08:08:54.146629       1 resource_allocation.go:76] "Listed internal info for allocatable resources, requested resources and score" pod="default/yolo-obb-2" node="gpu-orin3" resourceAllocationScorer="LeastAllocated" allocatableResource=[6000,7885152256] requestedResource=[1000,2097152000] resourceScore=78
2026-07-01 17:14:37.329 I0701 08:08:54.146645       1 resource_allocation.go:76] "Listed internal info for allocatable resources, requested resources and score" pod="default/yolo-obb-2" node="gpuorin4-desktop" resourceAllocationScorer="NodeResourcesBalancedAllocation" allocatableResource=[6000,7885250560] requestedResource=[100,52428800] resourceScore=99
2026-07-01 17:14:37.330 I0701 08:08:54.146679       1 resource_allocation.go:76] "Listed internal info for allocatable resources, requested resources and score" pod="default/yolo-obb-2" node="gpu-orin3" resourceAllocationScorer="NodeResourcesBalancedAllocation" allocatableResource=[6000,7885152256] requestedResource=[100,52428800] resourceScore=99
2026-07-01 17:14:37.330 I0701 08:08:54.147547       1 schedule_one.go:745] "Plugin scored node for pod" pod="default/yolo-obb-2" plugin="TaintToleration" node="gpuorin5-desktop" score=300
2026-07-01 17:14:37.331 I0701 08:08:54.147604       1 schedule_one.go:745] "Plugin scored node for pod" pod="default/yolo-obb-2" plugin="NodeAffinity" node="gpuorin5-desktop" score=0
2026-07-01 17:14:37.332 I0701 08:08:54.147628       1 schedule_one.go:745] "Plugin scored node for pod" pod="default/yolo-obb-2" plugin="NodeResourcesFit" node="gpuorin5-desktop" score=80
2026-07-01 17:14:37.332 I0701 08:08:54.147643       1 schedule_one.go:745] "Plugin scored node for pod" pod="default/yolo-obb-2" plugin="VolumeBinding" node="gpuorin5-desktop" score=0
2026-07-01 17:14:37.333 I0701 08:08:54.147658       1 schedule_one.go:745] "Plugin scored node for pod" pod="default/yolo-obb-2" plugin="NodeResourcesBalancedAllocation" node="gpuorin5-desktop" score=99
2026-07-01 17:14:37.333 I0701 08:08:54.147677       1 schedule_one.go:745] "Plugin scored node for pod" pod="default/yolo-obb-2" plugin="ImageLocality" node="gpuorin5-desktop" score=0
2026-07-01 17:14:37.334 I0701 08:08:54.147714       1 schedule_one.go:745] "Plugin scored node for pod" pod="default/yolo-obb-2" plugin="TaintToleration" node="gpu-orin2" score=300
2026-07-01 17:14:37.335 I0701 08:08:54.147726       1 schedule_one.go:745] "Plugin scored node for pod" pod="default/yolo-obb-2" plugin="NodeAffinity" node="gpu-orin2" score=0
2026-07-01 17:14:37.335 I0701 08:08:54.147742       1 schedule_one.go:745] "Plugin scored node for pod" pod="default/yolo-obb-2" plugin="NodeResourcesFit" node="gpu-orin2" score=78
2026-07-01 17:14:37.336 I0701 08:08:54.147756       1 schedule_one.go:745] "Plugin scored node for pod" pod="default/yolo-obb-2" plugin="VolumeBinding" node="gpu-orin2" score=0
2026-07-01 17:14:37.337 I0701 08:08:54.147783       1 schedule_one.go:745] "Plugin scored node for pod" pod="default/yolo-obb-2" plugin="NodeResourcesBalancedAllocation" node="gpu-orin2" score=99
2026-07-01 17:14:37.337 I0701 08:08:54.147797       1 schedule_one.go:745] "Plugin scored node for pod" pod="default/yolo-obb-2" plugin="ImageLocality" node="gpu-orin2" score=0
2026-07-01 17:14:37.338 I0701 08:08:54.147812       1 schedule_one.go:745] "Plugin scored node for pod" pod="default/yolo-obb-2" plugin="TaintToleration" node="gpuorin4-desktop" score=300
2026-07-01 17:14:37.338 I0701 08:08:54.147835       1 schedule_one.go:745] "Plugin scored node for pod" pod="default/yolo-obb-2" plugin="NodeAffinity" node="gpuorin4-desktop" score=0
2026-07-01 17:14:37.338 I0701 08:08:54.147850       1 schedule_one.go:745] "Plugin scored node for pod" pod="default/yolo-obb-2" plugin="NodeResourcesFit" node="gpuorin4-desktop" score=78
2026-07-01 17:14:37.339 I0701 08:08:54.147867       1 schedule_one.go:745] "Plugin scored node for pod" pod="default/yolo-obb-2" plugin="VolumeBinding" node="gpuorin4-desktop" score=0
2026-07-01 17:14:37.340 I0701 08:08:54.147887       1 schedule_one.go:745] "Plugin scored node for pod" pod="default/yolo-obb-2" plugin="NodeResourcesBalancedAllocation" node="gpuorin4-desktop" score=99
2026-07-01 17:14:37.340 I0701 08:08:54.147899       1 schedule_one.go:745] "Plugin scored node for pod" pod="default/yolo-obb-2" plugin="ImageLocality" node="gpuorin4-desktop" score=0
2026-07-01 17:14:37.341 I0701 08:08:54.147913       1 schedule_one.go:745] "Plugin scored node for pod" pod="default/yolo-obb-2" plugin="TaintToleration" node="gpu-orin3" score=300
2026-07-01 17:14:37.342 I0701 08:08:54.147928       1 schedule_one.go:745] "Plugin scored node for pod" pod="default/yolo-obb-2" plugin="NodeAffinity" node="gpu-orin3" score=0
2026-07-01 17:14:37.342 I0701 08:08:54.147941       1 schedule_one.go:745] "Plugin scored node for pod" pod="default/yolo-obb-2" plugin="NodeResourcesFit" node="gpu-orin3" score=78
2026-07-01 17:14:37.343 I0701 08:08:54.147968       1 schedule_one.go:745] "Plugin scored node for pod" pod="default/yolo-obb-2" plugin="VolumeBinding" node="gpu-orin3" score=0
2026-07-01 17:14:37.343 I0701 08:08:54.147982       1 schedule_one.go:745] "Plugin scored node for pod" pod="default/yolo-obb-2" plugin="NodeResourcesBalancedAllocation" node="gpu-orin3" score=99
2026-07-01 17:14:37.344 I0701 08:08:54.147995       1 schedule_one.go:745] "Plugin scored node for pod" pod="default/yolo-obb-2" plugin="ImageLocality" node="gpu-orin3" score=0
2026-07-01 17:14:37.345 I0701 08:08:54.148015       1 schedule_one.go:812] "Calculated node's final score for pod" pod="default/yolo-obb-2" node="gpuorin5-desktop" score=479
2026-07-01 17:14:37.345 I0701 08:08:54.148031       1 schedule_one.go:812] "Calculated node's final score for pod" pod="default/yolo-obb-2" node="gpu-orin2" score=477
2026-07-01 17:14:37.346 I0701 08:08:54.148049       1 schedule_one.go:812] "Calculated node's final score for pod" pod="default/yolo-obb-2" node="gpuorin4-desktop" score=477
2026-07-01 17:14:37.346 I0701 08:08:54.148067       1 schedule_one.go:812] "Calculated node's final score for pod" pod="default/yolo-obb-2" node="gpu-orin3" score=477
2026-07-01 17:14:37.347 I0701 08:08:58.350293       1 resource_allocation.go:76] "Listed internal info for allocatable resources, requested resources and score" pod="default/yolo-pos-2" node="gpu-orin3" resourceAllocationScorer="LeastAllocated" allocatableResource=[6000,7885152256] requestedResource=[1000,2097152000] resourceScore=78
2026-07-01 17:14:37.348 I0701 08:08:58.350314       1 resource_allocation.go:76] "Listed internal info for allocatable resources, requested resources and score" pod="default/yolo-pos-2" node="gpu-orin3" resourceAllocationScorer="NodeResourcesBalancedAllocation" allocatableResource=[6000,7885152256] requestedResource=[100,52428800] resourceScore=99
2026-07-01 17:14:37.348 I0701 08:08:58.350311       1 resource_allocation.go:76] "Listed internal info for allocatable resources, requested resources and score" pod="default/yolo-pos-2" node="gpuorin4-desktop" resourceAllocationScorer="LeastAllocated" allocatableResource=[6000,7885250560] requestedResource=[1000,2097152000] resourceScore=78
2026-07-01 17:14:37.349 I0701 08:08:58.350316       1 resource_allocation.go:76] "Listed internal info for allocatable resources, requested resources and score" pod="default/yolo-pos-2" node="gpu-orin2" resourceAllocationScorer="LeastAllocated" allocatableResource=[6000,7885127680] requestedResource=[1000,2097152000] resourceScore=78
2026-07-01 17:14:37.350 I0701 08:08:58.350344       1 resource_allocation.go:76] "Listed internal info for allocatable resources, requested resources and score" pod="default/yolo-pos-2" node="gpuorin4-desktop" resourceAllocationScorer="NodeResourcesBalancedAllocation" allocatableResource=[6000,7885250560] requestedResource=[100,52428800] resourceScore=99
2026-07-01 17:14:37.350 I0701 08:08:58.350344       1 resource_allocation.go:76] "Listed internal info for allocatable resources, requested resources and score" pod="default/yolo-pos-2" node="gpu-orin2" resourceAllocationScorer="NodeResourcesBalancedAllocation" allocatableResource=[6000,7885127680] requestedResource=[100,52428800] resourceScore=99
2026-07-01 17:14:37.351 I0701 08:08:58.350354       1 resource_allocation.go:76] "Listed internal info for allocatable resources, requested resources and score" pod="default/yolo-pos-2" node="gpuorin5-desktop" resourceAllocationScorer="LeastAllocated" allocatableResource=[6000,7885127680] requestedResource=[1000,2097152000] resourceScore=78
2026-07-01 17:14:37.352 I0701 08:08:58.350383       1 resource_allocation.go:76] "Listed internal info for allocatable resources, requested resources and score" pod="default/yolo-pos-2" node="gpuorin5-desktop" resourceAllocationScorer="NodeResourcesBalancedAllocation" allocatableResource=[6000,7885127680] requestedResource=[100,52428800] resourceScore=99
2026-07-01 17:14:37.352 I0701 08:08:58.350473       1 schedule_one.go:745] "Plugin scored node for pod" pod="default/yolo-pos-2" plugin="TaintToleration" node="gpu-orin3" score=300
2026-07-01 17:14:37.353 I0701 08:08:58.350490       1 schedule_one.go:745] "Plugin scored node for pod" pod="default/yolo-pos-2" plugin="NodeAffinity" node="gpu-orin3" score=0
2026-07-01 17:14:37.354 I0701 08:08:58.350499       1 schedule_one.go:745] "Plugin scored node for pod" pod="default/yolo-pos-2" plugin="NodeResourcesFit" node="gpu-orin3" score=78
2026-07-01 17:14:37.354 I0701 08:08:58.350506       1 schedule_one.go:745] "Plugin scored node for pod" pod="default/yolo-pos-2" plugin="VolumeBinding" node="gpu-orin3" score=0
2026-07-01 17:14:37.355 I0701 08:08:58.350513       1 schedule_one.go:745] "Plugin scored node for pod" pod="default/yolo-pos-2" plugin="NodeResourcesBalancedAllocation" node="gpu-orin3" score=99
2026-07-01 17:14:37.356 I0701 08:08:58.350523       1 schedule_one.go:745] "Plugin scored node for pod" pod="default/yolo-pos-2" plugin="ImageLocality" node="gpu-orin3" score=0
2026-07-01 17:14:37.356 I0701 08:08:58.350530       1 schedule_one.go:745] "Plugin scored node for pod" pod="default/yolo-pos-2" plugin="TaintToleration" node="gpuorin4-desktop" score=300
2026-07-01 17:14:37.357 I0701 08:08:58.350537       1 schedule_one.go:745] "Plugin scored node for pod" pod="default/yolo-pos-2" plugin="NodeAffinity" node="gpuorin4-desktop" score=0
2026-07-01 17:14:37.358 I0701 08:08:58.350544       1 schedule_one.go:745] "Plugin scored node for pod" pod="default/yolo-pos-2" plugin="NodeResourcesFit" node="gpuorin4-desktop" score=78
2026-07-01 17:14:37.359 I0701 08:08:58.350552       1 schedule_one.go:745] "Plugin scored node for pod" pod="default/yolo-pos-2" plugin="VolumeBinding" node="gpuorin4-desktop" score=0
2026-07-01 17:14:37.360 I0701 08:08:58.350559       1 schedule_one.go:745] "Plugin scored node for pod" pod="default/yolo-pos-2" plugin="NodeResourcesBalancedAllocation" node="gpuorin4-desktop" score=99
2026-07-01 17:14:37.361 I0701 08:08:58.350567       1 schedule_one.go:745] "Plugin scored node for pod" pod="default/yolo-pos-2" plugin="ImageLocality" node="gpuorin4-desktop" score=0
2026-07-01 17:14:37.362 I0701 08:08:58.350573       1 schedule_one.go:745] "Plugin scored node for pod" pod="default/yolo-pos-2" plugin="TaintToleration" node="gpu-orin2" score=300
2026-07-01 17:14:37.363 I0701 08:08:58.350580       1 schedule_one.go:745] "Plugin scored node for pod" pod="default/yolo-pos-2" plugin="NodeAffinity" node="gpu-orin2" score=0
2026-07-01 17:14:37.364 I0701 08:08:58.350587       1 schedule_one.go:745] "Plugin scored node for pod" pod="default/yolo-pos-2" plugin="NodeResourcesFit" node="gpu-orin2" score=78
2026-07-01 17:14:37.365 I0701 08:08:58.350594       1 schedule_one.go:745] "Plugin scored node for pod" pod="default/yolo-pos-2" plugin="VolumeBinding" node="gpu-orin2" score=0
2026-07-01 17:14:37.366 I0701 08:08:58.350601       1 schedule_one.go:745] "Plugin scored node for pod" pod="default/yolo-pos-2" plugin="NodeResourcesBalancedAllocation" node="gpu-orin2" score=99
2026-07-01 17:14:37.366 I0701 08:08:58.350608       1 schedule_one.go:745] "Plugin scored node for pod" pod="default/yolo-pos-2" plugin="ImageLocality" node="gpu-orin2" score=0
2026-07-01 17:14:37.367 I0701 08:08:58.350615       1 schedule_one.go:745] "Plugin scored node for pod" pod="default/yolo-pos-2" plugin="TaintToleration" node="gpuorin5-desktop" score=300
2026-07-01 17:14:37.368 I0701 08:08:58.350622       1 schedule_one.go:745] "Plugin scored node for pod" pod="default/yolo-pos-2" plugin="NodeAffinity" node="gpuorin5-desktop" score=0
2026-07-01 17:14:37.368 I0701 08:08:58.350632       1 schedule_one.go:745] "Plugin scored node for pod" pod="default/yolo-pos-2" plugin="NodeResourcesFit" node="gpuorin5-desktop" score=78
2026-07-01 17:14:37.369 I0701 08:08:58.350639       1 schedule_one.go:745] "Plugin scored node for pod" pod="default/yolo-pos-2" plugin="VolumeBinding" node="gpuorin5-desktop" score=0
2026-07-01 17:14:37.370 I0701 08:08:58.350647       1 schedule_one.go:745] "Plugin scored node for pod" pod="default/yolo-pos-2" plugin="NodeResourcesBalancedAllocation" node="gpuorin5-desktop" score=99
2026-07-01 17:14:37.370 I0701 08:08:58.350654       1 schedule_one.go:745] "Plugin scored node for pod" pod="default/yolo-pos-2" plugin="ImageLocality" node="gpuorin5-desktop" score=0
2026-07-01 17:14:37.371 I0701 08:08:58.350665       1 schedule_one.go:812] "Calculated node's final score for pod" pod="default/yolo-pos-2" node="gpu-orin3" score=477
2026-07-01 17:14:37.371 I0701 08:08:58.350676       1 schedule_one.go:812] "Calculated node's final score for pod" pod="default/yolo-pos-2" node="gpuorin4-desktop" score=477
2026-07-01 17:14:37.372 I0701 08:08:58.350702       1 schedule_one.go:812] "Calculated node's final score for pod" pod="default/yolo-pos-2" node="gpu-orin2" score=477
2026-07-01 17:14:37.373 I0701 08:08:58.350714       1 schedule_one.go:812] "Calculated node's final score for pod" pod="default/yolo-pos-2" node="gpuorin5-desktop" score=477
2026-07-01 17:14:37.373 I0701 08:11:34.876442       1 resource_allocation.go:76] "Listed internal info for allocatable resources, requested resources and score" pod="default/yolo-cls-1" node="gpu-orin2" resourceAllocationScorer="LeastAllocated" allocatableResource=[6000,7885127680] requestedResource=[700,1468006400] resourceScore=84
2026-07-01 17:14:37.374 I0701 08:11:34.876456       1 resource_allocation.go:76] "Listed internal info for allocatable resources, requested resources and score" pod="default/yolo-cls-1" node="gpu-orin2" resourceAllocationScorer="NodeResourcesBalancedAllocation" allocatableResource=[6000,7885127680] requestedResource=[100,52428800] resourceScore=99
2026-07-01 17:14:37.375 I0701 08:11:34.876476       1 resource_allocation.go:76] "Listed internal info for allocatable resources, requested resources and score" pod="default/yolo-cls-1" node="gpuorin5-desktop" resourceAllocationScorer="LeastAllocated" allocatableResource=[6000,7885127680] requestedResource=[700,1468006400] resourceScore=84
2026-07-01 17:14:37.375 I0701 08:11:34.876489       1 resource_allocation.go:76] "Listed internal info for allocatable resources, requested resources and score" pod="default/yolo-cls-1" node="gpuorin5-desktop" resourceAllocationScorer="NodeResourcesBalancedAllocation" allocatableResource=[6000,7885127680] requestedResource=[100,52428800] resourceScore=99
2026-07-01 17:14:37.376 I0701 08:11:34.876501       1 resource_allocation.go:76] "Listed internal info for allocatable resources, requested resources and score" pod="default/yolo-cls-1" node="gpu-orin3" resourceAllocationScorer="LeastAllocated" allocatableResource=[6000,7885152256] requestedResource=[700,1468006400] resourceScore=84
2026-07-01 17:14:37.376 I0701 08:11:34.876511       1 resource_allocation.go:76] "Listed internal info for allocatable resources, requested resources and score" pod="default/yolo-cls-1" node="gpu-orin3" resourceAllocationScorer="NodeResourcesBalancedAllocation" allocatableResource=[6000,7885152256] requestedResource=[100,52428800] resourceScore=99
2026-07-01 17:14:37.377 I0701 08:11:34.876521       1 resource_allocation.go:76] "Listed internal info for allocatable resources, requested resources and score" pod="default/yolo-cls-1" node="gpuorin4-desktop" resourceAllocationScorer="LeastAllocated" allocatableResource=[6000,7885250560] requestedResource=[1000,2097152000] resourceScore=78
2026-07-01 17:14:37.378 I0701 08:11:34.876532       1 resource_allocation.go:76] "Listed internal info for allocatable resources, requested resources and score" pod="default/yolo-cls-1" node="gpuorin4-desktop" resourceAllocationScorer="NodeResourcesBalancedAllocation" allocatableResource=[6000,7885250560] requestedResource=[100,52428800] resourceScore=99
2026-07-01 17:14:37.378 I0701 08:11:34.876568       1 schedule_one.go:745] "Plugin scored node for pod" pod="default/yolo-cls-1" plugin="TaintToleration" node="gpu-orin2" score=300
2026-07-01 17:14:37.379 I0701 08:11:34.876577       1 schedule_one.go:745] "Plugin scored node for pod" pod="default/yolo-cls-1" plugin="NodeAffinity" node="gpu-orin2" score=0
2026-07-01 17:14:37.380 I0701 08:11:34.876585       1 schedule_one.go:745] "Plugin scored node for pod" pod="default/yolo-cls-1" plugin="NodeResourcesFit" node="gpu-orin2" score=84
2026-07-01 17:14:37.380 I0701 08:11:34.876591       1 schedule_one.go:745] "Plugin scored node for pod" pod="default/yolo-cls-1" plugin="VolumeBinding" node="gpu-orin2" score=0
2026-07-01 17:14:37.381 I0701 08:11:34.876597       1 schedule_one.go:745] "Plugin scored node for pod" pod="default/yolo-cls-1" plugin="NodeResourcesBalancedAllocation" node="gpu-orin2" score=99
2026-07-01 17:14:37.382 I0701 08:11:34.876603       1 schedule_one.go:745] "Plugin scored node for pod" pod="default/yolo-cls-1" plugin="ImageLocality" node="gpu-orin2" score=0
2026-07-01 17:14:37.382 I0701 08:11:34.876608       1 schedule_one.go:745] "Plugin scored node for pod" pod="default/yolo-cls-1" plugin="TaintToleration" node="gpuorin5-desktop" score=300
2026-07-01 17:14:37.383 I0701 08:11:34.876614       1 schedule_one.go:745] "Plugin scored node for pod" pod="default/yolo-cls-1" plugin="NodeAffinity" node="gpuorin5-desktop" score=0
2026-07-01 17:14:37.383 I0701 08:11:34.876619       1 schedule_one.go:745] "Plugin scored node for pod" pod="default/yolo-cls-1" plugin="NodeResourcesFit" node="gpuorin5-desktop" score=84
2026-07-01 17:14:37.384 I0701 08:11:34.876624       1 schedule_one.go:745] "Plugin scored node for pod" pod="default/yolo-cls-1" plugin="VolumeBinding" node="gpuorin5-desktop" score=0
2026-07-01 17:14:37.385 I0701 08:11:34.876630       1 schedule_one.go:745] "Plugin scored node for pod" pod="default/yolo-cls-1" plugin="NodeResourcesBalancedAllocation" node="gpuorin5-desktop" score=99
2026-07-01 17:14:37.385 I0701 08:11:34.876636       1 schedule_one.go:745] "Plugin scored node for pod" pod="default/yolo-cls-1" plugin="ImageLocality" node="gpuorin5-desktop" score=0
2026-07-01 17:14:37.386 I0701 08:11:34.876641       1 schedule_one.go:745] "Plugin scored node for pod" pod="default/yolo-cls-1" plugin="TaintToleration" node="gpu-orin3" score=300
2026-07-01 17:14:37.387 I0701 08:11:34.876647       1 schedule_one.go:745] "Plugin scored node for pod" pod="default/yolo-cls-1" plugin="NodeAffinity" node="gpu-orin3" score=0
2026-07-01 17:14:37.387 I0701 08:11:34.876653       1 schedule_one.go:745] "Plugin scored node for pod" pod="default/yolo-cls-1" plugin="NodeResourcesFit" node="gpu-orin3" score=84
2026-07-01 17:14:37.388 I0701 08:11:34.876658       1 schedule_one.go:745] "Plugin scored node for pod" pod="default/yolo-cls-1" plugin="VolumeBinding" node="gpu-orin3" score=0
2026-07-01 17:14:37.388 I0701 08:11:34.876664       1 schedule_one.go:745] "Plugin scored node for pod" pod="default/yolo-cls-1" plugin="NodeResourcesBalancedAllocation" node="gpu-orin3" score=99
2026-07-01 17:14:37.389 I0701 08:11:34.876669       1 schedule_one.go:745] "Plugin scored node for pod" pod="default/yolo-cls-1" plugin="ImageLocality" node="gpu-orin3" score=0
2026-07-01 17:14:37.390 I0701 08:11:34.876674       1 schedule_one.go:745] "Plugin scored node for pod" pod="default/yolo-cls-1" plugin="TaintToleration" node="gpuorin4-desktop" score=300
2026-07-01 17:14:37.391 I0701 08:11:34.876679       1 schedule_one.go:745] "Plugin scored node for pod" pod="default/yolo-cls-1" plugin="NodeAffinity" node="gpuorin4-desktop" score=0
2026-07-01 17:14:37.391 I0701 08:11:34.876684       1 schedule_one.go:745] "Plugin scored node for pod" pod="default/yolo-cls-1" plugin="NodeResourcesFit" node="gpuorin4-desktop" score=78
2026-07-01 17:14:37.392 I0701 08:11:34.876688       1 schedule_one.go:745] "Plugin scored node for pod" pod="default/yolo-cls-1" plugin="VolumeBinding" node="gpuorin4-desktop" score=0
2026-07-01 17:14:37.393 I0701 08:11:34.876693       1 schedule_one.go:745] "Plugin scored node for pod" pod="default/yolo-cls-1" plugin="NodeResourcesBalancedAllocation" node="gpuorin4-desktop" score=99
2026-07-01 17:14:37.394 I0701 08:11:34.876702       1 schedule_one.go:745] "Plugin scored node for pod" pod="default/yolo-cls-1" plugin="ImageLocality" node="gpuorin4-desktop" score=0
2026-07-01 17:14:37.395 I0701 08:11:34.876710       1 schedule_one.go:812] "Calculated node's final score for pod" pod="default/yolo-cls-1" node="gpu-orin2" score=483
2026-07-01 17:14:37.397 I0701 08:11:34.876719       1 schedule_one.go:812] "Calculated node's final score for pod" pod="default/yolo-cls-1" node="gpuorin5-desktop" score=483
2026-07-01 17:14:37.398 I0701 08:11:34.876725       1 schedule_one.go:812] "Calculated node's final score for pod" pod="default/yolo-cls-1" node="gpu-orin3" score=483
2026-07-01 17:14:37.399 I0701 08:11:34.876732       1 schedule_one.go:812] "Calculated node's final score for pod" pod="default/yolo-cls-1" node="gpuorin4-desktop" score=477
2026-07-01 17:14:37.401 I0701 08:11:38.918518       1 resource_allocation.go:76] "Listed internal info for allocatable resources, requested resources and score" pod="default/yolo-det-1" node="gpuorin5-desktop" resourceAllocationScorer="LeastAllocated" allocatableResource=[6000,7885127680] requestedResource=[800,1677721600] resourceScore=82
2026-07-01 17:14:37.404 I0701 08:11:38.918549       1 resource_allocation.go:76] "Listed internal info for allocatable resources, requested resources and score" pod="default/yolo-det-1" node="gpuorin4-desktop" resourceAllocationScorer="LeastAllocated" allocatableResource=[6000,7885250560] requestedResource=[1000,2097152000] resourceScore=78
2026-07-01 17:14:37.406 I0701 08:11:38.918561       1 resource_allocation.go:76] "Listed internal info for allocatable resources, requested resources and score" pod="default/yolo-det-1" node="gpuorin5-desktop" resourceAllocationScorer="NodeResourcesBalancedAllocation" allocatableResource=[6000,7885127680] requestedResource=[100,52428800] resourceScore=99
2026-07-01 17:14:37.409 I0701 08:11:38.918579       1 resource_allocation.go:76] "Listed internal info for allocatable resources, requested resources and score" pod="default/yolo-det-1" node="gpuorin4-desktop" resourceAllocationScorer="NodeResourcesBalancedAllocation" allocatableResource=[6000,7885250560] requestedResource=[100,52428800] resourceScore=99
2026-07-01 17:14:37.412 I0701 08:11:38.918595       1 resource_allocation.go:76] "Listed internal info for allocatable resources, requested resources and score" pod="default/yolo-det-1" node="gpu-orin3" resourceAllocationScorer="LeastAllocated" allocatableResource=[6000,7885152256] requestedResource=[700,1468006400] resourceScore=84
2026-07-01 17:14:37.415 I0701 08:11:38.918637       1 resource_allocation.go:76] "Listed internal info for allocatable resources, requested resources and score" pod="default/yolo-det-1" node="gpu-orin3" resourceAllocationScorer="NodeResourcesBalancedAllocation" allocatableResource=[6000,7885152256] requestedResource=[100,52428800] resourceScore=99
2026-07-01 17:14:37.417 I0701 08:11:38.918707       1 resource_allocation.go:76] "Listed internal info for allocatable resources, requested resources and score" pod="default/yolo-det-1" node="gpu-orin2" resourceAllocationScorer="LeastAllocated" allocatableResource=[6000,7885127680] requestedResource=[700,1468006400] resourceScore=84
2026-07-01 17:14:37.420 I0701 08:11:38.918804       1 resource_allocation.go:76] "Listed internal info for allocatable resources, requested resources and score" pod="default/yolo-det-1" node="gpu-orin2" resourceAllocationScorer="NodeResourcesBalancedAllocation" allocatableResource=[6000,7885127680] requestedResource=[100,52428800] resourceScore=99
2026-07-01 17:14:37.423 I0701 08:11:38.918947       1 schedule_one.go:745] "Plugin scored node for pod" pod="default/yolo-det-1" plugin="TaintToleration" node="gpuorin5-desktop" score=300
2026-07-01 17:14:37.425 I0701 08:11:38.918970       1 schedule_one.go:745] "Plugin scored node for pod" pod="default/yolo-det-1" plugin="NodeAffinity" node="gpuorin5-desktop" score=0
2026-07-01 17:14:37.428 I0701 08:11:38.918987       1 schedule_one.go:745] "Plugin scored node for pod" pod="default/yolo-det-1" plugin="NodeResourcesFit" node="gpuorin5-desktop" score=82
2026-07-01 17:14:37.431 I0701 08:11:38.919007       1 schedule_one.go:745] "Plugin scored node for pod" pod="default/yolo-det-1" plugin="VolumeBinding" node="gpuorin5-desktop" score=0
2026-07-01 17:14:37.433 I0701 08:11:38.919028       1 schedule_one.go:745] "Plugin scored node for pod" pod="default/yolo-det-1" plugin="NodeResourcesBalancedAllocation" node="gpuorin5-desktop" score=99
2026-07-01 17:14:37.436 I0701 08:11:38.919044       1 schedule_one.go:745] "Plugin scored node for pod" pod="default/yolo-det-1" plugin="ImageLocality" node="gpuorin5-desktop" score=0
2026-07-01 17:14:37.438 I0701 08:11:38.919058       1 schedule_one.go:745] "Plugin scored node for pod" pod="default/yolo-det-1" plugin="TaintToleration" node="gpuorin4-desktop" score=300
2026-07-01 17:14:37.441 I0701 08:11:38.919074       1 schedule_one.go:745] "Plugin scored node for pod" pod="default/yolo-det-1" plugin="NodeAffinity" node="gpuorin4-desktop" score=0
2026-07-01 17:14:37.444 I0701 08:11:38.919086       1 schedule_one.go:745] "Plugin scored node for pod" pod="default/yolo-det-1" plugin="NodeResourcesFit" node="gpuorin4-desktop" score=78
2026-07-01 17:14:37.446 I0701 08:11:38.919100       1 schedule_one.go:745] "Plugin scored node for pod" pod="default/yolo-det-1" plugin="VolumeBinding" node="gpuorin4-desktop" score=0
2026-07-01 17:14:37.448 I0701 08:11:38.919112       1 schedule_one.go:745] "Plugin scored node for pod" pod="default/yolo-det-1" plugin="NodeResourcesBalancedAllocation" node="gpuorin4-desktop" score=99
2026-07-01 17:14:37.449 I0701 08:11:38.919125       1 schedule_one.go:745] "Plugin scored node for pod" pod="default/yolo-det-1" plugin="ImageLocality" node="gpuorin4-desktop" score=0
2026-07-01 17:14:37.451 I0701 08:11:38.919138       1 schedule_one.go:745] "Plugin scored node for pod" pod="default/yolo-det-1" plugin="TaintToleration" node="gpu-orin2" score=300
2026-07-01 17:14:37.452 I0701 08:11:38.919150       1 schedule_one.go:745] "Plugin scored node for pod" pod="default/yolo-det-1" plugin="NodeAffinity" node="gpu-orin2" score=0
2026-07-01 17:14:37.453 I0701 08:11:38.919165       1 schedule_one.go:745] "Plugin scored node for pod" pod="default/yolo-det-1" plugin="NodeResourcesFit" node="gpu-orin2" score=84
2026-07-01 17:14:37.454 I0701 08:11:38.919176       1 schedule_one.go:745] "Plugin scored node for pod" pod="default/yolo-det-1" plugin="VolumeBinding" node="gpu-orin2" score=0
2026-07-01 17:14:37.456 I0701 08:11:38.919188       1 schedule_one.go:745] "Plugin scored node for pod" pod="default/yolo-det-1" plugin="NodeResourcesBalancedAllocation" node="gpu-orin2" score=99
2026-07-01 17:14:37.458 I0701 08:11:38.919203       1 schedule_one.go:745] "Plugin scored node for pod" pod="default/yolo-det-1" plugin="ImageLocality" node="gpu-orin2" score=0
2026-07-01 17:14:37.460 I0701 08:11:38.919214       1 schedule_one.go:745] "Plugin scored node for pod" pod="default/yolo-det-1" plugin="TaintToleration" node="gpu-orin3" score=300
2026-07-01 17:14:37.462 I0701 08:11:38.919225       1 schedule_one.go:745] "Plugin scored node for pod" pod="default/yolo-det-1" plugin="NodeAffinity" node="gpu-orin3" score=0
2026-07-01 17:14:37.464 I0701 08:11:38.919239       1 schedule_one.go:745] "Plugin scored node for pod" pod="default/yolo-det-1" plugin="NodeResourcesFit" node="gpu-orin3" score=84
2026-07-01 17:14:37.467 I0701 08:11:38.919252       1 schedule_one.go:745] "Plugin scored node for pod" pod="default/yolo-det-1" plugin="VolumeBinding" node="gpu-orin3" score=0
2026-07-01 17:14:37.469 I0701 08:11:38.919265       1 schedule_one.go:745] "Plugin scored node for pod" pod="default/yolo-det-1" plugin="NodeResourcesBalancedAllocation" node="gpu-orin3" score=99
2026-07-01 17:14:37.472 I0701 08:11:38.919276       1 schedule_one.go:745] "Plugin scored node for pod" pod="default/yolo-det-1" plugin="ImageLocality" node="gpu-orin3" score=0
2026-07-01 17:14:37.474 I0701 08:11:38.919293       1 schedule_one.go:812] "Calculated node's final score for pod" pod="default/yolo-det-1" node="gpuorin5-desktop" score=481
2026-07-01 17:14:37.477 I0701 08:11:38.919306       1 schedule_one.go:812] "Calculated node's final score for pod" pod="default/yolo-det-1" node="gpuorin4-desktop" score=477
2026-07-01 17:14:37.479 I0701 08:11:38.919319       1 schedule_one.go:812] "Calculated node's final score for pod" pod="default/yolo-det-1" node="gpu-orin2" score=483
2026-07-01 17:14:37.482 I0701 08:11:38.919334       1 schedule_one.go:812] "Calculated node's final score for pod" pod="default/yolo-det-1" node="gpu-orin3" score=483
2026-07-01 17:14:37.485 I0701 08:11:43.304133       1 resource_allocation.go:76] "Listed internal info for allocatable resources, requested resources and score" pod="default/yolo-seg-1" node="gpu-orin2" resourceAllocationScorer="LeastAllocated" allocatableResource=[6000,7885127680] requestedResource=[800,1677721600] resourceScore=82
2026-07-01 17:14:37.487 I0701 08:11:43.304145       1 resource_allocation.go:76] "Listed internal info for allocatable resources, requested resources and score" pod="default/yolo-seg-1" node="gpu-orin2" resourceAllocationScorer="NodeResourcesBalancedAllocation" allocatableResource=[6000,7885127680] requestedResource=[100,52428800] resourceScore=99
2026-07-01 17:14:37.490 I0701 08:11:43.304152       1 resource_allocation.go:76] "Listed internal info for allocatable resources, requested resources and score" pod="default/yolo-seg-1" node="gpuorin5-desktop" resourceAllocationScorer="LeastAllocated" allocatableResource=[6000,7885127680] requestedResource=[800,1677721600] resourceScore=82
2026-07-01 17:14:37.493 I0701 08:11:43.304163       1 resource_allocation.go:76] "Listed internal info for allocatable resources, requested resources and score" pod="default/yolo-seg-1" node="gpuorin5-desktop" resourceAllocationScorer="NodeResourcesBalancedAllocation" allocatableResource=[6000,7885127680] requestedResource=[100,52428800] resourceScore=99
2026-07-01 17:14:37.495 I0701 08:11:43.304167       1 resource_allocation.go:76] "Listed internal info for allocatable resources, requested resources and score" pod="default/yolo-seg-1" node="gpu-orin3" resourceAllocationScorer="LeastAllocated" allocatableResource=[6000,7885152256] requestedResource=[700,1468006400] resourceScore=84
2026-07-01 17:14:37.498 I0701 08:11:43.304191       1 resource_allocation.go:76] "Listed internal info for allocatable resources, requested resources and score" pod="default/yolo-seg-1" node="gpu-orin3" resourceAllocationScorer="NodeResourcesBalancedAllocation" allocatableResource=[6000,7885152256] requestedResource=[100,52428800] resourceScore=99
2026-07-01 17:14:37.500 I0701 08:11:43.304198       1 resource_allocation.go:76] "Listed internal info for allocatable resources, requested resources and score" pod="default/yolo-seg-1" node="gpuorin4-desktop" resourceAllocationScorer="LeastAllocated" allocatableResource=[6000,7885250560] requestedResource=[1000,2097152000] resourceScore=78
2026-07-01 17:14:37.503 I0701 08:11:43.304220       1 resource_allocation.go:76] "Listed internal info for allocatable resources, requested resources and score" pod="default/yolo-seg-1" node="gpuorin4-desktop" resourceAllocationScorer="NodeResourcesBalancedAllocation" allocatableResource=[6000,7885250560] requestedResource=[100,52428800] resourceScore=99
2026-07-01 17:14:37.506 I0701 08:11:43.304295       1 schedule_one.go:745] "Plugin scored node for pod" pod="default/yolo-seg-1" plugin="TaintToleration" node="gpu-orin2" score=300
2026-07-01 17:14:37.509 I0701 08:11:43.304306       1 schedule_one.go:745] "Plugin scored node for pod" pod="default/yolo-seg-1" plugin="NodeAffinity" node="gpu-orin2" score=0
2026-07-01 17:14:37.511 I0701 08:11:43.304313       1 schedule_one.go:745] "Plugin scored node for pod" pod="default/yolo-seg-1" plugin="NodeResourcesFit" node="gpu-orin2" score=82
2026-07-01 17:14:37.514 I0701 08:11:43.304319       1 schedule_one.go:745] "Plugin scored node for pod" pod="default/yolo-seg-1" plugin="VolumeBinding" node="gpu-orin2" score=0
2026-07-01 17:14:37.516 I0701 08:11:43.304325       1 schedule_one.go:745] "Plugin scored node for pod" pod="default/yolo-seg-1" plugin="NodeResourcesBalancedAllocation" node="gpu-orin2" score=99
2026-07-01 17:14:37.519 I0701 08:11:43.304332       1 schedule_one.go:745] "Plugin scored node for pod" pod="default/yolo-seg-1" plugin="ImageLocality" node="gpu-orin2" score=0
2026-07-01 17:14:37.521 I0701 08:11:43.304338       1 schedule_one.go:745] "Plugin scored node for pod" pod="default/yolo-seg-1" plugin="TaintToleration" node="gpu-orin3" score=300
2026-07-01 17:14:37.524 I0701 08:11:43.304343       1 schedule_one.go:745] "Plugin scored node for pod" pod="default/yolo-seg-1" plugin="NodeAffinity" node="gpu-orin3" score=0
2026-07-01 17:14:37.527 I0701 08:11:43.304348       1 schedule_one.go:745] "Plugin scored node for pod" pod="default/yolo-seg-1" plugin="NodeResourcesFit" node="gpu-orin3" score=84
2026-07-01 17:14:37.530 I0701 08:11:43.304354       1 schedule_one.go:745] "Plugin scored node for pod" pod="default/yolo-seg-1" plugin="VolumeBinding" node="gpu-orin3" score=0
2026-07-01 17:14:37.533 I0701 08:11:43.304363       1 schedule_one.go:745] "Plugin scored node for pod" pod="default/yolo-seg-1" plugin="NodeResourcesBalancedAllocation" node="gpu-orin3" score=99
2026-07-01 17:14:37.535 I0701 08:11:43.304368       1 schedule_one.go:745] "Plugin scored node for pod" pod="default/yolo-seg-1" plugin="ImageLocality" node="gpu-orin3" score=0
2026-07-01 17:14:37.538 I0701 08:11:43.304374       1 schedule_one.go:745] "Plugin scored node for pod" pod="default/yolo-seg-1" plugin="TaintToleration" node="gpuorin5-desktop" score=300
2026-07-01 17:14:37.543 I0701 08:11:43.304380       1 schedule_one.go:745] "Plugin scored node for pod" pod="default/yolo-seg-1" plugin="NodeAffinity" node="gpuorin5-desktop" score=0
2026-07-01 17:14:37.546 I0701 08:11:43.304386       1 schedule_one.go:745] "Plugin scored node for pod" pod="default/yolo-seg-1" plugin="NodeResourcesFit" node="gpuorin5-desktop" score=82
2026-07-01 17:14:37.549 I0701 08:11:43.304391       1 schedule_one.go:745] "Plugin scored node for pod" pod="default/yolo-seg-1" plugin="VolumeBinding" node="gpuorin5-desktop" score=0
2026-07-01 17:14:37.552 I0701 08:11:43.304397       1 schedule_one.go:745] "Plugin scored node for pod" pod="default/yolo-seg-1" plugin="NodeResourcesBalancedAllocation" node="gpuorin5-desktop" score=99
2026-07-01 17:14:37.555 I0701 08:11:43.304403       1 schedule_one.go:745] "Plugin scored node for pod" pod="default/yolo-seg-1" plugin="ImageLocality" node="gpuorin5-desktop" score=0
2026-07-01 17:14:37.557 I0701 08:11:43.304409       1 schedule_one.go:745] "Plugin scored node for pod" pod="default/yolo-seg-1" plugin="TaintToleration" node="gpuorin4-desktop" score=300
2026-07-01 17:14:37.560 I0701 08:11:43.304414       1 schedule_one.go:745] "Plugin scored node for pod" pod="default/yolo-seg-1" plugin="NodeAffinity" node="gpuorin4-desktop" score=0
2026-07-01 17:14:37.563 I0701 08:11:43.304421       1 schedule_one.go:745] "Plugin scored node for pod" pod="default/yolo-seg-1" plugin="NodeResourcesFit" node="gpuorin4-desktop" score=78
2026-07-01 17:14:37.565 I0701 08:11:43.304426       1 schedule_one.go:745] "Plugin scored node for pod" pod="default/yolo-seg-1" plugin="VolumeBinding" node="gpuorin4-desktop" score=0
2026-07-01 17:14:37.568 I0701 08:11:43.304431       1 schedule_one.go:745] "Plugin scored node for pod" pod="default/yolo-seg-1" plugin="NodeResourcesBalancedAllocation" node="gpuorin4-desktop" score=99
2026-07-01 17:14:37.570 I0701 08:11:43.304437       1 schedule_one.go:745] "Plugin scored node for pod" pod="default/yolo-seg-1" plugin="ImageLocality" node="gpuorin4-desktop" score=0
2026-07-01 17:14:37.573 I0701 08:11:43.304445       1 schedule_one.go:812] "Calculated node's final score for pod" pod="default/yolo-seg-1" node="gpu-orin2" score=481
2026-07-01 17:14:37.575 I0701 08:11:43.304452       1 schedule_one.go:812] "Calculated node's final score for pod" pod="default/yolo-seg-1" node="gpu-orin3" score=483
2026-07-01 17:14:37.578 I0701 08:11:43.304457       1 schedule_one.go:812] "Calculated node's final score for pod" pod="default/yolo-seg-1" node="gpuorin5-desktop" score=481
2026-07-01 17:14:37.581 I0701 08:11:43.304465       1 schedule_one.go:812] "Calculated node's final score for pod" pod="default/yolo-seg-1" node="gpuorin4-desktop" score=477
2026-07-01 17:14:37.584 I0701 08:11:48.222367       1 resource_allocation.go:76] "Listed internal info for allocatable resources, requested resources and score" pod="default/yolo-obb-1" node="gpu-orin3" resourceAllocationScorer="LeastAllocated" allocatableResource=[6000,7885152256] requestedResource=[800,1677721600] resourceScore=82
2026-07-01 17:14:37.586 I0701 08:11:48.222422       1 resource_allocation.go:76] "Listed internal info for allocatable resources, requested resources and score" pod="default/yolo-obb-1" node="gpu-orin3" resourceAllocationScorer="NodeResourcesBalancedAllocation" allocatableResource=[6000,7885152256] requestedResource=[100,52428800] resourceScore=99
2026-07-01 17:14:37.589 I0701 08:11:48.222424       1 resource_allocation.go:76] "Listed internal info for allocatable resources, requested resources and score" pod="default/yolo-obb-1" node="gpu-orin2" resourceAllocationScorer="LeastAllocated" allocatableResource=[6000,7885127680] requestedResource=[800,1677721600] resourceScore=82
2026-07-01 17:14:37.592 I0701 08:11:48.222464       1 resource_allocation.go:76] "Listed internal info for allocatable resources, requested resources and score" pod="default/yolo-obb-1" node="gpuorin5-desktop" resourceAllocationScorer="LeastAllocated" allocatableResource=[6000,7885127680] requestedResource=[800,1677721600] resourceScore=82
2026-07-01 17:14:37.595 I0701 08:11:48.222483       1 resource_allocation.go:76] "Listed internal info for allocatable resources, requested resources and score" pod="default/yolo-obb-1" node="gpu-orin2" resourceAllocationScorer="NodeResourcesBalancedAllocation" allocatableResource=[6000,7885127680] requestedResource=[100,52428800] resourceScore=99
2026-07-01 17:14:37.597 I0701 08:11:48.222502       1 resource_allocation.go:76] "Listed internal info for allocatable resources, requested resources and score" pod="default/yolo-obb-1" node="gpuorin5-desktop" resourceAllocationScorer="NodeResourcesBalancedAllocation" allocatableResource=[6000,7885127680] requestedResource=[100,52428800] resourceScore=99
2026-07-01 17:14:37.600 I0701 08:11:48.222526       1 resource_allocation.go:76] "Listed internal info for allocatable resources, requested resources and score" pod="default/yolo-obb-1" node="gpuorin4-desktop" resourceAllocationScorer="LeastAllocated" allocatableResource=[6000,7885250560] requestedResource=[1000,2097152000] resourceScore=78
2026-07-01 17:14:37.603 I0701 08:11:48.222555       1 resource_allocation.go:76] "Listed internal info for allocatable resources, requested resources and score" pod="default/yolo-obb-1" node="gpuorin4-desktop" resourceAllocationScorer="NodeResourcesBalancedAllocation" allocatableResource=[6000,7885250560] requestedResource=[100,52428800] resourceScore=99
2026-07-01 17:14:37.605 I0701 08:11:48.222694       1 schedule_one.go:745] "Plugin scored node for pod" pod="default/yolo-obb-1" plugin="TaintToleration" node="gpu-orin3" score=300
2026-07-01 17:14:37.608 I0701 08:11:48.222719       1 schedule_one.go:745] "Plugin scored node for pod" pod="default/yolo-obb-1" plugin="NodeAffinity" node="gpu-orin3" score=0
2026-07-01 17:14:37.611 I0701 08:11:48.222733       1 schedule_one.go:745] "Plugin scored node for pod" pod="default/yolo-obb-1" plugin="NodeResourcesFit" node="gpu-orin3" score=82
2026-07-01 17:14:37.613 I0701 08:11:48.222747       1 schedule_one.go:745] "Plugin scored node for pod" pod="default/yolo-obb-1" plugin="VolumeBinding" node="gpu-orin3" score=0
2026-07-01 17:14:37.616 I0701 08:11:48.222760       1 schedule_one.go:745] "Plugin scored node for pod" pod="default/yolo-obb-1" plugin="NodeResourcesBalancedAllocation" node="gpu-orin3" score=99
2026-07-01 17:14:37.619 I0701 08:11:48.222789       1 schedule_one.go:745] "Plugin scored node for pod" pod="default/yolo-obb-1" plugin="ImageLocality" node="gpu-orin3" score=0
2026-07-01 17:14:37.621 I0701 08:11:48.222803       1 schedule_one.go:745] "Plugin scored node for pod" pod="default/yolo-obb-1" plugin="TaintToleration" node="gpu-orin2" score=300
2026-07-01 17:14:37.624 I0701 08:11:48.222817       1 schedule_one.go:745] "Plugin scored node for pod" pod="default/yolo-obb-1" plugin="NodeAffinity" node="gpu-orin2" score=0
2026-07-01 17:14:37.627 I0701 08:11:48.222829       1 schedule_one.go:745] "Plugin scored node for pod" pod="default/yolo-obb-1" plugin="NodeResourcesFit" node="gpu-orin2" score=82
2026-07-01 17:14:37.629 I0701 08:11:48.222840       1 schedule_one.go:745] "Plugin scored node for pod" pod="default/yolo-obb-1" plugin="VolumeBinding" node="gpu-orin2" score=0
2026-07-01 17:14:37.632 I0701 08:11:48.222852       1 schedule_one.go:745] "Plugin scored node for pod" pod="default/yolo-obb-1" plugin="NodeResourcesBalancedAllocation" node="gpu-orin2" score=99
2026-07-01 17:14:37.635 I0701 08:11:48.222863       1 schedule_one.go:745] "Plugin scored node for pod" pod="default/yolo-obb-1" plugin="ImageLocality" node="gpu-orin2" score=0
2026-07-01 17:14:37.637 I0701 08:11:48.222875       1 schedule_one.go:745] "Plugin scored node for pod" pod="default/yolo-obb-1" plugin="TaintToleration" node="gpuorin5-desktop" score=300
2026-07-01 17:14:37.640 I0701 08:11:48.222887       1 schedule_one.go:745] "Plugin scored node for pod" pod="default/yolo-obb-1" plugin="NodeAffinity" node="gpuorin5-desktop" score=0
2026-07-01 17:14:37.642 I0701 08:11:48.222899       1 schedule_one.go:745] "Plugin scored node for pod" pod="default/yolo-obb-1" plugin="NodeResourcesFit" node="gpuorin5-desktop" score=82
2026-07-01 17:14:37.645 I0701 08:11:48.222917       1 schedule_one.go:745] "Plugin scored node for pod" pod="default/yolo-obb-1" plugin="VolumeBinding" node="gpuorin5-desktop" score=0
2026-07-01 17:14:37.648 I0701 08:11:48.222935       1 schedule_one.go:745] "Plugin scored node for pod" pod="default/yolo-obb-1" plugin="NodeResourcesBalancedAllocation" node="gpuorin5-desktop" score=99
2026-07-01 17:14:37.650 I0701 08:11:48.222947       1 schedule_one.go:745] "Plugin scored node for pod" pod="default/yolo-obb-1" plugin="ImageLocality" node="gpuorin5-desktop" score=0
2026-07-01 17:14:37.653 I0701 08:11:48.222958       1 schedule_one.go:745] "Plugin scored node for pod" pod="default/yolo-obb-1" plugin="TaintToleration" node="gpuorin4-desktop" score=300
2026-07-01 17:14:37.654 I0701 08:11:48.222973       1 schedule_one.go:745] "Plugin scored node for pod" pod="default/yolo-obb-1" plugin="NodeAffinity" node="gpuorin4-desktop" score=0
2026-07-01 17:14:37.654 I0701 08:11:48.222984       1 schedule_one.go:745] "Plugin scored node for pod" pod="default/yolo-obb-1" plugin="NodeResourcesFit" node="gpuorin4-desktop" score=78
2026-07-01 17:14:37.655 I0701 08:11:48.222995       1 schedule_one.go:745] "Plugin scored node for pod" pod="default/yolo-obb-1" plugin="VolumeBinding" node="gpuorin4-desktop" score=0
2026-07-01 17:14:37.657 I0701 08:11:48.223007       1 schedule_one.go:745] "Plugin scored node for pod" pod="default/yolo-obb-1" plugin="NodeResourcesBalancedAllocation" node="gpuorin4-desktop" score=99
2026-07-01 17:14:37.660 I0701 08:11:48.223018       1 schedule_one.go:745] "Plugin scored node for pod" pod="default/yolo-obb-1" plugin="ImageLocality" node="gpuorin4-desktop" score=0
2026-07-01 17:14:37.662 I0701 08:11:48.223038       1 schedule_one.go:812] "Calculated node's final score for pod" pod="default/yolo-obb-1" node="gpu-orin3" score=481
2026-07-01 17:14:37.665 I0701 08:11:48.223057       1 schedule_one.go:812] "Calculated node's final score for pod" pod="default/yolo-obb-1" node="gpu-orin2" score=481
2026-07-01 17:14:37.667 I0701 08:11:48.223078       1 schedule_one.go:812] "Calculated node's final score for pod" pod="default/yolo-obb-1" node="gpuorin5-desktop" score=481
2026-07-01 17:14:37.670 I0701 08:11:48.223098       1 schedule_one.go:812] "Calculated node's final score for pod" pod="default/yolo-obb-1" node="gpuorin4-desktop" score=477
2026-07-01 17:14:37.672 I0701 08:11:52.424050       1 resource_allocation.go:76] "Listed internal info for allocatable resources, requested resources and score" pod="default/yolo-pos-1" node="gpu-orin2" resourceAllocationScorer="LeastAllocated" allocatableResource=[6000,7885127680] requestedResource=[900,1887436800] resourceScore=80
2026-07-01 17:14:37.675 I0701 08:11:52.424068       1 resource_allocation.go:76] "Listed internal info for allocatable resources, requested resources and score" pod="default/yolo-pos-1" node="gpu-orin2" resourceAllocationScorer="NodeResourcesBalancedAllocation" allocatableResource=[6000,7885127680] requestedResource=[100,52428800] resourceScore=99
2026-07-01 17:14:37.678 I0701 08:11:52.424110       1 resource_allocation.go:76] "Listed internal info for allocatable resources, requested resources and score" pod="default/yolo-pos-1" node="gpuorin5-desktop" resourceAllocationScorer="LeastAllocated" allocatableResource=[6000,7885127680] requestedResource=[800,1677721600] resourceScore=82
2026-07-01 17:14:37.680 I0701 08:11:52.424110       1 resource_allocation.go:76] "Listed internal info for allocatable resources, requested resources and score" pod="default/yolo-pos-1" node="gpu-orin3" resourceAllocationScorer="LeastAllocated" allocatableResource=[6000,7885152256] requestedResource=[800,1677721600] resourceScore=82
2026-07-01 17:14:37.683 I0701 08:11:52.424149       1 resource_allocation.go:76] "Listed internal info for allocatable resources, requested resources and score" pod="default/yolo-pos-1" node="gpu-orin3" resourceAllocationScorer="NodeResourcesBalancedAllocation" allocatableResource=[6000,7885152256] requestedResource=[100,52428800] resourceScore=99
2026-07-01 17:14:37.686 I0701 08:11:52.424150       1 resource_allocation.go:76] "Listed internal info for allocatable resources, requested resources and score" pod="default/yolo-pos-1" node="gpuorin5-desktop" resourceAllocationScorer="NodeResourcesBalancedAllocation" allocatableResource=[6000,7885127680] requestedResource=[100,52428800] resourceScore=99
2026-07-01 17:14:37.689 I0701 08:11:52.424152       1 resource_allocation.go:76] "Listed internal info for allocatable resources, requested resources and score" pod="default/yolo-pos-1" node="gpuorin4-desktop" resourceAllocationScorer="LeastAllocated" allocatableResource=[6000,7885250560] requestedResource=[1000,2097152000] resourceScore=78
2026-07-01 17:14:37.691 I0701 08:11:52.424200       1 resource_allocation.go:76] "Listed internal info for allocatable resources, requested resources and score" pod="default/yolo-pos-1" node="gpuorin4-desktop" resourceAllocationScorer="NodeResourcesBalancedAllocation" allocatableResource=[6000,7885250560] requestedResource=[100,52428800] resourceScore=99
2026-07-01 17:14:37.692 I0701 08:11:52.424338       1 schedule_one.go:745] "Plugin scored node for pod" pod="default/yolo-pos-1" plugin="TaintToleration" node="gpu-orin2" score=300
2026-07-01 17:14:37.693 I0701 08:11:52.424358       1 schedule_one.go:745] "Plugin scored node for pod" pod="default/yolo-pos-1" plugin="NodeAffinity" node="gpu-orin2" score=0
2026-07-01 17:14:37.695 I0701 08:11:52.424370       1 schedule_one.go:745] "Plugin scored node for pod" pod="default/yolo-pos-1" plugin="NodeResourcesFit" node="gpu-orin2" score=80
2026-07-01 17:14:37.696 I0701 08:11:52.424380       1 schedule_one.go:745] "Plugin scored node for pod" pod="default/yolo-pos-1" plugin="VolumeBinding" node="gpu-orin2" score=0
2026-07-01 17:14:37.696 I0701 08:11:52.424389       1 schedule_one.go:745] "Plugin scored node for pod" pod="default/yolo-pos-1" plugin="NodeResourcesBalancedAllocation" node="gpu-orin2" score=99
2026-07-01 17:14:37.697 I0701 08:11:52.424401       1 schedule_one.go:745] "Plugin scored node for pod" pod="default/yolo-pos-1" plugin="ImageLocality" node="gpu-orin2" score=0
2026-07-01 17:14:37.698 I0701 08:11:52.424411       1 schedule_one.go:745] "Plugin scored node for pod" pod="default/yolo-pos-1" plugin="TaintToleration" node="gpuorin5-desktop" score=300
2026-07-01 17:14:37.698 I0701 08:11:52.424452       1 schedule_one.go:745] "Plugin scored node for pod" pod="default/yolo-pos-1" plugin="NodeAffinity" node="gpuorin5-desktop" score=0
2026-07-01 17:14:37.699 I0701 08:11:52.424493       1 schedule_one.go:745] "Plugin scored node for pod" pod="default/yolo-pos-1" plugin="NodeResourcesFit" node="gpuorin5-desktop" score=82
2026-07-01 17:14:37.700 I0701 08:11:52.424502       1 schedule_one.go:745] "Plugin scored node for pod" pod="default/yolo-pos-1" plugin="VolumeBinding" node="gpuorin5-desktop" score=0
2026-07-01 17:14:37.700 I0701 08:11:52.424511       1 schedule_one.go:745] "Plugin scored node for pod" pod="default/yolo-pos-1" plugin="NodeResourcesBalancedAllocation" node="gpuorin5-desktop" score=99
2026-07-01 17:14:37.701 I0701 08:11:52.424525       1 schedule_one.go:745] "Plugin scored node for pod" pod="default/yolo-pos-1" plugin="ImageLocality" node="gpuorin5-desktop" score=0
2026-07-01 17:14:37.702 I0701 08:11:52.424533       1 schedule_one.go:745] "Plugin scored node for pod" pod="default/yolo-pos-1" plugin="TaintToleration" node="gpu-orin3" score=300
2026-07-01 17:14:37.702 I0701 08:11:52.424539       1 schedule_one.go:745] "Plugin scored node for pod" pod="default/yolo-pos-1" plugin="NodeAffinity" node="gpu-orin3" score=0
2026-07-01 17:14:37.703 I0701 08:11:52.424544       1 schedule_one.go:745] "Plugin scored node for pod" pod="default/yolo-pos-1" plugin="NodeResourcesFit" node="gpu-orin3" score=82
2026-07-01 17:14:37.704 I0701 08:11:52.424550       1 schedule_one.go:745] "Plugin scored node for pod" pod="default/yolo-pos-1" plugin="VolumeBinding" node="gpu-orin3" score=0
2026-07-01 17:14:37.704 I0701 08:11:52.424562       1 schedule_one.go:745] "Plugin scored node for pod" pod="default/yolo-pos-1" plugin="NodeResourcesBalancedAllocation" node="gpu-orin3" score=99
2026-07-01 17:14:37.705 I0701 08:11:52.424569       1 schedule_one.go:745] "Plugin scored node for pod" pod="default/yolo-pos-1" plugin="ImageLocality" node="gpu-orin3" score=0
2026-07-01 17:14:37.706 I0701 08:11:52.424576       1 schedule_one.go:745] "Plugin scored node for pod" pod="default/yolo-pos-1" plugin="TaintToleration" node="gpuorin4-desktop" score=300
2026-07-01 17:14:37.706 I0701 08:11:52.424581       1 schedule_one.go:745] "Plugin scored node for pod" pod="default/yolo-pos-1" plugin="NodeAffinity" node="gpuorin4-desktop" score=0
2026-07-01 17:14:37.707 I0701 08:11:52.424587       1 schedule_one.go:745] "Plugin scored node for pod" pod="default/yolo-pos-1" plugin="NodeResourcesFit" node="gpuorin4-desktop" score=78
2026-07-01 17:14:37.707 I0701 08:11:52.424593       1 schedule_one.go:745] "Plugin scored node for pod" pod="default/yolo-pos-1" plugin="VolumeBinding" node="gpuorin4-desktop" score=0
2026-07-01 17:14:37.708 I0701 08:11:52.424599       1 schedule_one.go:745] "Plugin scored node for pod" pod="default/yolo-pos-1" plugin="NodeResourcesBalancedAllocation" node="gpuorin4-desktop" score=99
2026-07-01 17:14:37.709 I0701 08:11:52.424605       1 schedule_one.go:745] "Plugin scored node for pod" pod="default/yolo-pos-1" plugin="ImageLocality" node="gpuorin4-desktop" score=0
2026-07-01 17:14:37.709 I0701 08:11:52.424615       1 schedule_one.go:812] "Calculated node's final score for pod" pod="default/yolo-pos-1" node="gpu-orin2" score=479
2026-07-01 17:14:37.710 I0701 08:11:52.424625       1 schedule_one.go:812] "Calculated node's final score for pod" pod="default/yolo-pos-1" node="gpuorin5-desktop" score=481
2026-07-01 17:14:37.711 I0701 08:11:52.424632       1 schedule_one.go:812] "Calculated node's final score for pod" pod="default/yolo-pos-1" node="gpu-orin3" score=481
2026-07-01 17:14:37.711 I0701 08:11:52.424639       1 schedule_one.go:812] "Calculated node's final score for pod" pod="default/yolo-pos-1" node="gpuorin4-desktop" score=477
2026-07-01 17:14:37.712 I0701 08:11:57.202340       1 resource_allocation.go:76] "Listed internal info for allocatable resources, requested resources and score" pod="default/yolo-cls-2" node="gpu-orin3" resourceAllocationScorer="LeastAllocated" allocatableResource=[6000,7885152256] requestedResource=[900,1887436800] resourceScore=80
2026-07-01 17:14:37.712 I0701 08:11:57.202356       1 resource_allocation.go:76] "Listed internal info for allocatable resources, requested resources and score" pod="default/yolo-cls-2" node="gpu-orin3" resourceAllocationScorer="NodeResourcesBalancedAllocation" allocatableResource=[6000,7885152256] requestedResource=[100,52428800] resourceScore=99
2026-07-01 17:14:37.713 I0701 08:11:57.202386       1 resource_allocation.go:76] "Listed internal info for allocatable resources, requested resources and score" pod="default/yolo-cls-2" node="gpuorin5-desktop" resourceAllocationScorer="LeastAllocated" allocatableResource=[6000,7885127680] requestedResource=[800,1677721600] resourceScore=82
2026-07-01 17:14:37.714 I0701 08:11:57.202388       1 resource_allocation.go:76] "Listed internal info for allocatable resources, requested resources and score" pod="default/yolo-cls-2" node="gpuorin4-desktop" resourceAllocationScorer="LeastAllocated" allocatableResource=[6000,7885250560] requestedResource=[1000,2097152000] resourceScore=78
2026-07-01 17:14:37.715 I0701 08:11:57.202417       1 resource_allocation.go:76] "Listed internal info for allocatable resources, requested resources and score" pod="default/yolo-cls-2" node="gpuorin5-desktop" resourceAllocationScorer="NodeResourcesBalancedAllocation" allocatableResource=[6000,7885127680] requestedResource=[100,52428800] resourceScore=99
2026-07-01 17:14:37.715 I0701 08:11:57.202425       1 resource_allocation.go:76] "Listed internal info for allocatable resources, requested resources and score" pod="default/yolo-cls-2" node="gpuorin4-desktop" resourceAllocationScorer="NodeResourcesBalancedAllocation" allocatableResource=[6000,7885250560] requestedResource=[100,52428800] resourceScore=99
2026-07-01 17:14:37.716 I0701 08:11:57.202386       1 resource_allocation.go:76] "Listed internal info for allocatable resources, requested resources and score" pod="default/yolo-cls-2" node="gpu-orin2" resourceAllocationScorer="LeastAllocated" allocatableResource=[6000,7885127680] requestedResource=[900,1887436800] resourceScore=80
2026-07-01 17:14:37.717 I0701 08:11:57.202448       1 resource_allocation.go:76] "Listed internal info for allocatable resources, requested resources and score" pod="default/yolo-cls-2" node="gpu-orin2" resourceAllocationScorer="NodeResourcesBalancedAllocation" allocatableResource=[6000,7885127680] requestedResource=[100,52428800] resourceScore=99
2026-07-01 17:14:37.717 I0701 08:11:57.202503       1 schedule_one.go:745] "Plugin scored node for pod" pod="default/yolo-cls-2" plugin="TaintToleration" node="gpu-orin3" score=300
2026-07-01 17:14:37.718 I0701 08:11:57.202513       1 schedule_one.go:745] "Plugin scored node for pod" pod="default/yolo-cls-2" plugin="NodeAffinity" node="gpu-orin3" score=0
2026-07-01 17:14:37.718 I0701 08:11:57.202519       1 schedule_one.go:745] "Plugin scored node for pod" pod="default/yolo-cls-2" plugin="NodeResourcesFit" node="gpu-orin3" score=80
2026-07-01 17:14:37.719 I0701 08:11:57.202524       1 schedule_one.go:745] "Plugin scored node for pod" pod="default/yolo-cls-2" plugin="VolumeBinding" node="gpu-orin3" score=0
2026-07-01 17:14:37.720 I0701 08:11:57.202529       1 schedule_one.go:745] "Plugin scored node for pod" pod="default/yolo-cls-2" plugin="NodeResourcesBalancedAllocation" node="gpu-orin3" score=99
2026-07-01 17:14:37.720 I0701 08:11:57.202534       1 schedule_one.go:745] "Plugin scored node for pod" pod="default/yolo-cls-2" plugin="ImageLocality" node="gpu-orin3" score=0
2026-07-01 17:14:37.721 I0701 08:11:57.202538       1 schedule_one.go:745] "Plugin scored node for pod" pod="default/yolo-cls-2" plugin="TaintToleration" node="gpuorin4-desktop" score=300
2026-07-01 17:14:37.721 I0701 08:11:57.202543       1 schedule_one.go:745] "Plugin scored node for pod" pod="default/yolo-cls-2" plugin="NodeAffinity" node="gpuorin4-desktop" score=0
2026-07-01 17:14:37.722 I0701 08:11:57.202547       1 schedule_one.go:745] "Plugin scored node for pod" pod="default/yolo-cls-2" plugin="NodeResourcesFit" node="gpuorin4-desktop" score=78
2026-07-01 17:14:37.723 I0701 08:11:57.202551       1 schedule_one.go:745] "Plugin scored node for pod" pod="default/yolo-cls-2" plugin="VolumeBinding" node="gpuorin4-desktop" score=0
2026-07-01 17:14:37.723 I0701 08:11:57.202555       1 schedule_one.go:745] "Plugin scored node for pod" pod="default/yolo-cls-2" plugin="NodeResourcesBalancedAllocation" node="gpuorin4-desktop" score=99
2026-07-01 17:14:37.724 I0701 08:11:57.202560       1 schedule_one.go:745] "Plugin scored node for pod" pod="default/yolo-cls-2" plugin="ImageLocality" node="gpuorin4-desktop" score=0
2026-07-01 17:14:37.725 I0701 08:11:57.202564       1 schedule_one.go:745] "Plugin scored node for pod" pod="default/yolo-cls-2" plugin="TaintToleration" node="gpuorin5-desktop" score=300
2026-07-01 17:14:37.725 I0701 08:11:57.202571       1 schedule_one.go:745] "Plugin scored node for pod" pod="default/yolo-cls-2" plugin="NodeAffinity" node="gpuorin5-desktop" score=0
2026-07-01 17:14:37.726 I0701 08:11:57.202575       1 schedule_one.go:745] "Plugin scored node for pod" pod="default/yolo-cls-2" plugin="NodeResourcesFit" node="gpuorin5-desktop" score=82
2026-07-01 17:14:37.727 I0701 08:11:57.202579       1 schedule_one.go:745] "Plugin scored node for pod" pod="default/yolo-cls-2" plugin="VolumeBinding" node="gpuorin5-desktop" score=0
2026-07-01 17:14:37.727 I0701 08:11:57.202583       1 schedule_one.go:745] "Plugin scored node for pod" pod="default/yolo-cls-2" plugin="NodeResourcesBalancedAllocation" node="gpuorin5-desktop" score=99
2026-07-01 17:14:37.728 I0701 08:11:57.202587       1 schedule_one.go:745] "Plugin scored node for pod" pod="default/yolo-cls-2" plugin="ImageLocality" node="gpuorin5-desktop" score=0
2026-07-01 17:14:37.728 I0701 08:11:57.202591       1 schedule_one.go:745] "Plugin scored node for pod" pod="default/yolo-cls-2" plugin="TaintToleration" node="gpu-orin2" score=300
2026-07-01 17:14:37.729 I0701 08:11:57.202596       1 schedule_one.go:745] "Plugin scored node for pod" pod="default/yolo-cls-2" plugin="NodeAffinity" node="gpu-orin2" score=0
2026-07-01 17:14:37.730 I0701 08:11:57.202601       1 schedule_one.go:745] "Plugin scored node for pod" pod="default/yolo-cls-2" plugin="NodeResourcesFit" node="gpu-orin2" score=80
2026-07-01 17:14:37.730 I0701 08:11:57.202606       1 schedule_one.go:745] "Plugin scored node for pod" pod="default/yolo-cls-2" plugin="VolumeBinding" node="gpu-orin2" score=0
2026-07-01 17:14:37.731 I0701 08:11:57.202611       1 schedule_one.go:745] "Plugin scored node for pod" pod="default/yolo-cls-2" plugin="NodeResourcesBalancedAllocation" node="gpu-orin2" score=99
2026-07-01 17:14:37.731 I0701 08:11:57.202615       1 schedule_one.go:745] "Plugin scored node for pod" pod="default/yolo-cls-2" plugin="ImageLocality" node="gpu-orin2" score=0
2026-07-01 17:14:37.732 I0701 08:11:57.202623       1 schedule_one.go:812] "Calculated node's final score for pod" pod="default/yolo-cls-2" node="gpu-orin3" score=479
2026-07-01 17:14:37.732 I0701 08:11:57.202629       1 schedule_one.go:812] "Calculated node's final score for pod" pod="default/yolo-cls-2" node="gpuorin4-desktop" score=477
2026-07-01 17:14:37.733 I0701 08:11:57.202635       1 schedule_one.go:812] "Calculated node's final score for pod" pod="default/yolo-cls-2" node="gpuorin5-desktop" score=481
2026-07-01 17:14:37.734 I0701 08:11:57.202641       1 schedule_one.go:812] "Calculated node's final score for pod" pod="default/yolo-cls-2" node="gpu-orin2" score=479
2026-07-01 17:14:37.734 I0701 08:12:00.929340       1 resource_allocation.go:76] "Listed internal info for allocatable resources, requested resources and score" pod="default/yolo-det-2" node="gpu-orin3" resourceAllocationScorer="LeastAllocated" allocatableResource=[6000,7885152256] requestedResource=[900,1887436800] resourceScore=80
2026-07-01 17:14:37.735 I0701 08:12:00.929361       1 resource_allocation.go:76] "Listed internal info for allocatable resources, requested resources and score" pod="default/yolo-det-2" node="gpu-orin3" resourceAllocationScorer="NodeResourcesBalancedAllocation" allocatableResource=[6000,7885152256] requestedResource=[100,52428800] resourceScore=99
2026-07-01 17:14:37.736 I0701 08:12:00.929371       1 resource_allocation.go:76] "Listed internal info for allocatable resources, requested resources and score" pod="default/yolo-det-2" node="gpu-orin2" resourceAllocationScorer="LeastAllocated" allocatableResource=[6000,7885127680] requestedResource=[900,1887436800] resourceScore=80
2026-07-01 17:14:37.737 I0701 08:12:00.929380       1 resource_allocation.go:76] "Listed internal info for allocatable resources, requested resources and score" pod="default/yolo-det-2" node="gpuorin4-desktop" resourceAllocationScorer="LeastAllocated" allocatableResource=[6000,7885250560] requestedResource=[1000,2097152000] resourceScore=78
2026-07-01 17:14:37.738 I0701 08:12:00.929377       1 resource_allocation.go:76] "Listed internal info for allocatable resources, requested resources and score" pod="default/yolo-det-2" node="gpuorin5-desktop" resourceAllocationScorer="LeastAllocated" allocatableResource=[6000,7885127680] requestedResource=[900,1887436800] resourceScore=80
2026-07-01 17:14:37.739 I0701 08:12:00.929391       1 resource_allocation.go:76] "Listed internal info for allocatable resources, requested resources and score" pod="default/yolo-det-2" node="gpu-orin2" resourceAllocationScorer="NodeResourcesBalancedAllocation" allocatableResource=[6000,7885127680] requestedResource=[100,52428800] resourceScore=99
2026-07-01 17:14:37.740 I0701 08:12:00.929398       1 resource_allocation.go:76] "Listed internal info for allocatable resources, requested resources and score" pod="default/yolo-det-2" node="gpuorin4-desktop" resourceAllocationScorer="NodeResourcesBalancedAllocation" allocatableResource=[6000,7885250560] requestedResource=[100,52428800] resourceScore=99
2026-07-01 17:14:37.741 I0701 08:12:00.929416       1 resource_allocation.go:76] "Listed internal info for allocatable resources, requested resources and score" pod="default/yolo-det-2" node="gpuorin5-desktop" resourceAllocationScorer="NodeResourcesBalancedAllocation" allocatableResource=[6000,7885127680] requestedResource=[100,52428800] resourceScore=99
2026-07-01 17:14:37.741 I0701 08:12:00.929602       1 schedule_one.go:745] "Plugin scored node for pod" pod="default/yolo-det-2" plugin="TaintToleration" node="gpu-orin3" score=300
2026-07-01 17:14:37.742 I0701 08:12:00.929639       1 schedule_one.go:745] "Plugin scored node for pod" pod="default/yolo-det-2" plugin="NodeAffinity" node="gpu-orin3" score=0
2026-07-01 17:14:37.743 I0701 08:12:00.929654       1 schedule_one.go:745] "Plugin scored node for pod" pod="default/yolo-det-2" plugin="NodeResourcesFit" node="gpu-orin3" score=80
2026-07-01 17:14:37.743 I0701 08:12:00.929665       1 schedule_one.go:745] "Plugin scored node for pod" pod="default/yolo-det-2" plugin="VolumeBinding" node="gpu-orin3" score=0
2026-07-01 17:14:37.744 I0701 08:12:00.929675       1 schedule_one.go:745] "Plugin scored node for pod" pod="default/yolo-det-2" plugin="NodeResourcesBalancedAllocation" node="gpu-orin3" score=99
2026-07-01 17:14:37.745 I0701 08:12:00.929687       1 schedule_one.go:745] "Plugin scored node for pod" pod="default/yolo-det-2" plugin="ImageLocality" node="gpu-orin3" score=0
2026-07-01 17:14:37.745 I0701 08:12:00.929699       1 schedule_one.go:745] "Plugin scored node for pod" pod="default/yolo-det-2" plugin="TaintToleration" node="gpuorin5-desktop" score=300
2026-07-01 17:14:37.746 I0701 08:12:00.929710       1 schedule_one.go:745] "Plugin scored node for pod" pod="default/yolo-det-2" plugin="NodeAffinity" node="gpuorin5-desktop" score=0
2026-07-01 17:14:37.747 I0701 08:12:00.929719       1 schedule_one.go:745] "Plugin scored node for pod" pod="default/yolo-det-2" plugin="NodeResourcesFit" node="gpuorin5-desktop" score=80
2026-07-01 17:14:37.747 I0701 08:12:00.929730       1 schedule_one.go:745] "Plugin scored node for pod" pod="default/yolo-det-2" plugin="VolumeBinding" node="gpuorin5-desktop" score=0
2026-07-01 17:14:37.748 I0701 08:12:00.929742       1 schedule_one.go:745] "Plugin scored node for pod" pod="default/yolo-det-2" plugin="NodeResourcesBalancedAllocation" node="gpuorin5-desktop" score=99
2026-07-01 17:14:37.749 I0701 08:12:00.929751       1 schedule_one.go:745] "Plugin scored node for pod" pod="default/yolo-det-2" plugin="ImageLocality" node="gpuorin5-desktop" score=0
2026-07-01 17:14:37.749 I0701 08:12:00.929760       1 schedule_one.go:745] "Plugin scored node for pod" pod="default/yolo-det-2" plugin="TaintToleration" node="gpu-orin2" score=300
2026-07-01 17:14:37.750 I0701 08:12:00.929788       1 schedule_one.go:745] "Plugin scored node for pod" pod="default/yolo-det-2" plugin="NodeAffinity" node="gpu-orin2" score=0
2026-07-01 17:14:37.750 I0701 08:12:00.929798       1 schedule_one.go:745] "Plugin scored node for pod" pod="default/yolo-det-2" plugin="NodeResourcesFit" node="gpu-orin2" score=80
2026-07-01 17:14:37.751 I0701 08:12:00.929811       1 schedule_one.go:745] "Plugin scored node for pod" pod="default/yolo-det-2" plugin="VolumeBinding" node="gpu-orin2" score=0
2026-07-01 17:14:37.752 I0701 08:12:00.929820       1 schedule_one.go:745] "Plugin scored node for pod" pod="default/yolo-det-2" plugin="NodeResourcesBalancedAllocation" node="gpu-orin2" score=99
2026-07-01 17:14:37.752 I0701 08:12:00.929830       1 schedule_one.go:745] "Plugin scored node for pod" pod="default/yolo-det-2" plugin="ImageLocality" node="gpu-orin2" score=0
2026-07-01 17:14:37.753 I0701 08:12:00.929843       1 schedule_one.go:745] "Plugin scored node for pod" pod="default/yolo-det-2" plugin="TaintToleration" node="gpuorin4-desktop" score=300
2026-07-01 17:14:37.753 I0701 08:12:00.929853       1 schedule_one.go:745] "Plugin scored node for pod" pod="default/yolo-det-2" plugin="NodeAffinity" node="gpuorin4-desktop" score=0
2026-07-01 17:14:37.754 I0701 08:12:00.929862       1 schedule_one.go:745] "Plugin scored node for pod" pod="default/yolo-det-2" plugin="NodeResourcesFit" node="gpuorin4-desktop" score=78
2026-07-01 17:14:37.755 I0701 08:12:00.929871       1 schedule_one.go:745] "Plugin scored node for pod" pod="default/yolo-det-2" plugin="VolumeBinding" node="gpuorin4-desktop" score=0
2026-07-01 17:14:37.755 I0701 08:12:00.929885       1 schedule_one.go:745] "Plugin scored node for pod" pod="default/yolo-det-2" plugin="NodeResourcesBalancedAllocation" node="gpuorin4-desktop" score=99
2026-07-01 17:14:37.756 I0701 08:12:00.929896       1 schedule_one.go:745] "Plugin scored node for pod" pod="default/yolo-det-2" plugin="ImageLocality" node="gpuorin4-desktop" score=0
2026-07-01 17:14:37.757 I0701 08:12:00.929911       1 schedule_one.go:812] "Calculated node's final score for pod" pod="default/yolo-det-2" node="gpu-orin3" score=479
2026-07-01 17:14:37.757 I0701 08:12:00.929926       1 schedule_one.go:812] "Calculated node's final score for pod" pod="default/yolo-det-2" node="gpuorin5-desktop" score=479
2026-07-01 17:14:37.758 I0701 08:12:00.929939       1 schedule_one.go:812] "Calculated node's final score for pod" pod="default/yolo-det-2" node="gpu-orin2" score=479
2026-07-01 17:14:37.758 I0701 08:12:00.929953       1 schedule_one.go:812] "Calculated node's final score for pod" pod="default/yolo-det-2" node="gpuorin4-desktop" score=477
2026-07-01 17:14:37.759 I0701 08:12:05.291282       1 resource_allocation.go:76] "Listed internal info for allocatable resources, requested resources and score" pod="default/yolo-seg-2" node="gpu-orin2" resourceAllocationScorer="LeastAllocated" allocatableResource=[6000,7885127680] requestedResource=[1000,2097152000] resourceScore=78
2026-07-01 17:14:37.760 I0701 08:12:05.291293       1 resource_allocation.go:76] "Listed internal info for allocatable resources, requested resources and score" pod="default/yolo-seg-2" node="gpu-orin2" resourceAllocationScorer="NodeResourcesBalancedAllocation" allocatableResource=[6000,7885127680] requestedResource=[100,52428800] resourceScore=99
2026-07-01 17:14:37.760 I0701 08:12:05.291303       1 resource_allocation.go:76] "Listed internal info for allocatable resources, requested resources and score" pod="default/yolo-seg-2" node="gpu-orin3" resourceAllocationScorer="LeastAllocated" allocatableResource=[6000,7885152256] requestedResource=[900,1887436800] resourceScore=80
2026-07-01 17:14:37.761 I0701 08:12:05.291310       1 resource_allocation.go:76] "Listed internal info for allocatable resources, requested resources and score" pod="default/yolo-seg-2" node="gpu-orin3" resourceAllocationScorer="NodeResourcesBalancedAllocation" allocatableResource=[6000,7885152256] requestedResource=[100,52428800] resourceScore=99
2026-07-01 17:14:37.762 I0701 08:12:05.291318       1 resource_allocation.go:76] "Listed internal info for allocatable resources, requested resources and score" pod="default/yolo-seg-2" node="gpuorin4-desktop" resourceAllocationScorer="LeastAllocated" allocatableResource=[6000,7885250560] requestedResource=[1000,2097152000] resourceScore=78
2026-07-01 17:14:37.762 I0701 08:12:05.291326       1 resource_allocation.go:76] "Listed internal info for allocatable resources, requested resources and score" pod="default/yolo-seg-2" node="gpuorin4-desktop" resourceAllocationScorer="NodeResourcesBalancedAllocation" allocatableResource=[6000,7885250560] requestedResource=[100,52428800] resourceScore=99
2026-07-01 17:14:37.763 I0701 08:12:05.291334       1 resource_allocation.go:76] "Listed internal info for allocatable resources, requested resources and score" pod="default/yolo-seg-2" node="gpuorin5-desktop" resourceAllocationScorer="LeastAllocated" allocatableResource=[6000,7885127680] requestedResource=[900,1887436800] resourceScore=80
2026-07-01 17:14:37.764 I0701 08:12:05.291342       1 resource_allocation.go:76] "Listed internal info for allocatable resources, requested resources and score" pod="default/yolo-seg-2" node="gpuorin5-desktop" resourceAllocationScorer="NodeResourcesBalancedAllocation" allocatableResource=[6000,7885127680] requestedResource=[100,52428800] resourceScore=99
2026-07-01 17:14:37.764 I0701 08:12:05.291367       1 schedule_one.go:745] "Plugin scored node for pod" pod="default/yolo-seg-2" plugin="TaintToleration" node="gpu-orin2" score=300
2026-07-01 17:14:37.765 I0701 08:12:05.291373       1 schedule_one.go:745] "Plugin scored node for pod" pod="default/yolo-seg-2" plugin="NodeAffinity" node="gpu-orin2" score=0
2026-07-01 17:14:37.766 I0701 08:12:05.291378       1 schedule_one.go:745] "Plugin scored node for pod" pod="default/yolo-seg-2" plugin="NodeResourcesFit" node="gpu-orin2" score=78
2026-07-01 17:14:37.766 I0701 08:12:05.291382       1 schedule_one.go:745] "Plugin scored node for pod" pod="default/yolo-seg-2" plugin="VolumeBinding" node="gpu-orin2" score=0
2026-07-01 17:14:37.767 I0701 08:12:05.291385       1 schedule_one.go:745] "Plugin scored node for pod" pod="default/yolo-seg-2" plugin="NodeResourcesBalancedAllocation" node="gpu-orin2" score=99
2026-07-01 17:14:37.768 I0701 08:12:05.291389       1 schedule_one.go:745] "Plugin scored node for pod" pod="default/yolo-seg-2" plugin="ImageLocality" node="gpu-orin2" score=0
2026-07-01 17:14:37.769 I0701 08:12:05.291392       1 schedule_one.go:745] "Plugin scored node for pod" pod="default/yolo-seg-2" plugin="TaintToleration" node="gpu-orin3" score=300
2026-07-01 17:14:37.770 I0701 08:12:05.291396       1 schedule_one.go:745] "Plugin scored node for pod" pod="default/yolo-seg-2" plugin="NodeAffinity" node="gpu-orin3" score=0
2026-07-01 17:14:37.771 I0701 08:12:05.291399       1 schedule_one.go:745] "Plugin scored node for pod" pod="default/yolo-seg-2" plugin="NodeResourcesFit" node="gpu-orin3" score=80
2026-07-01 17:14:37.772 I0701 08:12:05.291403       1 schedule_one.go:745] "Plugin scored node for pod" pod="default/yolo-seg-2" plugin="VolumeBinding" node="gpu-orin3" score=0
2026-07-01 17:14:37.773 I0701 08:12:05.291406       1 schedule_one.go:745] "Plugin scored node for pod" pod="default/yolo-seg-2" plugin="NodeResourcesBalancedAllocation" node="gpu-orin3" score=99
2026-07-01 17:14:37.774 I0701 08:12:05.291410       1 schedule_one.go:745] "Plugin scored node for pod" pod="default/yolo-seg-2" plugin="ImageLocality" node="gpu-orin3" score=0
2026-07-01 17:14:37.776 I0701 08:12:05.291413       1 schedule_one.go:745] "Plugin scored node for pod" pod="default/yolo-seg-2" plugin="TaintToleration" node="gpuorin4-desktop" score=300
2026-07-01 17:14:37.777 I0701 08:12:05.291417       1 schedule_one.go:745] "Plugin scored node for pod" pod="default/yolo-seg-2" plugin="NodeAffinity" node="gpuorin4-desktop" score=0
2026-07-01 17:14:37.779 I0701 08:12:05.291420       1 schedule_one.go:745] "Plugin scored node for pod" pod="default/yolo-seg-2" plugin="NodeResourcesFit" node="gpuorin4-desktop" score=78
2026-07-01 17:14:37.781 I0701 08:12:05.291424       1 schedule_one.go:745] "Plugin scored node for pod" pod="default/yolo-seg-2" plugin="VolumeBinding" node="gpuorin4-desktop" score=0
2026-07-01 17:14:37.784 I0701 08:12:05.291428       1 schedule_one.go:745] "Plugin scored node for pod" pod="default/yolo-seg-2" plugin="NodeResourcesBalancedAllocation" node="gpuorin4-desktop" score=99
2026-07-01 17:14:37.786 I0701 08:12:05.291432       1 schedule_one.go:745] "Plugin scored node for pod" pod="default/yolo-seg-2" plugin="ImageLocality" node="gpuorin4-desktop" score=0
2026-07-01 17:14:37.789 I0701 08:12:05.291435       1 schedule_one.go:745] "Plugin scored node for pod" pod="default/yolo-seg-2" plugin="TaintToleration" node="gpuorin5-desktop" score=300
2026-07-01 17:14:37.791 I0701 08:12:05.291439       1 schedule_one.go:745] "Plugin scored node for pod" pod="default/yolo-seg-2" plugin="NodeAffinity" node="gpuorin5-desktop" score=0
2026-07-01 17:14:37.794 I0701 08:12:05.291443       1 schedule_one.go:745] "Plugin scored node for pod" pod="default/yolo-seg-2" plugin="NodeResourcesFit" node="gpuorin5-desktop" score=80
2026-07-01 17:14:37.796 I0701 08:12:05.291446       1 schedule_one.go:745] "Plugin scored node for pod" pod="default/yolo-seg-2" plugin="VolumeBinding" node="gpuorin5-desktop" score=0
2026-07-01 17:14:37.799 I0701 08:12:05.291449       1 schedule_one.go:745] "Plugin scored node for pod" pod="default/yolo-seg-2" plugin="NodeResourcesBalancedAllocation" node="gpuorin5-desktop" score=99
2026-07-01 17:14:37.801 I0701 08:12:05.291453       1 schedule_one.go:745] "Plugin scored node for pod" pod="default/yolo-seg-2" plugin="ImageLocality" node="gpuorin5-desktop" score=0
2026-07-01 17:14:37.804 I0701 08:12:05.291458       1 schedule_one.go:812] "Calculated node's final score for pod" pod="default/yolo-seg-2" node="gpu-orin2" score=477
2026-07-01 17:14:37.806 I0701 08:12:05.291463       1 schedule_one.go:812] "Calculated node's final score for pod" pod="default/yolo-seg-2" node="gpu-orin3" score=479
2026-07-01 17:14:37.809 I0701 08:12:05.291468       1 schedule_one.go:812] "Calculated node's final score for pod" pod="default/yolo-seg-2" node="gpuorin4-desktop" score=477
2026-07-01 17:14:37.811 I0701 08:12:05.291472       1 schedule_one.go:812] "Calculated node's final score for pod" pod="default/yolo-seg-2" node="gpuorin5-desktop" score=479
2026-07-01 17:14:37.814 I0701 08:12:09.034475       1 resource_allocation.go:76] "Listed internal info for allocatable resources, requested resources and score" pod="default/yolo-obb-2" node="gpuorin5-desktop" resourceAllocationScorer="LeastAllocated" allocatableResource=[6000,7885127680] requestedResource=[1000,2097152000] resourceScore=78
2026-07-01 17:14:37.817 I0701 08:12:09.034496       1 resource_allocation.go:76] "Listed internal info for allocatable resources, requested resources and score" pod="default/yolo-obb-2" node="gpuorin5-desktop" resourceAllocationScorer="NodeResourcesBalancedAllocation" allocatableResource=[6000,7885127680] requestedResource=[100,52428800] resourceScore=99
2026-07-01 17:14:37.820 I0701 08:12:09.034524       1 resource_allocation.go:76] "Listed internal info for allocatable resources, requested resources and score" pod="default/yolo-obb-2" node="gpu-orin3" resourceAllocationScorer="LeastAllocated" allocatableResource=[6000,7885152256] requestedResource=[900,1887436800] resourceScore=80
2026-07-01 17:14:37.822 I0701 08:12:09.034532       1 resource_allocation.go:76] "Listed internal info for allocatable resources, requested resources and score" pod="default/yolo-obb-2" node="gpu-orin2" resourceAllocationScorer="LeastAllocated" allocatableResource=[6000,7885127680] requestedResource=[1000,2097152000] resourceScore=78
2026-07-01 17:14:37.825 I0701 08:12:09.034531       1 resource_allocation.go:76] "Listed internal info for allocatable resources, requested resources and score" pod="default/yolo-obb-2" node="gpuorin4-desktop" resourceAllocationScorer="LeastAllocated" allocatableResource=[6000,7885250560] requestedResource=[1000,2097152000] resourceScore=78
2026-07-01 17:14:37.828 I0701 08:12:09.034563       1 resource_allocation.go:76] "Listed internal info for allocatable resources, requested resources and score" pod="default/yolo-obb-2" node="gpu-orin3" resourceAllocationScorer="NodeResourcesBalancedAllocation" allocatableResource=[6000,7885152256] requestedResource=[100,52428800] resourceScore=99
2026-07-01 17:14:37.830 I0701 08:12:09.034575       1 resource_allocation.go:76] "Listed internal info for allocatable resources, requested resources and score" pod="default/yolo-obb-2" node="gpuorin4-desktop" resourceAllocationScorer="NodeResourcesBalancedAllocation" allocatableResource=[6000,7885250560] requestedResource=[100,52428800] resourceScore=99
2026-07-01 17:14:37.833 I0701 08:12:09.034586       1 resource_allocation.go:76] "Listed internal info for allocatable resources, requested resources and score" pod="default/yolo-obb-2" node="gpu-orin2" resourceAllocationScorer="NodeResourcesBalancedAllocation" allocatableResource=[6000,7885127680] requestedResource=[100,52428800] resourceScore=99
2026-07-01 17:14:37.835 I0701 08:12:09.034714       1 schedule_one.go:745] "Plugin scored node for pod" pod="default/yolo-obb-2" plugin="TaintToleration" node="gpuorin5-desktop" score=300
2026-07-01 17:14:37.837 I0701 08:12:09.034733       1 schedule_one.go:745] "Plugin scored node for pod" pod="default/yolo-obb-2" plugin="NodeAffinity" node="gpuorin5-desktop" score=0
2026-07-01 17:14:37.839 I0701 08:12:09.034745       1 schedule_one.go:745] "Plugin scored node for pod" pod="default/yolo-obb-2" plugin="NodeResourcesFit" node="gpuorin5-desktop" score=78
2026-07-01 17:14:37.842 I0701 08:12:09.034755       1 schedule_one.go:745] "Plugin scored node for pod" pod="default/yolo-obb-2" plugin="VolumeBinding" node="gpuorin5-desktop" score=0
2026-07-01 17:14:37.844 I0701 08:12:09.034787       1 schedule_one.go:745] "Plugin scored node for pod" pod="default/yolo-obb-2" plugin="NodeResourcesBalancedAllocation" node="gpuorin5-desktop" score=99
2026-07-01 17:14:37.847 I0701 08:12:09.034798       1 schedule_one.go:745] "Plugin scored node for pod" pod="default/yolo-obb-2" plugin="ImageLocality" node="gpuorin5-desktop" score=0
2026-07-01 17:14:37.849 I0701 08:12:09.034807       1 schedule_one.go:745] "Plugin scored node for pod" pod="default/yolo-obb-2" plugin="TaintToleration" node="gpu-orin2" score=300
2026-07-01 17:14:37.852 I0701 08:12:09.034816       1 schedule_one.go:745] "Plugin scored node for pod" pod="default/yolo-obb-2" plugin="NodeAffinity" node="gpu-orin2" score=0
2026-07-01 17:14:37.854 I0701 08:12:09.034871       1 schedule_one.go:745] "Plugin scored node for pod" pod="default/yolo-obb-2" plugin="NodeResourcesFit" node="gpu-orin2" score=78
2026-07-01 17:14:37.857 I0701 08:12:09.034915       1 schedule_one.go:745] "Plugin scored node for pod" pod="default/yolo-obb-2" plugin="VolumeBinding" node="gpu-orin2" score=0
2026-07-01 17:14:37.859 I0701 08:12:09.034928       1 schedule_one.go:745] "Plugin scored node for pod" pod="default/yolo-obb-2" plugin="NodeResourcesBalancedAllocation" node="gpu-orin2" score=99
2026-07-01 17:14:37.862 I0701 08:12:09.034937       1 schedule_one.go:745] "Plugin scored node for pod" pod="default/yolo-obb-2" plugin="ImageLocality" node="gpu-orin2" score=0
2026-07-01 17:14:37.864 I0701 08:12:09.034948       1 schedule_one.go:745] "Plugin scored node for pod" pod="default/yolo-obb-2" plugin="TaintToleration" node="gpu-orin3" score=300
2026-07-01 17:14:37.866 I0701 08:12:09.034958       1 schedule_one.go:745] "Plugin scored node for pod" pod="default/yolo-obb-2" plugin="NodeAffinity" node="gpu-orin3" score=0
2026-07-01 17:14:37.869 I0701 08:12:09.034967       1 schedule_one.go:745] "Plugin scored node for pod" pod="default/yolo-obb-2" plugin="NodeResourcesFit" node="gpu-orin3" score=80
2026-07-01 17:14:37.872 I0701 08:12:09.034981       1 schedule_one.go:745] "Plugin scored node for pod" pod="default/yolo-obb-2" plugin="VolumeBinding" node="gpu-orin3" score=0
2026-07-01 17:14:37.874 I0701 08:12:09.034990       1 schedule_one.go:745] "Plugin scored node for pod" pod="default/yolo-obb-2" plugin="NodeResourcesBalancedAllocation" node="gpu-orin3" score=99
2026-07-01 17:14:37.877 I0701 08:12:09.034999       1 schedule_one.go:745] "Plugin scored node for pod" pod="default/yolo-obb-2" plugin="ImageLocality" node="gpu-orin3" score=0
2026-07-01 17:14:37.879 I0701 08:12:09.035009       1 schedule_one.go:745] "Plugin scored node for pod" pod="default/yolo-obb-2" plugin="TaintToleration" node="gpuorin4-desktop" score=300
2026-07-01 17:14:37.882 I0701 08:12:09.035018       1 schedule_one.go:745] "Plugin scored node for pod" pod="default/yolo-obb-2" plugin="NodeAffinity" node="gpuorin4-desktop" score=0
2026-07-01 17:14:37.884 I0701 08:12:09.035031       1 schedule_one.go:745] "Plugin scored node for pod" pod="default/yolo-obb-2" plugin="NodeResourcesFit" node="gpuorin4-desktop" score=78
2026-07-01 17:14:37.886 I0701 08:12:09.035040       1 schedule_one.go:745] "Plugin scored node for pod" pod="default/yolo-obb-2" plugin="VolumeBinding" node="gpuorin4-desktop" score=0
2026-07-01 17:14:37.889 I0701 08:12:09.035048       1 schedule_one.go:745] "Plugin scored node for pod" pod="default/yolo-obb-2" plugin="NodeResourcesBalancedAllocation" node="gpuorin4-desktop" score=99
2026-07-01 17:14:37.892 I0701 08:12:09.035056       1 schedule_one.go:745] "Plugin scored node for pod" pod="default/yolo-obb-2" plugin="ImageLocality" node="gpuorin4-desktop" score=0
2026-07-01 17:14:37.894 I0701 08:12:09.035070       1 schedule_one.go:812] "Calculated node's final score for pod" pod="default/yolo-obb-2" node="gpuorin5-desktop" score=477
2026-07-01 17:14:37.897 I0701 08:12:09.035080       1 schedule_one.go:812] "Calculated node's final score for pod" pod="default/yolo-obb-2" node="gpu-orin2" score=477
2026-07-01 17:14:37.899 I0701 08:12:09.035105       1 schedule_one.go:812] "Calculated node's final score for pod" pod="default/yolo-obb-2" node="gpu-orin3" score=479
2026-07-01 17:14:37.901 I0701 08:12:09.035117       1 schedule_one.go:812] "Calculated node's final score for pod" pod="default/yolo-obb-2" node="gpuorin4-desktop" score=477
2026-07-01 17:14:37.904 I0701 08:12:13.439741       1 resource_allocation.go:76] "Listed internal info for allocatable resources, requested resources and score" pod="default/yolo-pos-2" node="gpu-orin3" resourceAllocationScorer="LeastAllocated" allocatableResource=[6000,7885152256] requestedResource=[1000,2097152000] resourceScore=78
2026-07-01 17:14:37.907 I0701 08:12:13.439760       1 resource_allocation.go:76] "Listed internal info for allocatable resources, requested resources and score" pod="default/yolo-pos-2" node="gpu-orin2" resourceAllocationScorer="LeastAllocated" allocatableResource=[6000,7885127680] requestedResource=[1000,2097152000] resourceScore=78
2026-07-01 17:14:37.909 I0701 08:12:13.439761       1 resource_allocation.go:76] "Listed internal info for allocatable resources, requested resources and score" pod="default/yolo-pos-2" node="gpu-orin3" resourceAllocationScorer="NodeResourcesBalancedAllocation" allocatableResource=[6000,7885152256] requestedResource=[100,52428800] resourceScore=99
2026-07-01 17:14:37.912 I0701 08:12:13.439775       1 resource_allocation.go:76] "Listed internal info for allocatable resources, requested resources and score" pod="default/yolo-pos-2" node="gpuorin5-desktop" resourceAllocationScorer="LeastAllocated" allocatableResource=[6000,7885127680] requestedResource=[1000,2097152000] resourceScore=78
2026-07-01 17:14:37.915 I0701 08:12:13.439781       1 resource_allocation.go:76] "Listed internal info for allocatable resources, requested resources and score" pod="default/yolo-pos-2" node="gpuorin4-desktop" resourceAllocationScorer="LeastAllocated" allocatableResource=[6000,7885250560] requestedResource=[1000,2097152000] resourceScore=78
2026-07-01 17:14:37.918 I0701 08:12:13.439797       1 resource_allocation.go:76] "Listed internal info for allocatable resources, requested resources and score" pod="default/yolo-pos-2" node="gpu-orin2" resourceAllocationScorer="NodeResourcesBalancedAllocation" allocatableResource=[6000,7885127680] requestedResource=[100,52428800] resourceScore=99
2026-07-01 17:14:37.920 I0701 08:12:13.439809       1 resource_allocation.go:76] "Listed internal info for allocatable resources, requested resources and score" pod="default/yolo-pos-2" node="gpuorin5-desktop" resourceAllocationScorer="NodeResourcesBalancedAllocation" allocatableResource=[6000,7885127680] requestedResource=[100,52428800] resourceScore=99
2026-07-01 17:14:37.923 I0701 08:12:13.439820       1 resource_allocation.go:76] "Listed internal info for allocatable resources, requested resources and score" pod="default/yolo-pos-2" node="gpuorin4-desktop" resourceAllocationScorer="NodeResourcesBalancedAllocation" allocatableResource=[6000,7885250560] requestedResource=[100,52428800] resourceScore=99
2026-07-01 17:14:37.925 I0701 08:12:13.439915       1 schedule_one.go:745] "Plugin scored node for pod" pod="default/yolo-pos-2" plugin="TaintToleration" node="gpu-orin3" score=300
2026-07-01 17:14:37.928 I0701 08:12:13.439933       1 schedule_one.go:745] "Plugin scored node for pod" pod="default/yolo-pos-2" plugin="NodeAffinity" node="gpu-orin3" score=0
2026-07-01 17:14:37.930 I0701 08:12:13.439943       1 schedule_one.go:745] "Plugin scored node for pod" pod="default/yolo-pos-2" plugin="NodeResourcesFit" node="gpu-orin3" score=78
2026-07-01 17:14:37.933 I0701 08:12:13.439952       1 schedule_one.go:745] "Plugin scored node for pod" pod="default/yolo-pos-2" plugin="VolumeBinding" node="gpu-orin3" score=0
2026-07-01 17:14:37.935 I0701 08:12:13.439961       1 schedule_one.go:745] "Plugin scored node for pod" pod="default/yolo-pos-2" plugin="NodeResourcesBalancedAllocation" node="gpu-orin3" score=99
2026-07-01 17:14:37.937 I0701 08:12:13.439969       1 schedule_one.go:745] "Plugin scored node for pod" pod="default/yolo-pos-2" plugin="ImageLocality" node="gpu-orin3" score=0
2026-07-01 17:14:37.940 I0701 08:12:13.439978       1 schedule_one.go:745] "Plugin scored node for pod" pod="default/yolo-pos-2" plugin="TaintToleration" node="gpu-orin2" score=300
2026-07-01 17:14:37.943 I0701 08:12:13.439986       1 schedule_one.go:745] "Plugin scored node for pod" pod="default/yolo-pos-2" plugin="NodeAffinity" node="gpu-orin2" score=0
2026-07-01 17:14:37.945 I0701 08:12:13.439995       1 schedule_one.go:745] "Plugin scored node for pod" pod="default/yolo-pos-2" plugin="NodeResourcesFit" node="gpu-orin2" score=78
2026-07-01 17:14:37.948 I0701 08:12:13.440003       1 schedule_one.go:745] "Plugin scored node for pod" pod="default/yolo-pos-2" plugin="VolumeBinding" node="gpu-orin2" score=0
2026-07-01 17:14:37.950 I0701 08:12:13.440011       1 schedule_one.go:745] "Plugin scored node for pod" pod="default/yolo-pos-2" plugin="NodeResourcesBalancedAllocation" node="gpu-orin2" score=99
2026-07-01 17:14:37.953 I0701 08:12:13.440023       1 schedule_one.go:745] "Plugin scored node for pod" pod="default/yolo-pos-2" plugin="ImageLocality" node="gpu-orin2" score=0
2026-07-01 17:14:37.955 I0701 08:12:13.440031       1 schedule_one.go:745] "Plugin scored node for pod" pod="default/yolo-pos-2" plugin="TaintToleration" node="gpuorin4-desktop" score=300
2026-07-01 17:14:37.958 I0701 08:12:13.440040       1 schedule_one.go:745] "Plugin scored node for pod" pod="default/yolo-pos-2" plugin="NodeAffinity" node="gpuorin4-desktop" score=0
2026-07-01 17:14:37.960 I0701 08:12:13.440048       1 schedule_one.go:745] "Plugin scored node for pod" pod="default/yolo-pos-2" plugin="NodeResourcesFit" node="gpuorin4-desktop" score=78
2026-07-01 17:14:37.963 I0701 08:12:13.440057       1 schedule_one.go:745] "Plugin scored node for pod" pod="default/yolo-pos-2" plugin="VolumeBinding" node="gpuorin4-desktop" score=0
2026-07-01 17:14:37.965 I0701 08:12:13.440065       1 schedule_one.go:745] "Plugin scored node for pod" pod="default/yolo-pos-2" plugin="NodeResourcesBalancedAllocation" node="gpuorin4-desktop" score=99
2026-07-01 17:14:37.968 I0701 08:12:13.440073       1 schedule_one.go:745] "Plugin scored node for pod" pod="default/yolo-pos-2" plugin="ImageLocality" node="gpuorin4-desktop" score=0
2026-07-01 17:14:37.970 I0701 08:12:13.440081       1 schedule_one.go:745] "Plugin scored node for pod" pod="default/yolo-pos-2" plugin="TaintToleration" node="gpuorin5-desktop" score=300
2026-07-01 17:14:37.973 I0701 08:12:13.440091       1 schedule_one.go:745] "Plugin scored node for pod" pod="default/yolo-pos-2" plugin="NodeAffinity" node="gpuorin5-desktop" score=0
2026-07-01 17:14:37.975 I0701 08:12:13.440102       1 schedule_one.go:745] "Plugin scored node for pod" pod="default/yolo-pos-2" plugin="NodeResourcesFit" node="gpuorin5-desktop" score=78
2026-07-01 17:14:37.978 I0701 08:12:13.440113       1 schedule_one.go:745] "Plugin scored node for pod" pod="default/yolo-pos-2" plugin="VolumeBinding" node="gpuorin5-desktop" score=0
2026-07-01 17:14:37.980 I0701 08:12:13.440122       1 schedule_one.go:745] "Plugin scored node for pod" pod="default/yolo-pos-2" plugin="NodeResourcesBalancedAllocation" node="gpuorin5-desktop" score=99
2026-07-01 17:14:37.983 I0701 08:12:13.440131       1 schedule_one.go:745] "Plugin scored node for pod" pod="default/yolo-pos-2" plugin="ImageLocality" node="gpuorin5-desktop" score=0
2026-07-01 17:14:37.985 I0701 08:12:13.440144       1 schedule_one.go:812] "Calculated node's final score for pod" pod="default/yolo-pos-2" node="gpu-orin3" score=477
2026-07-01 17:14:37.988 I0701 08:12:13.440154       1 schedule_one.go:812] "Calculated node's final score for pod" pod="default/yolo-pos-2" node="gpu-orin2" score=477
2026-07-01 17:14:37.990 I0701 08:12:13.440164       1 schedule_one.go:812] "Calculated node's final score for pod" pod="default/yolo-pos-2" node="gpuorin4-desktop" score=477
2026-07-01 17:14:37.993 I0701 08:12:13.440173       1 schedule_one.go:812] "Calculated node's final score for pod" pod="default/yolo-pos-2" node="gpuorin5-desktop" score=477
2026-07-01 17:14:53.086 I0701 08:14:53.081922       1 resource_allocation.go:76] "Listed internal info for allocatable resources, requested resources and score" pod="default/yolo-cls-1" node="gpu-orin2" resourceAllocationScorer="LeastAllocated" allocatableResource=[6000,7885127680] requestedResource=[700,1468006400] resourceScore=84
2026-07-01 17:14:53.089 I0701 08:14:53.081956       1 resource_allocation.go:76] "Listed internal info for allocatable resources, requested resources and score" pod="default/yolo-cls-1" node="gpu-orin2" resourceAllocationScorer="NodeResourcesBalancedAllocation" allocatableResource=[6000,7885127680] requestedResource=[100,52428800] resourceScore=99
2026-07-01 17:14:53.092 I0701 08:14:53.081963       1 resource_allocation.go:76] "Listed internal info for allocatable resources, requested resources and score" pod="default/yolo-cls-1" node="gpu-orin3" resourceAllocationScorer="LeastAllocated" allocatableResource=[6000,7885152256] requestedResource=[700,1468006400] resourceScore=84
2026-07-01 17:14:53.096 I0701 08:14:53.082004       1 resource_allocation.go:76] "Listed internal info for allocatable resources, requested resources and score" pod="default/yolo-cls-1" node="gpu-orin3" resourceAllocationScorer="NodeResourcesBalancedAllocation" allocatableResource=[6000,7885152256] requestedResource=[100,52428800] resourceScore=99
2026-07-01 17:14:53.099 I0701 08:14:53.081995       1 resource_allocation.go:76] "Listed internal info for allocatable resources, requested resources and score" pod="default/yolo-cls-1" node="gpuorin5-desktop" resourceAllocationScorer="LeastAllocated" allocatableResource=[6000,7885127680] requestedResource=[700,1468006400] resourceScore=84
2026-07-01 17:14:53.102 I0701 08:14:53.082025       1 resource_allocation.go:76] "Listed internal info for allocatable resources, requested resources and score" pod="default/yolo-cls-1" node="gpuorin4-desktop" resourceAllocationScorer="LeastAllocated" allocatableResource=[6000,7885250560] requestedResource=[1000,2097152000] resourceScore=78
2026-07-01 17:14:53.105 I0701 08:14:53.082063       1 resource_allocation.go:76] "Listed internal info for allocatable resources, requested resources and score" pod="default/yolo-cls-1" node="gpuorin5-desktop" resourceAllocationScorer="NodeResourcesBalancedAllocation" allocatableResource=[6000,7885127680] requestedResource=[100,52428800] resourceScore=99
2026-07-01 17:14:53.108 I0701 08:14:53.082080       1 resource_allocation.go:76] "Listed internal info for allocatable resources, requested resources and score" pod="default/yolo-cls-1" node="gpuorin4-desktop" resourceAllocationScorer="NodeResourcesBalancedAllocation" allocatableResource=[6000,7885250560] requestedResource=[100,52428800] resourceScore=99
2026-07-01 17:14:53.111 I0701 08:14:53.082258       1 schedule_one.go:745] "Plugin scored node for pod" pod="default/yolo-cls-1" plugin="TaintToleration" node="gpu-orin2" score=300
2026-07-01 17:14:53.113 I0701 08:14:53.082298       1 schedule_one.go:745] "Plugin scored node for pod" pod="default/yolo-cls-1" plugin="NodeAffinity" node="gpu-orin2" score=0
2026-07-01 17:14:53.116 I0701 08:14:53.082309       1 schedule_one.go:745] "Plugin scored node for pod" pod="default/yolo-cls-1" plugin="NodeResourcesFit" node="gpu-orin2" score=84
2026-07-01 17:14:53.119 I0701 08:14:53.082317       1 schedule_one.go:745] "Plugin scored node for pod" pod="default/yolo-cls-1" plugin="VolumeBinding" node="gpu-orin2" score=0
2026-07-01 17:14:53.121 I0701 08:14:53.082326       1 schedule_one.go:745] "Plugin scored node for pod" pod="default/yolo-cls-1" plugin="NodeResourcesBalancedAllocation" node="gpu-orin2" score=99
2026-07-01 17:14:53.123 I0701 08:14:53.082340       1 schedule_one.go:745] "Plugin scored node for pod" pod="default/yolo-cls-1" plugin="ImageLocality" node="gpu-orin2" score=0
2026-07-01 17:14:53.124 I0701 08:14:53.082357       1 schedule_one.go:745] "Plugin scored node for pod" pod="default/yolo-cls-1" plugin="TaintToleration" node="gpu-orin3" score=300
2026-07-01 17:14:53.126 I0701 08:14:53.082368       1 schedule_one.go:745] "Plugin scored node for pod" pod="default/yolo-cls-1" plugin="NodeAffinity" node="gpu-orin3" score=0
2026-07-01 17:14:53.127 I0701 08:14:53.082375       1 schedule_one.go:745] "Plugin scored node for pod" pod="default/yolo-cls-1" plugin="NodeResourcesFit" node="gpu-orin3" score=84
2026-07-01 17:14:53.128 I0701 08:14:53.082383       1 schedule_one.go:745] "Plugin scored node for pod" pod="default/yolo-cls-1" plugin="VolumeBinding" node="gpu-orin3" score=0
2026-07-01 17:14:53.129 I0701 08:14:53.082391       1 schedule_one.go:745] "Plugin scored node for pod" pod="default/yolo-cls-1" plugin="NodeResourcesBalancedAllocation" node="gpu-orin3" score=99
2026-07-01 17:14:53.130 I0701 08:14:53.082399       1 schedule_one.go:745] "Plugin scored node for pod" pod="default/yolo-cls-1" plugin="ImageLocality" node="gpu-orin3" score=0
2026-07-01 17:14:53.130 I0701 08:14:53.082407       1 schedule_one.go:745] "Plugin scored node for pod" pod="default/yolo-cls-1" plugin="TaintToleration" node="gpuorin5-desktop" score=300
2026-07-01 17:14:53.131 I0701 08:14:53.082415       1 schedule_one.go:745] "Plugin scored node for pod" pod="default/yolo-cls-1" plugin="NodeAffinity" node="gpuorin5-desktop" score=0
2026-07-01 17:14:53.132 I0701 08:14:53.082423       1 schedule_one.go:745] "Plugin scored node for pod" pod="default/yolo-cls-1" plugin="NodeResourcesFit" node="gpuorin5-desktop" score=84
2026-07-01 17:14:53.133 I0701 08:14:53.082431       1 schedule_one.go:745] "Plugin scored node for pod" pod="default/yolo-cls-1" plugin="VolumeBinding" node="gpuorin5-desktop" score=0
2026-07-01 17:14:53.133 I0701 08:14:53.082439       1 schedule_one.go:745] "Plugin scored node for pod" pod="default/yolo-cls-1" plugin="NodeResourcesBalancedAllocation" node="gpuorin5-desktop" score=99
2026-07-01 17:14:53.134 I0701 08:14:53.082446       1 schedule_one.go:745] "Plugin scored node for pod" pod="default/yolo-cls-1" plugin="ImageLocality" node="gpuorin5-desktop" score=0
2026-07-01 17:14:53.135 I0701 08:14:53.082454       1 schedule_one.go:745] "Plugin scored node for pod" pod="default/yolo-cls-1" plugin="TaintToleration" node="gpuorin4-desktop" score=300
2026-07-01 17:14:53.136 I0701 08:14:53.082462       1 schedule_one.go:745] "Plugin scored node for pod" pod="default/yolo-cls-1" plugin="NodeAffinity" node="gpuorin4-desktop" score=0
2026-07-01 17:14:53.137 I0701 08:14:53.082469       1 schedule_one.go:745] "Plugin scored node for pod" pod="default/yolo-cls-1" plugin="NodeResourcesFit" node="gpuorin4-desktop" score=78
2026-07-01 17:14:53.138 I0701 08:14:53.082477       1 schedule_one.go:745] "Plugin scored node for pod" pod="default/yolo-cls-1" plugin="VolumeBinding" node="gpuorin4-desktop" score=0
2026-07-01 17:14:53.139 I0701 08:14:53.082485       1 schedule_one.go:745] "Plugin scored node for pod" pod="default/yolo-cls-1" plugin="NodeResourcesBalancedAllocation" node="gpuorin4-desktop" score=99
2026-07-01 17:14:53.139 I0701 08:14:53.082493       1 schedule_one.go:745] "Plugin scored node for pod" pod="default/yolo-cls-1" plugin="ImageLocality" node="gpuorin4-desktop" score=0
2026-07-01 17:14:53.140 I0701 08:14:53.082509       1 schedule_one.go:812] "Calculated node's final score for pod" pod="default/yolo-cls-1" node="gpu-orin2" score=483
2026-07-01 17:14:53.141 I0701 08:14:53.082520       1 schedule_one.go:812] "Calculated node's final score for pod" pod="default/yolo-cls-1" node="gpu-orin3" score=483
2026-07-01 17:14:53.141 I0701 08:14:53.082536       1 schedule_one.go:812] "Calculated node's final score for pod" pod="default/yolo-cls-1" node="gpuorin5-desktop" score=483
2026-07-01 17:14:53.142 I0701 08:14:53.082547       1 schedule_one.go:812] "Calculated node's final score for pod" pod="default/yolo-cls-1" node="gpuorin4-desktop" score=477
2026-07-01 17:14:57.039 I0701 08:14:57.035134       1 resource_allocation.go:76] "Listed internal info for allocatable resources, requested resources and score" pod="default/yolo-det-1" node="gpu-orin3" resourceAllocationScorer="LeastAllocated" allocatableResource=[6000,7885152256] requestedResource=[700,1468006400] resourceScore=84
2026-07-01 17:14:57.042 I0701 08:14:57.035170       1 resource_allocation.go:76] "Listed internal info for allocatable resources, requested resources and score" pod="default/yolo-det-1" node="gpu-orin3" resourceAllocationScorer="NodeResourcesBalancedAllocation" allocatableResource=[6000,7885152256] requestedResource=[100,52428800] resourceScore=99
2026-07-01 17:14:57.045 I0701 08:14:57.035172       1 resource_allocation.go:76] "Listed internal info for allocatable resources, requested resources and score" pod="default/yolo-det-1" node="gpuorin4-desktop" resourceAllocationScorer="LeastAllocated" allocatableResource=[6000,7885250560] requestedResource=[1000,2097152000] resourceScore=78
2026-07-01 17:14:57.048 I0701 08:14:57.035184       1 resource_allocation.go:76] "Listed internal info for allocatable resources, requested resources and score" pod="default/yolo-det-1" node="gpuorin5-desktop" resourceAllocationScorer="LeastAllocated" allocatableResource=[6000,7885127680] requestedResource=[700,1468006400] resourceScore=84
2026-07-01 17:14:57.051 I0701 08:14:57.035193       1 resource_allocation.go:76] "Listed internal info for allocatable resources, requested resources and score" pod="default/yolo-det-1" node="gpu-orin2" resourceAllocationScorer="LeastAllocated" allocatableResource=[6000,7885127680] requestedResource=[800,1677721600] resourceScore=82
2026-07-01 17:14:57.055 I0701 08:14:57.035216       1 resource_allocation.go:76] "Listed internal info for allocatable resources, requested resources and score" pod="default/yolo-det-1" node="gpuorin4-desktop" resourceAllocationScorer="NodeResourcesBalancedAllocation" allocatableResource=[6000,7885250560] requestedResource=[100,52428800] resourceScore=99
2026-07-01 17:14:57.058 I0701 08:14:57.035229       1 resource_allocation.go:76] "Listed internal info for allocatable resources, requested resources and score" pod="default/yolo-det-1" node="gpuorin5-desktop" resourceAllocationScorer="NodeResourcesBalancedAllocation" allocatableResource=[6000,7885127680] requestedResource=[100,52428800] resourceScore=99
2026-07-01 17:14:57.061 I0701 08:14:57.035252       1 resource_allocation.go:76] "Listed internal info for allocatable resources, requested resources and score" pod="default/yolo-det-1" node="gpu-orin2" resourceAllocationScorer="NodeResourcesBalancedAllocation" allocatableResource=[6000,7885127680] requestedResource=[100,52428800] resourceScore=99
2026-07-01 17:14:57.064 I0701 08:14:57.035400       1 schedule_one.go:745] "Plugin scored node for pod" pod="default/yolo-det-1" plugin="TaintToleration" node="gpu-orin3" score=300
2026-07-01 17:14:57.067 I0701 08:14:57.035418       1 schedule_one.go:745] "Plugin scored node for pod" pod="default/yolo-det-1" plugin="NodeAffinity" node="gpu-orin3" score=0
2026-07-01 17:14:57.069 I0701 08:14:57.035428       1 schedule_one.go:745] "Plugin scored node for pod" pod="default/yolo-det-1" plugin="NodeResourcesFit" node="gpu-orin3" score=84
2026-07-01 17:14:57.071 I0701 08:14:57.035436       1 schedule_one.go:745] "Plugin scored node for pod" pod="default/yolo-det-1" plugin="VolumeBinding" node="gpu-orin3" score=0
2026-07-01 17:14:57.073 I0701 08:14:57.035445       1 schedule_one.go:745] "Plugin scored node for pod" pod="default/yolo-det-1" plugin="NodeResourcesBalancedAllocation" node="gpu-orin3" score=99
2026-07-01 17:14:57.075 I0701 08:14:57.035454       1 schedule_one.go:745] "Plugin scored node for pod" pod="default/yolo-det-1" plugin="ImageLocality" node="gpu-orin3" score=0
2026-07-01 17:14:57.076 I0701 08:14:57.035465       1 schedule_one.go:745] "Plugin scored node for pod" pod="default/yolo-det-1" plugin="TaintToleration" node="gpuorin4-desktop" score=300
2026-07-01 17:14:57.077 I0701 08:14:57.035473       1 schedule_one.go:745] "Plugin scored node for pod" pod="default/yolo-det-1" plugin="NodeAffinity" node="gpuorin4-desktop" score=0
2026-07-01 17:14:57.078 I0701 08:14:57.035482       1 schedule_one.go:745] "Plugin scored node for pod" pod="default/yolo-det-1" plugin="NodeResourcesFit" node="gpuorin4-desktop" score=78
2026-07-01 17:14:57.079 I0701 08:14:57.035490       1 schedule_one.go:745] "Plugin scored node for pod" pod="default/yolo-det-1" plugin="VolumeBinding" node="gpuorin4-desktop" score=0
2026-07-01 17:14:57.080 I0701 08:14:57.035498       1 schedule_one.go:745] "Plugin scored node for pod" pod="default/yolo-det-1" plugin="NodeResourcesBalancedAllocation" node="gpuorin4-desktop" score=99
2026-07-01 17:14:57.081 I0701 08:14:57.035511       1 schedule_one.go:745] "Plugin scored node for pod" pod="default/yolo-det-1" plugin="ImageLocality" node="gpuorin4-desktop" score=0
2026-07-01 17:14:57.082 I0701 08:14:57.035519       1 schedule_one.go:745] "Plugin scored node for pod" pod="default/yolo-det-1" plugin="TaintToleration" node="gpu-orin2" score=300
2026-07-01 17:14:57.082 I0701 08:14:57.035526       1 schedule_one.go:745] "Plugin scored node for pod" pod="default/yolo-det-1" plugin="NodeAffinity" node="gpu-orin2" score=0
2026-07-01 17:14:57.083 I0701 08:14:57.035534       1 schedule_one.go:745] "Plugin scored node for pod" pod="default/yolo-det-1" plugin="NodeResourcesFit" node="gpu-orin2" score=82
2026-07-01 17:14:57.084 I0701 08:14:57.035548       1 schedule_one.go:745] "Plugin scored node for pod" pod="default/yolo-det-1" plugin="VolumeBinding" node="gpu-orin2" score=0
2026-07-01 17:14:57.084 I0701 08:14:57.035557       1 schedule_one.go:745] "Plugin scored node for pod" pod="default/yolo-det-1" plugin="NodeResourcesBalancedAllocation" node="gpu-orin2" score=99
2026-07-01 17:14:57.085 I0701 08:14:57.035564       1 schedule_one.go:745] "Plugin scored node for pod" pod="default/yolo-det-1" plugin="ImageLocality" node="gpu-orin2" score=0
2026-07-01 17:14:57.086 I0701 08:14:57.035574       1 schedule_one.go:745] "Plugin scored node for pod" pod="default/yolo-det-1" plugin="TaintToleration" node="gpuorin5-desktop" score=300
2026-07-01 17:14:57.086 I0701 08:14:57.035581       1 schedule_one.go:745] "Plugin scored node for pod" pod="default/yolo-det-1" plugin="NodeAffinity" node="gpuorin5-desktop" score=0
2026-07-01 17:14:57.087 I0701 08:14:57.035590       1 schedule_one.go:745] "Plugin scored node for pod" pod="default/yolo-det-1" plugin="NodeResourcesFit" node="gpuorin5-desktop" score=84
2026-07-01 17:14:57.088 I0701 08:14:57.035598       1 schedule_one.go:745] "Plugin scored node for pod" pod="default/yolo-det-1" plugin="VolumeBinding" node="gpuorin5-desktop" score=0
2026-07-01 17:14:57.088 I0701 08:14:57.035609       1 schedule_one.go:745] "Plugin scored node for pod" pod="default/yolo-det-1" plugin="NodeResourcesBalancedAllocation" node="gpuorin5-desktop" score=99
2026-07-01 17:14:57.089 I0701 08:14:57.035616       1 schedule_one.go:745] "Plugin scored node for pod" pod="default/yolo-det-1" plugin="ImageLocality" node="gpuorin5-desktop" score=0
2026-07-01 17:14:57.090 I0701 08:14:57.035630       1 schedule_one.go:812] "Calculated node's final score for pod" pod="default/yolo-det-1" node="gpu-orin3" score=483
2026-07-01 17:14:57.091 I0701 08:14:57.035642       1 schedule_one.go:812] "Calculated node's final score for pod" pod="default/yolo-det-1" node="gpuorin4-desktop" score=477
2026-07-01 17:14:57.091 I0701 08:14:57.035653       1 schedule_one.go:812] "Calculated node's final score for pod" pod="default/yolo-det-1" node="gpu-orin2" score=481
2026-07-01 17:14:57.092 I0701 08:14:57.035663       1 schedule_one.go:812] "Calculated node's final score for pod" pod="default/yolo-det-1" node="gpuorin5-desktop" score=483
2026-07-01 17:15:01.632 I0701 08:15:01.630045       1 resource_allocation.go:76] "Listed internal info for allocatable resources, requested resources and score" pod="default/yolo-seg-1" node="gpuorin4-desktop" resourceAllocationScorer="LeastAllocated" allocatableResource=[6000,7885250560] requestedResource=[1000,2097152000] resourceScore=78
2026-07-01 17:15:01.633 I0701 08:15:01.630046       1 resource_allocation.go:76] "Listed internal info for allocatable resources, requested resources and score" pod="default/yolo-seg-1" node="gpu-orin3" resourceAllocationScorer="LeastAllocated" allocatableResource=[6000,7885152256] requestedResource=[700,1468006400] resourceScore=84
2026-07-01 17:15:01.635 I0701 08:15:01.630064       1 resource_allocation.go:76] "Listed internal info for allocatable resources, requested resources and score" pod="default/yolo-seg-1" node="gpuorin4-desktop" resourceAllocationScorer="NodeResourcesBalancedAllocation" allocatableResource=[6000,7885250560] requestedResource=[100,52428800] resourceScore=99
2026-07-01 17:15:01.637 I0701 08:15:01.630065       1 resource_allocation.go:76] "Listed internal info for allocatable resources, requested resources and score" pod="default/yolo-seg-1" node="gpu-orin3" resourceAllocationScorer="NodeResourcesBalancedAllocation" allocatableResource=[6000,7885152256] requestedResource=[100,52428800] resourceScore=99
2026-07-01 17:15:01.639 I0701 08:15:01.630061       1 resource_allocation.go:76] "Listed internal info for allocatable resources, requested resources and score" pod="default/yolo-seg-1" node="gpuorin5-desktop" resourceAllocationScorer="LeastAllocated" allocatableResource=[6000,7885127680] requestedResource=[800,1677721600] resourceScore=82
2026-07-01 17:15:01.641 I0701 08:15:01.630069       1 resource_allocation.go:76] "Listed internal info for allocatable resources, requested resources and score" pod="default/yolo-seg-1" node="gpu-orin2" resourceAllocationScorer="LeastAllocated" allocatableResource=[6000,7885127680] requestedResource=[800,1677721600] resourceScore=82
2026-07-01 17:15:01.643 I0701 08:15:01.630091       1 resource_allocation.go:76] "Listed internal info for allocatable resources, requested resources and score" pod="default/yolo-seg-1" node="gpuorin5-desktop" resourceAllocationScorer="NodeResourcesBalancedAllocation" allocatableResource=[6000,7885127680] requestedResource=[100,52428800] resourceScore=99
2026-07-01 17:15:01.645 I0701 08:15:01.630093       1 resource_allocation.go:76] "Listed internal info for allocatable resources, requested resources and score" pod="default/yolo-seg-1" node="gpu-orin2" resourceAllocationScorer="NodeResourcesBalancedAllocation" allocatableResource=[6000,7885127680] requestedResource=[100,52428800] resourceScore=99
2026-07-01 17:15:01.648 I0701 08:15:01.630169       1 schedule_one.go:745] "Plugin scored node for pod" pod="default/yolo-seg-1" plugin="TaintToleration" node="gpu-orin3" score=300
2026-07-01 17:15:01.651 I0701 08:15:01.630181       1 schedule_one.go:745] "Plugin scored node for pod" pod="default/yolo-seg-1" plugin="NodeAffinity" node="gpu-orin3" score=0
2026-07-01 17:15:01.653 I0701 08:15:01.630189       1 schedule_one.go:745] "Plugin scored node for pod" pod="default/yolo-seg-1" plugin="NodeResourcesFit" node="gpu-orin3" score=84
2026-07-01 17:15:01.655 I0701 08:15:01.630195       1 schedule_one.go:745] "Plugin scored node for pod" pod="default/yolo-seg-1" plugin="VolumeBinding" node="gpu-orin3" score=0
2026-07-01 17:15:01.656 I0701 08:15:01.630202       1 schedule_one.go:745] "Plugin scored node for pod" pod="default/yolo-seg-1" plugin="NodeResourcesBalancedAllocation" node="gpu-orin3" score=99
2026-07-01 17:15:01.659 I0701 08:15:01.630211       1 schedule_one.go:745] "Plugin scored node for pod" pod="default/yolo-seg-1" plugin="ImageLocality" node="gpu-orin3" score=0
2026-07-01 17:15:01.660 I0701 08:15:01.630220       1 schedule_one.go:745] "Plugin scored node for pod" pod="default/yolo-seg-1" plugin="TaintToleration" node="gpuorin4-desktop" score=300
2026-07-01 17:15:01.662 I0701 08:15:01.630226       1 schedule_one.go:745] "Plugin scored node for pod" pod="default/yolo-seg-1" plugin="NodeAffinity" node="gpuorin4-desktop" score=0
2026-07-01 17:15:01.664 I0701 08:15:01.630232       1 schedule_one.go:745] "Plugin scored node for pod" pod="default/yolo-seg-1" plugin="NodeResourcesFit" node="gpuorin4-desktop" score=78
2026-07-01 17:15:01.666 I0701 08:15:01.630239       1 schedule_one.go:745] "Plugin scored node for pod" pod="default/yolo-seg-1" plugin="VolumeBinding" node="gpuorin4-desktop" score=0
2026-07-01 17:15:01.667 I0701 08:15:01.630245       1 schedule_one.go:745] "Plugin scored node for pod" pod="default/yolo-seg-1" plugin="NodeResourcesBalancedAllocation" node="gpuorin4-desktop" score=99
2026-07-01 17:15:01.668 I0701 08:15:01.630251       1 schedule_one.go:745] "Plugin scored node for pod" pod="default/yolo-seg-1" plugin="ImageLocality" node="gpuorin4-desktop" score=0
2026-07-01 17:15:01.669 I0701 08:15:01.630258       1 schedule_one.go:745] "Plugin scored node for pod" pod="default/yolo-seg-1" plugin="TaintToleration" node="gpuorin5-desktop" score=300
2026-07-01 17:15:01.669 I0701 08:15:01.630264       1 schedule_one.go:745] "Plugin scored node for pod" pod="default/yolo-seg-1" plugin="NodeAffinity" node="gpuorin5-desktop" score=0
2026-07-01 17:15:01.670 I0701 08:15:01.630270       1 schedule_one.go:745] "Plugin scored node for pod" pod="default/yolo-seg-1" plugin="NodeResourcesFit" node="gpuorin5-desktop" score=82
2026-07-01 17:15:01.671 I0701 08:15:01.630275       1 schedule_one.go:745] "Plugin scored node for pod" pod="default/yolo-seg-1" plugin="VolumeBinding" node="gpuorin5-desktop" score=0
2026-07-01 17:15:01.672 I0701 08:15:01.630281       1 schedule_one.go:745] "Plugin scored node for pod" pod="default/yolo-seg-1" plugin="NodeResourcesBalancedAllocation" node="gpuorin5-desktop" score=99
2026-07-01 17:15:01.672 I0701 08:15:01.630288       1 schedule_one.go:745] "Plugin scored node for pod" pod="default/yolo-seg-1" plugin="ImageLocality" node="gpuorin5-desktop" score=0
2026-07-01 17:15:01.673 I0701 08:15:01.630294       1 schedule_one.go:745] "Plugin scored node for pod" pod="default/yolo-seg-1" plugin="TaintToleration" node="gpu-orin2" score=300
2026-07-01 17:15:01.674 I0701 08:15:01.630301       1 schedule_one.go:745] "Plugin scored node for pod" pod="default/yolo-seg-1" plugin="NodeAffinity" node="gpu-orin2" score=0
2026-07-01 17:15:01.674 I0701 08:15:01.630306       1 schedule_one.go:745] "Plugin scored node for pod" pod="default/yolo-seg-1" plugin="NodeResourcesFit" node="gpu-orin2" score=82
2026-07-01 17:15:01.675 I0701 08:15:01.630312       1 schedule_one.go:745] "Plugin scored node for pod" pod="default/yolo-seg-1" plugin="VolumeBinding" node="gpu-orin2" score=0
2026-07-01 17:15:01.676 I0701 08:15:01.630319       1 schedule_one.go:745] "Plugin scored node for pod" pod="default/yolo-seg-1" plugin="NodeResourcesBalancedAllocation" node="gpu-orin2" score=99
2026-07-01 17:15:01.676 I0701 08:15:01.630325       1 schedule_one.go:745] "Plugin scored node for pod" pod="default/yolo-seg-1" plugin="ImageLocality" node="gpu-orin2" score=0
2026-07-01 17:15:01.677 I0701 08:15:01.630334       1 schedule_one.go:812] "Calculated node's final score for pod" pod="default/yolo-seg-1" node="gpu-orin3" score=483
2026-07-01 17:15:01.677 I0701 08:15:01.630341       1 schedule_one.go:812] "Calculated node's final score for pod" pod="default/yolo-seg-1" node="gpuorin4-desktop" score=477
2026-07-01 17:15:01.678 I0701 08:15:01.630350       1 schedule_one.go:812] "Calculated node's final score for pod" pod="default/yolo-seg-1" node="gpuorin5-desktop" score=481
2026-07-01 17:15:01.679 I0701 08:15:01.630359       1 schedule_one.go:812] "Calculated node's final score for pod" pod="default/yolo-seg-1" node="gpu-orin2" score=481
2026-07-01 17:15:06.546 I0701 08:15:06.543356       1 resource_allocation.go:76] "Listed internal info for allocatable resources, requested resources and score" pod="default/yolo-obb-1" node="gpuorin4-desktop" resourceAllocationScorer="LeastAllocated" allocatableResource=[6000,7885250560] requestedResource=[1000,2097152000] resourceScore=78
2026-07-01 17:15:06.550 I0701 08:15:06.543372       1 resource_allocation.go:76] "Listed internal info for allocatable resources, requested resources and score" pod="default/yolo-obb-1" node="gpu-orin2" resourceAllocationScorer="LeastAllocated" allocatableResource=[6000,7885127680] requestedResource=[800,1677721600] resourceScore=82
2026-07-01 17:15:06.553 I0701 08:15:06.543377       1 resource_allocation.go:76] "Listed internal info for allocatable resources, requested resources and score" pod="default/yolo-obb-1" node="gpu-orin3" resourceAllocationScorer="LeastAllocated" allocatableResource=[6000,7885152256] requestedResource=[800,1677721600] resourceScore=82
2026-07-01 17:15:06.556 I0701 08:15:06.543382       1 resource_allocation.go:76] "Listed internal info for allocatable resources, requested resources and score" pod="default/yolo-obb-1" node="gpuorin4-desktop" resourceAllocationScorer="NodeResourcesBalancedAllocation" allocatableResource=[6000,7885250560] requestedResource=[100,52428800] resourceScore=99
2026-07-01 17:15:06.559 I0701 08:15:06.543409       1 resource_allocation.go:76] "Listed internal info for allocatable resources, requested resources and score" pod="default/yolo-obb-1" node="gpu-orin2" resourceAllocationScorer="NodeResourcesBalancedAllocation" allocatableResource=[6000,7885127680] requestedResource=[100,52428800] resourceScore=99
2026-07-01 17:15:06.562 I0701 08:15:06.543412       1 resource_allocation.go:76] "Listed internal info for allocatable resources, requested resources and score" pod="default/yolo-obb-1" node="gpu-orin3" resourceAllocationScorer="NodeResourcesBalancedAllocation" allocatableResource=[6000,7885152256] requestedResource=[100,52428800] resourceScore=99
2026-07-01 17:15:06.565 I0701 08:15:06.543414       1 resource_allocation.go:76] "Listed internal info for allocatable resources, requested resources and score" pod="default/yolo-obb-1" node="gpuorin5-desktop" resourceAllocationScorer="LeastAllocated" allocatableResource=[6000,7885127680] requestedResource=[800,1677721600] resourceScore=82
2026-07-01 17:15:06.568 I0701 08:15:06.543458       1 resource_allocation.go:76] "Listed internal info for allocatable resources, requested resources and score" pod="default/yolo-obb-1" node="gpuorin5-desktop" resourceAllocationScorer="NodeResourcesBalancedAllocation" allocatableResource=[6000,7885127680] requestedResource=[100,52428800] resourceScore=99
2026-07-01 17:15:06.571 I0701 08:15:06.543576       1 schedule_one.go:745] "Plugin scored node for pod" pod="default/yolo-obb-1" plugin="TaintToleration" node="gpu-orin2" score=300
2026-07-01 17:15:06.573 I0701 08:15:06.543599       1 schedule_one.go:745] "Plugin scored node for pod" pod="default/yolo-obb-1" plugin="NodeAffinity" node="gpu-orin2" score=0
2026-07-01 17:15:06.576 I0701 08:15:06.543613       1 schedule_one.go:745] "Plugin scored node for pod" pod="default/yolo-obb-1" plugin="NodeResourcesFit" node="gpu-orin2" score=82
2026-07-01 17:15:06.578 I0701 08:15:06.543627       1 schedule_one.go:745] "Plugin scored node for pod" pod="default/yolo-obb-1" plugin="VolumeBinding" node="gpu-orin2" score=0
2026-07-01 17:15:06.580 I0701 08:15:06.543640       1 schedule_one.go:745] "Plugin scored node for pod" pod="default/yolo-obb-1" plugin="NodeResourcesBalancedAllocation" node="gpu-orin2" score=99
2026-07-01 17:15:06.581 I0701 08:15:06.543654       1 schedule_one.go:745] "Plugin scored node for pod" pod="default/yolo-obb-1" plugin="ImageLocality" node="gpu-orin2" score=0
2026-07-01 17:15:06.582 I0701 08:15:06.543666       1 schedule_one.go:745] "Plugin scored node for pod" pod="default/yolo-obb-1" plugin="TaintToleration" node="gpuorin4-desktop" score=300
2026-07-01 17:15:06.583 I0701 08:15:06.543686       1 schedule_one.go:745] "Plugin scored node for pod" pod="default/yolo-obb-1" plugin="NodeAffinity" node="gpuorin4-desktop" score=0
2026-07-01 17:15:06.584 I0701 08:15:06.543702       1 schedule_one.go:745] "Plugin scored node for pod" pod="default/yolo-obb-1" plugin="NodeResourcesFit" node="gpuorin4-desktop" score=78
2026-07-01 17:15:06.585 I0701 08:15:06.543714       1 schedule_one.go:745] "Plugin scored node for pod" pod="default/yolo-obb-1" plugin="VolumeBinding" node="gpuorin4-desktop" score=0
2026-07-01 17:15:06.586 I0701 08:15:06.543726       1 schedule_one.go:745] "Plugin scored node for pod" pod="default/yolo-obb-1" plugin="NodeResourcesBalancedAllocation" node="gpuorin4-desktop" score=99
2026-07-01 17:15:06.586 I0701 08:15:06.543740       1 schedule_one.go:745] "Plugin scored node for pod" pod="default/yolo-obb-1" plugin="ImageLocality" node="gpuorin4-desktop" score=0
2026-07-01 17:15:06.587 I0701 08:15:06.543752       1 schedule_one.go:745] "Plugin scored node for pod" pod="default/yolo-obb-1" plugin="TaintToleration" node="gpu-orin3" score=300
2026-07-01 17:15:06.588 I0701 08:15:06.543829       1 schedule_one.go:745] "Plugin scored node for pod" pod="default/yolo-obb-1" plugin="NodeAffinity" node="gpu-orin3" score=0
2026-07-01 17:15:06.588 I0701 08:15:06.543845       1 schedule_one.go:745] "Plugin scored node for pod" pod="default/yolo-obb-1" plugin="NodeResourcesFit" node="gpu-orin3" score=82
2026-07-01 17:15:06.589 I0701 08:15:06.543857       1 schedule_one.go:745] "Plugin scored node for pod" pod="default/yolo-obb-1" plugin="VolumeBinding" node="gpu-orin3" score=0
2026-07-01 17:15:06.590 I0701 08:15:06.543868       1 schedule_one.go:745] "Plugin scored node for pod" pod="default/yolo-obb-1" plugin="NodeResourcesBalancedAllocation" node="gpu-orin3" score=99
2026-07-01 17:15:06.591 I0701 08:15:06.543881       1 schedule_one.go:745] "Plugin scored node for pod" pod="default/yolo-obb-1" plugin="ImageLocality" node="gpu-orin3" score=0
2026-07-01 17:15:06.591 I0701 08:15:06.543896       1 schedule_one.go:745] "Plugin scored node for pod" pod="default/yolo-obb-1" plugin="TaintToleration" node="gpuorin5-desktop" score=300
2026-07-01 17:15:06.592 I0701 08:15:06.543908       1 schedule_one.go:745] "Plugin scored node for pod" pod="default/yolo-obb-1" plugin="NodeAffinity" node="gpuorin5-desktop" score=0
2026-07-01 17:15:06.592 I0701 08:15:06.543919       1 schedule_one.go:745] "Plugin scored node for pod" pod="default/yolo-obb-1" plugin="NodeResourcesFit" node="gpuorin5-desktop" score=82
2026-07-01 17:15:06.593 I0701 08:15:06.543931       1 schedule_one.go:745] "Plugin scored node for pod" pod="default/yolo-obb-1" plugin="VolumeBinding" node="gpuorin5-desktop" score=0
2026-07-01 17:15:06.594 I0701 08:15:06.543943       1 schedule_one.go:745] "Plugin scored node for pod" pod="default/yolo-obb-1" plugin="NodeResourcesBalancedAllocation" node="gpuorin5-desktop" score=99
2026-07-01 17:15:06.594 I0701 08:15:06.543959       1 schedule_one.go:745] "Plugin scored node for pod" pod="default/yolo-obb-1" plugin="ImageLocality" node="gpuorin5-desktop" score=0
2026-07-01 17:15:06.595 I0701 08:15:06.543976       1 schedule_one.go:812] "Calculated node's final score for pod" pod="default/yolo-obb-1" node="gpu-orin2" score=481
2026-07-01 17:15:06.596 I0701 08:15:06.543990       1 schedule_one.go:812] "Calculated node's final score for pod" pod="default/yolo-obb-1" node="gpuorin4-desktop" score=477
2026-07-01 17:15:06.596 I0701 08:15:06.544004       1 schedule_one.go:812] "Calculated node's final score for pod" pod="default/yolo-obb-1" node="gpu-orin3" score=481
2026-07-01 17:15:06.597 I0701 08:15:06.544021       1 schedule_one.go:812] "Calculated node's final score for pod" pod="default/yolo-obb-1" node="gpuorin5-desktop" score=481
2026-07-01 17:15:11.035 I0701 08:15:11.032215       1 resource_allocation.go:76] "Listed internal info for allocatable resources, requested resources and score" pod="default/yolo-pos-1" node="gpu-orin2" resourceAllocationScorer="LeastAllocated" allocatableResource=[6000,7885127680] requestedResource=[900,1887436800] resourceScore=80
2026-07-01 17:15:11.037 I0701 08:15:11.032220       1 resource_allocation.go:76] "Listed internal info for allocatable resources, requested resources and score" pod="default/yolo-pos-1" node="gpuorin5-desktop" resourceAllocationScorer="LeastAllocated" allocatableResource=[6000,7885127680] requestedResource=[800,1677721600] resourceScore=82
2026-07-01 17:15:11.040 I0701 08:15:11.032215       1 resource_allocation.go:76] "Listed internal info for allocatable resources, requested resources and score" pod="default/yolo-pos-1" node="gpuorin4-desktop" resourceAllocationScorer="LeastAllocated" allocatableResource=[6000,7885250560] requestedResource=[1000,2097152000] resourceScore=78
2026-07-01 17:15:11.043 I0701 08:15:11.032247       1 resource_allocation.go:76] "Listed internal info for allocatable resources, requested resources and score" pod="default/yolo-pos-1" node="gpuorin5-desktop" resourceAllocationScorer="NodeResourcesBalancedAllocation" allocatableResource=[6000,7885127680] requestedResource=[100,52428800] resourceScore=99
2026-07-01 17:15:11.046 I0701 08:15:11.032254       1 resource_allocation.go:76] "Listed internal info for allocatable resources, requested resources and score" pod="default/yolo-pos-1" node="gpuorin4-desktop" resourceAllocationScorer="NodeResourcesBalancedAllocation" allocatableResource=[6000,7885250560] requestedResource=[100,52428800] resourceScore=99
2026-07-01 17:15:11.048 I0701 08:15:11.032253       1 resource_allocation.go:76] "Listed internal info for allocatable resources, requested resources and score" pod="default/yolo-pos-1" node="gpu-orin2" resourceAllocationScorer="NodeResourcesBalancedAllocation" allocatableResource=[6000,7885127680] requestedResource=[100,52428800] resourceScore=99
2026-07-01 17:15:11.051 I0701 08:15:11.032258       1 resource_allocation.go:76] "Listed internal info for allocatable resources, requested resources and score" pod="default/yolo-pos-1" node="gpu-orin3" resourceAllocationScorer="LeastAllocated" allocatableResource=[6000,7885152256] requestedResource=[800,1677721600] resourceScore=82
2026-07-01 17:15:11.053 I0701 08:15:11.032297       1 resource_allocation.go:76] "Listed internal info for allocatable resources, requested resources and score" pod="default/yolo-pos-1" node="gpu-orin3" resourceAllocationScorer="NodeResourcesBalancedAllocation" allocatableResource=[6000,7885152256] requestedResource=[100,52428800] resourceScore=99
2026-07-01 17:15:11.055 I0701 08:15:11.032388       1 schedule_one.go:745] "Plugin scored node for pod" pod="default/yolo-pos-1" plugin="TaintToleration" node="gpu-orin2" score=300
2026-07-01 17:15:11.057 I0701 08:15:11.032402       1 schedule_one.go:745] "Plugin scored node for pod" pod="default/yolo-pos-1" plugin="NodeAffinity" node="gpu-orin2" score=0
2026-07-01 17:15:11.059 I0701 08:15:11.032409       1 schedule_one.go:745] "Plugin scored node for pod" pod="default/yolo-pos-1" plugin="NodeResourcesFit" node="gpu-orin2" score=80
2026-07-01 17:15:11.061 I0701 08:15:11.032415       1 schedule_one.go:745] "Plugin scored node for pod" pod="default/yolo-pos-1" plugin="VolumeBinding" node="gpu-orin2" score=0
2026-07-01 17:15:11.063 I0701 08:15:11.032420       1 schedule_one.go:745] "Plugin scored node for pod" pod="default/yolo-pos-1" plugin="NodeResourcesBalancedAllocation" node="gpu-orin2" score=99
2026-07-01 17:15:11.065 I0701 08:15:11.032427       1 schedule_one.go:745] "Plugin scored node for pod" pod="default/yolo-pos-1" plugin="ImageLocality" node="gpu-orin2" score=0
2026-07-01 17:15:11.067 I0701 08:15:11.032433       1 schedule_one.go:745] "Plugin scored node for pod" pod="default/yolo-pos-1" plugin="TaintToleration" node="gpuorin4-desktop" score=300
2026-07-01 17:15:11.068 I0701 08:15:11.032439       1 schedule_one.go:745] "Plugin scored node for pod" pod="default/yolo-pos-1" plugin="NodeAffinity" node="gpuorin4-desktop" score=0
2026-07-01 17:15:11.069 I0701 08:15:11.032445       1 schedule_one.go:745] "Plugin scored node for pod" pod="default/yolo-pos-1" plugin="NodeResourcesFit" node="gpuorin4-desktop" score=78
2026-07-01 17:15:11.070 I0701 08:15:11.032451       1 schedule_one.go:745] "Plugin scored node for pod" pod="default/yolo-pos-1" plugin="VolumeBinding" node="gpuorin4-desktop" score=0
2026-07-01 17:15:11.071 I0701 08:15:11.032457       1 schedule_one.go:745] "Plugin scored node for pod" pod="default/yolo-pos-1" plugin="NodeResourcesBalancedAllocation" node="gpuorin4-desktop" score=99
2026-07-01 17:15:11.072 I0701 08:15:11.032462       1 schedule_one.go:745] "Plugin scored node for pod" pod="default/yolo-pos-1" plugin="ImageLocality" node="gpuorin4-desktop" score=0
2026-07-01 17:15:11.073 I0701 08:15:11.032469       1 schedule_one.go:745] "Plugin scored node for pod" pod="default/yolo-pos-1" plugin="TaintToleration" node="gpuorin5-desktop" score=300
2026-07-01 17:15:11.074 I0701 08:15:11.032475       1 schedule_one.go:745] "Plugin scored node for pod" pod="default/yolo-pos-1" plugin="NodeAffinity" node="gpuorin5-desktop" score=0
2026-07-01 17:15:11.075 I0701 08:15:11.032481       1 schedule_one.go:745] "Plugin scored node for pod" pod="default/yolo-pos-1" plugin="NodeResourcesFit" node="gpuorin5-desktop" score=82
2026-07-01 17:15:11.076 I0701 08:15:11.032486       1 schedule_one.go:745] "Plugin scored node for pod" pod="default/yolo-pos-1" plugin="VolumeBinding" node="gpuorin5-desktop" score=0
2026-07-01 17:15:11.076 I0701 08:15:11.032493       1 schedule_one.go:745] "Plugin scored node for pod" pod="default/yolo-pos-1" plugin="NodeResourcesBalancedAllocation" node="gpuorin5-desktop" score=99
2026-07-01 17:15:11.077 I0701 08:15:11.032503       1 schedule_one.go:745] "Plugin scored node for pod" pod="default/yolo-pos-1" plugin="ImageLocality" node="gpuorin5-desktop" score=0
2026-07-01 17:15:11.078 I0701 08:15:11.032512       1 schedule_one.go:745] "Plugin scored node for pod" pod="default/yolo-pos-1" plugin="TaintToleration" node="gpu-orin3" score=300
2026-07-01 17:15:11.078 I0701 08:15:11.032520       1 schedule_one.go:745] "Plugin scored node for pod" pod="default/yolo-pos-1" plugin="NodeAffinity" node="gpu-orin3" score=0
2026-07-01 17:15:11.079 I0701 08:15:11.032525       1 schedule_one.go:745] "Plugin scored node for pod" pod="default/yolo-pos-1" plugin="NodeResourcesFit" node="gpu-orin3" score=82
2026-07-01 17:15:11.080 I0701 08:15:11.032530       1 schedule_one.go:745] "Plugin scored node for pod" pod="default/yolo-pos-1" plugin="VolumeBinding" node="gpu-orin3" score=0
2026-07-01 17:15:11.081 I0701 08:15:11.032536       1 schedule_one.go:745] "Plugin scored node for pod" pod="default/yolo-pos-1" plugin="NodeResourcesBalancedAllocation" node="gpu-orin3" score=99
2026-07-01 17:15:11.081 I0701 08:15:11.032542       1 schedule_one.go:745] "Plugin scored node for pod" pod="default/yolo-pos-1" plugin="ImageLocality" node="gpu-orin3" score=0
2026-07-01 17:15:11.082 I0701 08:15:11.032557       1 schedule_one.go:812] "Calculated node's final score for pod" pod="default/yolo-pos-1" node="gpu-orin2" score=479
2026-07-01 17:15:11.083 I0701 08:15:11.032570       1 schedule_one.go:812] "Calculated node's final score for pod" pod="default/yolo-pos-1" node="gpuorin4-desktop" score=477
2026-07-01 17:15:11.085 I0701 08:15:11.032582       1 schedule_one.go:812] "Calculated node's final score for pod" pod="default/yolo-pos-1" node="gpuorin5-desktop" score=481
2026-07-01 17:15:11.086 I0701 08:15:11.032590       1 schedule_one.go:812] "Calculated node's final score for pod" pod="default/yolo-pos-1" node="gpu-orin3" score=481
2026-07-01 17:15:15.454 I0701 08:15:15.450503       1 resource_allocation.go:76] "Listed internal info for allocatable resources, requested resources and score" pod="default/yolo-cls-2" node="gpu-orin2" resourceAllocationScorer="LeastAllocated" allocatableResource=[6000,7885127680] requestedResource=[900,1887436800] resourceScore=80
2026-07-01 17:15:15.457 I0701 08:15:15.450532       1 resource_allocation.go:76] "Listed internal info for allocatable resources, requested resources and score" pod="default/yolo-cls-2" node="gpu-orin2" resourceAllocationScorer="NodeResourcesBalancedAllocation" allocatableResource=[6000,7885127680] requestedResource=[100,52428800] resourceScore=99
2026-07-01 17:15:15.460 I0701 08:15:15.450533       1 resource_allocation.go:76] "Listed internal info for allocatable resources, requested resources and score" pod="default/yolo-cls-2" node="gpu-orin3" resourceAllocationScorer="LeastAllocated" allocatableResource=[6000,7885152256] requestedResource=[900,1887436800] resourceScore=80
2026-07-01 17:15:15.463 I0701 08:15:15.450535       1 resource_allocation.go:76] "Listed internal info for allocatable resources, requested resources and score" pod="default/yolo-cls-2" node="gpuorin5-desktop" resourceAllocationScorer="LeastAllocated" allocatableResource=[6000,7885127680] requestedResource=[800,1677721600] resourceScore=82
2026-07-01 17:15:15.467 I0701 08:15:15.450571       1 resource_allocation.go:76] "Listed internal info for allocatable resources, requested resources and score" pod="default/yolo-cls-2" node="gpu-orin3" resourceAllocationScorer="NodeResourcesBalancedAllocation" allocatableResource=[6000,7885152256] requestedResource=[100,52428800] resourceScore=99
2026-07-01 17:15:15.470 I0701 08:15:15.450564       1 resource_allocation.go:76] "Listed internal info for allocatable resources, requested resources and score" pod="default/yolo-cls-2" node="gpuorin4-desktop" resourceAllocationScorer="LeastAllocated" allocatableResource=[6000,7885250560] requestedResource=[1000,2097152000] resourceScore=78
2026-07-01 17:15:15.473 I0701 08:15:15.450597       1 resource_allocation.go:76] "Listed internal info for allocatable resources, requested resources and score" pod="default/yolo-cls-2" node="gpuorin5-desktop" resourceAllocationScorer="NodeResourcesBalancedAllocation" allocatableResource=[6000,7885127680] requestedResource=[100,52428800] resourceScore=99
2026-07-01 17:15:15.476 I0701 08:15:15.450618       1 resource_allocation.go:76] "Listed internal info for allocatable resources, requested resources and score" pod="default/yolo-cls-2" node="gpuorin4-desktop" resourceAllocationScorer="NodeResourcesBalancedAllocation" allocatableResource=[6000,7885250560] requestedResource=[100,52428800] resourceScore=99
2026-07-01 17:15:15.479 I0701 08:15:15.450743       1 schedule_one.go:745] "Plugin scored node for pod" pod="default/yolo-cls-2" plugin="TaintToleration" node="gpu-orin2" score=300
2026-07-01 17:15:15.481 I0701 08:15:15.450843       1 schedule_one.go:745] "Plugin scored node for pod" pod="default/yolo-cls-2" plugin="NodeAffinity" node="gpu-orin2" score=0
2026-07-01 17:15:15.483 I0701 08:15:15.450863       1 schedule_one.go:745] "Plugin scored node for pod" pod="default/yolo-cls-2" plugin="NodeResourcesFit" node="gpu-orin2" score=80
2026-07-01 17:15:15.484 I0701 08:15:15.450872       1 schedule_one.go:745] "Plugin scored node for pod" pod="default/yolo-cls-2" plugin="VolumeBinding" node="gpu-orin2" score=0
2026-07-01 17:15:15.486 I0701 08:15:15.450883       1 schedule_one.go:745] "Plugin scored node for pod" pod="default/yolo-cls-2" plugin="NodeResourcesBalancedAllocation" node="gpu-orin2" score=99
2026-07-01 17:15:15.488 I0701 08:15:15.450892       1 schedule_one.go:745] "Plugin scored node for pod" pod="default/yolo-cls-2" plugin="ImageLocality" node="gpu-orin2" score=0
2026-07-01 17:15:15.489 I0701 08:15:15.450900       1 schedule_one.go:745] "Plugin scored node for pod" pod="default/yolo-cls-2" plugin="TaintToleration" node="gpuorin5-desktop" score=300
2026-07-01 17:15:15.491 I0701 08:15:15.450908       1 schedule_one.go:745] "Plugin scored node for pod" pod="default/yolo-cls-2" plugin="NodeAffinity" node="gpuorin5-desktop" score=0
2026-07-01 17:15:15.493 I0701 08:15:15.450917       1 schedule_one.go:745] "Plugin scored node for pod" pod="default/yolo-cls-2" plugin="NodeResourcesFit" node="gpuorin5-desktop" score=82
2026-07-01 17:15:15.494 I0701 08:15:15.450924       1 schedule_one.go:745] "Plugin scored node for pod" pod="default/yolo-cls-2" plugin="VolumeBinding" node="gpuorin5-desktop" score=0
2026-07-01 17:15:15.495 I0701 08:15:15.450932       1 schedule_one.go:745] "Plugin scored node for pod" pod="default/yolo-cls-2" plugin="NodeResourcesBalancedAllocation" node="gpuorin5-desktop" score=99
2026-07-01 17:15:15.496 I0701 08:15:15.450940       1 schedule_one.go:745] "Plugin scored node for pod" pod="default/yolo-cls-2" plugin="ImageLocality" node="gpuorin5-desktop" score=0
2026-07-01 17:15:15.497 I0701 08:15:15.450947       1 schedule_one.go:745] "Plugin scored node for pod" pod="default/yolo-cls-2" plugin="TaintToleration" node="gpu-orin3" score=300
2026-07-01 17:15:15.497 I0701 08:15:15.450957       1 schedule_one.go:745] "Plugin scored node for pod" pod="default/yolo-cls-2" plugin="NodeAffinity" node="gpu-orin3" score=0
2026-07-01 17:15:15.498 I0701 08:15:15.450967       1 schedule_one.go:745] "Plugin scored node for pod" pod="default/yolo-cls-2" plugin="NodeResourcesFit" node="gpu-orin3" score=80
2026-07-01 17:15:15.499 I0701 08:15:15.450974       1 schedule_one.go:745] "Plugin scored node for pod" pod="default/yolo-cls-2" plugin="VolumeBinding" node="gpu-orin3" score=0
2026-07-01 17:15:15.499 I0701 08:15:15.450982       1 schedule_one.go:745] "Plugin scored node for pod" pod="default/yolo-cls-2" plugin="NodeResourcesBalancedAllocation" node="gpu-orin3" score=99
2026-07-01 17:15:15.500 I0701 08:15:15.450991       1 schedule_one.go:745] "Plugin scored node for pod" pod="default/yolo-cls-2" plugin="ImageLocality" node="gpu-orin3" score=0
2026-07-01 17:15:15.501 I0701 08:15:15.450999       1 schedule_one.go:745] "Plugin scored node for pod" pod="default/yolo-cls-2" plugin="TaintToleration" node="gpuorin4-desktop" score=300
2026-07-01 17:15:15.501 I0701 08:15:15.451008       1 schedule_one.go:745] "Plugin scored node for pod" pod="default/yolo-cls-2" plugin="NodeAffinity" node="gpuorin4-desktop" score=0
2026-07-01 17:15:15.502 I0701 08:15:15.451016       1 schedule_one.go:745] "Plugin scored node for pod" pod="default/yolo-cls-2" plugin="NodeResourcesFit" node="gpuorin4-desktop" score=78
2026-07-01 17:15:15.503 I0701 08:15:15.451024       1 schedule_one.go:745] "Plugin scored node for pod" pod="default/yolo-cls-2" plugin="VolumeBinding" node="gpuorin4-desktop" score=0
2026-07-01 17:15:15.503 I0701 08:15:15.451032       1 schedule_one.go:745] "Plugin scored node for pod" pod="default/yolo-cls-2" plugin="NodeResourcesBalancedAllocation" node="gpuorin4-desktop" score=99
2026-07-01 17:15:15.504 I0701 08:15:15.451039       1 schedule_one.go:745] "Plugin scored node for pod" pod="default/yolo-cls-2" plugin="ImageLocality" node="gpuorin4-desktop" score=0
2026-07-01 17:15:15.505 I0701 08:15:15.451052       1 schedule_one.go:812] "Calculated node's final score for pod" pod="default/yolo-cls-2" node="gpu-orin2" score=479
2026-07-01 17:15:15.506 I0701 08:15:15.451064       1 schedule_one.go:812] "Calculated node's final score for pod" pod="default/yolo-cls-2" node="gpuorin5-desktop" score=481
2026-07-01 17:15:15.506 I0701 08:15:15.451075       1 schedule_one.go:812] "Calculated node's final score for pod" pod="default/yolo-cls-2" node="gpu-orin3" score=479
2026-07-01 17:15:15.507 I0701 08:15:15.451087       1 schedule_one.go:812] "Calculated node's final score for pod" pod="default/yolo-cls-2" node="gpuorin4-desktop" score=477
2026-07-01 17:15:19.680 I0701 08:15:19.678762       1 resource_allocation.go:76] "Listed internal info for allocatable resources, requested resources and score" pod="default/yolo-det-2" node="gpu-orin2" resourceAllocationScorer="LeastAllocated" allocatableResource=[6000,7885127680] requestedResource=[900,1887436800] resourceScore=80
2026-07-01 17:15:19.682 I0701 08:15:19.678788       1 resource_allocation.go:76] "Listed internal info for allocatable resources, requested resources and score" pod="default/yolo-det-2" node="gpu-orin2" resourceAllocationScorer="NodeResourcesBalancedAllocation" allocatableResource=[6000,7885127680] requestedResource=[100,52428800] resourceScore=99
2026-07-01 17:15:19.683 I0701 08:15:19.678791       1 resource_allocation.go:76] "Listed internal info for allocatable resources, requested resources and score" pod="default/yolo-det-2" node="gpuorin4-desktop" resourceAllocationScorer="LeastAllocated" allocatableResource=[6000,7885250560] requestedResource=[1000,2097152000] resourceScore=78
2026-07-01 17:15:19.685 I0701 08:15:19.678808       1 resource_allocation.go:76] "Listed internal info for allocatable resources, requested resources and score" pod="default/yolo-det-2" node="gpu-orin3" resourceAllocationScorer="LeastAllocated" allocatableResource=[6000,7885152256] requestedResource=[900,1887436800] resourceScore=80
2026-07-01 17:15:19.688 I0701 08:15:19.678796       1 resource_allocation.go:76] "Listed internal info for allocatable resources, requested resources and score" pod="default/yolo-det-2" node="gpuorin5-desktop" resourceAllocationScorer="LeastAllocated" allocatableResource=[6000,7885127680] requestedResource=[900,1887436800] resourceScore=80
2026-07-01 17:15:19.690 I0701 08:15:19.678834       1 resource_allocation.go:76] "Listed internal info for allocatable resources, requested resources and score" pod="default/yolo-det-2" node="gpu-orin3" resourceAllocationScorer="NodeResourcesBalancedAllocation" allocatableResource=[6000,7885152256] requestedResource=[100,52428800] resourceScore=99
2026-07-01 17:15:19.691 I0701 08:15:19.678813       1 resource_allocation.go:76] "Listed internal info for allocatable resources, requested resources and score" pod="default/yolo-det-2" node="gpuorin4-desktop" resourceAllocationScorer="NodeResourcesBalancedAllocation" allocatableResource=[6000,7885250560] requestedResource=[100,52428800] resourceScore=99
2026-07-01 17:15:19.693 I0701 08:15:19.678860       1 resource_allocation.go:76] "Listed internal info for allocatable resources, requested resources and score" pod="default/yolo-det-2" node="gpuorin5-desktop" resourceAllocationScorer="NodeResourcesBalancedAllocation" allocatableResource=[6000,7885127680] requestedResource=[100,52428800] resourceScore=99
2026-07-01 17:15:19.695 I0701 08:15:19.678933       1 schedule_one.go:745] "Plugin scored node for pod" pod="default/yolo-det-2" plugin="TaintToleration" node="gpu-orin2" score=300
2026-07-01 17:15:19.698 I0701 08:15:19.678945       1 schedule_one.go:745] "Plugin scored node for pod" pod="default/yolo-det-2" plugin="NodeAffinity" node="gpu-orin2" score=0
2026-07-01 17:15:19.701 I0701 08:15:19.678953       1 schedule_one.go:745] "Plugin scored node for pod" pod="default/yolo-det-2" plugin="NodeResourcesFit" node="gpu-orin2" score=80
2026-07-01 17:15:19.703 I0701 08:15:19.678959       1 schedule_one.go:745] "Plugin scored node for pod" pod="default/yolo-det-2" plugin="VolumeBinding" node="gpu-orin2" score=0
2026-07-01 17:15:19.705 I0701 08:15:19.678966       1 schedule_one.go:745] "Plugin scored node for pod" pod="default/yolo-det-2" plugin="NodeResourcesBalancedAllocation" node="gpu-orin2" score=99
2026-07-01 17:15:19.706 I0701 08:15:19.678972       1 schedule_one.go:745] "Plugin scored node for pod" pod="default/yolo-det-2" plugin="ImageLocality" node="gpu-orin2" score=0
2026-07-01 17:15:19.708 I0701 08:15:19.678978       1 schedule_one.go:745] "Plugin scored node for pod" pod="default/yolo-det-2" plugin="TaintToleration" node="gpuorin4-desktop" score=300
2026-07-01 17:15:19.710 I0701 08:15:19.678984       1 schedule_one.go:745] "Plugin scored node for pod" pod="default/yolo-det-2" plugin="NodeAffinity" node="gpuorin4-desktop" score=0
2026-07-01 17:15:19.711 I0701 08:15:19.678990       1 schedule_one.go:745] "Plugin scored node for pod" pod="default/yolo-det-2" plugin="NodeResourcesFit" node="gpuorin4-desktop" score=78
2026-07-01 17:15:19.712 I0701 08:15:19.678995       1 schedule_one.go:745] "Plugin scored node for pod" pod="default/yolo-det-2" plugin="VolumeBinding" node="gpuorin4-desktop" score=0
2026-07-01 17:15:19.713 I0701 08:15:19.679003       1 schedule_one.go:745] "Plugin scored node for pod" pod="default/yolo-det-2" plugin="NodeResourcesBalancedAllocation" node="gpuorin4-desktop" score=99
2026-07-01 17:15:19.714 I0701 08:15:19.679010       1 schedule_one.go:745] "Plugin scored node for pod" pod="default/yolo-det-2" plugin="ImageLocality" node="gpuorin4-desktop" score=0
2026-07-01 17:15:19.715 I0701 08:15:19.679017       1 schedule_one.go:745] "Plugin scored node for pod" pod="default/yolo-det-2" plugin="TaintToleration" node="gpuorin5-desktop" score=300
2026-07-01 17:15:19.716 I0701 08:15:19.679023       1 schedule_one.go:745] "Plugin scored node for pod" pod="default/yolo-det-2" plugin="NodeAffinity" node="gpuorin5-desktop" score=0
2026-07-01 17:15:19.716 I0701 08:15:19.679029       1 schedule_one.go:745] "Plugin scored node for pod" pod="default/yolo-det-2" plugin="NodeResourcesFit" node="gpuorin5-desktop" score=80
2026-07-01 17:15:19.717 I0701 08:15:19.679035       1 schedule_one.go:745] "Plugin scored node for pod" pod="default/yolo-det-2" plugin="VolumeBinding" node="gpuorin5-desktop" score=0
2026-07-01 17:15:19.718 I0701 08:15:19.679045       1 schedule_one.go:745] "Plugin scored node for pod" pod="default/yolo-det-2" plugin="NodeResourcesBalancedAllocation" node="gpuorin5-desktop" score=99
2026-07-01 17:15:19.719 I0701 08:15:19.679051       1 schedule_one.go:745] "Plugin scored node for pod" pod="default/yolo-det-2" plugin="ImageLocality" node="gpuorin5-desktop" score=0
2026-07-01 17:15:19.719 I0701 08:15:19.679059       1 schedule_one.go:745] "Plugin scored node for pod" pod="default/yolo-det-2" plugin="TaintToleration" node="gpu-orin3" score=300
2026-07-01 17:15:19.720 I0701 08:15:19.679064       1 schedule_one.go:745] "Plugin scored node for pod" pod="default/yolo-det-2" plugin="NodeAffinity" node="gpu-orin3" score=0
2026-07-01 17:15:19.721 I0701 08:15:19.679070       1 schedule_one.go:745] "Plugin scored node for pod" pod="default/yolo-det-2" plugin="NodeResourcesFit" node="gpu-orin3" score=80
2026-07-01 17:15:19.722 I0701 08:15:19.679076       1 schedule_one.go:745] "Plugin scored node for pod" pod="default/yolo-det-2" plugin="VolumeBinding" node="gpu-orin3" score=0
2026-07-01 17:15:19.723 I0701 08:15:19.679082       1 schedule_one.go:745] "Plugin scored node for pod" pod="default/yolo-det-2" plugin="NodeResourcesBalancedAllocation" node="gpu-orin3" score=99
2026-07-01 17:15:19.724 I0701 08:15:19.679088       1 schedule_one.go:745] "Plugin scored node for pod" pod="default/yolo-det-2" plugin="ImageLocality" node="gpu-orin3" score=0
2026-07-01 17:15:19.725 I0701 08:15:19.679098       1 schedule_one.go:812] "Calculated node's final score for pod" pod="default/yolo-det-2" node="gpu-orin2" score=479
2026-07-01 17:15:19.726 I0701 08:15:19.679106       1 schedule_one.go:812] "Calculated node's final score for pod" pod="default/yolo-det-2" node="gpuorin4-desktop" score=477
2026-07-01 17:15:19.727 I0701 08:15:19.679113       1 schedule_one.go:812] "Calculated node's final score for pod" pod="default/yolo-det-2" node="gpuorin5-desktop" score=479
2026-07-01 17:15:19.728 I0701 08:15:19.679119       1 schedule_one.go:812] "Calculated node's final score for pod" pod="default/yolo-det-2" node="gpu-orin3" score=479
2026-07-01 17:15:23.624 I0701 08:15:23.623473       1 resource_allocation.go:76] "Listed internal info for allocatable resources, requested resources and score" pod="default/yolo-seg-2" node="gpu-orin3" resourceAllocationScorer="LeastAllocated" allocatableResource=[6000,7885152256] requestedResource=[1000,2097152000] resourceScore=78
2026-07-01 17:15:23.625 I0701 08:15:23.623473       1 resource_allocation.go:76] "Listed internal info for allocatable resources, requested resources and score" pod="default/yolo-seg-2" node="gpu-orin2" resourceAllocationScorer="LeastAllocated" allocatableResource=[6000,7885127680] requestedResource=[900,1887436800] resourceScore=80
2026-07-01 17:15:23.626 I0701 08:15:23.623476       1 resource_allocation.go:76] "Listed internal info for allocatable resources, requested resources and score" pod="default/yolo-seg-2" node="gpuorin5-desktop" resourceAllocationScorer="LeastAllocated" allocatableResource=[6000,7885127680] requestedResource=[900,1887436800] resourceScore=80
2026-07-01 17:15:23.627 I0701 08:15:23.623476       1 resource_allocation.go:76] "Listed internal info for allocatable resources, requested resources and score" pod="default/yolo-seg-2" node="gpuorin4-desktop" resourceAllocationScorer="LeastAllocated" allocatableResource=[6000,7885250560] requestedResource=[1000,2097152000] resourceScore=78
2026-07-01 17:15:23.628 I0701 08:15:23.623480       1 resource_allocation.go:76] "Listed internal info for allocatable resources, requested resources and score" pod="default/yolo-seg-2" node="gpu-orin3" resourceAllocationScorer="NodeResourcesBalancedAllocation" allocatableResource=[6000,7885152256] requestedResource=[100,52428800] resourceScore=99
2026-07-01 17:15:23.629 I0701 08:15:23.623482       1 resource_allocation.go:76] "Listed internal info for allocatable resources, requested resources and score" pod="default/yolo-seg-2" node="gpu-orin2" resourceAllocationScorer="NodeResourcesBalancedAllocation" allocatableResource=[6000,7885127680] requestedResource=[100,52428800] resourceScore=99
2026-07-01 17:15:23.630 I0701 08:15:23.623485       1 resource_allocation.go:76] "Listed internal info for allocatable resources, requested resources and score" pod="default/yolo-seg-2" node="gpuorin5-desktop" resourceAllocationScorer="NodeResourcesBalancedAllocation" allocatableResource=[6000,7885127680] requestedResource=[100,52428800] resourceScore=99
2026-07-01 17:15:23.631 I0701 08:15:23.623486       1 resource_allocation.go:76] "Listed internal info for allocatable resources, requested resources and score" pod="default/yolo-seg-2" node="gpuorin4-desktop" resourceAllocationScorer="NodeResourcesBalancedAllocation" allocatableResource=[6000,7885250560] requestedResource=[100,52428800] resourceScore=99
2026-07-01 17:15:23.632 I0701 08:15:23.623513       1 schedule_one.go:745] "Plugin scored node for pod" pod="default/yolo-seg-2" plugin="TaintToleration" node="gpu-orin2" score=300
2026-07-01 17:15:23.633 I0701 08:15:23.623517       1 schedule_one.go:745] "Plugin scored node for pod" pod="default/yolo-seg-2" plugin="NodeAffinity" node="gpu-orin2" score=0
2026-07-01 17:15:23.635 I0701 08:15:23.623520       1 schedule_one.go:745] "Plugin scored node for pod" pod="default/yolo-seg-2" plugin="NodeResourcesFit" node="gpu-orin2" score=80
2026-07-01 17:15:23.636 I0701 08:15:23.623522       1 schedule_one.go:745] "Plugin scored node for pod" pod="default/yolo-seg-2" plugin="VolumeBinding" node="gpu-orin2" score=0
2026-07-01 17:15:23.637 I0701 08:15:23.623525       1 schedule_one.go:745] "Plugin scored node for pod" pod="default/yolo-seg-2" plugin="NodeResourcesBalancedAllocation" node="gpu-orin2" score=99
2026-07-01 17:15:23.639 I0701 08:15:23.623527       1 schedule_one.go:745] "Plugin scored node for pod" pod="default/yolo-seg-2" plugin="ImageLocality" node="gpu-orin2" score=0
2026-07-01 17:15:23.641 I0701 08:15:23.623529       1 schedule_one.go:745] "Plugin scored node for pod" pod="default/yolo-seg-2" plugin="TaintToleration" node="gpuorin4-desktop" score=300
2026-07-01 17:15:23.642 I0701 08:15:23.623531       1 schedule_one.go:745] "Plugin scored node for pod" pod="default/yolo-seg-2" plugin="NodeAffinity" node="gpuorin4-desktop" score=0
2026-07-01 17:15:23.644 I0701 08:15:23.623534       1 schedule_one.go:745] "Plugin scored node for pod" pod="default/yolo-seg-2" plugin="NodeResourcesFit" node="gpuorin4-desktop" score=78
2026-07-01 17:15:23.645 I0701 08:15:23.623537       1 schedule_one.go:745] "Plugin scored node for pod" pod="default/yolo-seg-2" plugin="VolumeBinding" node="gpuorin4-desktop" score=0
2026-07-01 17:15:23.646 I0701 08:15:23.623540       1 schedule_one.go:745] "Plugin scored node for pod" pod="default/yolo-seg-2" plugin="NodeResourcesBalancedAllocation" node="gpuorin4-desktop" score=99
2026-07-01 17:15:23.647 I0701 08:15:23.623542       1 schedule_one.go:745] "Plugin scored node for pod" pod="default/yolo-seg-2" plugin="ImageLocality" node="gpuorin4-desktop" score=0
2026-07-01 17:15:23.649 I0701 08:15:23.623545       1 schedule_one.go:745] "Plugin scored node for pod" pod="default/yolo-seg-2" plugin="TaintToleration" node="gpu-orin3" score=300
2026-07-01 17:15:23.650 I0701 08:15:23.623547       1 schedule_one.go:745] "Plugin scored node for pod" pod="default/yolo-seg-2" plugin="NodeAffinity" node="gpu-orin3" score=0
2026-07-01 17:15:23.651 I0701 08:15:23.623550       1 schedule_one.go:745] "Plugin scored node for pod" pod="default/yolo-seg-2" plugin="NodeResourcesFit" node="gpu-orin3" score=78
2026-07-01 17:15:23.652 I0701 08:15:23.623552       1 schedule_one.go:745] "Plugin scored node for pod" pod="default/yolo-seg-2" plugin="VolumeBinding" node="gpu-orin3" score=0
2026-07-01 17:15:23.653 I0701 08:15:23.623554       1 schedule_one.go:745] "Plugin scored node for pod" pod="default/yolo-seg-2" plugin="NodeResourcesBalancedAllocation" node="gpu-orin3" score=99
2026-07-01 17:15:23.654 I0701 08:15:23.623556       1 schedule_one.go:745] "Plugin scored node for pod" pod="default/yolo-seg-2" plugin="ImageLocality" node="gpu-orin3" score=0
2026-07-01 17:15:23.655 I0701 08:15:23.623558       1 schedule_one.go:745] "Plugin scored node for pod" pod="default/yolo-seg-2" plugin="TaintToleration" node="gpuorin5-desktop" score=300
2026-07-01 17:15:23.656 I0701 08:15:23.623560       1 schedule_one.go:745] "Plugin scored node for pod" pod="default/yolo-seg-2" plugin="NodeAffinity" node="gpuorin5-desktop" score=0
2026-07-01 17:15:23.656 I0701 08:15:23.623562       1 schedule_one.go:745] "Plugin scored node for pod" pod="default/yolo-seg-2" plugin="NodeResourcesFit" node="gpuorin5-desktop" score=80
2026-07-01 17:15:23.657 I0701 08:15:23.623565       1 schedule_one.go:745] "Plugin scored node for pod" pod="default/yolo-seg-2" plugin="VolumeBinding" node="gpuorin5-desktop" score=0
2026-07-01 17:15:23.658 I0701 08:15:23.623567       1 schedule_one.go:745] "Plugin scored node for pod" pod="default/yolo-seg-2" plugin="NodeResourcesBalancedAllocation" node="gpuorin5-desktop" score=99
2026-07-01 17:15:23.658 I0701 08:15:23.623570       1 schedule_one.go:745] "Plugin scored node for pod" pod="default/yolo-seg-2" plugin="ImageLocality" node="gpuorin5-desktop" score=0
2026-07-01 17:15:23.659 I0701 08:15:23.623574       1 schedule_one.go:812] "Calculated node's final score for pod" pod="default/yolo-seg-2" node="gpu-orin2" score=479
2026-07-01 17:15:23.660 I0701 08:15:23.623577       1 schedule_one.go:812] "Calculated node's final score for pod" pod="default/yolo-seg-2" node="gpuorin4-desktop" score=477
2026-07-01 17:15:23.660 I0701 08:15:23.623579       1 schedule_one.go:812] "Calculated node's final score for pod" pod="default/yolo-seg-2" node="gpu-orin3" score=477
2026-07-01 17:15:23.661 I0701 08:15:23.623582       1 schedule_one.go:812] "Calculated node's final score for pod" pod="default/yolo-seg-2" node="gpuorin5-desktop" score=479
2026-07-01 17:15:27.829 I0701 08:15:27.826836       1 resource_allocation.go:76] "Listed internal info for allocatable resources, requested resources and score" pod="default/yolo-obb-2" node="gpu-orin2" resourceAllocationScorer="LeastAllocated" allocatableResource=[6000,7885127680] requestedResource=[900,1887436800] resourceScore=80
2026-07-01 17:15:27.832 I0701 08:15:27.826860       1 resource_allocation.go:76] "Listed internal info for allocatable resources, requested resources and score" pod="default/yolo-obb-2" node="gpu-orin2" resourceAllocationScorer="NodeResourcesBalancedAllocation" allocatableResource=[6000,7885127680] requestedResource=[100,52428800] resourceScore=99
2026-07-01 17:15:27.835 I0701 08:15:27.826869       1 resource_allocation.go:76] "Listed internal info for allocatable resources, requested resources and score" pod="default/yolo-obb-2" node="gpuorin5-desktop" resourceAllocationScorer="LeastAllocated" allocatableResource=[6000,7885127680] requestedResource=[1000,2097152000] resourceScore=78
2026-07-01 17:15:27.838 I0701 08:15:27.826868       1 resource_allocation.go:76] "Listed internal info for allocatable resources, requested resources and score" pod="default/yolo-obb-2" node="gpu-orin3" resourceAllocationScorer="LeastAllocated" allocatableResource=[6000,7885152256] requestedResource=[1000,2097152000] resourceScore=78
2026-07-01 17:15:27.841 I0701 08:15:27.826881       1 resource_allocation.go:76] "Listed internal info for allocatable resources, requested resources and score" pod="default/yolo-obb-2" node="gpuorin4-desktop" resourceAllocationScorer="LeastAllocated" allocatableResource=[6000,7885250560] requestedResource=[1000,2097152000] resourceScore=78
2026-07-01 17:15:27.844 I0701 08:15:27.826896       1 resource_allocation.go:76] "Listed internal info for allocatable resources, requested resources and score" pod="default/yolo-obb-2" node="gpuorin5-desktop" resourceAllocationScorer="NodeResourcesBalancedAllocation" allocatableResource=[6000,7885127680] requestedResource=[100,52428800] resourceScore=99
2026-07-01 17:15:27.846 I0701 08:15:27.826903       1 resource_allocation.go:76] "Listed internal info for allocatable resources, requested resources and score" pod="default/yolo-obb-2" node="gpu-orin3" resourceAllocationScorer="NodeResourcesBalancedAllocation" allocatableResource=[6000,7885152256] requestedResource=[100,52428800] resourceScore=99
2026-07-01 17:15:27.849 I0701 08:15:27.826914       1 resource_allocation.go:76] "Listed internal info for allocatable resources, requested resources and score" pod="default/yolo-obb-2" node="gpuorin4-desktop" resourceAllocationScorer="NodeResourcesBalancedAllocation" allocatableResource=[6000,7885250560] requestedResource=[100,52428800] resourceScore=99
2026-07-01 17:15:27.850 I0701 08:15:27.827031       1 schedule_one.go:745] "Plugin scored node for pod" pod="default/yolo-obb-2" plugin="TaintToleration" node="gpu-orin2" score=300
2026-07-01 17:15:27.852 I0701 08:15:27.827059       1 schedule_one.go:745] "Plugin scored node for pod" pod="default/yolo-obb-2" plugin="NodeAffinity" node="gpu-orin2" score=0
2026-07-01 17:15:27.853 I0701 08:15:27.827071       1 schedule_one.go:745] "Plugin scored node for pod" pod="default/yolo-obb-2" plugin="NodeResourcesFit" node="gpu-orin2" score=80
2026-07-01 17:15:27.855 I0701 08:15:27.827080       1 schedule_one.go:745] "Plugin scored node for pod" pod="default/yolo-obb-2" plugin="VolumeBinding" node="gpu-orin2" score=0
2026-07-01 17:15:27.856 I0701 08:15:27.827090       1 schedule_one.go:745] "Plugin scored node for pod" pod="default/yolo-obb-2" plugin="NodeResourcesBalancedAllocation" node="gpu-orin2" score=99
2026-07-01 17:15:27.858 I0701 08:15:27.827099       1 schedule_one.go:745] "Plugin scored node for pod" pod="default/yolo-obb-2" plugin="ImageLocality" node="gpu-orin2" score=0
2026-07-01 17:15:27.861 I0701 08:15:27.827112       1 schedule_one.go:745] "Plugin scored node for pod" pod="default/yolo-obb-2" plugin="TaintToleration" node="gpu-orin3" score=300
2026-07-01 17:15:27.864 I0701 08:15:27.827121       1 schedule_one.go:745] "Plugin scored node for pod" pod="default/yolo-obb-2" plugin="NodeAffinity" node="gpu-orin3" score=0
2026-07-01 17:15:27.866 I0701 08:15:27.827129       1 schedule_one.go:745] "Plugin scored node for pod" pod="default/yolo-obb-2" plugin="NodeResourcesFit" node="gpu-orin3" score=78
2026-07-01 17:15:27.867 I0701 08:15:27.827137       1 schedule_one.go:745] "Plugin scored node for pod" pod="default/yolo-obb-2" plugin="VolumeBinding" node="gpu-orin3" score=0
2026-07-01 17:15:27.868 I0701 08:15:27.827145       1 schedule_one.go:745] "Plugin scored node for pod" pod="default/yolo-obb-2" plugin="NodeResourcesBalancedAllocation" node="gpu-orin3" score=99
2026-07-01 17:15:27.869 I0701 08:15:27.827154       1 schedule_one.go:745] "Plugin scored node for pod" pod="default/yolo-obb-2" plugin="ImageLocality" node="gpu-orin3" score=0
2026-07-01 17:15:27.869 I0701 08:15:27.827162       1 schedule_one.go:745] "Plugin scored node for pod" pod="default/yolo-obb-2" plugin="TaintToleration" node="gpuorin5-desktop" score=300
2026-07-01 17:15:27.870 I0701 08:15:27.827176       1 schedule_one.go:745] "Plugin scored node for pod" pod="default/yolo-obb-2" plugin="NodeAffinity" node="gpuorin5-desktop" score=0
2026-07-01 17:15:27.871 I0701 08:15:27.827184       1 schedule_one.go:745] "Plugin scored node for pod" pod="default/yolo-obb-2" plugin="NodeResourcesFit" node="gpuorin5-desktop" score=78
2026-07-01 17:15:27.871 I0701 08:15:27.827192       1 schedule_one.go:745] "Plugin scored node for pod" pod="default/yolo-obb-2" plugin="VolumeBinding" node="gpuorin5-desktop" score=0
2026-07-01 17:15:27.872 I0701 08:15:27.827201       1 schedule_one.go:745] "Plugin scored node for pod" pod="default/yolo-obb-2" plugin="NodeResourcesBalancedAllocation" node="gpuorin5-desktop" score=99
2026-07-01 17:15:27.873 I0701 08:15:27.827209       1 schedule_one.go:745] "Plugin scored node for pod" pod="default/yolo-obb-2" plugin="ImageLocality" node="gpuorin5-desktop" score=0
2026-07-01 17:15:27.874 I0701 08:15:27.827217       1 schedule_one.go:745] "Plugin scored node for pod" pod="default/yolo-obb-2" plugin="TaintToleration" node="gpuorin4-desktop" score=300
2026-07-01 17:15:27.875 I0701 08:15:27.827229       1 schedule_one.go:745] "Plugin scored node for pod" pod="default/yolo-obb-2" plugin="NodeAffinity" node="gpuorin4-desktop" score=0
2026-07-01 17:15:27.876 I0701 08:15:27.827237       1 schedule_one.go:745] "Plugin scored node for pod" pod="default/yolo-obb-2" plugin="NodeResourcesFit" node="gpuorin4-desktop" score=78
2026-07-01 17:15:27.876 I0701 08:15:27.827245       1 schedule_one.go:745] "Plugin scored node for pod" pod="default/yolo-obb-2" plugin="VolumeBinding" node="gpuorin4-desktop" score=0
2026-07-01 17:15:27.877 I0701 08:15:27.827255       1 schedule_one.go:745] "Plugin scored node for pod" pod="default/yolo-obb-2" plugin="NodeResourcesBalancedAllocation" node="gpuorin4-desktop" score=99
2026-07-01 17:15:27.878 I0701 08:15:27.827263       1 schedule_one.go:745] "Plugin scored node for pod" pod="default/yolo-obb-2" plugin="ImageLocality" node="gpuorin4-desktop" score=0
2026-07-01 17:15:27.878 I0701 08:15:27.827275       1 schedule_one.go:812] "Calculated node's final score for pod" pod="default/yolo-obb-2" node="gpu-orin2" score=479
2026-07-01 17:15:27.879 I0701 08:15:27.827290       1 schedule_one.go:812] "Calculated node's final score for pod" pod="default/yolo-obb-2" node="gpu-orin3" score=477
2026-07-01 17:15:27.879 I0701 08:15:27.827299       1 schedule_one.go:812] "Calculated node's final score for pod" pod="default/yolo-obb-2" node="gpuorin5-desktop" score=477
2026-07-01 17:15:27.880 I0701 08:15:27.827309       1 schedule_one.go:812] "Calculated node's final score for pod" pod="default/yolo-obb-2" node="gpuorin4-desktop" score=477
2026-07-01 17:15:32.225 I0701 08:15:32.223684       1 resource_allocation.go:76] "Listed internal info for allocatable resources, requested resources and score" pod="default/yolo-pos-2" node="gpu-orin3" resourceAllocationScorer="LeastAllocated" allocatableResource=[6000,7885152256] requestedResource=[1000,2097152000] resourceScore=78
2026-07-01 17:15:32.227 I0701 08:15:32.223707       1 resource_allocation.go:76] "Listed internal info for allocatable resources, requested resources and score" pod="default/yolo-pos-2" node="gpu-orin2" resourceAllocationScorer="LeastAllocated" allocatableResource=[6000,7885127680] requestedResource=[1000,2097152000] resourceScore=78
2026-07-01 17:15:32.229 I0701 08:15:32.223702       1 resource_allocation.go:76] "Listed internal info for allocatable resources, requested resources and score" pod="default/yolo-pos-2" node="gpu-orin3" resourceAllocationScorer="NodeResourcesBalancedAllocation" allocatableResource=[6000,7885152256] requestedResource=[100,52428800] resourceScore=99
2026-07-01 17:15:32.230 I0701 08:15:32.223727       1 resource_allocation.go:76] "Listed internal info for allocatable resources, requested resources and score" pod="default/yolo-pos-2" node="gpu-orin2" resourceAllocationScorer="NodeResourcesBalancedAllocation" allocatableResource=[6000,7885127680] requestedResource=[100,52428800] resourceScore=99
2026-07-01 17:15:32.232 I0701 08:15:32.223736       1 resource_allocation.go:76] "Listed internal info for allocatable resources, requested resources and score" pod="default/yolo-pos-2" node="gpuorin4-desktop" resourceAllocationScorer="LeastAllocated" allocatableResource=[6000,7885250560] requestedResource=[1000,2097152000] resourceScore=78
2026-07-01 17:15:32.234 I0701 08:15:32.223776       1 resource_allocation.go:76] "Listed internal info for allocatable resources, requested resources and score" pod="default/yolo-pos-2" node="gpuorin4-desktop" resourceAllocationScorer="NodeResourcesBalancedAllocation" allocatableResource=[6000,7885250560] requestedResource=[100,52428800] resourceScore=99
2026-07-01 17:15:32.236 I0701 08:15:32.223817       1 resource_allocation.go:76] "Listed internal info for allocatable resources, requested resources and score" pod="default/yolo-pos-2" node="gpuorin5-desktop" resourceAllocationScorer="LeastAllocated" allocatableResource=[6000,7885127680] requestedResource=[1000,2097152000] resourceScore=78
2026-07-01 17:15:32.238 I0701 08:15:32.223844       1 resource_allocation.go:76] "Listed internal info for allocatable resources, requested resources and score" pod="default/yolo-pos-2" node="gpuorin5-desktop" resourceAllocationScorer="NodeResourcesBalancedAllocation" allocatableResource=[6000,7885127680] requestedResource=[100,52428800] resourceScore=99
2026-07-01 17:15:32.240 I0701 08:15:32.223911       1 schedule_one.go:745] "Plugin scored node for pod" pod="default/yolo-pos-2" plugin="TaintToleration" node="gpu-orin3" score=300
2026-07-01 17:15:32.241 I0701 08:15:32.223931       1 schedule_one.go:745] "Plugin scored node for pod" pod="default/yolo-pos-2" plugin="NodeAffinity" node="gpu-orin3" score=0
2026-07-01 17:15:32.244 I0701 08:15:32.223940       1 schedule_one.go:745] "Plugin scored node for pod" pod="default/yolo-pos-2" plugin="NodeResourcesFit" node="gpu-orin3" score=78
2026-07-01 17:15:32.245 I0701 08:15:32.223946       1 schedule_one.go:745] "Plugin scored node for pod" pod="default/yolo-pos-2" plugin="VolumeBinding" node="gpu-orin3" score=0
2026-07-01 17:15:32.247 I0701 08:15:32.223951       1 schedule_one.go:745] "Plugin scored node for pod" pod="default/yolo-pos-2" plugin="NodeResourcesBalancedAllocation" node="gpu-orin3" score=99
2026-07-01 17:15:32.248 I0701 08:15:32.223960       1 schedule_one.go:745] "Plugin scored node for pod" pod="default/yolo-pos-2" plugin="ImageLocality" node="gpu-orin3" score=0
2026-07-01 17:15:32.250 I0701 08:15:32.223966       1 schedule_one.go:745] "Plugin scored node for pod" pod="default/yolo-pos-2" plugin="TaintToleration" node="gpu-orin2" score=300
2026-07-01 17:15:32.251 I0701 08:15:32.223971       1 schedule_one.go:745] "Plugin scored node for pod" pod="default/yolo-pos-2" plugin="NodeAffinity" node="gpu-orin2" score=0
2026-07-01 17:15:32.253 I0701 08:15:32.223977       1 schedule_one.go:745] "Plugin scored node for pod" pod="default/yolo-pos-2" plugin="NodeResourcesFit" node="gpu-orin2" score=78
2026-07-01 17:15:32.254 I0701 08:15:32.223982       1 schedule_one.go:745] "Plugin scored node for pod" pod="default/yolo-pos-2" plugin="VolumeBinding" node="gpu-orin2" score=0
2026-07-01 17:15:32.254 I0701 08:15:32.223988       1 schedule_one.go:745] "Plugin scored node for pod" pod="default/yolo-pos-2" plugin="NodeResourcesBalancedAllocation" node="gpu-orin2" score=99
2026-07-01 17:15:32.255 I0701 08:15:32.223994       1 schedule_one.go:745] "Plugin scored node for pod" pod="default/yolo-pos-2" plugin="ImageLocality" node="gpu-orin2" score=0
2026-07-01 17:15:32.256 I0701 08:15:32.224000       1 schedule_one.go:745] "Plugin scored node for pod" pod="default/yolo-pos-2" plugin="TaintToleration" node="gpuorin4-desktop" score=300
2026-07-01 17:15:32.257 I0701 08:15:32.224006       1 schedule_one.go:745] "Plugin scored node for pod" pod="default/yolo-pos-2" plugin="NodeAffinity" node="gpuorin4-desktop" score=0
2026-07-01 17:15:32.257 I0701 08:15:32.224012       1 schedule_one.go:745] "Plugin scored node for pod" pod="default/yolo-pos-2" plugin="NodeResourcesFit" node="gpuorin4-desktop" score=78
2026-07-01 17:15:32.258 I0701 08:15:32.224019       1 schedule_one.go:745] "Plugin scored node for pod" pod="default/yolo-pos-2" plugin="VolumeBinding" node="gpuorin4-desktop" score=0
2026-07-01 17:15:32.259 I0701 08:15:32.224024       1 schedule_one.go:745] "Plugin scored node for pod" pod="default/yolo-pos-2" plugin="NodeResourcesBalancedAllocation" node="gpuorin4-desktop" score=99
2026-07-01 17:15:32.259 I0701 08:15:32.224030       1 schedule_one.go:745] "Plugin scored node for pod" pod="default/yolo-pos-2" plugin="ImageLocality" node="gpuorin4-desktop" score=0
2026-07-01 17:15:32.260 I0701 08:15:32.224035       1 schedule_one.go:745] "Plugin scored node for pod" pod="default/yolo-pos-2" plugin="TaintToleration" node="gpuorin5-desktop" score=300
2026-07-01 17:15:32.261 I0701 08:15:32.224041       1 schedule_one.go:745] "Plugin scored node for pod" pod="default/yolo-pos-2" plugin="NodeAffinity" node="gpuorin5-desktop" score=0
2026-07-01 17:15:32.261 I0701 08:15:32.224047       1 schedule_one.go:745] "Plugin scored node for pod" pod="default/yolo-pos-2" plugin="NodeResourcesFit" node="gpuorin5-desktop" score=78
2026-07-01 17:15:32.262 I0701 08:15:32.224052       1 schedule_one.go:745] "Plugin scored node for pod" pod="default/yolo-pos-2" plugin="VolumeBinding" node="gpuorin5-desktop" score=0
2026-07-01 17:15:32.262 I0701 08:15:32.224058       1 schedule_one.go:745] "Plugin scored node for pod" pod="default/yolo-pos-2" plugin="NodeResourcesBalancedAllocation" node="gpuorin5-desktop" score=99
2026-07-01 17:15:32.263 I0701 08:15:32.224064       1 schedule_one.go:745] "Plugin scored node for pod" pod="default/yolo-pos-2" plugin="ImageLocality" node="gpuorin5-desktop" score=0
2026-07-01 17:15:32.264 I0701 08:15:32.224072       1 schedule_one.go:812] "Calculated node's final score for pod" pod="default/yolo-pos-2" node="gpu-orin3" score=477
2026-07-01 17:15:32.264 I0701 08:15:32.224080       1 schedule_one.go:812] "Calculated node's final score for pod" pod="default/yolo-pos-2" node="gpu-orin2" score=477
2026-07-01 17:15:32.265 I0701 08:15:32.224086       1 schedule_one.go:812] "Calculated node's final score for pod" pod="default/yolo-pos-2" node="gpuorin4-desktop" score=477
2026-07-01 17:15:32.266 I0701 08:15:32.224096       1 schedule_one.go:812] "Calculated node's final score for pod" pod="default/yolo-pos-2" node="gpuorin5-desktop" score=477
