2026-07-01 17:27:35.301 I0701 08:24:41.935569       1 resource_allocation.go:76] "Listed internal info for allocatable resources, requested resources and score" pod="default/yolo-cls-1" node="gpu-orin2" resourceAllocationScorer="LeastAllocated" allocatableResource=[6000,7885127680] requestedResource=[700,1468006400] resourceScore=84
2026-07-01 17:27:35.302 I0701 08:24:41.935604       1 resource_allocation.go:76] "Listed internal info for allocatable resources, requested resources and score" pod="default/yolo-cls-1" node="gpu-orin2" resourceAllocationScorer="NodeResourcesBalancedAllocation" allocatableResource=[6000,7885127680] requestedResource=[100,52428800] resourceScore=99
2026-07-01 17:27:35.303 I0701 08:24:41.935617       1 resource_allocation.go:76] "Listed internal info for allocatable resources, requested resources and score" pod="default/yolo-cls-1" node="gpuorin4-desktop" resourceAllocationScorer="LeastAllocated" allocatableResource=[6000,7885250560] requestedResource=[1000,2097152000] resourceScore=78
2026-07-01 17:27:35.304 I0701 08:24:41.935641       1 resource_allocation.go:76] "Listed internal info for allocatable resources, requested resources and score" pod="default/yolo-cls-1" node="gpuorin5-desktop" resourceAllocationScorer="LeastAllocated" allocatableResource=[6000,7885127680] requestedResource=[700,1468006400] resourceScore=84
2026-07-01 17:27:35.304 I0701 08:24:41.935640       1 resource_allocation.go:76] "Listed internal info for allocatable resources, requested resources and score" pod="default/yolo-cls-1" node="gpu-orin3" resourceAllocationScorer="LeastAllocated" allocatableResource=[6000,7885152256] requestedResource=[700,1468006400] resourceScore=84
2026-07-01 17:27:35.305 I0701 08:24:41.935660       1 resource_allocation.go:76] "Listed internal info for allocatable resources, requested resources and score" pod="default/yolo-cls-1" node="gpuorin4-desktop" resourceAllocationScorer="NodeResourcesBalancedAllocation" allocatableResource=[6000,7885250560] requestedResource=[100,52428800] resourceScore=99
2026-07-01 17:27:35.306 I0701 08:24:41.935678       1 resource_allocation.go:76] "Listed internal info for allocatable resources, requested resources and score" pod="default/yolo-cls-1" node="gpuorin5-desktop" resourceAllocationScorer="NodeResourcesBalancedAllocation" allocatableResource=[6000,7885127680] requestedResource=[100,52428800] resourceScore=99
2026-07-01 17:27:35.307 I0701 08:24:41.935688       1 resource_allocation.go:76] "Listed internal info for allocatable resources, requested resources and score" pod="default/yolo-cls-1" node="gpu-orin3" resourceAllocationScorer="NodeResourcesBalancedAllocation" allocatableResource=[6000,7885152256] requestedResource=[100,52428800] resourceScore=99
2026-07-01 17:27:35.307 I0701 08:24:41.935821       1 schedule_one.go:745] "Plugin scored node for pod" pod="default/yolo-cls-1" plugin="TaintToleration" node="gpu-orin2" score=300
2026-07-01 17:27:35.308 I0701 08:24:41.935843       1 schedule_one.go:745] "Plugin scored node for pod" pod="default/yolo-cls-1" plugin="NodeAffinity" node="gpu-orin2" score=0
2026-07-01 17:27:35.309 I0701 08:24:41.935855       1 schedule_one.go:745] "Plugin scored node for pod" pod="default/yolo-cls-1" plugin="NodeResourcesFit" node="gpu-orin2" score=84
2026-07-01 17:27:35.309 I0701 08:24:41.935866       1 schedule_one.go:745] "Plugin scored node for pod" pod="default/yolo-cls-1" plugin="VolumeBinding" node="gpu-orin2" score=0
2026-07-01 17:27:35.310 I0701 08:24:41.935879       1 schedule_one.go:745] "Plugin scored node for pod" pod="default/yolo-cls-1" plugin="NodeResourcesBalancedAllocation" node="gpu-orin2" score=99
2026-07-01 17:27:35.311 I0701 08:24:41.935889       1 schedule_one.go:745] "Plugin scored node for pod" pod="default/yolo-cls-1" plugin="ImageLocality" node="gpu-orin2" score=0
2026-07-01 17:27:35.311 I0701 08:24:41.935900       1 schedule_one.go:745] "Plugin scored node for pod" pod="default/yolo-cls-1" plugin="TaintToleration" node="gpuorin4-desktop" score=300
2026-07-01 17:27:35.312 I0701 08:24:41.935913       1 schedule_one.go:745] "Plugin scored node for pod" pod="default/yolo-cls-1" plugin="NodeAffinity" node="gpuorin4-desktop" score=0
2026-07-01 17:27:35.313 I0701 08:24:41.935923       1 schedule_one.go:745] "Plugin scored node for pod" pod="default/yolo-cls-1" plugin="NodeResourcesFit" node="gpuorin4-desktop" score=78
2026-07-01 17:27:35.314 I0701 08:24:41.935932       1 schedule_one.go:745] "Plugin scored node for pod" pod="default/yolo-cls-1" plugin="VolumeBinding" node="gpuorin4-desktop" score=0
2026-07-01 17:27:35.314 I0701 08:24:41.935942       1 schedule_one.go:745] "Plugin scored node for pod" pod="default/yolo-cls-1" plugin="NodeResourcesBalancedAllocation" node="gpuorin4-desktop" score=99
2026-07-01 17:27:35.315 I0701 08:24:41.935952       1 schedule_one.go:745] "Plugin scored node for pod" pod="default/yolo-cls-1" plugin="ImageLocality" node="gpuorin4-desktop" score=0
2026-07-01 17:27:35.316 I0701 08:24:41.935966       1 schedule_one.go:745] "Plugin scored node for pod" pod="default/yolo-cls-1" plugin="TaintToleration" node="gpu-orin3" score=300
2026-07-01 17:27:35.316 I0701 08:24:41.935976       1 schedule_one.go:745] "Plugin scored node for pod" pod="default/yolo-cls-1" plugin="NodeAffinity" node="gpu-orin3" score=0
2026-07-01 17:27:35.317 I0701 08:24:41.935986       1 schedule_one.go:745] "Plugin scored node for pod" pod="default/yolo-cls-1" plugin="NodeResourcesFit" node="gpu-orin3" score=84
2026-07-01 17:27:35.318 I0701 08:24:41.936003       1 schedule_one.go:745] "Plugin scored node for pod" pod="default/yolo-cls-1" plugin="VolumeBinding" node="gpu-orin3" score=0
2026-07-01 17:27:35.318 I0701 08:24:41.936017       1 schedule_one.go:745] "Plugin scored node for pod" pod="default/yolo-cls-1" plugin="NodeResourcesBalancedAllocation" node="gpu-orin3" score=99
2026-07-01 17:27:35.319 I0701 08:24:41.936027       1 schedule_one.go:745] "Plugin scored node for pod" pod="default/yolo-cls-1" plugin="ImageLocality" node="gpu-orin3" score=0
2026-07-01 17:27:35.320 I0701 08:24:41.936037       1 schedule_one.go:745] "Plugin scored node for pod" pod="default/yolo-cls-1" plugin="TaintToleration" node="gpuorin5-desktop" score=300
2026-07-01 17:27:35.320 I0701 08:24:41.936047       1 schedule_one.go:745] "Plugin scored node for pod" pod="default/yolo-cls-1" plugin="NodeAffinity" node="gpuorin5-desktop" score=0
2026-07-01 17:27:35.321 I0701 08:24:41.936057       1 schedule_one.go:745] "Plugin scored node for pod" pod="default/yolo-cls-1" plugin="NodeResourcesFit" node="gpuorin5-desktop" score=84
2026-07-01 17:27:35.322 I0701 08:24:41.936067       1 schedule_one.go:745] "Plugin scored node for pod" pod="default/yolo-cls-1" plugin="VolumeBinding" node="gpuorin5-desktop" score=0
2026-07-01 17:27:35.322 I0701 08:24:41.936076       1 schedule_one.go:745] "Plugin scored node for pod" pod="default/yolo-cls-1" plugin="NodeResourcesBalancedAllocation" node="gpuorin5-desktop" score=99
2026-07-01 17:27:35.323 I0701 08:24:41.936086       1 schedule_one.go:745] "Plugin scored node for pod" pod="default/yolo-cls-1" plugin="ImageLocality" node="gpuorin5-desktop" score=0
2026-07-01 17:27:35.324 I0701 08:24:41.936101       1 schedule_one.go:812] "Calculated node's final score for pod" pod="default/yolo-cls-1" node="gpu-orin2" score=483
2026-07-01 17:27:35.324 I0701 08:24:41.936114       1 schedule_one.go:812] "Calculated node's final score for pod" pod="default/yolo-cls-1" node="gpuorin4-desktop" score=477
2026-07-01 17:27:35.325 I0701 08:24:41.936125       1 schedule_one.go:812] "Calculated node's final score for pod" pod="default/yolo-cls-1" node="gpu-orin3" score=483
2026-07-01 17:27:35.326 I0701 08:24:41.936136       1 schedule_one.go:812] "Calculated node's final score for pod" pod="default/yolo-cls-1" node="gpuorin5-desktop" score=483
2026-07-01 17:27:35.326 I0701 08:24:46.422831       1 resource_allocation.go:76] "Listed internal info for allocatable resources, requested resources and score" pod="default/yolo-det-1" node="gpu-orin2" resourceAllocationScorer="LeastAllocated" allocatableResource=[6000,7885127680] requestedResource=[800,1677721600] resourceScore=82
2026-07-01 17:27:35.327 I0701 08:24:46.422834       1 resource_allocation.go:76] "Listed internal info for allocatable resources, requested resources and score" pod="default/yolo-det-1" node="gpuorin4-desktop" resourceAllocationScorer="LeastAllocated" allocatableResource=[6000,7885250560] requestedResource=[1000,2097152000] resourceScore=78
2026-07-01 17:27:35.328 I0701 08:24:46.422832       1 resource_allocation.go:76] "Listed internal info for allocatable resources, requested resources and score" pod="default/yolo-det-1" node="gpu-orin3" resourceAllocationScorer="LeastAllocated" allocatableResource=[6000,7885152256] requestedResource=[700,1468006400] resourceScore=84
2026-07-01 17:27:35.329 I0701 08:24:46.422854       1 resource_allocation.go:76] "Listed internal info for allocatable resources, requested resources and score" pod="default/yolo-det-1" node="gpu-orin2" resourceAllocationScorer="NodeResourcesBalancedAllocation" allocatableResource=[6000,7885127680] requestedResource=[100,52428800] resourceScore=99
2026-07-01 17:27:35.329 I0701 08:24:46.422857       1 resource_allocation.go:76] "Listed internal info for allocatable resources, requested resources and score" pod="default/yolo-det-1" node="gpu-orin3" resourceAllocationScorer="NodeResourcesBalancedAllocation" allocatableResource=[6000,7885152256] requestedResource=[100,52428800] resourceScore=99
2026-07-01 17:27:35.330 I0701 08:24:46.422856       1 resource_allocation.go:76] "Listed internal info for allocatable resources, requested resources and score" pod="default/yolo-det-1" node="gpuorin4-desktop" resourceAllocationScorer="NodeResourcesBalancedAllocation" allocatableResource=[6000,7885250560] requestedResource=[100,52428800] resourceScore=99
2026-07-01 17:27:35.331 I0701 08:24:46.422864       1 resource_allocation.go:76] "Listed internal info for allocatable resources, requested resources and score" pod="default/yolo-det-1" node="gpuorin5-desktop" resourceAllocationScorer="LeastAllocated" allocatableResource=[6000,7885127680] requestedResource=[700,1468006400] resourceScore=84
2026-07-01 17:27:35.331 I0701 08:24:46.422888       1 resource_allocation.go:76] "Listed internal info for allocatable resources, requested resources and score" pod="default/yolo-det-1" node="gpuorin5-desktop" resourceAllocationScorer="NodeResourcesBalancedAllocation" allocatableResource=[6000,7885127680] requestedResource=[100,52428800] resourceScore=99
2026-07-01 17:27:35.332 I0701 08:24:46.422957       1 schedule_one.go:745] "Plugin scored node for pod" pod="default/yolo-det-1" plugin="TaintToleration" node="gpu-orin2" score=300
2026-07-01 17:27:35.333 I0701 08:24:46.422969       1 schedule_one.go:745] "Plugin scored node for pod" pod="default/yolo-det-1" plugin="NodeAffinity" node="gpu-orin2" score=0
2026-07-01 17:27:35.333 I0701 08:24:46.422977       1 schedule_one.go:745] "Plugin scored node for pod" pod="default/yolo-det-1" plugin="NodeResourcesFit" node="gpu-orin2" score=82
2026-07-01 17:27:35.334 I0701 08:24:46.422984       1 schedule_one.go:745] "Plugin scored node for pod" pod="default/yolo-det-1" plugin="VolumeBinding" node="gpu-orin2" score=0
2026-07-01 17:27:35.335 I0701 08:24:46.422989       1 schedule_one.go:745] "Plugin scored node for pod" pod="default/yolo-det-1" plugin="NodeResourcesBalancedAllocation" node="gpu-orin2" score=99
2026-07-01 17:27:35.336 I0701 08:24:46.422995       1 schedule_one.go:745] "Plugin scored node for pod" pod="default/yolo-det-1" plugin="ImageLocality" node="gpu-orin2" score=0
2026-07-01 17:27:35.336 I0701 08:24:46.423002       1 schedule_one.go:745] "Plugin scored node for pod" pod="default/yolo-det-1" plugin="TaintToleration" node="gpu-orin3" score=300
2026-07-01 17:27:35.337 I0701 08:24:46.423008       1 schedule_one.go:745] "Plugin scored node for pod" pod="default/yolo-det-1" plugin="NodeAffinity" node="gpu-orin3" score=0
2026-07-01 17:27:35.337 I0701 08:24:46.423014       1 schedule_one.go:745] "Plugin scored node for pod" pod="default/yolo-det-1" plugin="NodeResourcesFit" node="gpu-orin3" score=84
2026-07-01 17:27:35.338 I0701 08:24:46.423019       1 schedule_one.go:745] "Plugin scored node for pod" pod="default/yolo-det-1" plugin="VolumeBinding" node="gpu-orin3" score=0
2026-07-01 17:27:35.339 I0701 08:24:46.423027       1 schedule_one.go:745] "Plugin scored node for pod" pod="default/yolo-det-1" plugin="NodeResourcesBalancedAllocation" node="gpu-orin3" score=99
2026-07-01 17:27:35.340 I0701 08:24:46.423032       1 schedule_one.go:745] "Plugin scored node for pod" pod="default/yolo-det-1" plugin="ImageLocality" node="gpu-orin3" score=0
2026-07-01 17:27:35.340 I0701 08:24:46.423038       1 schedule_one.go:745] "Plugin scored node for pod" pod="default/yolo-det-1" plugin="TaintToleration" node="gpuorin4-desktop" score=300
2026-07-01 17:27:35.341 I0701 08:24:46.423043       1 schedule_one.go:745] "Plugin scored node for pod" pod="default/yolo-det-1" plugin="NodeAffinity" node="gpuorin4-desktop" score=0
2026-07-01 17:27:35.342 I0701 08:24:46.423049       1 schedule_one.go:745] "Plugin scored node for pod" pod="default/yolo-det-1" plugin="NodeResourcesFit" node="gpuorin4-desktop" score=78
2026-07-01 17:27:35.342 I0701 08:24:46.423054       1 schedule_one.go:745] "Plugin scored node for pod" pod="default/yolo-det-1" plugin="VolumeBinding" node="gpuorin4-desktop" score=0
2026-07-01 17:27:35.343 I0701 08:24:46.423060       1 schedule_one.go:745] "Plugin scored node for pod" pod="default/yolo-det-1" plugin="NodeResourcesBalancedAllocation" node="gpuorin4-desktop" score=99
2026-07-01 17:27:35.343 I0701 08:24:46.423066       1 schedule_one.go:745] "Plugin scored node for pod" pod="default/yolo-det-1" plugin="ImageLocality" node="gpuorin4-desktop" score=0
2026-07-01 17:27:35.344 I0701 08:24:46.423075       1 schedule_one.go:745] "Plugin scored node for pod" pod="default/yolo-det-1" plugin="TaintToleration" node="gpuorin5-desktop" score=300
2026-07-01 17:27:35.345 I0701 08:24:46.423080       1 schedule_one.go:745] "Plugin scored node for pod" pod="default/yolo-det-1" plugin="NodeAffinity" node="gpuorin5-desktop" score=0
2026-07-01 17:27:35.345 I0701 08:24:46.423085       1 schedule_one.go:745] "Plugin scored node for pod" pod="default/yolo-det-1" plugin="NodeResourcesFit" node="gpuorin5-desktop" score=84
2026-07-01 17:27:35.346 I0701 08:24:46.423090       1 schedule_one.go:745] "Plugin scored node for pod" pod="default/yolo-det-1" plugin="VolumeBinding" node="gpuorin5-desktop" score=0
2026-07-01 17:27:35.347 I0701 08:24:46.423095       1 schedule_one.go:745] "Plugin scored node for pod" pod="default/yolo-det-1" plugin="NodeResourcesBalancedAllocation" node="gpuorin5-desktop" score=99
2026-07-01 17:27:35.347 I0701 08:24:46.423100       1 schedule_one.go:745] "Plugin scored node for pod" pod="default/yolo-det-1" plugin="ImageLocality" node="gpuorin5-desktop" score=0
2026-07-01 17:27:35.348 I0701 08:24:46.423107       1 schedule_one.go:812] "Calculated node's final score for pod" pod="default/yolo-det-1" node="gpu-orin2" score=481
2026-07-01 17:27:35.349 I0701 08:24:46.423114       1 schedule_one.go:812] "Calculated node's final score for pod" pod="default/yolo-det-1" node="gpu-orin3" score=483
2026-07-01 17:27:35.349 I0701 08:24:46.423120       1 schedule_one.go:812] "Calculated node's final score for pod" pod="default/yolo-det-1" node="gpuorin4-desktop" score=477
2026-07-01 17:27:35.350 I0701 08:24:46.423126       1 schedule_one.go:812] "Calculated node's final score for pod" pod="default/yolo-det-1" node="gpuorin5-desktop" score=483
2026-07-01 17:27:35.350 I0701 08:24:50.900606       1 resource_allocation.go:76] "Listed internal info for allocatable resources, requested resources and score" pod="default/yolo-seg-1" node="gpu-orin3" resourceAllocationScorer="LeastAllocated" allocatableResource=[6000,7885152256] requestedResource=[700,1468006400] resourceScore=84
2026-07-01 17:27:35.351 I0701 08:24:50.900622       1 resource_allocation.go:76] "Listed internal info for allocatable resources, requested resources and score" pod="default/yolo-seg-1" node="gpuorin4-desktop" resourceAllocationScorer="LeastAllocated" allocatableResource=[6000,7885250560] requestedResource=[1000,2097152000] resourceScore=78
2026-07-01 17:27:35.352 I0701 08:24:50.900625       1 resource_allocation.go:76] "Listed internal info for allocatable resources, requested resources and score" pod="default/yolo-seg-1" node="gpu-orin2" resourceAllocationScorer="LeastAllocated" allocatableResource=[6000,7885127680] requestedResource=[800,1677721600] resourceScore=82
2026-07-01 17:27:35.352 I0701 08:24:50.900639       1 resource_allocation.go:76] "Listed internal info for allocatable resources, requested resources and score" pod="default/yolo-seg-1" node="gpu-orin3" resourceAllocationScorer="NodeResourcesBalancedAllocation" allocatableResource=[6000,7885152256] requestedResource=[100,52428800] resourceScore=99
2026-07-01 17:27:35.353 I0701 08:24:50.900667       1 resource_allocation.go:76] "Listed internal info for allocatable resources, requested resources and score" pod="default/yolo-seg-1" node="gpu-orin2" resourceAllocationScorer="NodeResourcesBalancedAllocation" allocatableResource=[6000,7885127680] requestedResource=[100,52428800] resourceScore=99
2026-07-01 17:27:35.354 I0701 08:24:50.900666       1 resource_allocation.go:76] "Listed internal info for allocatable resources, requested resources and score" pod="default/yolo-seg-1" node="gpuorin4-desktop" resourceAllocationScorer="NodeResourcesBalancedAllocation" allocatableResource=[6000,7885250560] requestedResource=[100,52428800] resourceScore=99
2026-07-01 17:27:35.354 I0701 08:24:50.900698       1 resource_allocation.go:76] "Listed internal info for allocatable resources, requested resources and score" pod="default/yolo-seg-1" node="gpuorin5-desktop" resourceAllocationScorer="LeastAllocated" allocatableResource=[6000,7885127680] requestedResource=[800,1677721600] resourceScore=82
2026-07-01 17:27:35.355 I0701 08:24:50.900762       1 resource_allocation.go:76] "Listed internal info for allocatable resources, requested resources and score" pod="default/yolo-seg-1" node="gpuorin5-desktop" resourceAllocationScorer="NodeResourcesBalancedAllocation" allocatableResource=[6000,7885127680] requestedResource=[100,52428800] resourceScore=99
2026-07-01 17:27:35.356 I0701 08:24:50.900960       1 schedule_one.go:745] "Plugin scored node for pod" pod="default/yolo-seg-1" plugin="TaintToleration" node="gpu-orin3" score=300
2026-07-01 17:27:35.356 I0701 08:24:50.900992       1 schedule_one.go:745] "Plugin scored node for pod" pod="default/yolo-seg-1" plugin="NodeAffinity" node="gpu-orin3" score=0
2026-07-01 17:27:35.357 I0701 08:24:50.901008       1 schedule_one.go:745] "Plugin scored node for pod" pod="default/yolo-seg-1" plugin="NodeResourcesFit" node="gpu-orin3" score=84
2026-07-01 17:27:35.358 I0701 08:24:50.901021       1 schedule_one.go:745] "Plugin scored node for pod" pod="default/yolo-seg-1" plugin="VolumeBinding" node="gpu-orin3" score=0
2026-07-01 17:27:35.358 I0701 08:24:50.901034       1 schedule_one.go:745] "Plugin scored node for pod" pod="default/yolo-seg-1" plugin="NodeResourcesBalancedAllocation" node="gpu-orin3" score=99
2026-07-01 17:27:35.359 I0701 08:24:50.901046       1 schedule_one.go:745] "Plugin scored node for pod" pod="default/yolo-seg-1" plugin="ImageLocality" node="gpu-orin3" score=0
2026-07-01 17:27:35.359 I0701 08:24:50.901059       1 schedule_one.go:745] "Plugin scored node for pod" pod="default/yolo-seg-1" plugin="TaintToleration" node="gpuorin4-desktop" score=300
2026-07-01 17:27:35.360 I0701 08:24:50.901087       1 schedule_one.go:745] "Plugin scored node for pod" pod="default/yolo-seg-1" plugin="NodeAffinity" node="gpuorin4-desktop" score=0
2026-07-01 17:27:35.360 I0701 08:24:50.901101       1 schedule_one.go:745] "Plugin scored node for pod" pod="default/yolo-seg-1" plugin="NodeResourcesFit" node="gpuorin4-desktop" score=78
2026-07-01 17:27:35.361 I0701 08:24:50.901112       1 schedule_one.go:745] "Plugin scored node for pod" pod="default/yolo-seg-1" plugin="VolumeBinding" node="gpuorin4-desktop" score=0
2026-07-01 17:27:35.361 I0701 08:24:50.901126       1 schedule_one.go:745] "Plugin scored node for pod" pod="default/yolo-seg-1" plugin="NodeResourcesBalancedAllocation" node="gpuorin4-desktop" score=99
2026-07-01 17:27:35.362 I0701 08:24:50.901140       1 schedule_one.go:745] "Plugin scored node for pod" pod="default/yolo-seg-1" plugin="ImageLocality" node="gpuorin4-desktop" score=0
2026-07-01 17:27:35.362 I0701 08:24:50.901152       1 schedule_one.go:745] "Plugin scored node for pod" pod="default/yolo-seg-1" plugin="TaintToleration" node="gpu-orin2" score=300
2026-07-01 17:27:35.363 I0701 08:24:50.901168       1 schedule_one.go:745] "Plugin scored node for pod" pod="default/yolo-seg-1" plugin="NodeAffinity" node="gpu-orin2" score=0
2026-07-01 17:27:35.364 I0701 08:24:50.901180       1 schedule_one.go:745] "Plugin scored node for pod" pod="default/yolo-seg-1" plugin="NodeResourcesFit" node="gpu-orin2" score=82
2026-07-01 17:27:35.364 I0701 08:24:50.901191       1 schedule_one.go:745] "Plugin scored node for pod" pod="default/yolo-seg-1" plugin="VolumeBinding" node="gpu-orin2" score=0
2026-07-01 17:27:35.365 I0701 08:24:50.901203       1 schedule_one.go:745] "Plugin scored node for pod" pod="default/yolo-seg-1" plugin="NodeResourcesBalancedAllocation" node="gpu-orin2" score=99
2026-07-01 17:27:35.365 I0701 08:24:50.901219       1 schedule_one.go:745] "Plugin scored node for pod" pod="default/yolo-seg-1" plugin="ImageLocality" node="gpu-orin2" score=0
2026-07-01 17:27:35.366 I0701 08:24:50.901230       1 schedule_one.go:745] "Plugin scored node for pod" pod="default/yolo-seg-1" plugin="TaintToleration" node="gpuorin5-desktop" score=300
2026-07-01 17:27:35.367 I0701 08:24:50.901242       1 schedule_one.go:745] "Plugin scored node for pod" pod="default/yolo-seg-1" plugin="NodeAffinity" node="gpuorin5-desktop" score=0
2026-07-01 17:27:35.367 I0701 08:24:50.901253       1 schedule_one.go:745] "Plugin scored node for pod" pod="default/yolo-seg-1" plugin="NodeResourcesFit" node="gpuorin5-desktop" score=82
2026-07-01 17:27:35.368 I0701 08:24:50.901268       1 schedule_one.go:745] "Plugin scored node for pod" pod="default/yolo-seg-1" plugin="VolumeBinding" node="gpuorin5-desktop" score=0
2026-07-01 17:27:35.368 I0701 08:24:50.901281       1 schedule_one.go:745] "Plugin scored node for pod" pod="default/yolo-seg-1" plugin="NodeResourcesBalancedAllocation" node="gpuorin5-desktop" score=99
2026-07-01 17:27:35.369 I0701 08:24:50.901294       1 schedule_one.go:745] "Plugin scored node for pod" pod="default/yolo-seg-1" plugin="ImageLocality" node="gpuorin5-desktop" score=0
2026-07-01 17:27:35.370 I0701 08:24:50.901312       1 schedule_one.go:812] "Calculated node's final score for pod" pod="default/yolo-seg-1" node="gpu-orin3" score=483
2026-07-01 17:27:35.370 I0701 08:24:50.901328       1 schedule_one.go:812] "Calculated node's final score for pod" pod="default/yolo-seg-1" node="gpuorin4-desktop" score=477
2026-07-01 17:27:35.371 I0701 08:24:50.901342       1 schedule_one.go:812] "Calculated node's final score for pod" pod="default/yolo-seg-1" node="gpu-orin2" score=481
2026-07-01 17:27:35.372 I0701 08:24:50.901357       1 schedule_one.go:812] "Calculated node's final score for pod" pod="default/yolo-seg-1" node="gpuorin5-desktop" score=481
2026-07-01 17:27:35.372 I0701 08:24:55.076255       1 resource_allocation.go:76] "Listed internal info for allocatable resources, requested resources and score" pod="default/yolo-obb-1" node="gpu-orin3" resourceAllocationScorer="LeastAllocated" allocatableResource=[6000,7885152256] requestedResource=[800,1677721600] resourceScore=82
2026-07-01 17:27:35.373 I0701 08:24:55.076269       1 resource_allocation.go:76] "Listed internal info for allocatable resources, requested resources and score" pod="default/yolo-obb-1" node="gpu-orin3" resourceAllocationScorer="NodeResourcesBalancedAllocation" allocatableResource=[6000,7885152256] requestedResource=[100,52428800] resourceScore=99
2026-07-01 17:27:35.374 I0701 08:24:55.076286       1 resource_allocation.go:76] "Listed internal info for allocatable resources, requested resources and score" pod="default/yolo-obb-1" node="gpuorin5-desktop" resourceAllocationScorer="LeastAllocated" allocatableResource=[6000,7885127680] requestedResource=[800,1677721600] resourceScore=82
2026-07-01 17:27:35.374 I0701 08:24:55.076301       1 resource_allocation.go:76] "Listed internal info for allocatable resources, requested resources and score" pod="default/yolo-obb-1" node="gpuorin5-desktop" resourceAllocationScorer="NodeResourcesBalancedAllocation" allocatableResource=[6000,7885127680] requestedResource=[100,52428800] resourceScore=99
2026-07-01 17:27:35.375 I0701 08:24:55.076314       1 resource_allocation.go:76] "Listed internal info for allocatable resources, requested resources and score" pod="default/yolo-obb-1" node="gpu-orin2" resourceAllocationScorer="LeastAllocated" allocatableResource=[6000,7885127680] requestedResource=[800,1677721600] resourceScore=82
2026-07-01 17:27:35.376 I0701 08:24:55.076323       1 resource_allocation.go:76] "Listed internal info for allocatable resources, requested resources and score" pod="default/yolo-obb-1" node="gpu-orin2" resourceAllocationScorer="NodeResourcesBalancedAllocation" allocatableResource=[6000,7885127680] requestedResource=[100,52428800] resourceScore=99
2026-07-01 17:27:35.376 I0701 08:24:55.076335       1 resource_allocation.go:76] "Listed internal info for allocatable resources, requested resources and score" pod="default/yolo-obb-1" node="gpuorin4-desktop" resourceAllocationScorer="LeastAllocated" allocatableResource=[6000,7885250560] requestedResource=[1000,2097152000] resourceScore=78
2026-07-01 17:27:35.377 I0701 08:24:55.076346       1 resource_allocation.go:76] "Listed internal info for allocatable resources, requested resources and score" pod="default/yolo-obb-1" node="gpuorin4-desktop" resourceAllocationScorer="NodeResourcesBalancedAllocation" allocatableResource=[6000,7885250560] requestedResource=[100,52428800] resourceScore=99
2026-07-01 17:27:35.378 I0701 08:24:55.076383       1 schedule_one.go:745] "Plugin scored node for pod" pod="default/yolo-obb-1" plugin="TaintToleration" node="gpu-orin3" score=300
2026-07-01 17:27:35.379 I0701 08:24:55.076394       1 schedule_one.go:745] "Plugin scored node for pod" pod="default/yolo-obb-1" plugin="NodeAffinity" node="gpu-orin3" score=0
2026-07-01 17:27:35.379 I0701 08:24:55.076400       1 schedule_one.go:745] "Plugin scored node for pod" pod="default/yolo-obb-1" plugin="NodeResourcesFit" node="gpu-orin3" score=82
2026-07-01 17:27:35.380 I0701 08:24:55.076407       1 schedule_one.go:745] "Plugin scored node for pod" pod="default/yolo-obb-1" plugin="VolumeBinding" node="gpu-orin3" score=0
2026-07-01 17:27:35.380 I0701 08:24:55.076413       1 schedule_one.go:745] "Plugin scored node for pod" pod="default/yolo-obb-1" plugin="NodeResourcesBalancedAllocation" node="gpu-orin3" score=99
2026-07-01 17:27:35.381 I0701 08:24:55.076420       1 schedule_one.go:745] "Plugin scored node for pod" pod="default/yolo-obb-1" plugin="ImageLocality" node="gpu-orin3" score=0
2026-07-01 17:27:35.382 I0701 08:24:55.076427       1 schedule_one.go:745] "Plugin scored node for pod" pod="default/yolo-obb-1" plugin="TaintToleration" node="gpuorin5-desktop" score=300
2026-07-01 17:27:35.382 I0701 08:24:55.076434       1 schedule_one.go:745] "Plugin scored node for pod" pod="default/yolo-obb-1" plugin="NodeAffinity" node="gpuorin5-desktop" score=0
2026-07-01 17:27:35.383 I0701 08:24:55.076439       1 schedule_one.go:745] "Plugin scored node for pod" pod="default/yolo-obb-1" plugin="NodeResourcesFit" node="gpuorin5-desktop" score=82
2026-07-01 17:27:35.383 I0701 08:24:55.076446       1 schedule_one.go:745] "Plugin scored node for pod" pod="default/yolo-obb-1" plugin="VolumeBinding" node="gpuorin5-desktop" score=0
2026-07-01 17:27:35.384 I0701 08:24:55.076452       1 schedule_one.go:745] "Plugin scored node for pod" pod="default/yolo-obb-1" plugin="NodeResourcesBalancedAllocation" node="gpuorin5-desktop" score=99
2026-07-01 17:27:35.385 I0701 08:24:55.076458       1 schedule_one.go:745] "Plugin scored node for pod" pod="default/yolo-obb-1" plugin="ImageLocality" node="gpuorin5-desktop" score=0
2026-07-01 17:27:35.385 I0701 08:24:55.076463       1 schedule_one.go:745] "Plugin scored node for pod" pod="default/yolo-obb-1" plugin="TaintToleration" node="gpu-orin2" score=300
2026-07-01 17:27:35.386 I0701 08:24:55.076469       1 schedule_one.go:745] "Plugin scored node for pod" pod="default/yolo-obb-1" plugin="NodeAffinity" node="gpu-orin2" score=0
2026-07-01 17:27:35.387 I0701 08:24:55.076475       1 schedule_one.go:745] "Plugin scored node for pod" pod="default/yolo-obb-1" plugin="NodeResourcesFit" node="gpu-orin2" score=82
2026-07-01 17:27:35.387 I0701 08:24:55.076481       1 schedule_one.go:745] "Plugin scored node for pod" pod="default/yolo-obb-1" plugin="VolumeBinding" node="gpu-orin2" score=0
2026-07-01 17:27:35.388 I0701 08:24:55.076486       1 schedule_one.go:745] "Plugin scored node for pod" pod="default/yolo-obb-1" plugin="NodeResourcesBalancedAllocation" node="gpu-orin2" score=99
2026-07-01 17:27:35.389 I0701 08:24:55.076491       1 schedule_one.go:745] "Plugin scored node for pod" pod="default/yolo-obb-1" plugin="ImageLocality" node="gpu-orin2" score=0
2026-07-01 17:27:35.389 I0701 08:24:55.076499       1 schedule_one.go:745] "Plugin scored node for pod" pod="default/yolo-obb-1" plugin="TaintToleration" node="gpuorin4-desktop" score=300
2026-07-01 17:27:35.390 I0701 08:24:55.076505       1 schedule_one.go:745] "Plugin scored node for pod" pod="default/yolo-obb-1" plugin="NodeAffinity" node="gpuorin4-desktop" score=0
2026-07-01 17:27:35.391 I0701 08:24:55.076510       1 schedule_one.go:745] "Plugin scored node for pod" pod="default/yolo-obb-1" plugin="NodeResourcesFit" node="gpuorin4-desktop" score=78
2026-07-01 17:27:35.391 I0701 08:24:55.076515       1 schedule_one.go:745] "Plugin scored node for pod" pod="default/yolo-obb-1" plugin="VolumeBinding" node="gpuorin4-desktop" score=0
2026-07-01 17:27:35.392 I0701 08:24:55.076520       1 schedule_one.go:745] "Plugin scored node for pod" pod="default/yolo-obb-1" plugin="NodeResourcesBalancedAllocation" node="gpuorin4-desktop" score=99
2026-07-01 17:27:35.393 I0701 08:24:55.076526       1 schedule_one.go:745] "Plugin scored node for pod" pod="default/yolo-obb-1" plugin="ImageLocality" node="gpuorin4-desktop" score=0
2026-07-01 17:27:35.394 I0701 08:24:55.076533       1 schedule_one.go:812] "Calculated node's final score for pod" pod="default/yolo-obb-1" node="gpu-orin3" score=481
2026-07-01 17:27:35.395 I0701 08:24:55.076541       1 schedule_one.go:812] "Calculated node's final score for pod" pod="default/yolo-obb-1" node="gpuorin5-desktop" score=481
2026-07-01 17:27:35.396 I0701 08:24:55.076547       1 schedule_one.go:812] "Calculated node's final score for pod" pod="default/yolo-obb-1" node="gpu-orin2" score=481
2026-07-01 17:27:35.397 I0701 08:24:55.076554       1 schedule_one.go:812] "Calculated node's final score for pod" pod="default/yolo-obb-1" node="gpuorin4-desktop" score=477
2026-07-01 17:27:35.399 I0701 08:24:59.448283       1 resource_allocation.go:76] "Listed internal info for allocatable resources, requested resources and score" pod="default/yolo-pos-1" node="gpuorin4-desktop" resourceAllocationScorer="LeastAllocated" allocatableResource=[6000,7885250560] requestedResource=[1000,2097152000] resourceScore=78
2026-07-01 17:27:35.400 I0701 08:24:59.448299       1 resource_allocation.go:76] "Listed internal info for allocatable resources, requested resources and score" pod="default/yolo-pos-1" node="gpuorin4-desktop" resourceAllocationScorer="NodeResourcesBalancedAllocation" allocatableResource=[6000,7885250560] requestedResource=[100,52428800] resourceScore=99
2026-07-01 17:27:35.402 I0701 08:24:59.448331       1 resource_allocation.go:76] "Listed internal info for allocatable resources, requested resources and score" pod="default/yolo-pos-1" node="gpu-orin2" resourceAllocationScorer="LeastAllocated" allocatableResource=[6000,7885127680] requestedResource=[900,1887436800] resourceScore=80
2026-07-01 17:27:35.403 I0701 08:24:59.448335       1 resource_allocation.go:76] "Listed internal info for allocatable resources, requested resources and score" pod="default/yolo-pos-1" node="gpuorin5-desktop" resourceAllocationScorer="LeastAllocated" allocatableResource=[6000,7885127680] requestedResource=[800,1677721600] resourceScore=82
2026-07-01 17:27:35.405 I0701 08:24:59.448344       1 resource_allocation.go:76] "Listed internal info for allocatable resources, requested resources and score" pod="default/yolo-pos-1" node="gpu-orin3" resourceAllocationScorer="LeastAllocated" allocatableResource=[6000,7885152256] requestedResource=[800,1677721600] resourceScore=82
2026-07-01 17:27:35.407 I0701 08:24:59.448357       1 resource_allocation.go:76] "Listed internal info for allocatable resources, requested resources and score" pod="default/yolo-pos-1" node="gpu-orin2" resourceAllocationScorer="NodeResourcesBalancedAllocation" allocatableResource=[6000,7885127680] requestedResource=[100,52428800] resourceScore=99
2026-07-01 17:27:35.409 I0701 08:24:59.448373       1 resource_allocation.go:76] "Listed internal info for allocatable resources, requested resources and score" pod="default/yolo-pos-1" node="gpuorin5-desktop" resourceAllocationScorer="NodeResourcesBalancedAllocation" allocatableResource=[6000,7885127680] requestedResource=[100,52428800] resourceScore=99
2026-07-01 17:27:35.412 I0701 08:24:59.448379       1 resource_allocation.go:76] "Listed internal info for allocatable resources, requested resources and score" pod="default/yolo-pos-1" node="gpu-orin3" resourceAllocationScorer="NodeResourcesBalancedAllocation" allocatableResource=[6000,7885152256] requestedResource=[100,52428800] resourceScore=99
2026-07-01 17:27:35.415 I0701 08:24:59.448489       1 schedule_one.go:745] "Plugin scored node for pod" pod="default/yolo-pos-1" plugin="TaintToleration" node="gpuorin4-desktop" score=300
2026-07-01 17:27:35.417 I0701 08:24:59.448508       1 schedule_one.go:745] "Plugin scored node for pod" pod="default/yolo-pos-1" plugin="NodeAffinity" node="gpuorin4-desktop" score=0
2026-07-01 17:27:35.420 I0701 08:24:59.448517       1 schedule_one.go:745] "Plugin scored node for pod" pod="default/yolo-pos-1" plugin="NodeResourcesFit" node="gpuorin4-desktop" score=78
2026-07-01 17:27:35.422 I0701 08:24:59.448527       1 schedule_one.go:745] "Plugin scored node for pod" pod="default/yolo-pos-1" plugin="VolumeBinding" node="gpuorin4-desktop" score=0
2026-07-01 17:27:35.425 I0701 08:24:59.448539       1 schedule_one.go:745] "Plugin scored node for pod" pod="default/yolo-pos-1" plugin="NodeResourcesBalancedAllocation" node="gpuorin4-desktop" score=99
2026-07-01 17:27:35.427 I0701 08:24:59.448551       1 schedule_one.go:745] "Plugin scored node for pod" pod="default/yolo-pos-1" plugin="ImageLocality" node="gpuorin4-desktop" score=0
2026-07-01 17:27:35.430 I0701 08:24:59.448565       1 schedule_one.go:745] "Plugin scored node for pod" pod="default/yolo-pos-1" plugin="TaintToleration" node="gpuorin5-desktop" score=300
2026-07-01 17:27:35.432 I0701 08:24:59.448575       1 schedule_one.go:745] "Plugin scored node for pod" pod="default/yolo-pos-1" plugin="NodeAffinity" node="gpuorin5-desktop" score=0
2026-07-01 17:27:35.435 I0701 08:24:59.448584       1 schedule_one.go:745] "Plugin scored node for pod" pod="default/yolo-pos-1" plugin="NodeResourcesFit" node="gpuorin5-desktop" score=82
2026-07-01 17:27:35.437 I0701 08:24:59.448592       1 schedule_one.go:745] "Plugin scored node for pod" pod="default/yolo-pos-1" plugin="VolumeBinding" node="gpuorin5-desktop" score=0
2026-07-01 17:27:35.440 I0701 08:24:59.448601       1 schedule_one.go:745] "Plugin scored node for pod" pod="default/yolo-pos-1" plugin="NodeResourcesBalancedAllocation" node="gpuorin5-desktop" score=99
2026-07-01 17:27:35.443 I0701 08:24:59.448611       1 schedule_one.go:745] "Plugin scored node for pod" pod="default/yolo-pos-1" plugin="ImageLocality" node="gpuorin5-desktop" score=0
2026-07-01 17:27:35.445 I0701 08:24:59.448619       1 schedule_one.go:745] "Plugin scored node for pod" pod="default/yolo-pos-1" plugin="TaintToleration" node="gpu-orin2" score=300
2026-07-01 17:27:35.447 I0701 08:24:59.448629       1 schedule_one.go:745] "Plugin scored node for pod" pod="default/yolo-pos-1" plugin="NodeAffinity" node="gpu-orin2" score=0
2026-07-01 17:27:35.450 I0701 08:24:59.448639       1 schedule_one.go:745] "Plugin scored node for pod" pod="default/yolo-pos-1" plugin="NodeResourcesFit" node="gpu-orin2" score=80
2026-07-01 17:27:35.453 I0701 08:24:59.448647       1 schedule_one.go:745] "Plugin scored node for pod" pod="default/yolo-pos-1" plugin="VolumeBinding" node="gpu-orin2" score=0
2026-07-01 17:27:35.455 I0701 08:24:59.448656       1 schedule_one.go:745] "Plugin scored node for pod" pod="default/yolo-pos-1" plugin="NodeResourcesBalancedAllocation" node="gpu-orin2" score=99
2026-07-01 17:27:35.457 I0701 08:24:59.448665       1 schedule_one.go:745] "Plugin scored node for pod" pod="default/yolo-pos-1" plugin="ImageLocality" node="gpu-orin2" score=0
2026-07-01 17:27:35.459 I0701 08:24:59.448674       1 schedule_one.go:745] "Plugin scored node for pod" pod="default/yolo-pos-1" plugin="TaintToleration" node="gpu-orin3" score=300
2026-07-01 17:27:35.462 I0701 08:24:59.448682       1 schedule_one.go:745] "Plugin scored node for pod" pod="default/yolo-pos-1" plugin="NodeAffinity" node="gpu-orin3" score=0
2026-07-01 17:27:35.464 I0701 08:24:59.448690       1 schedule_one.go:745] "Plugin scored node for pod" pod="default/yolo-pos-1" plugin="NodeResourcesFit" node="gpu-orin3" score=82
2026-07-01 17:27:35.467 I0701 08:24:59.448699       1 schedule_one.go:745] "Plugin scored node for pod" pod="default/yolo-pos-1" plugin="VolumeBinding" node="gpu-orin3" score=0
2026-07-01 17:27:35.469 I0701 08:24:59.448707       1 schedule_one.go:745] "Plugin scored node for pod" pod="default/yolo-pos-1" plugin="NodeResourcesBalancedAllocation" node="gpu-orin3" score=99
2026-07-01 17:27:35.472 I0701 08:24:59.448715       1 schedule_one.go:745] "Plugin scored node for pod" pod="default/yolo-pos-1" plugin="ImageLocality" node="gpu-orin3" score=0
2026-07-01 17:27:35.474 I0701 08:24:59.448729       1 schedule_one.go:812] "Calculated node's final score for pod" pod="default/yolo-pos-1" node="gpuorin4-desktop" score=477
2026-07-01 17:27:35.477 I0701 08:24:59.448739       1 schedule_one.go:812] "Calculated node's final score for pod" pod="default/yolo-pos-1" node="gpuorin5-desktop" score=481
2026-07-01 17:27:35.479 I0701 08:24:59.448751       1 schedule_one.go:812] "Calculated node's final score for pod" pod="default/yolo-pos-1" node="gpu-orin2" score=479
2026-07-01 17:27:35.482 I0701 08:24:59.448760       1 schedule_one.go:812] "Calculated node's final score for pod" pod="default/yolo-pos-1" node="gpu-orin3" score=481
2026-07-01 17:27:35.484 I0701 08:25:04.115494       1 resource_allocation.go:76] "Listed internal info for allocatable resources, requested resources and score" pod="default/yolo-cls-2" node="gpu-orin2" resourceAllocationScorer="LeastAllocated" allocatableResource=[6000,7885127680] requestedResource=[900,1887436800] resourceScore=80
2026-07-01 17:27:35.487 I0701 08:25:04.115508       1 resource_allocation.go:76] "Listed internal info for allocatable resources, requested resources and score" pod="default/yolo-cls-2" node="gpu-orin3" resourceAllocationScorer="LeastAllocated" allocatableResource=[6000,7885152256] requestedResource=[900,1887436800] resourceScore=80
2026-07-01 17:27:35.490 I0701 08:25:04.115512       1 resource_allocation.go:76] "Listed internal info for allocatable resources, requested resources and score" pod="default/yolo-cls-2" node="gpuorin4-desktop" resourceAllocationScorer="LeastAllocated" allocatableResource=[6000,7885250560] requestedResource=[1000,2097152000] resourceScore=78
2026-07-01 17:27:35.492 I0701 08:25:04.115536       1 resource_allocation.go:76] "Listed internal info for allocatable resources, requested resources and score" pod="default/yolo-cls-2" node="gpu-orin3" resourceAllocationScorer="NodeResourcesBalancedAllocation" allocatableResource=[6000,7885152256] requestedResource=[100,52428800] resourceScore=99
2026-07-01 17:27:35.495 I0701 08:25:04.115539       1 resource_allocation.go:76] "Listed internal info for allocatable resources, requested resources and score" pod="default/yolo-cls-2" node="gpuorin5-desktop" resourceAllocationScorer="LeastAllocated" allocatableResource=[6000,7885127680] requestedResource=[800,1677721600] resourceScore=82
2026-07-01 17:27:35.497 I0701 08:25:04.115544       1 resource_allocation.go:76] "Listed internal info for allocatable resources, requested resources and score" pod="default/yolo-cls-2" node="gpuorin4-desktop" resourceAllocationScorer="NodeResourcesBalancedAllocation" allocatableResource=[6000,7885250560] requestedResource=[100,52428800] resourceScore=99
2026-07-01 17:27:35.499 I0701 08:25:04.115525       1 resource_allocation.go:76] "Listed internal info for allocatable resources, requested resources and score" pod="default/yolo-cls-2" node="gpu-orin2" resourceAllocationScorer="NodeResourcesBalancedAllocation" allocatableResource=[6000,7885127680] requestedResource=[100,52428800] resourceScore=99
2026-07-01 17:27:35.502 I0701 08:25:04.115579       1 resource_allocation.go:76] "Listed internal info for allocatable resources, requested resources and score" pod="default/yolo-cls-2" node="gpuorin5-desktop" resourceAllocationScorer="NodeResourcesBalancedAllocation" allocatableResource=[6000,7885127680] requestedResource=[100,52428800] resourceScore=99
2026-07-01 17:27:35.505 I0701 08:25:04.115696       1 schedule_one.go:745] "Plugin scored node for pod" pod="default/yolo-cls-2" plugin="TaintToleration" node="gpu-orin2" score=300
2026-07-01 17:27:35.507 I0701 08:25:04.115715       1 schedule_one.go:745] "Plugin scored node for pod" pod="default/yolo-cls-2" plugin="NodeAffinity" node="gpu-orin2" score=0
2026-07-01 17:27:35.510 I0701 08:25:04.115725       1 schedule_one.go:745] "Plugin scored node for pod" pod="default/yolo-cls-2" plugin="NodeResourcesFit" node="gpu-orin2" score=80
2026-07-01 17:27:35.512 I0701 08:25:04.115734       1 schedule_one.go:745] "Plugin scored node for pod" pod="default/yolo-cls-2" plugin="VolumeBinding" node="gpu-orin2" score=0
2026-07-01 17:27:35.514 I0701 08:25:04.115744       1 schedule_one.go:745] "Plugin scored node for pod" pod="default/yolo-cls-2" plugin="NodeResourcesBalancedAllocation" node="gpu-orin2" score=99
2026-07-01 17:27:35.517 I0701 08:25:04.115753       1 schedule_one.go:745] "Plugin scored node for pod" pod="default/yolo-cls-2" plugin="ImageLocality" node="gpu-orin2" score=0
2026-07-01 17:27:35.519 I0701 08:25:04.115775       1 schedule_one.go:745] "Plugin scored node for pod" pod="default/yolo-cls-2" plugin="TaintToleration" node="gpu-orin3" score=300
2026-07-01 17:27:35.522 I0701 08:25:04.115786       1 schedule_one.go:745] "Plugin scored node for pod" pod="default/yolo-cls-2" plugin="NodeAffinity" node="gpu-orin3" score=0
2026-07-01 17:27:35.525 I0701 08:25:04.115798       1 schedule_one.go:745] "Plugin scored node for pod" pod="default/yolo-cls-2" plugin="NodeResourcesFit" node="gpu-orin3" score=80
2026-07-01 17:27:35.527 I0701 08:25:04.115807       1 schedule_one.go:745] "Plugin scored node for pod" pod="default/yolo-cls-2" plugin="VolumeBinding" node="gpu-orin3" score=0
2026-07-01 17:27:35.530 I0701 08:25:04.115815       1 schedule_one.go:745] "Plugin scored node for pod" pod="default/yolo-cls-2" plugin="NodeResourcesBalancedAllocation" node="gpu-orin3" score=99
2026-07-01 17:27:35.532 I0701 08:25:04.115824       1 schedule_one.go:745] "Plugin scored node for pod" pod="default/yolo-cls-2" plugin="ImageLocality" node="gpu-orin3" score=0
2026-07-01 17:27:35.535 I0701 08:25:04.115833       1 schedule_one.go:745] "Plugin scored node for pod" pod="default/yolo-cls-2" plugin="TaintToleration" node="gpuorin4-desktop" score=300
2026-07-01 17:27:35.538 I0701 08:25:04.115845       1 schedule_one.go:745] "Plugin scored node for pod" pod="default/yolo-cls-2" plugin="NodeAffinity" node="gpuorin4-desktop" score=0
2026-07-01 17:27:35.540 I0701 08:25:04.115854       1 schedule_one.go:745] "Plugin scored node for pod" pod="default/yolo-cls-2" plugin="NodeResourcesFit" node="gpuorin4-desktop" score=78
2026-07-01 17:27:35.543 I0701 08:25:04.115863       1 schedule_one.go:745] "Plugin scored node for pod" pod="default/yolo-cls-2" plugin="VolumeBinding" node="gpuorin4-desktop" score=0
2026-07-01 17:27:35.545 I0701 08:25:04.115874       1 schedule_one.go:745] "Plugin scored node for pod" pod="default/yolo-cls-2" plugin="NodeResourcesBalancedAllocation" node="gpuorin4-desktop" score=99
2026-07-01 17:27:35.548 I0701 08:25:04.115883       1 schedule_one.go:745] "Plugin scored node for pod" pod="default/yolo-cls-2" plugin="ImageLocality" node="gpuorin4-desktop" score=0
2026-07-01 17:27:35.550 I0701 08:25:04.115893       1 schedule_one.go:745] "Plugin scored node for pod" pod="default/yolo-cls-2" plugin="TaintToleration" node="gpuorin5-desktop" score=300
2026-07-01 17:27:35.552 I0701 08:25:04.115903       1 schedule_one.go:745] "Plugin scored node for pod" pod="default/yolo-cls-2" plugin="NodeAffinity" node="gpuorin5-desktop" score=0
2026-07-01 17:27:35.555 I0701 08:25:04.115912       1 schedule_one.go:745] "Plugin scored node for pod" pod="default/yolo-cls-2" plugin="NodeResourcesFit" node="gpuorin5-desktop" score=82
2026-07-01 17:27:35.557 I0701 08:25:04.115923       1 schedule_one.go:745] "Plugin scored node for pod" pod="default/yolo-cls-2" plugin="VolumeBinding" node="gpuorin5-desktop" score=0
2026-07-01 17:27:35.559 I0701 08:25:04.115935       1 schedule_one.go:745] "Plugin scored node for pod" pod="default/yolo-cls-2" plugin="NodeResourcesBalancedAllocation" node="gpuorin5-desktop" score=99
2026-07-01 17:27:35.561 I0701 08:25:04.115944       1 schedule_one.go:745] "Plugin scored node for pod" pod="default/yolo-cls-2" plugin="ImageLocality" node="gpuorin5-desktop" score=0
2026-07-01 17:27:35.563 I0701 08:25:04.115957       1 schedule_one.go:812] "Calculated node's final score for pod" pod="default/yolo-cls-2" node="gpu-orin2" score=479
2026-07-01 17:27:35.566 I0701 08:25:04.115967       1 schedule_one.go:812] "Calculated node's final score for pod" pod="default/yolo-cls-2" node="gpu-orin3" score=479
2026-07-01 17:27:35.568 I0701 08:25:04.115980       1 schedule_one.go:812] "Calculated node's final score for pod" pod="default/yolo-cls-2" node="gpuorin4-desktop" score=477
2026-07-01 17:27:35.571 I0701 08:25:04.115989       1 schedule_one.go:812] "Calculated node's final score for pod" pod="default/yolo-cls-2" node="gpuorin5-desktop" score=481
2026-07-01 17:27:35.573 I0701 08:25:08.074079       1 resource_allocation.go:76] "Listed internal info for allocatable resources, requested resources and score" pod="default/yolo-det-2" node="gpu-orin3" resourceAllocationScorer="LeastAllocated" allocatableResource=[6000,7885152256] requestedResource=[900,1887436800] resourceScore=80
2026-07-01 17:27:35.576 I0701 08:25:08.074102       1 resource_allocation.go:76] "Listed internal info for allocatable resources, requested resources and score" pod="default/yolo-det-2" node="gpu-orin3" resourceAllocationScorer="NodeResourcesBalancedAllocation" allocatableResource=[6000,7885152256] requestedResource=[100,52428800] resourceScore=99
2026-07-01 17:27:35.579 I0701 08:25:08.074101       1 resource_allocation.go:76] "Listed internal info for allocatable resources, requested resources and score" pod="default/yolo-det-2" node="gpuorin4-desktop" resourceAllocationScorer="LeastAllocated" allocatableResource=[6000,7885250560] requestedResource=[1000,2097152000] resourceScore=78
2026-07-01 17:27:35.581 I0701 08:25:08.074105       1 resource_allocation.go:76] "Listed internal info for allocatable resources, requested resources and score" pod="default/yolo-det-2" node="gpu-orin2" resourceAllocationScorer="LeastAllocated" allocatableResource=[6000,7885127680] requestedResource=[900,1887436800] resourceScore=80
2026-07-01 17:27:35.584 I0701 08:25:08.074136       1 resource_allocation.go:76] "Listed internal info for allocatable resources, requested resources and score" pod="default/yolo-det-2" node="gpuorin4-desktop" resourceAllocationScorer="NodeResourcesBalancedAllocation" allocatableResource=[6000,7885250560] requestedResource=[100,52428800] resourceScore=99
2026-07-01 17:27:35.587 I0701 08:25:08.074140       1 resource_allocation.go:76] "Listed internal info for allocatable resources, requested resources and score" pod="default/yolo-det-2" node="gpu-orin2" resourceAllocationScorer="NodeResourcesBalancedAllocation" allocatableResource=[6000,7885127680] requestedResource=[100,52428800] resourceScore=99
2026-07-01 17:27:35.590 I0701 08:25:08.074132       1 resource_allocation.go:76] "Listed internal info for allocatable resources, requested resources and score" pod="default/yolo-det-2" node="gpuorin5-desktop" resourceAllocationScorer="LeastAllocated" allocatableResource=[6000,7885127680] requestedResource=[900,1887436800] resourceScore=80
2026-07-01 17:27:35.592 I0701 08:25:08.074189       1 resource_allocation.go:76] "Listed internal info for allocatable resources, requested resources and score" pod="default/yolo-det-2" node="gpuorin5-desktop" resourceAllocationScorer="NodeResourcesBalancedAllocation" allocatableResource=[6000,7885127680] requestedResource=[100,52428800] resourceScore=99
2026-07-01 17:27:35.594 I0701 08:25:08.074303       1 schedule_one.go:745] "Plugin scored node for pod" pod="default/yolo-det-2" plugin="TaintToleration" node="gpuorin5-desktop" score=300
2026-07-01 17:27:35.595 I0701 08:25:08.074317       1 schedule_one.go:745] "Plugin scored node for pod" pod="default/yolo-det-2" plugin="NodeAffinity" node="gpuorin5-desktop" score=0
2026-07-01 17:27:35.597 I0701 08:25:08.074325       1 schedule_one.go:745] "Plugin scored node for pod" pod="default/yolo-det-2" plugin="NodeResourcesFit" node="gpuorin5-desktop" score=80
2026-07-01 17:27:35.599 I0701 08:25:08.074334       1 schedule_one.go:745] "Plugin scored node for pod" pod="default/yolo-det-2" plugin="VolumeBinding" node="gpuorin5-desktop" score=0
2026-07-01 17:27:35.601 I0701 08:25:08.074340       1 schedule_one.go:745] "Plugin scored node for pod" pod="default/yolo-det-2" plugin="NodeResourcesBalancedAllocation" node="gpuorin5-desktop" score=99
2026-07-01 17:27:35.603 I0701 08:25:08.074346       1 schedule_one.go:745] "Plugin scored node for pod" pod="default/yolo-det-2" plugin="ImageLocality" node="gpuorin5-desktop" score=0
2026-07-01 17:27:35.606 I0701 08:25:08.074352       1 schedule_one.go:745] "Plugin scored node for pod" pod="default/yolo-det-2" plugin="TaintToleration" node="gpu-orin3" score=300
2026-07-01 17:27:35.607 I0701 08:25:08.074360       1 schedule_one.go:745] "Plugin scored node for pod" pod="default/yolo-det-2" plugin="NodeAffinity" node="gpu-orin3" score=0
2026-07-01 17:27:35.608 I0701 08:25:08.074365       1 schedule_one.go:745] "Plugin scored node for pod" pod="default/yolo-det-2" plugin="NodeResourcesFit" node="gpu-orin3" score=80
2026-07-01 17:27:35.609 I0701 08:25:08.074371       1 schedule_one.go:745] "Plugin scored node for pod" pod="default/yolo-det-2" plugin="VolumeBinding" node="gpu-orin3" score=0
2026-07-01 17:27:35.611 I0701 08:25:08.074386       1 schedule_one.go:745] "Plugin scored node for pod" pod="default/yolo-det-2" plugin="NodeResourcesBalancedAllocation" node="gpu-orin3" score=99
2026-07-01 17:27:35.612 I0701 08:25:08.074398       1 schedule_one.go:745] "Plugin scored node for pod" pod="default/yolo-det-2" plugin="ImageLocality" node="gpu-orin3" score=0
2026-07-01 17:27:35.613 I0701 08:25:08.074405       1 schedule_one.go:745] "Plugin scored node for pod" pod="default/yolo-det-2" plugin="TaintToleration" node="gpu-orin2" score=300
2026-07-01 17:27:35.614 I0701 08:25:08.074411       1 schedule_one.go:745] "Plugin scored node for pod" pod="default/yolo-det-2" plugin="NodeAffinity" node="gpu-orin2" score=0
2026-07-01 17:27:35.615 I0701 08:25:08.074417       1 schedule_one.go:745] "Plugin scored node for pod" pod="default/yolo-det-2" plugin="NodeResourcesFit" node="gpu-orin2" score=80
2026-07-01 17:27:35.616 I0701 08:25:08.074423       1 schedule_one.go:745] "Plugin scored node for pod" pod="default/yolo-det-2" plugin="VolumeBinding" node="gpu-orin2" score=0
2026-07-01 17:27:35.617 I0701 08:25:08.074428       1 schedule_one.go:745] "Plugin scored node for pod" pod="default/yolo-det-2" plugin="NodeResourcesBalancedAllocation" node="gpu-orin2" score=99
2026-07-01 17:27:35.617 I0701 08:25:08.074434       1 schedule_one.go:745] "Plugin scored node for pod" pod="default/yolo-det-2" plugin="ImageLocality" node="gpu-orin2" score=0
2026-07-01 17:27:35.618 I0701 08:25:08.074440       1 schedule_one.go:745] "Plugin scored node for pod" pod="default/yolo-det-2" plugin="TaintToleration" node="gpuorin4-desktop" score=300
2026-07-01 17:27:35.619 I0701 08:25:08.074445       1 schedule_one.go:745] "Plugin scored node for pod" pod="default/yolo-det-2" plugin="NodeAffinity" node="gpuorin4-desktop" score=0
2026-07-01 17:27:35.619 I0701 08:25:08.074452       1 schedule_one.go:745] "Plugin scored node for pod" pod="default/yolo-det-2" plugin="NodeResourcesFit" node="gpuorin4-desktop" score=78
2026-07-01 17:27:35.620 I0701 08:25:08.074458       1 schedule_one.go:745] "Plugin scored node for pod" pod="default/yolo-det-2" plugin="VolumeBinding" node="gpuorin4-desktop" score=0
2026-07-01 17:27:35.621 I0701 08:25:08.074466       1 schedule_one.go:745] "Plugin scored node for pod" pod="default/yolo-det-2" plugin="NodeResourcesBalancedAllocation" node="gpuorin4-desktop" score=99
2026-07-01 17:27:35.621 I0701 08:25:08.074477       1 schedule_one.go:745] "Plugin scored node for pod" pod="default/yolo-det-2" plugin="ImageLocality" node="gpuorin4-desktop" score=0
2026-07-01 17:27:35.622 I0701 08:25:08.074487       1 schedule_one.go:812] "Calculated node's final score for pod" pod="default/yolo-det-2" node="gpuorin5-desktop" score=479
2026-07-01 17:27:35.623 I0701 08:25:08.074495       1 schedule_one.go:812] "Calculated node's final score for pod" pod="default/yolo-det-2" node="gpu-orin3" score=479
2026-07-01 17:27:35.623 I0701 08:25:08.074502       1 schedule_one.go:812] "Calculated node's final score for pod" pod="default/yolo-det-2" node="gpu-orin2" score=479
2026-07-01 17:27:35.624 I0701 08:25:08.074511       1 schedule_one.go:812] "Calculated node's final score for pod" pod="default/yolo-det-2" node="gpuorin4-desktop" score=477
2026-07-01 17:27:35.625 I0701 08:25:12.323209       1 resource_allocation.go:76] "Listed internal info for allocatable resources, requested resources and score" pod="default/yolo-seg-2" node="gpuorin4-desktop" resourceAllocationScorer="LeastAllocated" allocatableResource=[6000,7885250560] requestedResource=[1000,2097152000] resourceScore=78
2026-07-01 17:27:35.625 I0701 08:25:12.323226       1 resource_allocation.go:76] "Listed internal info for allocatable resources, requested resources and score" pod="default/yolo-seg-2" node="gpu-orin2" resourceAllocationScorer="LeastAllocated" allocatableResource=[6000,7885127680] requestedResource=[900,1887436800] resourceScore=80
2026-07-01 17:27:35.626 I0701 08:25:12.323241       1 resource_allocation.go:76] "Listed internal info for allocatable resources, requested resources and score" pod="default/yolo-seg-2" node="gpuorin4-desktop" resourceAllocationScorer="NodeResourcesBalancedAllocation" allocatableResource=[6000,7885250560] requestedResource=[100,52428800] resourceScore=99
2026-07-01 17:27:35.627 I0701 08:25:12.323259       1 resource_allocation.go:76] "Listed internal info for allocatable resources, requested resources and score" pod="default/yolo-seg-2" node="gpu-orin2" resourceAllocationScorer="NodeResourcesBalancedAllocation" allocatableResource=[6000,7885127680] requestedResource=[100,52428800] resourceScore=99
2026-07-01 17:27:35.627 I0701 08:25:12.323273       1 resource_allocation.go:76] "Listed internal info for allocatable resources, requested resources and score" pod="default/yolo-seg-2" node="gpu-orin3" resourceAllocationScorer="LeastAllocated" allocatableResource=[6000,7885152256] requestedResource=[1000,2097152000] resourceScore=78
2026-07-01 17:27:35.628 I0701 08:25:12.323283       1 resource_allocation.go:76] "Listed internal info for allocatable resources, requested resources and score" pod="default/yolo-seg-2" node="gpuorin5-desktop" resourceAllocationScorer="LeastAllocated" allocatableResource=[6000,7885127680] requestedResource=[900,1887436800] resourceScore=80
2026-07-01 17:27:35.629 I0701 08:25:12.323333       1 resource_allocation.go:76] "Listed internal info for allocatable resources, requested resources and score" pod="default/yolo-seg-2" node="gpu-orin3" resourceAllocationScorer="NodeResourcesBalancedAllocation" allocatableResource=[6000,7885152256] requestedResource=[100,52428800] resourceScore=99
2026-07-01 17:27:35.629 I0701 08:25:12.323343       1 resource_allocation.go:76] "Listed internal info for allocatable resources, requested resources and score" pod="default/yolo-seg-2" node="gpuorin5-desktop" resourceAllocationScorer="NodeResourcesBalancedAllocation" allocatableResource=[6000,7885127680] requestedResource=[100,52428800] resourceScore=99
2026-07-01 17:27:35.630 I0701 08:25:12.323454       1 schedule_one.go:745] "Plugin scored node for pod" pod="default/yolo-seg-2" plugin="TaintToleration" node="gpu-orin3" score=300
2026-07-01 17:27:35.631 I0701 08:25:12.323476       1 schedule_one.go:745] "Plugin scored node for pod" pod="default/yolo-seg-2" plugin="NodeAffinity" node="gpu-orin3" score=0
2026-07-01 17:27:35.631 I0701 08:25:12.323492       1 schedule_one.go:745] "Plugin scored node for pod" pod="default/yolo-seg-2" plugin="NodeResourcesFit" node="gpu-orin3" score=78
2026-07-01 17:27:35.632 I0701 08:25:12.323512       1 schedule_one.go:745] "Plugin scored node for pod" pod="default/yolo-seg-2" plugin="VolumeBinding" node="gpu-orin3" score=0
2026-07-01 17:27:35.632 I0701 08:25:12.323525       1 schedule_one.go:745] "Plugin scored node for pod" pod="default/yolo-seg-2" plugin="NodeResourcesBalancedAllocation" node="gpu-orin3" score=99
2026-07-01 17:27:35.633 I0701 08:25:12.323540       1 schedule_one.go:745] "Plugin scored node for pod" pod="default/yolo-seg-2" plugin="ImageLocality" node="gpu-orin3" score=0
2026-07-01 17:27:35.634 I0701 08:25:12.323553       1 schedule_one.go:745] "Plugin scored node for pod" pod="default/yolo-seg-2" plugin="TaintToleration" node="gpuorin4-desktop" score=300
2026-07-01 17:27:35.634 I0701 08:25:12.323566       1 schedule_one.go:745] "Plugin scored node for pod" pod="default/yolo-seg-2" plugin="NodeAffinity" node="gpuorin4-desktop" score=0
2026-07-01 17:27:35.635 I0701 08:25:12.323578       1 schedule_one.go:745] "Plugin scored node for pod" pod="default/yolo-seg-2" plugin="NodeResourcesFit" node="gpuorin4-desktop" score=78
2026-07-01 17:27:35.636 I0701 08:25:12.323589       1 schedule_one.go:745] "Plugin scored node for pod" pod="default/yolo-seg-2" plugin="VolumeBinding" node="gpuorin4-desktop" score=0
2026-07-01 17:27:35.636 I0701 08:25:12.323601       1 schedule_one.go:745] "Plugin scored node for pod" pod="default/yolo-seg-2" plugin="NodeResourcesBalancedAllocation" node="gpuorin4-desktop" score=99
2026-07-01 17:27:35.637 I0701 08:25:12.323618       1 schedule_one.go:745] "Plugin scored node for pod" pod="default/yolo-seg-2" plugin="ImageLocality" node="gpuorin4-desktop" score=0
2026-07-01 17:27:35.638 I0701 08:25:12.323630       1 schedule_one.go:745] "Plugin scored node for pod" pod="default/yolo-seg-2" plugin="TaintToleration" node="gpu-orin2" score=300
2026-07-01 17:27:35.638 I0701 08:25:12.323647       1 schedule_one.go:745] "Plugin scored node for pod" pod="default/yolo-seg-2" plugin="NodeAffinity" node="gpu-orin2" score=0
2026-07-01 17:27:35.639 I0701 08:25:12.323659       1 schedule_one.go:745] "Plugin scored node for pod" pod="default/yolo-seg-2" plugin="NodeResourcesFit" node="gpu-orin2" score=80
2026-07-01 17:27:35.639 I0701 08:25:12.323670       1 schedule_one.go:745] "Plugin scored node for pod" pod="default/yolo-seg-2" plugin="VolumeBinding" node="gpu-orin2" score=0
2026-07-01 17:27:35.640 I0701 08:25:12.323682       1 schedule_one.go:745] "Plugin scored node for pod" pod="default/yolo-seg-2" plugin="NodeResourcesBalancedAllocation" node="gpu-orin2" score=99
2026-07-01 17:27:35.641 I0701 08:25:12.323696       1 schedule_one.go:745] "Plugin scored node for pod" pod="default/yolo-seg-2" plugin="ImageLocality" node="gpu-orin2" score=0
2026-07-01 17:27:35.641 I0701 08:25:12.323710       1 schedule_one.go:745] "Plugin scored node for pod" pod="default/yolo-seg-2" plugin="TaintToleration" node="gpuorin5-desktop" score=300
2026-07-01 17:27:35.642 I0701 08:25:12.323722       1 schedule_one.go:745] "Plugin scored node for pod" pod="default/yolo-seg-2" plugin="NodeAffinity" node="gpuorin5-desktop" score=0
2026-07-01 17:27:35.643 I0701 08:25:12.323734       1 schedule_one.go:745] "Plugin scored node for pod" pod="default/yolo-seg-2" plugin="NodeResourcesFit" node="gpuorin5-desktop" score=80
2026-07-01 17:27:35.643 I0701 08:25:12.323747       1 schedule_one.go:745] "Plugin scored node for pod" pod="default/yolo-seg-2" plugin="VolumeBinding" node="gpuorin5-desktop" score=0
2026-07-01 17:27:35.644 I0701 08:25:12.323759       1 schedule_one.go:745] "Plugin scored node for pod" pod="default/yolo-seg-2" plugin="NodeResourcesBalancedAllocation" node="gpuorin5-desktop" score=99
2026-07-01 17:27:35.645 I0701 08:25:12.323784       1 schedule_one.go:745] "Plugin scored node for pod" pod="default/yolo-seg-2" plugin="ImageLocality" node="gpuorin5-desktop" score=0
2026-07-01 17:27:35.645 I0701 08:25:12.323805       1 schedule_one.go:812] "Calculated node's final score for pod" pod="default/yolo-seg-2" node="gpu-orin3" score=477
2026-07-01 17:27:35.646 I0701 08:25:12.323819       1 schedule_one.go:812] "Calculated node's final score for pod" pod="default/yolo-seg-2" node="gpuorin4-desktop" score=477
2026-07-01 17:27:35.646 I0701 08:25:12.323835       1 schedule_one.go:812] "Calculated node's final score for pod" pod="default/yolo-seg-2" node="gpu-orin2" score=479
2026-07-01 17:27:35.647 I0701 08:25:12.323849       1 schedule_one.go:812] "Calculated node's final score for pod" pod="default/yolo-seg-2" node="gpuorin5-desktop" score=479
2026-07-01 17:27:35.648 I0701 08:25:16.038460       1 resource_allocation.go:76] "Listed internal info for allocatable resources, requested resources and score" pod="default/yolo-obb-2" node="gpu-orin2" resourceAllocationScorer="LeastAllocated" allocatableResource=[6000,7885127680] requestedResource=[900,1887436800] resourceScore=80
2026-07-01 17:27:35.648 I0701 08:25:16.038485       1 resource_allocation.go:76] "Listed internal info for allocatable resources, requested resources and score" pod="default/yolo-obb-2" node="gpu-orin2" resourceAllocationScorer="NodeResourcesBalancedAllocation" allocatableResource=[6000,7885127680] requestedResource=[100,52428800] resourceScore=99
2026-07-01 17:27:35.649 I0701 08:25:16.038508       1 resource_allocation.go:76] "Listed internal info for allocatable resources, requested resources and score" pod="default/yolo-obb-2" node="gpu-orin3" resourceAllocationScorer="LeastAllocated" allocatableResource=[6000,7885152256] requestedResource=[1000,2097152000] resourceScore=78
2026-07-01 17:27:35.650 I0701 08:25:16.038523       1 resource_allocation.go:76] "Listed internal info for allocatable resources, requested resources and score" pod="default/yolo-obb-2" node="gpu-orin3" resourceAllocationScorer="NodeResourcesBalancedAllocation" allocatableResource=[6000,7885152256] requestedResource=[100,52428800] resourceScore=99
2026-07-01 17:27:35.651 I0701 08:25:16.038542       1 resource_allocation.go:76] "Listed internal info for allocatable resources, requested resources and score" pod="default/yolo-obb-2" node="gpuorin4-desktop" resourceAllocationScorer="LeastAllocated" allocatableResource=[6000,7885250560] requestedResource=[1000,2097152000] resourceScore=78
2026-07-01 17:27:35.651 I0701 08:25:16.038558       1 resource_allocation.go:76] "Listed internal info for allocatable resources, requested resources and score" pod="default/yolo-obb-2" node="gpuorin4-desktop" resourceAllocationScorer="NodeResourcesBalancedAllocation" allocatableResource=[6000,7885250560] requestedResource=[100,52428800] resourceScore=99
2026-07-01 17:27:35.652 I0701 08:25:16.038576       1 resource_allocation.go:76] "Listed internal info for allocatable resources, requested resources and score" pod="default/yolo-obb-2" node="gpuorin5-desktop" resourceAllocationScorer="LeastAllocated" allocatableResource=[6000,7885127680] requestedResource=[1000,2097152000] resourceScore=78
2026-07-01 17:27:35.653 I0701 08:25:16.038591       1 resource_allocation.go:76] "Listed internal info for allocatable resources, requested resources and score" pod="default/yolo-obb-2" node="gpuorin5-desktop" resourceAllocationScorer="NodeResourcesBalancedAllocation" allocatableResource=[6000,7885127680] requestedResource=[100,52428800] resourceScore=99
2026-07-01 17:27:35.653 I0701 08:25:16.038640       1 schedule_one.go:745] "Plugin scored node for pod" pod="default/yolo-obb-2" plugin="TaintToleration" node="gpu-orin2" score=300
2026-07-01 17:27:35.654 I0701 08:25:16.038657       1 schedule_one.go:745] "Plugin scored node for pod" pod="default/yolo-obb-2" plugin="NodeAffinity" node="gpu-orin2" score=0
2026-07-01 17:27:35.655 I0701 08:25:16.038667       1 schedule_one.go:745] "Plugin scored node for pod" pod="default/yolo-obb-2" plugin="NodeResourcesFit" node="gpu-orin2" score=80
2026-07-01 17:27:35.655 I0701 08:25:16.038674       1 schedule_one.go:745] "Plugin scored node for pod" pod="default/yolo-obb-2" plugin="VolumeBinding" node="gpu-orin2" score=0
2026-07-01 17:27:35.656 I0701 08:25:16.038682       1 schedule_one.go:745] "Plugin scored node for pod" pod="default/yolo-obb-2" plugin="NodeResourcesBalancedAllocation" node="gpu-orin2" score=99
2026-07-01 17:27:35.656 I0701 08:25:16.038689       1 schedule_one.go:745] "Plugin scored node for pod" pod="default/yolo-obb-2" plugin="ImageLocality" node="gpu-orin2" score=0
2026-07-01 17:27:35.657 I0701 08:25:16.038699       1 schedule_one.go:745] "Plugin scored node for pod" pod="default/yolo-obb-2" plugin="TaintToleration" node="gpu-orin3" score=300
2026-07-01 17:27:35.658 I0701 08:25:16.038706       1 schedule_one.go:745] "Plugin scored node for pod" pod="default/yolo-obb-2" plugin="NodeAffinity" node="gpu-orin3" score=0
2026-07-01 17:27:35.658 I0701 08:25:16.038713       1 schedule_one.go:745] "Plugin scored node for pod" pod="default/yolo-obb-2" plugin="NodeResourcesFit" node="gpu-orin3" score=78
2026-07-01 17:27:35.659 I0701 08:25:16.038720       1 schedule_one.go:745] "Plugin scored node for pod" pod="default/yolo-obb-2" plugin="VolumeBinding" node="gpu-orin3" score=0
2026-07-01 17:27:35.659 I0701 08:25:16.038728       1 schedule_one.go:745] "Plugin scored node for pod" pod="default/yolo-obb-2" plugin="NodeResourcesBalancedAllocation" node="gpu-orin3" score=99
2026-07-01 17:27:35.660 I0701 08:25:16.038734       1 schedule_one.go:745] "Plugin scored node for pod" pod="default/yolo-obb-2" plugin="ImageLocality" node="gpu-orin3" score=0
2026-07-01 17:27:35.661 I0701 08:25:16.038742       1 schedule_one.go:745] "Plugin scored node for pod" pod="default/yolo-obb-2" plugin="TaintToleration" node="gpuorin4-desktop" score=300
2026-07-01 17:27:35.661 I0701 08:25:16.038749       1 schedule_one.go:745] "Plugin scored node for pod" pod="default/yolo-obb-2" plugin="NodeAffinity" node="gpuorin4-desktop" score=0
2026-07-01 17:27:35.662 I0701 08:25:16.038760       1 schedule_one.go:745] "Plugin scored node for pod" pod="default/yolo-obb-2" plugin="NodeResourcesFit" node="gpuorin4-desktop" score=78
2026-07-01 17:27:35.663 I0701 08:25:16.038778       1 schedule_one.go:745] "Plugin scored node for pod" pod="default/yolo-obb-2" plugin="VolumeBinding" node="gpuorin4-desktop" score=0
2026-07-01 17:27:35.663 I0701 08:25:16.038785       1 schedule_one.go:745] "Plugin scored node for pod" pod="default/yolo-obb-2" plugin="NodeResourcesBalancedAllocation" node="gpuorin4-desktop" score=99
2026-07-01 17:27:35.664 I0701 08:25:16.038792       1 schedule_one.go:745] "Plugin scored node for pod" pod="default/yolo-obb-2" plugin="ImageLocality" node="gpuorin4-desktop" score=0
2026-07-01 17:27:35.665 I0701 08:25:16.038799       1 schedule_one.go:745] "Plugin scored node for pod" pod="default/yolo-obb-2" plugin="TaintToleration" node="gpuorin5-desktop" score=300
2026-07-01 17:27:35.665 I0701 08:25:16.038806       1 schedule_one.go:745] "Plugin scored node for pod" pod="default/yolo-obb-2" plugin="NodeAffinity" node="gpuorin5-desktop" score=0
2026-07-01 17:27:35.666 I0701 08:25:16.038812       1 schedule_one.go:745] "Plugin scored node for pod" pod="default/yolo-obb-2" plugin="NodeResourcesFit" node="gpuorin5-desktop" score=78
2026-07-01 17:27:35.667 I0701 08:25:16.038819       1 schedule_one.go:745] "Plugin scored node for pod" pod="default/yolo-obb-2" plugin="VolumeBinding" node="gpuorin5-desktop" score=0
2026-07-01 17:27:35.667 I0701 08:25:16.038827       1 schedule_one.go:745] "Plugin scored node for pod" pod="default/yolo-obb-2" plugin="NodeResourcesBalancedAllocation" node="gpuorin5-desktop" score=99
2026-07-01 17:27:35.668 I0701 08:25:16.038833       1 schedule_one.go:745] "Plugin scored node for pod" pod="default/yolo-obb-2" plugin="ImageLocality" node="gpuorin5-desktop" score=0
2026-07-01 17:27:35.669 I0701 08:25:16.038845       1 schedule_one.go:812] "Calculated node's final score for pod" pod="default/yolo-obb-2" node="gpu-orin2" score=479
2026-07-01 17:27:35.670 I0701 08:25:16.038854       1 schedule_one.go:812] "Calculated node's final score for pod" pod="default/yolo-obb-2" node="gpu-orin3" score=477
2026-07-01 17:27:35.671 I0701 08:25:16.038863       1 schedule_one.go:812] "Calculated node's final score for pod" pod="default/yolo-obb-2" node="gpuorin4-desktop" score=477
2026-07-01 17:27:35.672 I0701 08:25:16.038871       1 schedule_one.go:812] "Calculated node's final score for pod" pod="default/yolo-obb-2" node="gpuorin5-desktop" score=477
2026-07-01 17:27:35.673 I0701 08:25:20.439859       1 resource_allocation.go:76] "Listed internal info for allocatable resources, requested resources and score" pod="default/yolo-pos-2" node="gpuorin4-desktop" resourceAllocationScorer="LeastAllocated" allocatableResource=[6000,7885250560] requestedResource=[1000,2097152000] resourceScore=78
2026-07-01 17:27:35.675 I0701 08:25:20.439897       1 resource_allocation.go:76] "Listed internal info for allocatable resources, requested resources and score" pod="default/yolo-pos-2" node="gpuorin4-desktop" resourceAllocationScorer="NodeResourcesBalancedAllocation" allocatableResource=[6000,7885250560] requestedResource=[100,52428800] resourceScore=99
2026-07-01 17:27:35.676 I0701 08:25:20.439900       1 resource_allocation.go:76] "Listed internal info for allocatable resources, requested resources and score" pod="default/yolo-pos-2" node="gpu-orin3" resourceAllocationScorer="LeastAllocated" allocatableResource=[6000,7885152256] requestedResource=[1000,2097152000] resourceScore=78
2026-07-01 17:27:35.678 I0701 08:25:20.439948       1 resource_allocation.go:76] "Listed internal info for allocatable resources, requested resources and score" pod="default/yolo-pos-2" node="gpu-orin3" resourceAllocationScorer="NodeResourcesBalancedAllocation" allocatableResource=[6000,7885152256] requestedResource=[100,52428800] resourceScore=99
2026-07-01 17:27:35.679 I0701 08:25:20.439952       1 resource_allocation.go:76] "Listed internal info for allocatable resources, requested resources and score" pod="default/yolo-pos-2" node="gpuorin5-desktop" resourceAllocationScorer="LeastAllocated" allocatableResource=[6000,7885127680] requestedResource=[1000,2097152000] resourceScore=78
2026-07-01 17:27:35.681 I0701 08:25:20.439985       1 resource_allocation.go:76] "Listed internal info for allocatable resources, requested resources and score" pod="default/yolo-pos-2" node="gpuorin5-desktop" resourceAllocationScorer="NodeResourcesBalancedAllocation" allocatableResource=[6000,7885127680] requestedResource=[100,52428800] resourceScore=99
2026-07-01 17:27:35.682 I0701 08:25:20.440073       1 resource_allocation.go:76] "Listed internal info for allocatable resources, requested resources and score" pod="default/yolo-pos-2" node="gpu-orin2" resourceAllocationScorer="LeastAllocated" allocatableResource=[6000,7885127680] requestedResource=[1000,2097152000] resourceScore=78
2026-07-01 17:27:35.683 I0701 08:25:20.440104       1 resource_allocation.go:76] "Listed internal info for allocatable resources, requested resources and score" pod="default/yolo-pos-2" node="gpu-orin2" resourceAllocationScorer="NodeResourcesBalancedAllocation" allocatableResource=[6000,7885127680] requestedResource=[100,52428800] resourceScore=99
2026-07-01 17:27:35.684 I0701 08:25:20.440175       1 schedule_one.go:745] "Plugin scored node for pod" pod="default/yolo-pos-2" plugin="TaintToleration" node="gpu-orin2" score=300
2026-07-01 17:27:35.685 I0701 08:25:20.440193       1 schedule_one.go:745] "Plugin scored node for pod" pod="default/yolo-pos-2" plugin="NodeAffinity" node="gpu-orin2" score=0
2026-07-01 17:27:35.685 I0701 08:25:20.440202       1 schedule_one.go:745] "Plugin scored node for pod" pod="default/yolo-pos-2" plugin="NodeResourcesFit" node="gpu-orin2" score=78
2026-07-01 17:27:35.686 I0701 08:25:20.440212       1 schedule_one.go:745] "Plugin scored node for pod" pod="default/yolo-pos-2" plugin="VolumeBinding" node="gpu-orin2" score=0
2026-07-01 17:27:35.687 I0701 08:25:20.440221       1 schedule_one.go:745] "Plugin scored node for pod" pod="default/yolo-pos-2" plugin="NodeResourcesBalancedAllocation" node="gpu-orin2" score=99
2026-07-01 17:27:35.687 I0701 08:25:20.440232       1 schedule_one.go:745] "Plugin scored node for pod" pod="default/yolo-pos-2" plugin="ImageLocality" node="gpu-orin2" score=0
2026-07-01 17:27:35.688 I0701 08:25:20.440241       1 schedule_one.go:745] "Plugin scored node for pod" pod="default/yolo-pos-2" plugin="TaintToleration" node="gpu-orin3" score=300
2026-07-01 17:27:35.689 I0701 08:25:20.440253       1 schedule_one.go:745] "Plugin scored node for pod" pod="default/yolo-pos-2" plugin="NodeAffinity" node="gpu-orin3" score=0
2026-07-01 17:27:35.689 I0701 08:25:20.440262       1 schedule_one.go:745] "Plugin scored node for pod" pod="default/yolo-pos-2" plugin="NodeResourcesFit" node="gpu-orin3" score=78
2026-07-01 17:27:35.690 I0701 08:25:20.440272       1 schedule_one.go:745] "Plugin scored node for pod" pod="default/yolo-pos-2" plugin="VolumeBinding" node="gpu-orin3" score=0
2026-07-01 17:27:35.691 I0701 08:25:20.440281       1 schedule_one.go:745] "Plugin scored node for pod" pod="default/yolo-pos-2" plugin="NodeResourcesBalancedAllocation" node="gpu-orin3" score=99
2026-07-01 17:27:35.691 I0701 08:25:20.440291       1 schedule_one.go:745] "Plugin scored node for pod" pod="default/yolo-pos-2" plugin="ImageLocality" node="gpu-orin3" score=0
2026-07-01 17:27:35.692 I0701 08:25:20.440300       1 schedule_one.go:745] "Plugin scored node for pod" pod="default/yolo-pos-2" plugin="TaintToleration" node="gpuorin4-desktop" score=300
2026-07-01 17:27:35.692 I0701 08:25:20.440308       1 schedule_one.go:745] "Plugin scored node for pod" pod="default/yolo-pos-2" plugin="NodeAffinity" node="gpuorin4-desktop" score=0
2026-07-01 17:27:35.693 I0701 08:25:20.440318       1 schedule_one.go:745] "Plugin scored node for pod" pod="default/yolo-pos-2" plugin="NodeResourcesFit" node="gpuorin4-desktop" score=78
2026-07-01 17:27:35.694 I0701 08:25:20.440328       1 schedule_one.go:745] "Plugin scored node for pod" pod="default/yolo-pos-2" plugin="VolumeBinding" node="gpuorin4-desktop" score=0
2026-07-01 17:27:35.694 I0701 08:25:20.440337       1 schedule_one.go:745] "Plugin scored node for pod" pod="default/yolo-pos-2" plugin="NodeResourcesBalancedAllocation" node="gpuorin4-desktop" score=99
2026-07-01 17:27:35.695 I0701 08:25:20.440345       1 schedule_one.go:745] "Plugin scored node for pod" pod="default/yolo-pos-2" plugin="ImageLocality" node="gpuorin4-desktop" score=0
2026-07-01 17:27:35.695 I0701 08:25:20.440357       1 schedule_one.go:745] "Plugin scored node for pod" pod="default/yolo-pos-2" plugin="TaintToleration" node="gpuorin5-desktop" score=300
2026-07-01 17:27:35.696 I0701 08:25:20.440365       1 schedule_one.go:745] "Plugin scored node for pod" pod="default/yolo-pos-2" plugin="NodeAffinity" node="gpuorin5-desktop" score=0
2026-07-01 17:27:35.697 I0701 08:25:20.440376       1 schedule_one.go:745] "Plugin scored node for pod" pod="default/yolo-pos-2" plugin="NodeResourcesFit" node="gpuorin5-desktop" score=78
2026-07-01 17:27:35.697 I0701 08:25:20.440385       1 schedule_one.go:745] "Plugin scored node for pod" pod="default/yolo-pos-2" plugin="VolumeBinding" node="gpuorin5-desktop" score=0
2026-07-01 17:27:35.698 I0701 08:25:20.440393       1 schedule_one.go:745] "Plugin scored node for pod" pod="default/yolo-pos-2" plugin="NodeResourcesBalancedAllocation" node="gpuorin5-desktop" score=99
2026-07-01 17:27:35.699 I0701 08:25:20.440402       1 schedule_one.go:745] "Plugin scored node for pod" pod="default/yolo-pos-2" plugin="ImageLocality" node="gpuorin5-desktop" score=0
2026-07-01 17:27:35.699 I0701 08:25:20.440419       1 schedule_one.go:812] "Calculated node's final score for pod" pod="default/yolo-pos-2" node="gpu-orin2" score=477
2026-07-01 17:27:35.700 I0701 08:25:20.440431       1 schedule_one.go:812] "Calculated node's final score for pod" pod="default/yolo-pos-2" node="gpu-orin3" score=477
2026-07-01 17:27:35.701 I0701 08:25:20.440441       1 schedule_one.go:812] "Calculated node's final score for pod" pod="default/yolo-pos-2" node="gpuorin4-desktop" score=477
2026-07-01 17:27:35.701 I0701 08:25:20.440452       1 schedule_one.go:812] "Calculated node's final score for pod" pod="default/yolo-pos-2" node="gpuorin5-desktop" score=477
2026-07-01 17:27:51.790 I0701 08:27:51.786380       1 resource_allocation.go:76] "Listed internal info for allocatable resources, requested resources and score" pod="default/yolo-cls-1" node="gpu-orin2" resourceAllocationScorer="LeastAllocated" allocatableResource=[6000,7885127680] requestedResource=[700,1468006400] resourceScore=84
2026-07-01 17:27:51.793 I0701 08:27:51.786412       1 resource_allocation.go:76] "Listed internal info for allocatable resources, requested resources and score" pod="default/yolo-cls-1" node="gpu-orin2" resourceAllocationScorer="NodeResourcesBalancedAllocation" allocatableResource=[6000,7885127680] requestedResource=[100,52428800] resourceScore=99
2026-07-01 17:27:51.795 I0701 08:27:51.786443       1 resource_allocation.go:76] "Listed internal info for allocatable resources, requested resources and score" pod="default/yolo-cls-1" node="gpuorin5-desktop" resourceAllocationScorer="LeastAllocated" allocatableResource=[6000,7885127680] requestedResource=[700,1468006400] resourceScore=84
2026-07-01 17:27:51.799 I0701 08:27:51.786474       1 resource_allocation.go:76] "Listed internal info for allocatable resources, requested resources and score" pod="default/yolo-cls-1" node="gpuorin5-desktop" resourceAllocationScorer="NodeResourcesBalancedAllocation" allocatableResource=[6000,7885127680] requestedResource=[100,52428800] resourceScore=99
2026-07-01 17:27:51.802 I0701 08:27:51.786516       1 resource_allocation.go:76] "Listed internal info for allocatable resources, requested resources and score" pod="default/yolo-cls-1" node="gpuorin4-desktop" resourceAllocationScorer="LeastAllocated" allocatableResource=[6000,7885250560] requestedResource=[1000,2097152000] resourceScore=78
2026-07-01 17:27:51.805 I0701 08:27:51.786549       1 resource_allocation.go:76] "Listed internal info for allocatable resources, requested resources and score" pod="default/yolo-cls-1" node="gpu-orin3" resourceAllocationScorer="LeastAllocated" allocatableResource=[6000,7885152256] requestedResource=[700,1468006400] resourceScore=84
2026-07-01 17:27:51.808 I0701 08:27:51.786573       1 resource_allocation.go:76] "Listed internal info for allocatable resources, requested resources and score" pod="default/yolo-cls-1" node="gpuorin4-desktop" resourceAllocationScorer="NodeResourcesBalancedAllocation" allocatableResource=[6000,7885250560] requestedResource=[100,52428800] resourceScore=99
2026-07-01 17:27:51.811 I0701 08:27:51.786595       1 resource_allocation.go:76] "Listed internal info for allocatable resources, requested resources and score" pod="default/yolo-cls-1" node="gpu-orin3" resourceAllocationScorer="NodeResourcesBalancedAllocation" allocatableResource=[6000,7885152256] requestedResource=[100,52428800] resourceScore=99
2026-07-01 17:27:51.814 I0701 08:27:51.786837       1 schedule_one.go:745] "Plugin scored node for pod" pod="default/yolo-cls-1" plugin="TaintToleration" node="gpu-orin2" score=300
2026-07-01 17:27:51.817 I0701 08:27:51.786871       1 schedule_one.go:745] "Plugin scored node for pod" pod="default/yolo-cls-1" plugin="NodeAffinity" node="gpu-orin2" score=0
2026-07-01 17:27:51.820 I0701 08:27:51.786888       1 schedule_one.go:745] "Plugin scored node for pod" pod="default/yolo-cls-1" plugin="NodeResourcesFit" node="gpu-orin2" score=84
2026-07-01 17:27:51.823 I0701 08:27:51.786900       1 schedule_one.go:745] "Plugin scored node for pod" pod="default/yolo-cls-1" plugin="VolumeBinding" node="gpu-orin2" score=0
2026-07-01 17:27:51.825 I0701 08:27:51.786911       1 schedule_one.go:745] "Plugin scored node for pod" pod="default/yolo-cls-1" plugin="NodeResourcesBalancedAllocation" node="gpu-orin2" score=99
2026-07-01 17:27:51.827 I0701 08:27:51.786927       1 schedule_one.go:745] "Plugin scored node for pod" pod="default/yolo-cls-1" plugin="ImageLocality" node="gpu-orin2" score=0
2026-07-01 17:27:51.828 I0701 08:27:51.786947       1 schedule_one.go:745] "Plugin scored node for pod" pod="default/yolo-cls-1" plugin="TaintToleration" node="gpuorin4-desktop" score=300
2026-07-01 17:27:51.829 I0701 08:27:51.786960       1 schedule_one.go:745] "Plugin scored node for pod" pod="default/yolo-cls-1" plugin="NodeAffinity" node="gpuorin4-desktop" score=0
2026-07-01 17:27:51.830 I0701 08:27:51.786973       1 schedule_one.go:745] "Plugin scored node for pod" pod="default/yolo-cls-1" plugin="NodeResourcesFit" node="gpuorin4-desktop" score=78
2026-07-01 17:27:51.831 I0701 08:27:51.786985       1 schedule_one.go:745] "Plugin scored node for pod" pod="default/yolo-cls-1" plugin="VolumeBinding" node="gpuorin4-desktop" score=0
2026-07-01 17:27:51.832 I0701 08:27:51.786998       1 schedule_one.go:745] "Plugin scored node for pod" pod="default/yolo-cls-1" plugin="NodeResourcesBalancedAllocation" node="gpuorin4-desktop" score=99
2026-07-01 17:27:51.833 I0701 08:27:51.787011       1 schedule_one.go:745] "Plugin scored node for pod" pod="default/yolo-cls-1" plugin="ImageLocality" node="gpuorin4-desktop" score=0
2026-07-01 17:27:51.834 I0701 08:27:51.787029       1 schedule_one.go:745] "Plugin scored node for pod" pod="default/yolo-cls-1" plugin="TaintToleration" node="gpuorin5-desktop" score=300
2026-07-01 17:27:51.835 I0701 08:27:51.787042       1 schedule_one.go:745] "Plugin scored node for pod" pod="default/yolo-cls-1" plugin="NodeAffinity" node="gpuorin5-desktop" score=0
2026-07-01 17:27:51.835 I0701 08:27:51.787054       1 schedule_one.go:745] "Plugin scored node for pod" pod="default/yolo-cls-1" plugin="NodeResourcesFit" node="gpuorin5-desktop" score=84
2026-07-01 17:27:51.836 I0701 08:27:51.787066       1 schedule_one.go:745] "Plugin scored node for pod" pod="default/yolo-cls-1" plugin="VolumeBinding" node="gpuorin5-desktop" score=0
2026-07-01 17:27:51.837 I0701 08:27:51.787079       1 schedule_one.go:745] "Plugin scored node for pod" pod="default/yolo-cls-1" plugin="NodeResourcesBalancedAllocation" node="gpuorin5-desktop" score=99
2026-07-01 17:27:51.837 I0701 08:27:51.787091       1 schedule_one.go:745] "Plugin scored node for pod" pod="default/yolo-cls-1" plugin="ImageLocality" node="gpuorin5-desktop" score=0
2026-07-01 17:27:51.838 I0701 08:27:51.787103       1 schedule_one.go:745] "Plugin scored node for pod" pod="default/yolo-cls-1" plugin="TaintToleration" node="gpu-orin3" score=300
2026-07-01 17:27:51.838 I0701 08:27:51.787111       1 schedule_one.go:745] "Plugin scored node for pod" pod="default/yolo-cls-1" plugin="NodeAffinity" node="gpu-orin3" score=0
2026-07-01 17:27:51.839 I0701 08:27:51.787119       1 schedule_one.go:745] "Plugin scored node for pod" pod="default/yolo-cls-1" plugin="NodeResourcesFit" node="gpu-orin3" score=84
2026-07-01 17:27:51.840 I0701 08:27:51.787127       1 schedule_one.go:745] "Plugin scored node for pod" pod="default/yolo-cls-1" plugin="VolumeBinding" node="gpu-orin3" score=0
2026-07-01 17:27:51.840 I0701 08:27:51.787134       1 schedule_one.go:745] "Plugin scored node for pod" pod="default/yolo-cls-1" plugin="NodeResourcesBalancedAllocation" node="gpu-orin3" score=99
2026-07-01 17:27:51.841 I0701 08:27:51.787143       1 schedule_one.go:745] "Plugin scored node for pod" pod="default/yolo-cls-1" plugin="ImageLocality" node="gpu-orin3" score=0
2026-07-01 17:27:51.842 I0701 08:27:51.787155       1 schedule_one.go:812] "Calculated node's final score for pod" pod="default/yolo-cls-1" node="gpu-orin2" score=483
2026-07-01 17:27:51.842 I0701 08:27:51.787166       1 schedule_one.go:812] "Calculated node's final score for pod" pod="default/yolo-cls-1" node="gpuorin4-desktop" score=477
2026-07-01 17:27:51.843 I0701 08:27:51.787174       1 schedule_one.go:812] "Calculated node's final score for pod" pod="default/yolo-cls-1" node="gpuorin5-desktop" score=483
2026-07-01 17:27:51.844 I0701 08:27:51.787182       1 schedule_one.go:812] "Calculated node's final score for pod" pod="default/yolo-cls-1" node="gpu-orin3" score=483
2026-07-01 17:27:56.198 I0701 08:27:56.193791       1 resource_allocation.go:76] "Listed internal info for allocatable resources, requested resources and score" pod="default/yolo-det-1" node="gpuorin5-desktop" resourceAllocationScorer="LeastAllocated" allocatableResource=[6000,7885127680] requestedResource=[700,1468006400] resourceScore=84
2026-07-01 17:27:56.201 I0701 08:27:56.193812       1 resource_allocation.go:76] "Listed internal info for allocatable resources, requested resources and score" pod="default/yolo-det-1" node="gpuorin4-desktop" resourceAllocationScorer="LeastAllocated" allocatableResource=[6000,7885250560] requestedResource=[1000,2097152000] resourceScore=78
2026-07-01 17:27:56.204 I0701 08:27:56.193819       1 resource_allocation.go:76] "Listed internal info for allocatable resources, requested resources and score" pod="default/yolo-det-1" node="gpuorin5-desktop" resourceAllocationScorer="NodeResourcesBalancedAllocation" allocatableResource=[6000,7885127680] requestedResource=[100,52428800] resourceScore=99
2026-07-01 17:27:56.207 I0701 08:27:56.193830       1 resource_allocation.go:76] "Listed internal info for allocatable resources, requested resources and score" pod="default/yolo-det-1" node="gpu-orin3" resourceAllocationScorer="LeastAllocated" allocatableResource=[6000,7885152256] requestedResource=[800,1677721600] resourceScore=82
2026-07-01 17:27:56.210 I0701 08:27:56.193831       1 resource_allocation.go:76] "Listed internal info for allocatable resources, requested resources and score" pod="default/yolo-det-1" node="gpu-orin2" resourceAllocationScorer="LeastAllocated" allocatableResource=[6000,7885127680] requestedResource=[700,1468006400] resourceScore=84
2026-07-01 17:27:56.213 I0701 08:27:56.193852       1 resource_allocation.go:76] "Listed internal info for allocatable resources, requested resources and score" pod="default/yolo-det-1" node="gpuorin4-desktop" resourceAllocationScorer="NodeResourcesBalancedAllocation" allocatableResource=[6000,7885250560] requestedResource=[100,52428800] resourceScore=99
2026-07-01 17:27:56.215 I0701 08:27:56.193868       1 resource_allocation.go:76] "Listed internal info for allocatable resources, requested resources and score" pod="default/yolo-det-1" node="gpu-orin3" resourceAllocationScorer="NodeResourcesBalancedAllocation" allocatableResource=[6000,7885152256] requestedResource=[100,52428800] resourceScore=99
2026-07-01 17:27:56.217 I0701 08:27:56.193878       1 resource_allocation.go:76] "Listed internal info for allocatable resources, requested resources and score" pod="default/yolo-det-1" node="gpu-orin2" resourceAllocationScorer="NodeResourcesBalancedAllocation" allocatableResource=[6000,7885127680] requestedResource=[100,52428800] resourceScore=99
2026-07-01 17:27:56.219 I0701 08:27:56.194011       1 schedule_one.go:745] "Plugin scored node for pod" pod="default/yolo-det-1" plugin="TaintToleration" node="gpuorin4-desktop" score=300
2026-07-01 17:27:56.221 I0701 08:27:56.194040       1 schedule_one.go:745] "Plugin scored node for pod" pod="default/yolo-det-1" plugin="NodeAffinity" node="gpuorin4-desktop" score=0
2026-07-01 17:27:56.222 I0701 08:27:56.194059       1 schedule_one.go:745] "Plugin scored node for pod" pod="default/yolo-det-1" plugin="NodeResourcesFit" node="gpuorin4-desktop" score=78
2026-07-01 17:27:56.223 I0701 08:27:56.194076       1 schedule_one.go:745] "Plugin scored node for pod" pod="default/yolo-det-1" plugin="VolumeBinding" node="gpuorin4-desktop" score=0
2026-07-01 17:27:56.224 I0701 08:27:56.194094       1 schedule_one.go:745] "Plugin scored node for pod" pod="default/yolo-det-1" plugin="NodeResourcesBalancedAllocation" node="gpuorin4-desktop" score=99
2026-07-01 17:27:56.225 I0701 08:27:56.194109       1 schedule_one.go:745] "Plugin scored node for pod" pod="default/yolo-det-1" plugin="ImageLocality" node="gpuorin4-desktop" score=0
2026-07-01 17:27:56.226 I0701 08:27:56.194122       1 schedule_one.go:745] "Plugin scored node for pod" pod="default/yolo-det-1" plugin="TaintToleration" node="gpuorin5-desktop" score=300
2026-07-01 17:27:56.227 I0701 08:27:56.194140       1 schedule_one.go:745] "Plugin scored node for pod" pod="default/yolo-det-1" plugin="NodeAffinity" node="gpuorin5-desktop" score=0
2026-07-01 17:27:56.228 I0701 08:27:56.194152       1 schedule_one.go:745] "Plugin scored node for pod" pod="default/yolo-det-1" plugin="NodeResourcesFit" node="gpuorin5-desktop" score=84
2026-07-01 17:27:56.230 I0701 08:27:56.194164       1 schedule_one.go:745] "Plugin scored node for pod" pod="default/yolo-det-1" plugin="VolumeBinding" node="gpuorin5-desktop" score=0
2026-07-01 17:27:56.231 I0701 08:27:56.194181       1 schedule_one.go:745] "Plugin scored node for pod" pod="default/yolo-det-1" plugin="NodeResourcesBalancedAllocation" node="gpuorin5-desktop" score=99
2026-07-01 17:27:56.232 I0701 08:27:56.194193       1 schedule_one.go:745] "Plugin scored node for pod" pod="default/yolo-det-1" plugin="ImageLocality" node="gpuorin5-desktop" score=0
2026-07-01 17:27:56.233 I0701 08:27:56.194212       1 schedule_one.go:745] "Plugin scored node for pod" pod="default/yolo-det-1" plugin="TaintToleration" node="gpu-orin2" score=300
2026-07-01 17:27:56.234 I0701 08:27:56.194225       1 schedule_one.go:745] "Plugin scored node for pod" pod="default/yolo-det-1" plugin="NodeAffinity" node="gpu-orin2" score=0
2026-07-01 17:27:56.235 I0701 08:27:56.194236       1 schedule_one.go:745] "Plugin scored node for pod" pod="default/yolo-det-1" plugin="NodeResourcesFit" node="gpu-orin2" score=84
2026-07-01 17:27:56.235 I0701 08:27:56.194247       1 schedule_one.go:745] "Plugin scored node for pod" pod="default/yolo-det-1" plugin="VolumeBinding" node="gpu-orin2" score=0
2026-07-01 17:27:56.236 I0701 08:27:56.194269       1 schedule_one.go:745] "Plugin scored node for pod" pod="default/yolo-det-1" plugin="NodeResourcesBalancedAllocation" node="gpu-orin2" score=99
2026-07-01 17:27:56.237 I0701 08:27:56.194280       1 schedule_one.go:745] "Plugin scored node for pod" pod="default/yolo-det-1" plugin="ImageLocality" node="gpu-orin2" score=0
2026-07-01 17:27:56.237 I0701 08:27:56.194293       1 schedule_one.go:745] "Plugin scored node for pod" pod="default/yolo-det-1" plugin="TaintToleration" node="gpu-orin3" score=300
2026-07-01 17:27:56.238 I0701 08:27:56.194306       1 schedule_one.go:745] "Plugin scored node for pod" pod="default/yolo-det-1" plugin="NodeAffinity" node="gpu-orin3" score=0
2026-07-01 17:27:56.239 I0701 08:27:56.194318       1 schedule_one.go:745] "Plugin scored node for pod" pod="default/yolo-det-1" plugin="NodeResourcesFit" node="gpu-orin3" score=82
2026-07-01 17:27:56.239 I0701 08:27:56.194332       1 schedule_one.go:745] "Plugin scored node for pod" pod="default/yolo-det-1" plugin="VolumeBinding" node="gpu-orin3" score=0
2026-07-01 17:27:56.240 I0701 08:27:56.194346       1 schedule_one.go:745] "Plugin scored node for pod" pod="default/yolo-det-1" plugin="NodeResourcesBalancedAllocation" node="gpu-orin3" score=99
2026-07-01 17:27:56.241 I0701 08:27:56.194359       1 schedule_one.go:745] "Plugin scored node for pod" pod="default/yolo-det-1" plugin="ImageLocality" node="gpu-orin3" score=0
2026-07-01 17:27:56.241 I0701 08:27:56.194381       1 schedule_one.go:812] "Calculated node's final score for pod" pod="default/yolo-det-1" node="gpuorin4-desktop" score=477
2026-07-01 17:27:56.242 I0701 08:27:56.194402       1 schedule_one.go:812] "Calculated node's final score for pod" pod="default/yolo-det-1" node="gpuorin5-desktop" score=483
2026-07-01 17:27:56.242 I0701 08:27:56.194417       1 schedule_one.go:812] "Calculated node's final score for pod" pod="default/yolo-det-1" node="gpu-orin2" score=483
2026-07-01 17:27:56.243 I0701 08:27:56.194431       1 schedule_one.go:812] "Calculated node's final score for pod" pod="default/yolo-det-1" node="gpu-orin3" score=481
2026-07-01 17:28:03.131 I0701 08:28:03.127523       1 resource_allocation.go:76] "Listed internal info for allocatable resources, requested resources and score" pod="default/yolo-seg-1" node="gpu-orin2" resourceAllocationScorer="LeastAllocated" allocatableResource=[6000,7885127680] requestedResource=[800,1677721600] resourceScore=82
2026-07-01 17:28:03.134 I0701 08:28:03.127541       1 resource_allocation.go:76] "Listed internal info for allocatable resources, requested resources and score" pod="default/yolo-seg-1" node="gpu-orin2" resourceAllocationScorer="NodeResourcesBalancedAllocation" allocatableResource=[6000,7885127680] requestedResource=[100,52428800] resourceScore=99
2026-07-01 17:28:03.137 I0701 08:28:03.127588       1 resource_allocation.go:76] "Listed internal info for allocatable resources, requested resources and score" pod="default/yolo-seg-1" node="gpuorin4-desktop" resourceAllocationScorer="LeastAllocated" allocatableResource=[6000,7885250560] requestedResource=[1000,2097152000] resourceScore=78
2026-07-01 17:28:03.139 I0701 08:28:03.127589       1 resource_allocation.go:76] "Listed internal info for allocatable resources, requested resources and score" pod="default/yolo-seg-1" node="gpu-orin3" resourceAllocationScorer="LeastAllocated" allocatableResource=[6000,7885152256] requestedResource=[800,1677721600] resourceScore=82
2026-07-01 17:28:03.142 I0701 08:28:03.127599       1 resource_allocation.go:76] "Listed internal info for allocatable resources, requested resources and score" pod="default/yolo-seg-1" node="gpuorin5-desktop" resourceAllocationScorer="LeastAllocated" allocatableResource=[6000,7885127680] requestedResource=[700,1468006400] resourceScore=84
2026-07-01 17:28:03.145 I0701 08:28:03.127618       1 resource_allocation.go:76] "Listed internal info for allocatable resources, requested resources and score" pod="default/yolo-seg-1" node="gpuorin4-desktop" resourceAllocationScorer="NodeResourcesBalancedAllocation" allocatableResource=[6000,7885250560] requestedResource=[100,52428800] resourceScore=99
2026-07-01 17:28:03.148 I0701 08:28:03.127653       1 resource_allocation.go:76] "Listed internal info for allocatable resources, requested resources and score" pod="default/yolo-seg-1" node="gpuorin5-desktop" resourceAllocationScorer="NodeResourcesBalancedAllocation" allocatableResource=[6000,7885127680] requestedResource=[100,52428800] resourceScore=99
2026-07-01 17:28:03.151 I0701 08:28:03.127655       1 resource_allocation.go:76] "Listed internal info for allocatable resources, requested resources and score" pod="default/yolo-seg-1" node="gpu-orin3" resourceAllocationScorer="NodeResourcesBalancedAllocation" allocatableResource=[6000,7885152256] requestedResource=[100,52428800] resourceScore=99
2026-07-01 17:28:03.154 I0701 08:28:03.127797       1 schedule_one.go:745] "Plugin scored node for pod" pod="default/yolo-seg-1" plugin="TaintToleration" node="gpu-orin2" score=300
2026-07-01 17:28:03.157 I0701 08:28:03.127820       1 schedule_one.go:745] "Plugin scored node for pod" pod="default/yolo-seg-1" plugin="NodeAffinity" node="gpu-orin2" score=0
2026-07-01 17:28:03.159 I0701 08:28:03.127828       1 schedule_one.go:745] "Plugin scored node for pod" pod="default/yolo-seg-1" plugin="NodeResourcesFit" node="gpu-orin2" score=82
2026-07-01 17:28:03.161 I0701 08:28:03.127840       1 schedule_one.go:745] "Plugin scored node for pod" pod="default/yolo-seg-1" plugin="VolumeBinding" node="gpu-orin2" score=0
2026-07-01 17:28:03.162 I0701 08:28:03.127846       1 schedule_one.go:745] "Plugin scored node for pod" pod="default/yolo-seg-1" plugin="NodeResourcesBalancedAllocation" node="gpu-orin2" score=99
2026-07-01 17:28:03.164 I0701 08:28:03.127852       1 schedule_one.go:745] "Plugin scored node for pod" pod="default/yolo-seg-1" plugin="ImageLocality" node="gpu-orin2" score=0
2026-07-01 17:28:03.165 I0701 08:28:03.127858       1 schedule_one.go:745] "Plugin scored node for pod" pod="default/yolo-seg-1" plugin="TaintToleration" node="gpuorin5-desktop" score=300
2026-07-01 17:28:03.166 I0701 08:28:03.127863       1 schedule_one.go:745] "Plugin scored node for pod" pod="default/yolo-seg-1" plugin="NodeAffinity" node="gpuorin5-desktop" score=0
2026-07-01 17:28:03.167 I0701 08:28:03.127869       1 schedule_one.go:745] "Plugin scored node for pod" pod="default/yolo-seg-1" plugin="NodeResourcesFit" node="gpuorin5-desktop" score=84
2026-07-01 17:28:03.168 I0701 08:28:03.127875       1 schedule_one.go:745] "Plugin scored node for pod" pod="default/yolo-seg-1" plugin="VolumeBinding" node="gpuorin5-desktop" score=0
2026-07-01 17:28:03.168 I0701 08:28:03.127880       1 schedule_one.go:745] "Plugin scored node for pod" pod="default/yolo-seg-1" plugin="NodeResourcesBalancedAllocation" node="gpuorin5-desktop" score=99
2026-07-01 17:28:03.169 I0701 08:28:03.127890       1 schedule_one.go:745] "Plugin scored node for pod" pod="default/yolo-seg-1" plugin="ImageLocality" node="gpuorin5-desktop" score=0
2026-07-01 17:28:03.170 I0701 08:28:03.127899       1 schedule_one.go:745] "Plugin scored node for pod" pod="default/yolo-seg-1" plugin="TaintToleration" node="gpu-orin3" score=300
2026-07-01 17:28:03.170 I0701 08:28:03.127908       1 schedule_one.go:745] "Plugin scored node for pod" pod="default/yolo-seg-1" plugin="NodeAffinity" node="gpu-orin3" score=0
2026-07-01 17:28:03.171 I0701 08:28:03.127914       1 schedule_one.go:745] "Plugin scored node for pod" pod="default/yolo-seg-1" plugin="NodeResourcesFit" node="gpu-orin3" score=82
2026-07-01 17:28:03.172 I0701 08:28:03.127921       1 schedule_one.go:745] "Plugin scored node for pod" pod="default/yolo-seg-1" plugin="VolumeBinding" node="gpu-orin3" score=0
2026-07-01 17:28:03.172 I0701 08:28:03.127927       1 schedule_one.go:745] "Plugin scored node for pod" pod="default/yolo-seg-1" plugin="NodeResourcesBalancedAllocation" node="gpu-orin3" score=99
2026-07-01 17:28:03.173 I0701 08:28:03.127934       1 schedule_one.go:745] "Plugin scored node for pod" pod="default/yolo-seg-1" plugin="ImageLocality" node="gpu-orin3" score=0
2026-07-01 17:28:03.174 I0701 08:28:03.127940       1 schedule_one.go:745] "Plugin scored node for pod" pod="default/yolo-seg-1" plugin="TaintToleration" node="gpuorin4-desktop" score=300
2026-07-01 17:28:03.175 I0701 08:28:03.127945       1 schedule_one.go:745] "Plugin scored node for pod" pod="default/yolo-seg-1" plugin="NodeAffinity" node="gpuorin4-desktop" score=0
2026-07-01 17:28:03.175 I0701 08:28:03.127950       1 schedule_one.go:745] "Plugin scored node for pod" pod="default/yolo-seg-1" plugin="NodeResourcesFit" node="gpuorin4-desktop" score=78
2026-07-01 17:28:03.176 I0701 08:28:03.127956       1 schedule_one.go:745] "Plugin scored node for pod" pod="default/yolo-seg-1" plugin="VolumeBinding" node="gpuorin4-desktop" score=0
2026-07-01 17:28:03.177 I0701 08:28:03.127962       1 schedule_one.go:745] "Plugin scored node for pod" pod="default/yolo-seg-1" plugin="NodeResourcesBalancedAllocation" node="gpuorin4-desktop" score=99
2026-07-01 17:28:03.177 I0701 08:28:03.127969       1 schedule_one.go:745] "Plugin scored node for pod" pod="default/yolo-seg-1" plugin="ImageLocality" node="gpuorin4-desktop" score=0
2026-07-01 17:28:03.178 I0701 08:28:03.127978       1 schedule_one.go:812] "Calculated node's final score for pod" pod="default/yolo-seg-1" node="gpu-orin2" score=481
2026-07-01 17:28:03.179 I0701 08:28:03.127987       1 schedule_one.go:812] "Calculated node's final score for pod" pod="default/yolo-seg-1" node="gpuorin5-desktop" score=483
2026-07-01 17:28:03.180 I0701 08:28:03.127993       1 schedule_one.go:812] "Calculated node's final score for pod" pod="default/yolo-seg-1" node="gpu-orin3" score=481
2026-07-01 17:28:03.181 I0701 08:28:03.128001       1 schedule_one.go:812] "Calculated node's final score for pod" pod="default/yolo-seg-1" node="gpuorin4-desktop" score=477
2026-07-01 17:28:07.647 I0701 08:28:07.643674       1 resource_allocation.go:76] "Listed internal info for allocatable resources, requested resources and score" pod="default/yolo-obb-1" node="gpu-orin2" resourceAllocationScorer="LeastAllocated" allocatableResource=[6000,7885127680] requestedResource=[800,1677721600] resourceScore=82
2026-07-01 17:28:07.651 I0701 08:28:07.643707       1 resource_allocation.go:76] "Listed internal info for allocatable resources, requested resources and score" pod="default/yolo-obb-1" node="gpu-orin3" resourceAllocationScorer="LeastAllocated" allocatableResource=[6000,7885152256] requestedResource=[800,1677721600] resourceScore=82
2026-07-01 17:28:07.654 I0701 08:28:07.643723       1 resource_allocation.go:76] "Listed internal info for allocatable resources, requested resources and score" pod="default/yolo-obb-1" node="gpu-orin2" resourceAllocationScorer="NodeResourcesBalancedAllocation" allocatableResource=[6000,7885127680] requestedResource=[100,52428800] resourceScore=99
2026-07-01 17:28:07.657 I0701 08:28:07.643727       1 resource_allocation.go:76] "Listed internal info for allocatable resources, requested resources and score" pod="default/yolo-obb-1" node="gpuorin4-desktop" resourceAllocationScorer="LeastAllocated" allocatableResource=[6000,7885250560] requestedResource=[1000,2097152000] resourceScore=78
2026-07-01 17:28:07.661 I0701 08:28:07.643733       1 resource_allocation.go:76] "Listed internal info for allocatable resources, requested resources and score" pod="default/yolo-obb-1" node="gpuorin5-desktop" resourceAllocationScorer="LeastAllocated" allocatableResource=[6000,7885127680] requestedResource=[800,1677721600] resourceScore=82
2026-07-01 17:28:07.664 I0701 08:28:07.643759       1 resource_allocation.go:76] "Listed internal info for allocatable resources, requested resources and score" pod="default/yolo-obb-1" node="gpu-orin3" resourceAllocationScorer="NodeResourcesBalancedAllocation" allocatableResource=[6000,7885152256] requestedResource=[100,52428800] resourceScore=99
2026-07-01 17:28:07.667 I0701 08:28:07.643798       1 resource_allocation.go:76] "Listed internal info for allocatable resources, requested resources and score" pod="default/yolo-obb-1" node="gpuorin4-desktop" resourceAllocationScorer="NodeResourcesBalancedAllocation" allocatableResource=[6000,7885250560] requestedResource=[100,52428800] resourceScore=99
2026-07-01 17:28:07.670 I0701 08:28:07.643817       1 resource_allocation.go:76] "Listed internal info for allocatable resources, requested resources and score" pod="default/yolo-obb-1" node="gpuorin5-desktop" resourceAllocationScorer="NodeResourcesBalancedAllocation" allocatableResource=[6000,7885127680] requestedResource=[100,52428800] resourceScore=99
2026-07-01 17:28:07.671 I0701 08:28:07.643984       1 schedule_one.go:745] "Plugin scored node for pod" pod="default/yolo-obb-1" plugin="TaintToleration" node="gpu-orin2" score=300
2026-07-01 17:28:07.673 I0701 08:28:07.644018       1 schedule_one.go:745] "Plugin scored node for pod" pod="default/yolo-obb-1" plugin="NodeAffinity" node="gpu-orin2" score=0
2026-07-01 17:28:07.674 I0701 08:28:07.644035       1 schedule_one.go:745] "Plugin scored node for pod" pod="default/yolo-obb-1" plugin="NodeResourcesFit" node="gpu-orin2" score=82
2026-07-01 17:28:07.675 I0701 08:28:07.644052       1 schedule_one.go:745] "Plugin scored node for pod" pod="default/yolo-obb-1" plugin="VolumeBinding" node="gpu-orin2" score=0
2026-07-01 17:28:07.676 I0701 08:28:07.644063       1 schedule_one.go:745] "Plugin scored node for pod" pod="default/yolo-obb-1" plugin="NodeResourcesBalancedAllocation" node="gpu-orin2" score=99
2026-07-01 17:28:07.678 I0701 08:28:07.644073       1 schedule_one.go:745] "Plugin scored node for pod" pod="default/yolo-obb-1" plugin="ImageLocality" node="gpu-orin2" score=0
2026-07-01 17:28:07.678 I0701 08:28:07.644082       1 schedule_one.go:745] "Plugin scored node for pod" pod="default/yolo-obb-1" plugin="TaintToleration" node="gpu-orin3" score=300
2026-07-01 17:28:07.679 I0701 08:28:07.644095       1 schedule_one.go:745] "Plugin scored node for pod" pod="default/yolo-obb-1" plugin="NodeAffinity" node="gpu-orin3" score=0
2026-07-01 17:28:07.680 I0701 08:28:07.644102       1 schedule_one.go:745] "Plugin scored node for pod" pod="default/yolo-obb-1" plugin="NodeResourcesFit" node="gpu-orin3" score=82
2026-07-01 17:28:07.681 I0701 08:28:07.644110       1 schedule_one.go:745] "Plugin scored node for pod" pod="default/yolo-obb-1" plugin="VolumeBinding" node="gpu-orin3" score=0
2026-07-01 17:28:07.682 I0701 08:28:07.644117       1 schedule_one.go:745] "Plugin scored node for pod" pod="default/yolo-obb-1" plugin="NodeResourcesBalancedAllocation" node="gpu-orin3" score=99
2026-07-01 17:28:07.683 I0701 08:28:07.644126       1 schedule_one.go:745] "Plugin scored node for pod" pod="default/yolo-obb-1" plugin="ImageLocality" node="gpu-orin3" score=0
2026-07-01 17:28:07.683 I0701 08:28:07.644134       1 schedule_one.go:745] "Plugin scored node for pod" pod="default/yolo-obb-1" plugin="TaintToleration" node="gpuorin4-desktop" score=300
2026-07-01 17:28:07.684 I0701 08:28:07.644142       1 schedule_one.go:745] "Plugin scored node for pod" pod="default/yolo-obb-1" plugin="NodeAffinity" node="gpuorin4-desktop" score=0
2026-07-01 17:28:07.685 I0701 08:28:07.644149       1 schedule_one.go:745] "Plugin scored node for pod" pod="default/yolo-obb-1" plugin="NodeResourcesFit" node="gpuorin4-desktop" score=78
2026-07-01 17:28:07.686 I0701 08:28:07.644157       1 schedule_one.go:745] "Plugin scored node for pod" pod="default/yolo-obb-1" plugin="VolumeBinding" node="gpuorin4-desktop" score=0
2026-07-01 17:28:07.686 I0701 08:28:07.644165       1 schedule_one.go:745] "Plugin scored node for pod" pod="default/yolo-obb-1" plugin="NodeResourcesBalancedAllocation" node="gpuorin4-desktop" score=99
2026-07-01 17:28:07.687 I0701 08:28:07.644173       1 schedule_one.go:745] "Plugin scored node for pod" pod="default/yolo-obb-1" plugin="ImageLocality" node="gpuorin4-desktop" score=0
2026-07-01 17:28:07.688 I0701 08:28:07.644181       1 schedule_one.go:745] "Plugin scored node for pod" pod="default/yolo-obb-1" plugin="TaintToleration" node="gpuorin5-desktop" score=300
2026-07-01 17:28:07.688 I0701 08:28:07.644192       1 schedule_one.go:745] "Plugin scored node for pod" pod="default/yolo-obb-1" plugin="NodeAffinity" node="gpuorin5-desktop" score=0
2026-07-01 17:28:07.689 I0701 08:28:07.644206       1 schedule_one.go:745] "Plugin scored node for pod" pod="default/yolo-obb-1" plugin="NodeResourcesFit" node="gpuorin5-desktop" score=82
2026-07-01 17:28:07.689 I0701 08:28:07.644217       1 schedule_one.go:745] "Plugin scored node for pod" pod="default/yolo-obb-1" plugin="VolumeBinding" node="gpuorin5-desktop" score=0
2026-07-01 17:28:07.690 I0701 08:28:07.644225       1 schedule_one.go:745] "Plugin scored node for pod" pod="default/yolo-obb-1" plugin="NodeResourcesBalancedAllocation" node="gpuorin5-desktop" score=99
2026-07-01 17:28:07.691 I0701 08:28:07.644232       1 schedule_one.go:745] "Plugin scored node for pod" pod="default/yolo-obb-1" plugin="ImageLocality" node="gpuorin5-desktop" score=0
2026-07-01 17:28:07.691 I0701 08:28:07.644245       1 schedule_one.go:812] "Calculated node's final score for pod" pod="default/yolo-obb-1" node="gpu-orin2" score=481
2026-07-01 17:28:07.692 I0701 08:28:07.644258       1 schedule_one.go:812] "Calculated node's final score for pod" pod="default/yolo-obb-1" node="gpu-orin3" score=481
2026-07-01 17:28:07.693 I0701 08:28:07.644268       1 schedule_one.go:812] "Calculated node's final score for pod" pod="default/yolo-obb-1" node="gpuorin4-desktop" score=477
2026-07-01 17:28:07.693 I0701 08:28:07.644280       1 schedule_one.go:812] "Calculated node's final score for pod" pod="default/yolo-obb-1" node="gpuorin5-desktop" score=481
2026-07-01 17:28:12.325 I0701 08:28:12.321923       1 resource_allocation.go:76] "Listed internal info for allocatable resources, requested resources and score" pod="default/yolo-pos-1" node="gpu-orin3" resourceAllocationScorer="LeastAllocated" allocatableResource=[6000,7885152256] requestedResource=[900,1887436800] resourceScore=80
2026-07-01 17:28:12.329 I0701 08:28:12.321949       1 resource_allocation.go:76] "Listed internal info for allocatable resources, requested resources and score" pod="default/yolo-pos-1" node="gpu-orin3" resourceAllocationScorer="NodeResourcesBalancedAllocation" allocatableResource=[6000,7885152256] requestedResource=[100,52428800] resourceScore=99
2026-07-01 17:28:12.332 I0701 08:28:12.321972       1 resource_allocation.go:76] "Listed internal info for allocatable resources, requested resources and score" pod="default/yolo-pos-1" node="gpuorin4-desktop" resourceAllocationScorer="LeastAllocated" allocatableResource=[6000,7885250560] requestedResource=[1000,2097152000] resourceScore=78
2026-07-01 17:28:12.335 I0701 08:28:12.321991       1 resource_allocation.go:76] "Listed internal info for allocatable resources, requested resources and score" pod="default/yolo-pos-1" node="gpuorin4-desktop" resourceAllocationScorer="NodeResourcesBalancedAllocation" allocatableResource=[6000,7885250560] requestedResource=[100,52428800] resourceScore=99
2026-07-01 17:28:12.338 I0701 08:28:12.322008       1 resource_allocation.go:76] "Listed internal info for allocatable resources, requested resources and score" pod="default/yolo-pos-1" node="gpu-orin2" resourceAllocationScorer="LeastAllocated" allocatableResource=[6000,7885127680] requestedResource=[800,1677721600] resourceScore=82
2026-07-01 17:28:12.341 I0701 08:28:12.322024       1 resource_allocation.go:76] "Listed internal info for allocatable resources, requested resources and score" pod="default/yolo-pos-1" node="gpu-orin2" resourceAllocationScorer="NodeResourcesBalancedAllocation" allocatableResource=[6000,7885127680] requestedResource=[100,52428800] resourceScore=99
2026-07-01 17:28:12.344 I0701 08:28:12.322040       1 resource_allocation.go:76] "Listed internal info for allocatable resources, requested resources and score" pod="default/yolo-pos-1" node="gpuorin5-desktop" resourceAllocationScorer="LeastAllocated" allocatableResource=[6000,7885127680] requestedResource=[800,1677721600] resourceScore=82
2026-07-01 17:28:12.347 I0701 08:28:12.322056       1 resource_allocation.go:76] "Listed internal info for allocatable resources, requested resources and score" pod="default/yolo-pos-1" node="gpuorin5-desktop" resourceAllocationScorer="NodeResourcesBalancedAllocation" allocatableResource=[6000,7885127680] requestedResource=[100,52428800] resourceScore=99
2026-07-01 17:28:12.349 I0701 08:28:12.322114       1 schedule_one.go:745] "Plugin scored node for pod" pod="default/yolo-pos-1" plugin="TaintToleration" node="gpu-orin3" score=300
2026-07-01 17:28:12.352 I0701 08:28:12.322128       1 schedule_one.go:745] "Plugin scored node for pod" pod="default/yolo-pos-1" plugin="NodeAffinity" node="gpu-orin3" score=0
2026-07-01 17:28:12.354 I0701 08:28:12.322140       1 schedule_one.go:745] "Plugin scored node for pod" pod="default/yolo-pos-1" plugin="NodeResourcesFit" node="gpu-orin3" score=80
2026-07-01 17:28:12.356 I0701 08:28:12.322148       1 schedule_one.go:745] "Plugin scored node for pod" pod="default/yolo-pos-1" plugin="VolumeBinding" node="gpu-orin3" score=0
2026-07-01 17:28:12.358 I0701 08:28:12.322157       1 schedule_one.go:745] "Plugin scored node for pod" pod="default/yolo-pos-1" plugin="NodeResourcesBalancedAllocation" node="gpu-orin3" score=99
2026-07-01 17:28:12.360 I0701 08:28:12.322164       1 schedule_one.go:745] "Plugin scored node for pod" pod="default/yolo-pos-1" plugin="ImageLocality" node="gpu-orin3" score=0
2026-07-01 17:28:12.361 I0701 08:28:12.322172       1 schedule_one.go:745] "Plugin scored node for pod" pod="default/yolo-pos-1" plugin="TaintToleration" node="gpuorin4-desktop" score=300
2026-07-01 17:28:12.362 I0701 08:28:12.322180       1 schedule_one.go:745] "Plugin scored node for pod" pod="default/yolo-pos-1" plugin="NodeAffinity" node="gpuorin4-desktop" score=0
2026-07-01 17:28:12.364 I0701 08:28:12.322188       1 schedule_one.go:745] "Plugin scored node for pod" pod="default/yolo-pos-1" plugin="NodeResourcesFit" node="gpuorin4-desktop" score=78
2026-07-01 17:28:12.365 I0701 08:28:12.322196       1 schedule_one.go:745] "Plugin scored node for pod" pod="default/yolo-pos-1" plugin="VolumeBinding" node="gpuorin4-desktop" score=0
2026-07-01 17:28:12.365 I0701 08:28:12.322204       1 schedule_one.go:745] "Plugin scored node for pod" pod="default/yolo-pos-1" plugin="NodeResourcesBalancedAllocation" node="gpuorin4-desktop" score=99
2026-07-01 17:28:12.366 I0701 08:28:12.322215       1 schedule_one.go:745] "Plugin scored node for pod" pod="default/yolo-pos-1" plugin="ImageLocality" node="gpuorin4-desktop" score=0
2026-07-01 17:28:12.367 I0701 08:28:12.322222       1 schedule_one.go:745] "Plugin scored node for pod" pod="default/yolo-pos-1" plugin="TaintToleration" node="gpu-orin2" score=300
2026-07-01 17:28:12.368 I0701 08:28:12.322230       1 schedule_one.go:745] "Plugin scored node for pod" pod="default/yolo-pos-1" plugin="NodeAffinity" node="gpu-orin2" score=0
2026-07-01 17:28:12.368 I0701 08:28:12.322237       1 schedule_one.go:745] "Plugin scored node for pod" pod="default/yolo-pos-1" plugin="NodeResourcesFit" node="gpu-orin2" score=82
2026-07-01 17:28:12.369 I0701 08:28:12.322245       1 schedule_one.go:745] "Plugin scored node for pod" pod="default/yolo-pos-1" plugin="VolumeBinding" node="gpu-orin2" score=0
2026-07-01 17:28:12.370 I0701 08:28:12.322252       1 schedule_one.go:745] "Plugin scored node for pod" pod="default/yolo-pos-1" plugin="NodeResourcesBalancedAllocation" node="gpu-orin2" score=99
2026-07-01 17:28:12.370 I0701 08:28:12.322260       1 schedule_one.go:745] "Plugin scored node for pod" pod="default/yolo-pos-1" plugin="ImageLocality" node="gpu-orin2" score=0
2026-07-01 17:28:12.371 I0701 08:28:12.322268       1 schedule_one.go:745] "Plugin scored node for pod" pod="default/yolo-pos-1" plugin="TaintToleration" node="gpuorin5-desktop" score=300
2026-07-01 17:28:12.372 I0701 08:28:12.322284       1 schedule_one.go:745] "Plugin scored node for pod" pod="default/yolo-pos-1" plugin="NodeAffinity" node="gpuorin5-desktop" score=0
2026-07-01 17:28:12.372 I0701 08:28:12.322292       1 schedule_one.go:745] "Plugin scored node for pod" pod="default/yolo-pos-1" plugin="NodeResourcesFit" node="gpuorin5-desktop" score=82
2026-07-01 17:28:12.373 I0701 08:28:12.322300       1 schedule_one.go:745] "Plugin scored node for pod" pod="default/yolo-pos-1" plugin="VolumeBinding" node="gpuorin5-desktop" score=0
2026-07-01 17:28:12.374 I0701 08:28:12.322308       1 schedule_one.go:745] "Plugin scored node for pod" pod="default/yolo-pos-1" plugin="NodeResourcesBalancedAllocation" node="gpuorin5-desktop" score=99
2026-07-01 17:28:12.374 I0701 08:28:12.322316       1 schedule_one.go:745] "Plugin scored node for pod" pod="default/yolo-pos-1" plugin="ImageLocality" node="gpuorin5-desktop" score=0
2026-07-01 17:28:12.375 I0701 08:28:12.322327       1 schedule_one.go:812] "Calculated node's final score for pod" pod="default/yolo-pos-1" node="gpu-orin3" score=479
2026-07-01 17:28:12.376 I0701 08:28:12.322339       1 schedule_one.go:812] "Calculated node's final score for pod" pod="default/yolo-pos-1" node="gpuorin4-desktop" score=477
2026-07-01 17:28:12.376 I0701 08:28:12.322349       1 schedule_one.go:812] "Calculated node's final score for pod" pod="default/yolo-pos-1" node="gpu-orin2" score=481
2026-07-01 17:28:12.377 I0701 08:28:12.322358       1 schedule_one.go:812] "Calculated node's final score for pod" pod="default/yolo-pos-1" node="gpuorin5-desktop" score=481
2026-07-01 17:28:16.191 I0701 08:28:16.189082       1 resource_allocation.go:76] "Listed internal info for allocatable resources, requested resources and score" pod="default/yolo-cls-2" node="gpu-orin3" resourceAllocationScorer="LeastAllocated" allocatableResource=[6000,7885152256] requestedResource=[900,1887436800] resourceScore=80
2026-07-01 17:28:16.193 I0701 08:28:16.189097       1 resource_allocation.go:76] "Listed internal info for allocatable resources, requested resources and score" pod="default/yolo-cls-2" node="gpu-orin3" resourceAllocationScorer="NodeResourcesBalancedAllocation" allocatableResource=[6000,7885152256] requestedResource=[100,52428800] resourceScore=99
2026-07-01 17:28:16.195 I0701 08:28:16.189109       1 resource_allocation.go:76] "Listed internal info for allocatable resources, requested resources and score" pod="default/yolo-cls-2" node="gpuorin5-desktop" resourceAllocationScorer="LeastAllocated" allocatableResource=[6000,7885127680] requestedResource=[800,1677721600] resourceScore=82
2026-07-01 17:28:16.197 I0701 08:28:16.189120       1 resource_allocation.go:76] "Listed internal info for allocatable resources, requested resources and score" pod="default/yolo-cls-2" node="gpuorin5-desktop" resourceAllocationScorer="NodeResourcesBalancedAllocation" allocatableResource=[6000,7885127680] requestedResource=[100,52428800] resourceScore=99
2026-07-01 17:28:16.198 I0701 08:28:16.189133       1 resource_allocation.go:76] "Listed internal info for allocatable resources, requested resources and score" pod="default/yolo-cls-2" node="gpuorin4-desktop" resourceAllocationScorer="LeastAllocated" allocatableResource=[6000,7885250560] requestedResource=[1000,2097152000] resourceScore=78
2026-07-01 17:28:16.200 I0701 08:28:16.189142       1 resource_allocation.go:76] "Listed internal info for allocatable resources, requested resources and score" pod="default/yolo-cls-2" node="gpuorin4-desktop" resourceAllocationScorer="NodeResourcesBalancedAllocation" allocatableResource=[6000,7885250560] requestedResource=[100,52428800] resourceScore=99
2026-07-01 17:28:16.201 I0701 08:28:16.189153       1 resource_allocation.go:76] "Listed internal info for allocatable resources, requested resources and score" pod="default/yolo-cls-2" node="gpu-orin2" resourceAllocationScorer="LeastAllocated" allocatableResource=[6000,7885127680] requestedResource=[900,1887436800] resourceScore=80
2026-07-01 17:28:16.202 I0701 08:28:16.189162       1 resource_allocation.go:76] "Listed internal info for allocatable resources, requested resources and score" pod="default/yolo-cls-2" node="gpu-orin2" resourceAllocationScorer="NodeResourcesBalancedAllocation" allocatableResource=[6000,7885127680] requestedResource=[100,52428800] resourceScore=99
2026-07-01 17:28:16.203 I0701 08:28:16.189197       1 schedule_one.go:745] "Plugin scored node for pod" pod="default/yolo-cls-2" plugin="TaintToleration" node="gpu-orin3" score=300
2026-07-01 17:28:16.205 I0701 08:28:16.189206       1 schedule_one.go:745] "Plugin scored node for pod" pod="default/yolo-cls-2" plugin="NodeAffinity" node="gpu-orin3" score=0
2026-07-01 17:28:16.205 I0701 08:28:16.189211       1 schedule_one.go:745] "Plugin scored node for pod" pod="default/yolo-cls-2" plugin="NodeResourcesFit" node="gpu-orin3" score=80
2026-07-01 17:28:16.206 I0701 08:28:16.189233       1 schedule_one.go:745] "Plugin scored node for pod" pod="default/yolo-cls-2" plugin="VolumeBinding" node="gpu-orin3" score=0
2026-07-01 17:28:16.207 I0701 08:28:16.189244       1 schedule_one.go:745] "Plugin scored node for pod" pod="default/yolo-cls-2" plugin="NodeResourcesBalancedAllocation" node="gpu-orin3" score=99
2026-07-01 17:28:16.208 I0701 08:28:16.189251       1 schedule_one.go:745] "Plugin scored node for pod" pod="default/yolo-cls-2" plugin="ImageLocality" node="gpu-orin3" score=0
2026-07-01 17:28:16.209 I0701 08:28:16.189257       1 schedule_one.go:745] "Plugin scored node for pod" pod="default/yolo-cls-2" plugin="TaintToleration" node="gpuorin5-desktop" score=300
2026-07-01 17:28:16.209 I0701 08:28:16.189262       1 schedule_one.go:745] "Plugin scored node for pod" pod="default/yolo-cls-2" plugin="NodeAffinity" node="gpuorin5-desktop" score=0
2026-07-01 17:28:16.210 I0701 08:28:16.189267       1 schedule_one.go:745] "Plugin scored node for pod" pod="default/yolo-cls-2" plugin="NodeResourcesFit" node="gpuorin5-desktop" score=82
2026-07-01 17:28:16.211 I0701 08:28:16.189272       1 schedule_one.go:745] "Plugin scored node for pod" pod="default/yolo-cls-2" plugin="VolumeBinding" node="gpuorin5-desktop" score=0
2026-07-01 17:28:16.211 I0701 08:28:16.189278       1 schedule_one.go:745] "Plugin scored node for pod" pod="default/yolo-cls-2" plugin="NodeResourcesBalancedAllocation" node="gpuorin5-desktop" score=99
2026-07-01 17:28:16.212 I0701 08:28:16.189282       1 schedule_one.go:745] "Plugin scored node for pod" pod="default/yolo-cls-2" plugin="ImageLocality" node="gpuorin5-desktop" score=0
2026-07-01 17:28:16.213 I0701 08:28:16.189287       1 schedule_one.go:745] "Plugin scored node for pod" pod="default/yolo-cls-2" plugin="TaintToleration" node="gpuorin4-desktop" score=300
2026-07-01 17:28:16.214 I0701 08:28:16.189294       1 schedule_one.go:745] "Plugin scored node for pod" pod="default/yolo-cls-2" plugin="NodeAffinity" node="gpuorin4-desktop" score=0
2026-07-01 17:28:16.215 I0701 08:28:16.189299       1 schedule_one.go:745] "Plugin scored node for pod" pod="default/yolo-cls-2" plugin="NodeResourcesFit" node="gpuorin4-desktop" score=78
2026-07-01 17:28:16.215 I0701 08:28:16.189306       1 schedule_one.go:745] "Plugin scored node for pod" pod="default/yolo-cls-2" plugin="VolumeBinding" node="gpuorin4-desktop" score=0
2026-07-01 17:28:16.216 I0701 08:28:16.189311       1 schedule_one.go:745] "Plugin scored node for pod" pod="default/yolo-cls-2" plugin="NodeResourcesBalancedAllocation" node="gpuorin4-desktop" score=99
2026-07-01 17:28:16.217 I0701 08:28:16.189320       1 schedule_one.go:745] "Plugin scored node for pod" pod="default/yolo-cls-2" plugin="ImageLocality" node="gpuorin4-desktop" score=0
2026-07-01 17:28:16.218 I0701 08:28:16.189326       1 schedule_one.go:745] "Plugin scored node for pod" pod="default/yolo-cls-2" plugin="TaintToleration" node="gpu-orin2" score=300
2026-07-01 17:28:16.218 I0701 08:28:16.189331       1 schedule_one.go:745] "Plugin scored node for pod" pod="default/yolo-cls-2" plugin="NodeAffinity" node="gpu-orin2" score=0
2026-07-01 17:28:16.219 I0701 08:28:16.189338       1 schedule_one.go:745] "Plugin scored node for pod" pod="default/yolo-cls-2" plugin="NodeResourcesFit" node="gpu-orin2" score=80
2026-07-01 17:28:16.220 I0701 08:28:16.189342       1 schedule_one.go:745] "Plugin scored node for pod" pod="default/yolo-cls-2" plugin="VolumeBinding" node="gpu-orin2" score=0
2026-07-01 17:28:16.220 I0701 08:28:16.189346       1 schedule_one.go:745] "Plugin scored node for pod" pod="default/yolo-cls-2" plugin="NodeResourcesBalancedAllocation" node="gpu-orin2" score=99
2026-07-01 17:28:16.221 I0701 08:28:16.189351       1 schedule_one.go:745] "Plugin scored node for pod" pod="default/yolo-cls-2" plugin="ImageLocality" node="gpu-orin2" score=0
2026-07-01 17:28:16.222 I0701 08:28:16.189357       1 schedule_one.go:812] "Calculated node's final score for pod" pod="default/yolo-cls-2" node="gpu-orin3" score=479
2026-07-01 17:28:16.222 I0701 08:28:16.189364       1 schedule_one.go:812] "Calculated node's final score for pod" pod="default/yolo-cls-2" node="gpuorin5-desktop" score=481
2026-07-01 17:28:16.223 I0701 08:28:16.189368       1 schedule_one.go:812] "Calculated node's final score for pod" pod="default/yolo-cls-2" node="gpuorin4-desktop" score=477
2026-07-01 17:28:16.224 I0701 08:28:16.189373       1 schedule_one.go:812] "Calculated node's final score for pod" pod="default/yolo-cls-2" node="gpu-orin2" score=479
2026-07-01 17:28:19.592 I0701 08:28:19.590991       1 resource_allocation.go:76] "Listed internal info for allocatable resources, requested resources and score" pod="default/yolo-det-2" node="gpu-orin2" resourceAllocationScorer="LeastAllocated" allocatableResource=[6000,7885127680] requestedResource=[900,1887436800] resourceScore=80
2026-07-01 17:28:19.593 I0701 08:28:19.590991       1 resource_allocation.go:76] "Listed internal info for allocatable resources, requested resources and score" pod="default/yolo-det-2" node="gpuorin4-desktop" resourceAllocationScorer="LeastAllocated" allocatableResource=[6000,7885250560] requestedResource=[1000,2097152000] resourceScore=78
2026-07-01 17:28:19.594 I0701 08:28:19.590998       1 resource_allocation.go:76] "Listed internal info for allocatable resources, requested resources and score" pod="default/yolo-det-2" node="gpu-orin2" resourceAllocationScorer="NodeResourcesBalancedAllocation" allocatableResource=[6000,7885127680] requestedResource=[100,52428800] resourceScore=99
2026-07-01 17:28:19.594 I0701 08:28:19.591000       1 resource_allocation.go:76] "Listed internal info for allocatable resources, requested resources and score" pod="default/yolo-det-2" node="gpuorin4-desktop" resourceAllocationScorer="NodeResourcesBalancedAllocation" allocatableResource=[6000,7885250560] requestedResource=[100,52428800] resourceScore=99
2026-07-01 17:28:19.595 I0701 08:28:19.591001       1 resource_allocation.go:76] "Listed internal info for allocatable resources, requested resources and score" pod="default/yolo-det-2" node="gpuorin5-desktop" resourceAllocationScorer="LeastAllocated" allocatableResource=[6000,7885127680] requestedResource=[900,1887436800] resourceScore=80
2026-07-01 17:28:19.596 I0701 08:28:19.591012       1 resource_allocation.go:76] "Listed internal info for allocatable resources, requested resources and score" pod="default/yolo-det-2" node="gpu-orin3" resourceAllocationScorer="LeastAllocated" allocatableResource=[6000,7885152256] requestedResource=[900,1887436800] resourceScore=80
2026-07-01 17:28:19.598 I0701 08:28:19.591013       1 resource_allocation.go:76] "Listed internal info for allocatable resources, requested resources and score" pod="default/yolo-det-2" node="gpuorin5-desktop" resourceAllocationScorer="NodeResourcesBalancedAllocation" allocatableResource=[6000,7885127680] requestedResource=[100,52428800] resourceScore=99
2026-07-01 17:28:19.599 I0701 08:28:19.591017       1 resource_allocation.go:76] "Listed internal info for allocatable resources, requested resources and score" pod="default/yolo-det-2" node="gpu-orin3" resourceAllocationScorer="NodeResourcesBalancedAllocation" allocatableResource=[6000,7885152256] requestedResource=[100,52428800] resourceScore=99
2026-07-01 17:28:19.600 I0701 08:28:19.591040       1 schedule_one.go:745] "Plugin scored node for pod" pod="default/yolo-det-2" plugin="TaintToleration" node="gpu-orin3" score=300
2026-07-01 17:28:19.601 I0701 08:28:19.591046       1 schedule_one.go:745] "Plugin scored node for pod" pod="default/yolo-det-2" plugin="NodeAffinity" node="gpu-orin3" score=0
2026-07-01 17:28:19.602 I0701 08:28:19.591049       1 schedule_one.go:745] "Plugin scored node for pod" pod="default/yolo-det-2" plugin="NodeResourcesFit" node="gpu-orin3" score=80
2026-07-01 17:28:19.604 I0701 08:28:19.591052       1 schedule_one.go:745] "Plugin scored node for pod" pod="default/yolo-det-2" plugin="VolumeBinding" node="gpu-orin3" score=0
2026-07-01 17:28:19.605 I0701 08:28:19.591054       1 schedule_one.go:745] "Plugin scored node for pod" pod="default/yolo-det-2" plugin="NodeResourcesBalancedAllocation" node="gpu-orin3" score=99
2026-07-01 17:28:19.607 I0701 08:28:19.591057       1 schedule_one.go:745] "Plugin scored node for pod" pod="default/yolo-det-2" plugin="ImageLocality" node="gpu-orin3" score=0
2026-07-01 17:28:19.608 I0701 08:28:19.591060       1 schedule_one.go:745] "Plugin scored node for pod" pod="default/yolo-det-2" plugin="TaintToleration" node="gpu-orin2" score=300
2026-07-01 17:28:19.610 I0701 08:28:19.591062       1 schedule_one.go:745] "Plugin scored node for pod" pod="default/yolo-det-2" plugin="NodeAffinity" node="gpu-orin2" score=0
2026-07-01 17:28:19.611 I0701 08:28:19.591066       1 schedule_one.go:745] "Plugin scored node for pod" pod="default/yolo-det-2" plugin="NodeResourcesFit" node="gpu-orin2" score=80
2026-07-01 17:28:19.612 I0701 08:28:19.591068       1 schedule_one.go:745] "Plugin scored node for pod" pod="default/yolo-det-2" plugin="VolumeBinding" node="gpu-orin2" score=0
2026-07-01 17:28:19.613 I0701 08:28:19.591071       1 schedule_one.go:745] "Plugin scored node for pod" pod="default/yolo-det-2" plugin="NodeResourcesBalancedAllocation" node="gpu-orin2" score=99
2026-07-01 17:28:19.614 I0701 08:28:19.591073       1 schedule_one.go:745] "Plugin scored node for pod" pod="default/yolo-det-2" plugin="ImageLocality" node="gpu-orin2" score=0
2026-07-01 17:28:19.614 I0701 08:28:19.591075       1 schedule_one.go:745] "Plugin scored node for pod" pod="default/yolo-det-2" plugin="TaintToleration" node="gpuorin5-desktop" score=300
2026-07-01 17:28:19.615 I0701 08:28:19.591077       1 schedule_one.go:745] "Plugin scored node for pod" pod="default/yolo-det-2" plugin="NodeAffinity" node="gpuorin5-desktop" score=0
2026-07-01 17:28:19.616 I0701 08:28:19.591080       1 schedule_one.go:745] "Plugin scored node for pod" pod="default/yolo-det-2" plugin="NodeResourcesFit" node="gpuorin5-desktop" score=80
2026-07-01 17:28:19.616 I0701 08:28:19.591083       1 schedule_one.go:745] "Plugin scored node for pod" pod="default/yolo-det-2" plugin="VolumeBinding" node="gpuorin5-desktop" score=0
2026-07-01 17:28:19.617 I0701 08:28:19.591086       1 schedule_one.go:745] "Plugin scored node for pod" pod="default/yolo-det-2" plugin="NodeResourcesBalancedAllocation" node="gpuorin5-desktop" score=99
2026-07-01 17:28:19.618 I0701 08:28:19.591088       1 schedule_one.go:745] "Plugin scored node for pod" pod="default/yolo-det-2" plugin="ImageLocality" node="gpuorin5-desktop" score=0
2026-07-01 17:28:19.618 I0701 08:28:19.591091       1 schedule_one.go:745] "Plugin scored node for pod" pod="default/yolo-det-2" plugin="TaintToleration" node="gpuorin4-desktop" score=300
2026-07-01 17:28:19.619 I0701 08:28:19.591093       1 schedule_one.go:745] "Plugin scored node for pod" pod="default/yolo-det-2" plugin="NodeAffinity" node="gpuorin4-desktop" score=0
2026-07-01 17:28:19.619 I0701 08:28:19.591095       1 schedule_one.go:745] "Plugin scored node for pod" pod="default/yolo-det-2" plugin="NodeResourcesFit" node="gpuorin4-desktop" score=78
2026-07-01 17:28:19.620 I0701 08:28:19.591097       1 schedule_one.go:745] "Plugin scored node for pod" pod="default/yolo-det-2" plugin="VolumeBinding" node="gpuorin4-desktop" score=0
2026-07-01 17:28:19.621 I0701 08:28:19.591099       1 schedule_one.go:745] "Plugin scored node for pod" pod="default/yolo-det-2" plugin="NodeResourcesBalancedAllocation" node="gpuorin4-desktop" score=99
2026-07-01 17:28:19.622 I0701 08:28:19.591102       1 schedule_one.go:745] "Plugin scored node for pod" pod="default/yolo-det-2" plugin="ImageLocality" node="gpuorin4-desktop" score=0
2026-07-01 17:28:19.622 I0701 08:28:19.591105       1 schedule_one.go:812] "Calculated node's final score for pod" pod="default/yolo-det-2" node="gpu-orin3" score=479
2026-07-01 17:28:19.623 I0701 08:28:19.591113       1 schedule_one.go:812] "Calculated node's final score for pod" pod="default/yolo-det-2" node="gpu-orin2" score=479
2026-07-01 17:28:19.624 I0701 08:28:19.591115       1 schedule_one.go:812] "Calculated node's final score for pod" pod="default/yolo-det-2" node="gpuorin5-desktop" score=479
2026-07-01 17:28:19.624 I0701 08:28:19.591118       1 schedule_one.go:812] "Calculated node's final score for pod" pod="default/yolo-det-2" node="gpuorin4-desktop" score=477
2026-07-01 17:28:24.483 I0701 08:28:24.481204       1 resource_allocation.go:76] "Listed internal info for allocatable resources, requested resources and score" pod="default/yolo-seg-2" node="gpu-orin2" resourceAllocationScorer="LeastAllocated" allocatableResource=[6000,7885127680] requestedResource=[900,1887436800] resourceScore=80
2026-07-01 17:28:24.485 I0701 08:28:24.481208       1 resource_allocation.go:76] "Listed internal info for allocatable resources, requested resources and score" pod="default/yolo-seg-2" node="gpu-orin3" resourceAllocationScorer="LeastAllocated" allocatableResource=[6000,7885152256] requestedResource=[1000,2097152000] resourceScore=78
2026-07-01 17:28:24.487 I0701 08:28:24.481217       1 resource_allocation.go:76] "Listed internal info for allocatable resources, requested resources and score" pod="default/yolo-seg-2" node="gpu-orin2" resourceAllocationScorer="NodeResourcesBalancedAllocation" allocatableResource=[6000,7885127680] requestedResource=[100,52428800] resourceScore=99
2026-07-01 17:28:24.490 I0701 08:28:24.481221       1 resource_allocation.go:76] "Listed internal info for allocatable resources, requested resources and score" pod="default/yolo-seg-2" node="gpu-orin3" resourceAllocationScorer="NodeResourcesBalancedAllocation" allocatableResource=[6000,7885152256] requestedResource=[100,52428800] resourceScore=99
2026-07-01 17:28:24.492 I0701 08:28:24.481225       1 resource_allocation.go:76] "Listed internal info for allocatable resources, requested resources and score" pod="default/yolo-seg-2" node="gpuorin4-desktop" resourceAllocationScorer="LeastAllocated" allocatableResource=[6000,7885250560] requestedResource=[1000,2097152000] resourceScore=78
2026-07-01 17:28:24.496 I0701 08:28:24.481236       1 resource_allocation.go:76] "Listed internal info for allocatable resources, requested resources and score" pod="default/yolo-seg-2" node="gpuorin5-desktop" resourceAllocationScorer="LeastAllocated" allocatableResource=[6000,7885127680] requestedResource=[900,1887436800] resourceScore=80
2026-07-01 17:28:24.499 I0701 08:28:24.481259       1 resource_allocation.go:76] "Listed internal info for allocatable resources, requested resources and score" pod="default/yolo-seg-2" node="gpuorin4-desktop" resourceAllocationScorer="NodeResourcesBalancedAllocation" allocatableResource=[6000,7885250560] requestedResource=[100,52428800] resourceScore=99
2026-07-01 17:28:24.502 I0701 08:28:24.481266       1 resource_allocation.go:76] "Listed internal info for allocatable resources, requested resources and score" pod="default/yolo-seg-2" node="gpuorin5-desktop" resourceAllocationScorer="NodeResourcesBalancedAllocation" allocatableResource=[6000,7885127680] requestedResource=[100,52428800] resourceScore=99
2026-07-01 17:28:24.504 I0701 08:28:24.481345       1 schedule_one.go:745] "Plugin scored node for pod" pod="default/yolo-seg-2" plugin="TaintToleration" node="gpu-orin2" score=300
2026-07-01 17:28:24.506 I0701 08:28:24.481355       1 schedule_one.go:745] "Plugin scored node for pod" pod="default/yolo-seg-2" plugin="NodeAffinity" node="gpu-orin2" score=0
2026-07-01 17:28:24.509 I0701 08:28:24.481361       1 schedule_one.go:745] "Plugin scored node for pod" pod="default/yolo-seg-2" plugin="NodeResourcesFit" node="gpu-orin2" score=80
2026-07-01 17:28:24.510 I0701 08:28:24.481366       1 schedule_one.go:745] "Plugin scored node for pod" pod="default/yolo-seg-2" plugin="VolumeBinding" node="gpu-orin2" score=0
2026-07-01 17:28:24.512 I0701 08:28:24.481371       1 schedule_one.go:745] "Plugin scored node for pod" pod="default/yolo-seg-2" plugin="NodeResourcesBalancedAllocation" node="gpu-orin2" score=99
2026-07-01 17:28:24.514 I0701 08:28:24.481377       1 schedule_one.go:745] "Plugin scored node for pod" pod="default/yolo-seg-2" plugin="ImageLocality" node="gpu-orin2" score=0
2026-07-01 17:28:24.515 I0701 08:28:24.481382       1 schedule_one.go:745] "Plugin scored node for pod" pod="default/yolo-seg-2" plugin="TaintToleration" node="gpuorin5-desktop" score=300
2026-07-01 17:28:24.516 I0701 08:28:24.481386       1 schedule_one.go:745] "Plugin scored node for pod" pod="default/yolo-seg-2" plugin="NodeAffinity" node="gpuorin5-desktop" score=0
2026-07-01 17:28:24.517 I0701 08:28:24.481391       1 schedule_one.go:745] "Plugin scored node for pod" pod="default/yolo-seg-2" plugin="NodeResourcesFit" node="gpuorin5-desktop" score=80
2026-07-01 17:28:24.518 I0701 08:28:24.481396       1 schedule_one.go:745] "Plugin scored node for pod" pod="default/yolo-seg-2" plugin="VolumeBinding" node="gpuorin5-desktop" score=0
2026-07-01 17:28:24.519 I0701 08:28:24.481401       1 schedule_one.go:745] "Plugin scored node for pod" pod="default/yolo-seg-2" plugin="NodeResourcesBalancedAllocation" node="gpuorin5-desktop" score=99
2026-07-01 17:28:24.520 I0701 08:28:24.481405       1 schedule_one.go:745] "Plugin scored node for pod" pod="default/yolo-seg-2" plugin="ImageLocality" node="gpuorin5-desktop" score=0
2026-07-01 17:28:24.520 I0701 08:28:24.481410       1 schedule_one.go:745] "Plugin scored node for pod" pod="default/yolo-seg-2" plugin="TaintToleration" node="gpu-orin3" score=300
2026-07-01 17:28:24.521 I0701 08:28:24.481414       1 schedule_one.go:745] "Plugin scored node for pod" pod="default/yolo-seg-2" plugin="NodeAffinity" node="gpu-orin3" score=0
2026-07-01 17:28:24.522 I0701 08:28:24.481423       1 schedule_one.go:745] "Plugin scored node for pod" pod="default/yolo-seg-2" plugin="NodeResourcesFit" node="gpu-orin3" score=78
2026-07-01 17:28:24.523 I0701 08:28:24.481428       1 schedule_one.go:745] "Plugin scored node for pod" pod="default/yolo-seg-2" plugin="VolumeBinding" node="gpu-orin3" score=0
2026-07-01 17:28:24.524 I0701 08:28:24.481433       1 schedule_one.go:745] "Plugin scored node for pod" pod="default/yolo-seg-2" plugin="NodeResourcesBalancedAllocation" node="gpu-orin3" score=99
2026-07-01 17:28:24.524 I0701 08:28:24.481437       1 schedule_one.go:745] "Plugin scored node for pod" pod="default/yolo-seg-2" plugin="ImageLocality" node="gpu-orin3" score=0
2026-07-01 17:28:24.525 I0701 08:28:24.481442       1 schedule_one.go:745] "Plugin scored node for pod" pod="default/yolo-seg-2" plugin="TaintToleration" node="gpuorin4-desktop" score=300
2026-07-01 17:28:24.526 I0701 08:28:24.481447       1 schedule_one.go:745] "Plugin scored node for pod" pod="default/yolo-seg-2" plugin="NodeAffinity" node="gpuorin4-desktop" score=0
2026-07-01 17:28:24.526 I0701 08:28:24.481458       1 schedule_one.go:745] "Plugin scored node for pod" pod="default/yolo-seg-2" plugin="NodeResourcesFit" node="gpuorin4-desktop" score=78
2026-07-01 17:28:24.527 I0701 08:28:24.481465       1 schedule_one.go:745] "Plugin scored node for pod" pod="default/yolo-seg-2" plugin="VolumeBinding" node="gpuorin4-desktop" score=0
2026-07-01 17:28:24.528 I0701 08:28:24.481470       1 schedule_one.go:745] "Plugin scored node for pod" pod="default/yolo-seg-2" plugin="NodeResourcesBalancedAllocation" node="gpuorin4-desktop" score=99
2026-07-01 17:28:24.528 I0701 08:28:24.481474       1 schedule_one.go:745] "Plugin scored node for pod" pod="default/yolo-seg-2" plugin="ImageLocality" node="gpuorin4-desktop" score=0
2026-07-01 17:28:24.529 I0701 08:28:24.481482       1 schedule_one.go:812] "Calculated node's final score for pod" pod="default/yolo-seg-2" node="gpu-orin2" score=479
2026-07-01 17:28:24.530 I0701 08:28:24.481489       1 schedule_one.go:812] "Calculated node's final score for pod" pod="default/yolo-seg-2" node="gpuorin5-desktop" score=479
2026-07-01 17:28:24.530 I0701 08:28:24.481495       1 schedule_one.go:812] "Calculated node's final score for pod" pod="default/yolo-seg-2" node="gpu-orin3" score=477
2026-07-01 17:28:24.531 I0701 08:28:24.481502       1 schedule_one.go:812] "Calculated node's final score for pod" pod="default/yolo-seg-2" node="gpuorin4-desktop" score=477
2026-07-01 17:28:28.648 I0701 08:28:28.646866       1 resource_allocation.go:76] "Listed internal info for allocatable resources, requested resources and score" pod="default/yolo-obb-2" node="gpu-orin2" resourceAllocationScorer="LeastAllocated" allocatableResource=[6000,7885127680] requestedResource=[900,1887436800] resourceScore=80
2026-07-01 17:28:28.650 I0701 08:28:28.646868       1 resource_allocation.go:76] "Listed internal info for allocatable resources, requested resources and score" pod="default/yolo-obb-2" node="gpuorin4-desktop" resourceAllocationScorer="LeastAllocated" allocatableResource=[6000,7885250560] requestedResource=[1000,2097152000] resourceScore=78
2026-07-01 17:28:28.652 I0701 08:28:28.646866       1 resource_allocation.go:76] "Listed internal info for allocatable resources, requested resources and score" pod="default/yolo-obb-2" node="gpuorin5-desktop" resourceAllocationScorer="LeastAllocated" allocatableResource=[6000,7885127680] requestedResource=[1000,2097152000] resourceScore=78
2026-07-01 17:28:28.654 I0701 08:28:28.646871       1 resource_allocation.go:76] "Listed internal info for allocatable resources, requested resources and score" pod="default/yolo-obb-2" node="gpu-orin3" resourceAllocationScorer="LeastAllocated" allocatableResource=[6000,7885152256] requestedResource=[1000,2097152000] resourceScore=78
2026-07-01 17:28:28.657 I0701 08:28:28.646885       1 resource_allocation.go:76] "Listed internal info for allocatable resources, requested resources and score" pod="default/yolo-obb-2" node="gpu-orin2" resourceAllocationScorer="NodeResourcesBalancedAllocation" allocatableResource=[6000,7885127680] requestedResource=[100,52428800] resourceScore=99
2026-07-01 17:28:28.659 I0701 08:28:28.646889       1 resource_allocation.go:76] "Listed internal info for allocatable resources, requested resources and score" pod="default/yolo-obb-2" node="gpuorin4-desktop" resourceAllocationScorer="NodeResourcesBalancedAllocation" allocatableResource=[6000,7885250560] requestedResource=[100,52428800] resourceScore=99
2026-07-01 17:28:28.661 I0701 08:28:28.646893       1 resource_allocation.go:76] "Listed internal info for allocatable resources, requested resources and score" pod="default/yolo-obb-2" node="gpuorin5-desktop" resourceAllocationScorer="NodeResourcesBalancedAllocation" allocatableResource=[6000,7885127680] requestedResource=[100,52428800] resourceScore=99
2026-07-01 17:28:28.663 I0701 08:28:28.646890       1 resource_allocation.go:76] "Listed internal info for allocatable resources, requested resources and score" pod="default/yolo-obb-2" node="gpu-orin3" resourceAllocationScorer="NodeResourcesBalancedAllocation" allocatableResource=[6000,7885152256] requestedResource=[100,52428800] resourceScore=99
2026-07-01 17:28:28.666 I0701 08:28:28.646960       1 schedule_one.go:745] "Plugin scored node for pod" pod="default/yolo-obb-2" plugin="TaintToleration" node="gpu-orin2" score=300
2026-07-01 17:28:28.669 I0701 08:28:28.646973       1 schedule_one.go:745] "Plugin scored node for pod" pod="default/yolo-obb-2" plugin="NodeAffinity" node="gpu-orin2" score=0
2026-07-01 17:28:28.672 I0701 08:28:28.646981       1 schedule_one.go:745] "Plugin scored node for pod" pod="default/yolo-obb-2" plugin="NodeResourcesFit" node="gpu-orin2" score=80
2026-07-01 17:28:28.674 I0701 08:28:28.646989       1 schedule_one.go:745] "Plugin scored node for pod" pod="default/yolo-obb-2" plugin="VolumeBinding" node="gpu-orin2" score=0
2026-07-01 17:28:28.676 I0701 08:28:28.646998       1 schedule_one.go:745] "Plugin scored node for pod" pod="default/yolo-obb-2" plugin="NodeResourcesBalancedAllocation" node="gpu-orin2" score=99
2026-07-01 17:28:28.677 I0701 08:28:28.647007       1 schedule_one.go:745] "Plugin scored node for pod" pod="default/yolo-obb-2" plugin="ImageLocality" node="gpu-orin2" score=0
2026-07-01 17:28:28.678 I0701 08:28:28.647013       1 schedule_one.go:745] "Plugin scored node for pod" pod="default/yolo-obb-2" plugin="TaintToleration" node="gpuorin4-desktop" score=300
2026-07-01 17:28:28.679 I0701 08:28:28.647019       1 schedule_one.go:745] "Plugin scored node for pod" pod="default/yolo-obb-2" plugin="NodeAffinity" node="gpuorin4-desktop" score=0
2026-07-01 17:28:28.680 I0701 08:28:28.647025       1 schedule_one.go:745] "Plugin scored node for pod" pod="default/yolo-obb-2" plugin="NodeResourcesFit" node="gpuorin4-desktop" score=78
2026-07-01 17:28:28.680 I0701 08:28:28.647033       1 schedule_one.go:745] "Plugin scored node for pod" pod="default/yolo-obb-2" plugin="VolumeBinding" node="gpuorin4-desktop" score=0
2026-07-01 17:28:28.681 I0701 08:28:28.647039       1 schedule_one.go:745] "Plugin scored node for pod" pod="default/yolo-obb-2" plugin="NodeResourcesBalancedAllocation" node="gpuorin4-desktop" score=99
2026-07-01 17:28:28.682 I0701 08:28:28.647045       1 schedule_one.go:745] "Plugin scored node for pod" pod="default/yolo-obb-2" plugin="ImageLocality" node="gpuorin4-desktop" score=0
2026-07-01 17:28:28.682 I0701 08:28:28.647051       1 schedule_one.go:745] "Plugin scored node for pod" pod="default/yolo-obb-2" plugin="TaintToleration" node="gpuorin5-desktop" score=300
2026-07-01 17:28:28.683 I0701 08:28:28.647057       1 schedule_one.go:745] "Plugin scored node for pod" pod="default/yolo-obb-2" plugin="NodeAffinity" node="gpuorin5-desktop" score=0
2026-07-01 17:28:28.684 I0701 08:28:28.647063       1 schedule_one.go:745] "Plugin scored node for pod" pod="default/yolo-obb-2" plugin="NodeResourcesFit" node="gpuorin5-desktop" score=78
2026-07-01 17:28:28.684 I0701 08:28:28.647070       1 schedule_one.go:745] "Plugin scored node for pod" pod="default/yolo-obb-2" plugin="VolumeBinding" node="gpuorin5-desktop" score=0
2026-07-01 17:28:28.685 I0701 08:28:28.647076       1 schedule_one.go:745] "Plugin scored node for pod" pod="default/yolo-obb-2" plugin="NodeResourcesBalancedAllocation" node="gpuorin5-desktop" score=99
2026-07-01 17:28:28.685 I0701 08:28:28.647083       1 schedule_one.go:745] "Plugin scored node for pod" pod="default/yolo-obb-2" plugin="ImageLocality" node="gpuorin5-desktop" score=0
2026-07-01 17:28:28.686 I0701 08:28:28.647089       1 schedule_one.go:745] "Plugin scored node for pod" pod="default/yolo-obb-2" plugin="TaintToleration" node="gpu-orin3" score=300
2026-07-01 17:28:28.687 I0701 08:28:28.647096       1 schedule_one.go:745] "Plugin scored node for pod" pod="default/yolo-obb-2" plugin="NodeAffinity" node="gpu-orin3" score=0
2026-07-01 17:28:28.687 I0701 08:28:28.647101       1 schedule_one.go:745] "Plugin scored node for pod" pod="default/yolo-obb-2" plugin="NodeResourcesFit" node="gpu-orin3" score=78
2026-07-01 17:28:28.688 I0701 08:28:28.647107       1 schedule_one.go:745] "Plugin scored node for pod" pod="default/yolo-obb-2" plugin="VolumeBinding" node="gpu-orin3" score=0
2026-07-01 17:28:28.689 I0701 08:28:28.647114       1 schedule_one.go:745] "Plugin scored node for pod" pod="default/yolo-obb-2" plugin="NodeResourcesBalancedAllocation" node="gpu-orin3" score=99
2026-07-01 17:28:28.689 I0701 08:28:28.647119       1 schedule_one.go:745] "Plugin scored node for pod" pod="default/yolo-obb-2" plugin="ImageLocality" node="gpu-orin3" score=0
2026-07-01 17:28:28.690 I0701 08:28:28.647127       1 schedule_one.go:812] "Calculated node's final score for pod" pod="default/yolo-obb-2" node="gpu-orin2" score=479
2026-07-01 17:28:28.691 I0701 08:28:28.647135       1 schedule_one.go:812] "Calculated node's final score for pod" pod="default/yolo-obb-2" node="gpuorin4-desktop" score=477
2026-07-01 17:28:28.691 I0701 08:28:28.647142       1 schedule_one.go:812] "Calculated node's final score for pod" pod="default/yolo-obb-2" node="gpuorin5-desktop" score=477
2026-07-01 17:28:28.692 I0701 08:28:28.647149       1 schedule_one.go:812] "Calculated node's final score for pod" pod="default/yolo-obb-2" node="gpu-orin3" score=477
2026-07-01 17:28:32.344 I0701 08:28:32.338745       1 resource_allocation.go:76] "Listed internal info for allocatable resources, requested resources and score" pod="default/yolo-pos-2" node="gpu-orin2" resourceAllocationScorer="LeastAllocated" allocatableResource=[6000,7885127680] requestedResource=[1000,2097152000] resourceScore=78
2026-07-01 17:28:32.347 I0701 08:28:32.338805       1 resource_allocation.go:76] "Listed internal info for allocatable resources, requested resources and score" pod="default/yolo-pos-2" node="gpu-orin2" resourceAllocationScorer="NodeResourcesBalancedAllocation" allocatableResource=[6000,7885127680] requestedResource=[100,52428800] resourceScore=99
2026-07-01 17:28:32.351 I0701 08:28:32.338818       1 resource_allocation.go:76] "Listed internal info for allocatable resources, requested resources and score" pod="default/yolo-pos-2" node="gpu-orin3" resourceAllocationScorer="LeastAllocated" allocatableResource=[6000,7885152256] requestedResource=[1000,2097152000] resourceScore=78
2026-07-01 17:28:32.354 I0701 08:28:32.338840       1 resource_allocation.go:76] "Listed internal info for allocatable resources, requested resources and score" pod="default/yolo-pos-2" node="gpuorin5-desktop" resourceAllocationScorer="LeastAllocated" allocatableResource=[6000,7885127680] requestedResource=[1000,2097152000] resourceScore=78
2026-07-01 17:28:32.357 I0701 08:28:32.338901       1 resource_allocation.go:76] "Listed internal info for allocatable resources, requested resources and score" pod="default/yolo-pos-2" node="gpu-orin3" resourceAllocationScorer="NodeResourcesBalancedAllocation" allocatableResource=[6000,7885152256] requestedResource=[100,52428800] resourceScore=99
2026-07-01 17:28:32.360 I0701 08:28:32.338903       1 resource_allocation.go:76] "Listed internal info for allocatable resources, requested resources and score" pod="default/yolo-pos-2" node="gpuorin4-desktop" resourceAllocationScorer="LeastAllocated" allocatableResource=[6000,7885250560] requestedResource=[1000,2097152000] resourceScore=78
2026-07-01 17:28:32.363 I0701 08:28:32.338926       1 resource_allocation.go:76] "Listed internal info for allocatable resources, requested resources and score" pod="default/yolo-pos-2" node="gpuorin5-desktop" resourceAllocationScorer="NodeResourcesBalancedAllocation" allocatableResource=[6000,7885127680] requestedResource=[100,52428800] resourceScore=99
2026-07-01 17:28:32.366 I0701 08:28:32.338990       1 resource_allocation.go:76] "Listed internal info for allocatable resources, requested resources and score" pod="default/yolo-pos-2" node="gpuorin4-desktop" resourceAllocationScorer="NodeResourcesBalancedAllocation" allocatableResource=[6000,7885250560] requestedResource=[100,52428800] resourceScore=99
2026-07-01 17:28:32.368 I0701 08:28:32.339303       1 schedule_one.go:745] "Plugin scored node for pod" pod="default/yolo-pos-2" plugin="TaintToleration" node="gpu-orin2" score=300
2026-07-01 17:28:32.370 I0701 08:28:32.339355       1 schedule_one.go:745] "Plugin scored node for pod" pod="default/yolo-pos-2" plugin="NodeAffinity" node="gpu-orin2" score=0
2026-07-01 17:28:32.371 I0701 08:28:32.339375       1 schedule_one.go:745] "Plugin scored node for pod" pod="default/yolo-pos-2" plugin="NodeResourcesFit" node="gpu-orin2" score=78
2026-07-01 17:28:32.373 I0701 08:28:32.339405       1 schedule_one.go:745] "Plugin scored node for pod" pod="default/yolo-pos-2" plugin="VolumeBinding" node="gpu-orin2" score=0
2026-07-01 17:28:32.374 I0701 08:28:32.339418       1 schedule_one.go:745] "Plugin scored node for pod" pod="default/yolo-pos-2" plugin="NodeResourcesBalancedAllocation" node="gpu-orin2" score=99
2026-07-01 17:28:32.375 I0701 08:28:32.339457       1 schedule_one.go:745] "Plugin scored node for pod" pod="default/yolo-pos-2" plugin="ImageLocality" node="gpu-orin2" score=0
2026-07-01 17:28:32.377 I0701 08:28:32.339480       1 schedule_one.go:745] "Plugin scored node for pod" pod="default/yolo-pos-2" plugin="TaintToleration" node="gpu-orin3" score=300
2026-07-01 17:28:32.377 I0701 08:28:32.339535       1 schedule_one.go:745] "Plugin scored node for pod" pod="default/yolo-pos-2" plugin="NodeAffinity" node="gpu-orin3" score=0
2026-07-01 17:28:32.378 I0701 08:28:32.339549       1 schedule_one.go:745] "Plugin scored node for pod" pod="default/yolo-pos-2" plugin="NodeResourcesFit" node="gpu-orin3" score=78
2026-07-01 17:28:32.379 I0701 08:28:32.339563       1 schedule_one.go:745] "Plugin scored node for pod" pod="default/yolo-pos-2" plugin="VolumeBinding" node="gpu-orin3" score=0
2026-07-01 17:28:32.380 I0701 08:28:32.339577       1 schedule_one.go:745] "Plugin scored node for pod" pod="default/yolo-pos-2" plugin="NodeResourcesBalancedAllocation" node="gpu-orin3" score=99
2026-07-01 17:28:32.381 I0701 08:28:32.339588       1 schedule_one.go:745] "Plugin scored node for pod" pod="default/yolo-pos-2" plugin="ImageLocality" node="gpu-orin3" score=0
2026-07-01 17:28:32.381 I0701 08:28:32.339598       1 schedule_one.go:745] "Plugin scored node for pod" pod="default/yolo-pos-2" plugin="TaintToleration" node="gpuorin5-desktop" score=300
2026-07-01 17:28:32.382 I0701 08:28:32.339657       1 schedule_one.go:745] "Plugin scored node for pod" pod="default/yolo-pos-2" plugin="NodeAffinity" node="gpuorin5-desktop" score=0
2026-07-01 17:28:32.382 I0701 08:28:32.339992       1 schedule_one.go:745] "Plugin scored node for pod" pod="default/yolo-pos-2" plugin="NodeResourcesFit" node="gpuorin5-desktop" score=78
2026-07-01 17:28:32.383 I0701 08:28:32.340012       1 schedule_one.go:745] "Plugin scored node for pod" pod="default/yolo-pos-2" plugin="VolumeBinding" node="gpuorin5-desktop" score=0
2026-07-01 17:28:32.384 I0701 08:28:32.340022       1 schedule_one.go:745] "Plugin scored node for pod" pod="default/yolo-pos-2" plugin="NodeResourcesBalancedAllocation" node="gpuorin5-desktop" score=99
2026-07-01 17:28:32.384 I0701 08:28:32.340032       1 schedule_one.go:745] "Plugin scored node for pod" pod="default/yolo-pos-2" plugin="ImageLocality" node="gpuorin5-desktop" score=0
2026-07-01 17:28:32.385 I0701 08:28:32.340385       1 schedule_one.go:745] "Plugin scored node for pod" pod="default/yolo-pos-2" plugin="TaintToleration" node="gpuorin4-desktop" score=300
2026-07-01 17:28:32.386 I0701 08:28:32.340394       1 schedule_one.go:745] "Plugin scored node for pod" pod="default/yolo-pos-2" plugin="NodeAffinity" node="gpuorin4-desktop" score=0
2026-07-01 17:28:32.386 I0701 08:28:32.340402       1 schedule_one.go:745] "Plugin scored node for pod" pod="default/yolo-pos-2" plugin="NodeResourcesFit" node="gpuorin4-desktop" score=78
2026-07-01 17:28:32.387 I0701 08:28:32.340411       1 schedule_one.go:745] "Plugin scored node for pod" pod="default/yolo-pos-2" plugin="VolumeBinding" node="gpuorin4-desktop" score=0
2026-07-01 17:28:32.388 I0701 08:28:32.340419       1 schedule_one.go:745] "Plugin scored node for pod" pod="default/yolo-pos-2" plugin="NodeResourcesBalancedAllocation" node="gpuorin4-desktop" score=99
2026-07-01 17:28:32.388 I0701 08:28:32.340428       1 schedule_one.go:745] "Plugin scored node for pod" pod="default/yolo-pos-2" plugin="ImageLocality" node="gpuorin4-desktop" score=0
2026-07-01 17:28:32.389 I0701 08:28:32.340443       1 schedule_one.go:812] "Calculated node's final score for pod" pod="default/yolo-pos-2" node="gpu-orin2" score=477
2026-07-01 17:28:32.390 I0701 08:28:32.340455       1 schedule_one.go:812] "Calculated node's final score for pod" pod="default/yolo-pos-2" node="gpu-orin3" score=477
2026-07-01 17:28:32.391 I0701 08:28:32.340464       1 schedule_one.go:812] "Calculated node's final score for pod" pod="default/yolo-pos-2" node="gpuorin5-desktop" score=477
2026-07-01 17:28:32.391 I0701 08:28:32.340473       1 schedule_one.go:812] "Calculated node's final score for pod" pod="default/yolo-pos-2" node="gpuorin4-desktop" score=477
